{
  "version": "0.1",
  "id": "y_TrainInterval_add",
  "targetURL": "http://42.247.16.108/xgxt/rcsw_hcyhk_hcccqjtx.do",
  "jsFile": "index.js",
  "requires": {
    "y_TrainInterval_add_select": "../y_TrainInterval_add_select/index.json"
  },
  "chineseName": "火车乘车区间填写_申请",
  "description": "",
  "controls": {
    "control659": {
      "location": {
        "data": {
          "tagName": "THEAD"
        },
        "locators": [
          {
            "id": "button/text",
            "prob": 3,
            "value": {
              "text": [
                "学生基本信息"
              ],
              "visText": [
                "学生基本信息"
              ]
            }
          },
          {
            "id": "text",
            "prob": 3,
            "value": {
              "text": [
                "学生基本信息"
              ],
              "visText": [
                "学生基本信息"
              ]
            }
          },
          {
            "id": "@id/word",
            "prob": 2,
            "value": [
              "descendant::FORM[@id=\"hcccqjtxForm\"]/DIV[1]/TABLE[1]/THEAD[1]",
              "descendant::FORM[@id=\"hcccqjtxForm\"]//THEAD"
            ]
          },
          {
            "id": "@class/word",
            "prob": 1,
            "ordinal": [
              0,
              4
            ],
            "value": "TABLE.formlist THEAD"
          },
          {
            "id": "path/ordinal",
            "prob": 1,
            "value": "/HTML[1]/BODY[1]/FORM[1]/DIV[1]/TABLE[1]/THEAD[1]"
          },
          {
            "id": "shield",
            "value": {
              "zIndex": "auto",
              "width": 755,
              "height": 33
            }
          }
        ]
      },
      "roles": "element",
      "content": true,
      "monitored": true,
      "frameXPath": "//iframe[@name='parentDialog']<<IFRAME>>"
    },
    "control660": {
      "location": {
        "data": {
          "tagName": "TH"
        },
        "locators": [
          {
            "id": "button/text",
            "prob": 3,
            "value": {
              "text": [
                "* 学号"
              ],
              "visText": [
                "* 学号"
              ]
            }
          },
          {
            "id": "text",
            "prob": 3,
            "value": {
              "text": [
                "* 学号"
              ],
              "visText": [
                "* 学号"
              ]
            }
          },
          {
            "id": "@class/word",
            "prob": 1,
            "ordinal": [
              0,
              34
            ],
            "value": "TABLE.formlist TBODY TR TH"
          },
          {
            "id": "path/ordinal",
            "prob": 1,
            "value": "/HTML[1]/BODY[1]/FORM[1]/DIV[1]/TABLE[1]/TBODY[1]/TR[1]/TH[1]"
          },
          {
            "id": "shield",
            "value": {
              "zIndex": "auto",
              "width": 152,
              "height": 36
            }
          }
        ]
      },
      "intendedRole": "fragment",
      "roles": "element,fragment",
      "monitored": false,
      "frameXPath": "//iframe[@name='parentDialog']<<IFRAME>>"
    },
    "control661": {
      "location": {
        "data": {
          "tagName": "TD"
        },
        "locators": [
          {
            "id": "@class/word",
            "prob": 1,
            "ordinal": [
              0,
              34
            ],
            "value": "TABLE.formlist TBODY TR TD"
          },
          {
            "id": "path/ordinal",
            "prob": 1,
            "value": "/HTML[1]/BODY[1]/FORM[1]/DIV[1]/TABLE[1]/TBODY[1]/TR[1]/TD[1]"
          },
          {
            "id": "shield",
            "value": {
              "zIndex": "auto",
              "width": 226,
              "height": 36
            }
          }
        ]
      },
      "events": {
        "onGetData": "getData_control661"
      },
      "intendedRole": "custom",
      "roles": "element,custom",
      "monitored": true,
      "frameXPath": "//iframe[@name='parentDialog']<<IFRAME>>"
    },
    "control662": {
      "location": {
        "data": {
          "tagName": "BUTTON"
        },
        "locators": [
          {
            "id": "button/text",
            "prob": 3,
            "value": {
              "text": [
                "选择"
              ],
              "visText": [
                "选择"
              ]
            }
          },
          {
            "id": "text",
            "prob": 3,
            "value": {
              "text": [
                "选择"
              ],
              "visText": [
                "选择"
              ]
            }
          },
          {
            "id": "@class/word",
            "prob": 1,
            "ordinal": [
              0,
              2
            ],
            "value": "TABLE.formlist BUTTON.btn_01"
          },
          {
            "id": "path/ordinal",
            "prob": 1,
            "value": "/HTML[1]/BODY[1]/FORM[1]/DIV[1]/TABLE[1]/TBODY[1]/TR[1]/TD[1]/BUTTON[1]"
          },
          {
            "id": "style/color",
            "value": [
              1,
              87,
              160
            ]
          },
          {
            "id": "input/type",
            "verifyEnabled": true,
            "value": "button"
          },
          {
            "id": "elderLevel",
            "value": {
              "level": 0
            }
          },
          {
            "id": "shield",
            "value": {
              "zIndex": "auto",
              "width": 46.40625,
              "height": 21
            }
          }
        ]
      },
      "intendedRole": "button",
      "roles": "element,button",
      "monitored": false,
      "frameXPath": "//iframe[@name='parentDialog']<<IFRAME>>"
    },
    "control663": {
      "location": {
        "data": {
          "tagName": "TABLE"
        },
        "locators": [
          {
            "id": "@id/word",
            "prob": 2,
            "value": [
              "descendant::FORM[@id=\"hcccqjtxForm\"]/DIV[1]/TABLE[1]",
              "descendant::FORM[@id=\"hcccqjtxForm\"]//TABLE"
            ]
          },
          {
            "id": "@class/word",
            "prob": 1,
            "ordinal": [
              0,
              4
            ],
            "value": "TABLE.formlist"
          },
          {
            "id": "path/ordinal",
            "prob": 1,
            "value": "/HTML[1]/BODY[1]/FORM[1]/DIV[1]/TABLE[1]"
          },
          {
            "id": "shield",
            "value": {
              "zIndex": "auto",
              "width": 756,
              "height": 461
            }
          }
        ]
      },
      "intendedRole": "fragment",
      "roles": "element,fragment",
      "monitored": true,
      "frameXPath": "//iframe[@name='parentDialog']<<IFRAME>>"
    },
    "control664": {
      "location": {
        "data": {
          "tagName": "THEAD"
        },
        "locators": [
          {
            "id": "button/text",
            "prob": 3,
            "value": {
              "text": [
                "火车乘车区间信息"
              ],
              "visText": [
                "火车乘车区间信息"
              ]
            }
          },
          {
            "id": "text",
            "prob": 3,
            "value": {
              "text": [
                "火车乘车区间信息"
              ],
              "visText": [
                "火车乘车区间信息"
              ]
            }
          },
          {
            "id": "@id/word",
            "prob": 2,
            "value": [
              "descendant::FORM[@id=\"hcccqjtxForm\"]/DIV[1]/TABLE[1]/THEAD[2]",
              "descendant::FORM[@id=\"hcccqjtxForm\"]//THEAD"
            ]
          },
          {
            "id": "@class/word",
            "prob": 1,
            "ordinal": [
              1,
              4
            ],
            "value": "TABLE.formlist THEAD"
          },
          {
            "id": "path/ordinal",
            "prob": 1,
            "value": "/HTML[1]/BODY[1]/FORM[1]/DIV[1]/TABLE[1]/THEAD[2]"
          },
          {
            "id": "shield",
            "value": {
              "zIndex": "auto",
              "width": 755,
              "height": 33
            }
          }
        ]
      },
      "roles": "element",
      "content": true,
      "monitored": false,
      "frameXPath": "//iframe[@name='parentDialog']<<IFRAME>>"
    },
    "control665": {
      "location": {
        "data": {
          "tagName": "BUTTON"
        },
        "locators": [
          {
            "id": "button/text",
            "prob": 3,
            "value": {
              "text": [
                "保存草稿"
              ],
              "visText": [
                "保存草稿"
              ]
            }
          },
          {
            "id": "text",
            "prob": 3,
            "value": {
              "text": [
                "保存草稿"
              ],
              "visText": [
                "保存草稿"
              ]
            }
          },
          {
            "id": "@class/word",
            "prob": 1,
            "ordinal": [
              0,
              6
            ],
            "value": "TABLE.formlist DIV.btn BUTTON"
          },
          {
            "id": "path/ordinal",
            "prob": 1,
            "value": "/HTML[1]/BODY[1]/FORM[1]/TABLE[1]/TFOOT[1]/TR[1]/TD[1]/DIV[2]/BUTTON[1]"
          },
          {
            "id": "input/type",
            "verifyEnabled": true,
            "value": "button"
          },
          {
            "id": "elderLevel",
            "value": {
              "level": 0
            }
          },
          {
            "id": "shield",
            "value": {
              "zIndex": "auto",
              "width": 74.796875,
              "height": 19
            }
          }
        ]
      },
      "intendedRole": "button",
      "roles": "element,button",
      "monitored": false,
      "frameXPath": "//iframe[@name='parentDialog']<<IFRAME>>"
    },
    "control666": {
      "location": {
        "data": {
          "tagName": "BUTTON"
        },
        "locators": [
          {
            "id": "button/text",
            "prob": 3,
            "value": {
              "text": [
                "提交申请"
              ],
              "visText": [
                "提交申请"
              ]
            }
          },
          {
            "id": "text",
            "prob": 3,
            "value": {
              "text": [
                "提交申请"
              ],
              "visText": [
                "提交申请"
              ]
            }
          },
          {
            "id": "@class/word",
            "prob": 1,
            "ordinal": [
              1,
              6
            ],
            "value": "TABLE.formlist DIV.btn BUTTON"
          },
          {
            "id": "path/ordinal",
            "prob": 1,
            "value": "/HTML[1]/BODY[1]/FORM[1]/TABLE[1]/TFOOT[1]/TR[1]/TD[1]/DIV[2]/BUTTON[2]"
          },
          {
            "id": "input/type",
            "verifyEnabled": true,
            "value": "button"
          },
          {
            "id": "elderLevel",
            "value": {
              "level": 0
            }
          },
          {
            "id": "shield",
            "value": {
              "zIndex": "auto",
              "width": 74.796875,
              "height": 19
            }
          }
        ]
      },
      "intendedRole": "button",
      "roles": "element,button",
      "monitored": false,
      "frameXPath": "//iframe[@name='parentDialog']<<IFRAME>>"
    },
    "control667": {
      "location": {
        "data": {
          "tagName": "BUTTON"
        },
        "locators": [
          {
            "id": "button/text",
            "prob": 3,
            "value": {
              "text": [
                "关 闭"
              ],
              "visText": [
                "关 闭"
              ]
            }
          },
          {
            "id": "text",
            "prob": 3,
            "value": {
              "text": [
                "关 闭"
              ],
              "visText": [
                "关 闭"
              ]
            }
          },
          {
            "id": "@class/word",
            "prob": 1,
            "ordinal": [
              2,
              6
            ],
            "value": "TABLE.formlist DIV.btn BUTTON"
          },
          {
            "id": "path/ordinal",
            "prob": 1,
            "value": "/HTML[1]/BODY[1]/FORM[1]/TABLE[1]/TFOOT[1]/TR[1]/TD[1]/DIV[2]/BUTTON[3]"
          },
          {
            "id": "input/type",
            "verifyEnabled": true,
            "value": "button"
          },
          {
            "id": "elderLevel",
            "value": {
              "level": 0
            }
          },
          {
            "id": "shield",
            "value": {
              "zIndex": "auto",
              "width": 52.609375,
              "height": 19
            }
          }
        ]
      },
      "intendedRole": "button",
      "roles": "element,button",
      "monitored": false,
      "frameXPath": "//iframe[@name='parentDialog']<<IFRAME>>"
    },
    "control668": {
      "location": {
        "data": {
          "tagName": "BUTTON"
        },
        "locators": [
          {
            "id": "button/text",
            "prob": 3,
            "value": {
              "text": [
                "关 闭"
              ],
              "visText": [
                "关 闭"
              ]
            }
          },
          {
            "id": "text",
            "prob": 3,
            "value": {
              "text": [
                "关 闭"
              ],
              "visText": [
                "关 闭"
              ]
            }
          },
          {
            "id": "@class/word",
            "prob": 1,
            "ordinal": [
              2,
              6
            ],
            "value": "TABLE.formlist DIV.btn BUTTON"
          },
          {
            "id": "path/ordinal",
            "prob": 1,
            "value": "/HTML[1]/BODY[1]/FORM[1]/TABLE[1]/TFOOT[1]/TR[1]/TD[1]/DIV[2]/BUTTON[3]"
          },
          {
            "id": "input/type",
            "verifyEnabled": true,
            "value": "button"
          },
          {
            "id": "elderLevel",
            "value": {
              "level": 0
            }
          },
          {
            "id": "shield",
            "value": {
              "zIndex": "auto",
              "width": 52.609375,
              "height": 19
            }
          }
        ]
      },
      "intendedRole": "button",
      "roles": "element,button",
      "monitored": false,
      "frameXPath": "//iframe[@name='parentDialog']<<IFRAME>>"
    },
    "control669": {
      "location": {
        "data": {
          "tagName": "DIV"
        },
        "locators": [
          {
            "id": "button/text",
            "prob": 3,
            "value": {
              "text": [
                "\"*\"为必填项"
              ],
              "visText": [
                "\"*\"为必填项"
              ]
            }
          },
          {
            "id": "text",
            "prob": 3,
            "value": {
              "text": [
                "\"*\"为必填项"
              ],
              "visText": [
                "\"*\"为必填项"
              ]
            }
          },
          {
            "id": "@class/word",
            "prob": 1,
            "ordinal": [
              0,
              2
            ],
            "value": "TABLE.formlist DIV.bz"
          },
          {
            "id": "path/ordinal",
            "prob": 1,
            "value": "/HTML[1]/BODY[1]/FORM[1]/TABLE[1]/TFOOT[1]/TR[1]/TD[1]/DIV[1]"
          },
          {
            "id": "shield",
            "value": {
              "zIndex": "auto",
              "width": 94.578125,
              "height": 19
            }
          }
        ]
      },
      "intendedRole": "fragment",
      "roles": "element,fragment",
      "monitored": true,
      "frameXPath": "//iframe[@name='parentDialog']<<IFRAME>>"
    },
    "control670": {
      "location": {
        "data": {
          "tagName": "TEXTAREA"
        },
        "locators": [
          {
            "id": "elem/@name",
            "prob": 1,
            "value": [
              "descendant::form[@name=\"hcccqjtxForm\"]//TEXTAREA[@name=\"bz\"]",
              "descendant::TEXTAREA[@name=\"bz\"]"
            ]
          },
          {
            "id": "@id/nonWord",
            "prob": 1,
            "disabled": true,
            "fact": "bz",
            "value": "descendant::FORM[@id=\"hcccqjtxForm\"]//TEXTAREA[@id=\"bz\"]"
          },
          {
            "id": "@class/word",
            "prob": 1,
            "ordinal": [
              0,
              2
            ],
            "value": "TABLE.formlist TBODY TR TD TEXTAREA"
          },
          {
            "id": "path/ordinal",
            "prob": 1,
            "value": "/HTML[1]/BODY[1]/FORM[1]/DIV[1]/TABLE[1]/TBODY[2]/TR[4]/TD[1]/TEXTAREA[1]"
          },
          {
            "id": "input/type",
            "verifyEnabled": true,
            "value": "textarea"
          },
          {
            "id": "elderLevel",
            "value": {
              "level": 0
            }
          },
          {
            "id": "shield",
            "value": {
              "zIndex": "auto",
              "width": 576.234375,
              "height": 86
            }
          }
        ]
      },
      "intendedRole": "textbox",
      "roles": "element,textbox",
      "monitored": true,
      "frameXPath": "//iframe[@name='parentDialog']<<IFRAME>>"
    },
    "control671": {
      "location": {
        "data": {
          "tagName": "TH"
        },
        "locators": [
          {
            "id": "button/text",
            "prob": 3,
            "value": {
              "text": [
                "备注 <限500字>"
              ],
              "visText": [
                "备注 <限500字>"
              ]
            }
          },
          {
            "id": "text",
            "prob": 3,
            "value": {
              "text": [
                "备注 <限500字>"
              ],
              "visText": [
                "备注 <限500字>"
              ]
            }
          },
          {
            "id": "@class/word",
            "prob": 1,
            "ordinal": [
              16,
              34
            ],
            "value": "TABLE.formlist TBODY TR TH"
          },
          {
            "id": "path/ordinal",
            "prob": 1,
            "value": "/HTML[1]/BODY[1]/FORM[1]/DIV[1]/TABLE[1]/TBODY[2]/TR[4]/TH[1]"
          },
          {
            "id": "shield",
            "value": {
              "zIndex": "auto",
              "width": 152,
              "height": 99
            }
          }
        ]
      },
      "intendedRole": "fragment",
      "roles": "element,fragment",
      "monitored": false,
      "frameXPath": "//iframe[@name='parentDialog']<<IFRAME>>"
    },
    "control672": {
      "location": {
        "data": {
          "tagName": "TD"
        },
        "locators": [
          {
            "id": "button/text",
            "prob": 3,
            "value": {
              "text": [
                "2016-12-16 11:17:04"
              ],
              "visText": [
                "2016-12-16 11:17:04"
              ]
            }
          },
          {
            "id": "text",
            "prob": 3,
            "value": {
              "text": [
                "2016-12-16 11:17:04"
              ],
              "visText": [
                "2016-12-16 11:17:04"
              ]
            }
          },
          {
            "id": "@class/word",
            "prob": 1,
            "ordinal": [
              15,
              34
            ],
            "value": "TABLE.formlist TBODY TR TD"
          },
          {
            "id": "path/ordinal",
            "prob": 1,
            "value": "/HTML[1]/BODY[1]/FORM[1]/DIV[1]/TABLE[1]/TBODY[2]/TR[3]/TD[1]"
          },
          {
            "id": "shield",
            "value": {
              "zIndex": "auto",
              "width": 603,
              "height": 32
            }
          }
        ]
      },
      "intendedRole": "fragment",
      "roles": "element,fragment",
      "monitored": false,
      "frameXPath": "//iframe[@name='parentDialog']<<IFRAME>>"
    },
    "control673": {
      "location": {
        "data": {
          "tagName": "TH"
        },
        "locators": [
          {
            "id": "button/text",
            "prob": 3,
            "value": {
              "text": [
                "*填写时间"
              ],
              "visText": [
                "*填写时间"
              ]
            }
          },
          {
            "id": "text",
            "prob": 3,
            "value": {
              "text": [
                "*填写时间"
              ],
              "visText": [
                "*填写时间"
              ]
            }
          },
          {
            "id": "@class/word",
            "prob": 1,
            "ordinal": [
              15,
              34
            ],
            "value": "TABLE.formlist TBODY TR TH"
          },
          {
            "id": "path/ordinal",
            "prob": 1,
            "value": "/HTML[1]/BODY[1]/FORM[1]/DIV[1]/TABLE[1]/TBODY[2]/TR[3]/TH[1]"
          },
          {
            "id": "shield",
            "value": {
              "zIndex": "auto",
              "width": 152,
              "height": 32
            }
          }
        ]
      },
      "intendedRole": "fragment",
      "roles": "element,fragment",
      "monitored": false,
      "frameXPath": "//iframe[@name='parentDialog']<<IFRAME>>"
    },
    "control674": {
      "location": {
        "data": {
          "tagName": "INPUT"
        },
        "locators": [
          {
            "id": "elem/@name",
            "prob": 2,
            "value": [
              "descendant::form[@name=\"hcccqjtxForm\"]//INPUT[@name=\"ccqdz\"]",
              "descendant::INPUT[@name=\"ccqdz\"]"
            ]
          },
          {
            "id": "@id/word",
            "prob": 3,
            "value": [
              "descendant::FORM[@id=\"hcccqjtxForm\"]//INPUT[@id=\"ccqdz\"]",
              "descendant::INPUT[@id=\"ccqdz\"]"
            ]
          },
          {
            "id": "@class/word",
            "prob": 1,
            "ordinal": [
              1,
              8
            ],
            "value": "TABLE.formlist TBODY TR TD INPUT"
          },
          {
            "id": "path/ordinal",
            "prob": 1,
            "value": "/HTML[1]/BODY[1]/FORM[1]/DIV[1]/TABLE[1]/TBODY[2]/TR[2]/TD[1]/INPUT[1]"
          },
          {
            "id": "input/type",
            "verifyEnabled": true,
            "value": "text"
          },
          {
            "id": "elderLevel",
            "value": {
              "level": 0
            }
          },
          {
            "id": "shield",
            "value": {
              "zIndex": "auto",
              "width": 173,
              "height": 21
            }
          }
        ]
      },
      "intendedRole": "textbox",
      "roles": "element,textbox",
      "monitored": true,
      "frameXPath": "//iframe[@name='parentDialog']<<IFRAME>>"
    },
    "control675": {
      "location": {
        "data": {
          "tagName": "INPUT"
        },
        "locators": [
          {
            "id": "elem/@name",
            "prob": 2,
            "value": [
              "descendant::form[@name=\"hcccqjtxForm\"]//INPUT[@name=\"cczdz\"]",
              "descendant::INPUT[@name=\"cczdz\"]"
            ]
          },
          {
            "id": "@id/word",
            "prob": 3,
            "value": [
              "descendant::FORM[@id=\"hcccqjtxForm\"]//INPUT[@id=\"cczdz\"]",
              "descendant::INPUT[@id=\"cczdz\"]"
            ]
          },
          {
            "id": "@class/word",
            "prob": 1,
            "ordinal": [
              2,
              8
            ],
            "value": "TABLE.formlist TBODY TR TD INPUT"
          },
          {
            "id": "path/ordinal",
            "prob": 1,
            "value": "/HTML[1]/BODY[1]/FORM[1]/DIV[1]/TABLE[1]/TBODY[2]/TR[2]/TD[1]/INPUT[2]"
          },
          {
            "id": "input/type",
            "verifyEnabled": true,
            "value": "text"
          },
          {
            "id": "elderLevel",
            "value": {
              "level": 0
            }
          },
          {
            "id": "shield",
            "value": {
              "zIndex": "auto",
              "width": 173,
              "height": 21
            }
          }
        ]
      },
      "intendedRole": "textbox",
      "roles": "element,textbox",
      "monitored": true,
      "frameXPath": "//iframe[@name='parentDialog']<<IFRAME>>"
    },
    "control676": {
      "location": {
        "data": {
          "tagName": "TH"
        },
        "locators": [
          {
            "id": "button/text",
            "prob": 3,
            "value": {
              "text": [
                "*乘车区间"
              ],
              "visText": [
                "*乘车区间"
              ]
            }
          },
          {
            "id": "text",
            "prob": 3,
            "value": {
              "text": [
                "*乘车区间"
              ],
              "visText": [
                "*乘车区间"
              ]
            }
          },
          {
            "id": "@class/word",
            "prob": 1,
            "ordinal": [
              14,
              34
            ],
            "value": "TABLE.formlist TBODY TR TH"
          },
          {
            "id": "path/ordinal",
            "prob": 1,
            "value": "/HTML[1]/BODY[1]/FORM[1]/DIV[1]/TABLE[1]/TBODY[2]/TR[2]/TH[1]"
          },
          {
            "id": "shield",
            "value": {
              "zIndex": "auto",
              "width": 152,
              "height": 35
            }
          }
        ]
      },
      "intendedRole": "fragment",
      "roles": "element,fragment",
      "monitored": false,
      "frameXPath": "//iframe[@name='parentDialog']<<IFRAME>>"
    },
    "control677": {
      "location": {
        "data": {
          "tagName": "TD"
        },
        "locators": [
          {
            "id": "@class/word",
            "prob": 1,
            "ordinal": [
              13,
              34
            ],
            "value": "TABLE.formlist TBODY TR TD"
          },
          {
            "id": "path/ordinal",
            "prob": 1,
            "value": "/HTML[1]/BODY[1]/FORM[1]/DIV[1]/TABLE[1]/TBODY[2]/TR[1]/TD[2]"
          },
          {
            "id": "elderLevel",
            "value": {
              "level": 0
            }
          },
          {
            "id": "shield",
            "value": {
              "zIndex": "auto",
              "width": 226,
              "height": 32
            }
          }
        ]
      },
      "intendedRole": "fragment",
      "roles": "element,fragment",
      "monitored": true,
      "frameXPath": "//iframe[@name='parentDialog']<<IFRAME>>"
    },
    "control678": {
      "location": {
        "data": {
          "tagName": "TH"
        },
        "locators": [
          {
            "id": "button/text",
            "prob": 3,
            "value": {
              "text": [
                "学期"
              ],
              "visText": [
                "学期"
              ]
            }
          },
          {
            "id": "text",
            "prob": 3,
            "value": {
              "text": [
                "学期"
              ],
              "visText": [
                "学期"
              ]
            }
          },
          {
            "id": "@class/word",
            "prob": 1,
            "ordinal": [
              13,
              34
            ],
            "value": "TABLE.formlist TBODY TR TH"
          },
          {
            "id": "path/ordinal",
            "prob": 1,
            "value": "/HTML[1]/BODY[1]/FORM[1]/DIV[1]/TABLE[1]/TBODY[2]/TR[1]/TH[2]"
          },
          {
            "id": "elderLevel",
            "value": {
              "level": 0
            }
          },
          {
            "id": "shield",
            "value": {
              "zIndex": "auto",
              "width": 151,
              "height": 32
            }
          }
        ]
      },
      "intendedRole": "fragment",
      "roles": "element,fragment",
      "monitored": false,
      "frameXPath": "//iframe[@name='parentDialog']<<IFRAME>>"
    },
    "control679": {
      "location": {
        "data": {
          "tagName": "TD"
        },
        "locators": [
          {
            "id": "button/text",
            "prob": 3,
            "value": {
              "text": [
                "2016-2017"
              ],
              "visText": [
                "2016-2017"
              ]
            }
          },
          {
            "id": "text",
            "prob": 3,
            "value": {
              "text": [
                "2016-2017"
              ],
              "visText": [
                "2016-2017"
              ]
            }
          },
          {
            "id": "@class/word",
            "prob": 1,
            "ordinal": [
              12,
              34
            ],
            "value": "TABLE.formlist TBODY TR TD"
          },
          {
            "id": "path/ordinal",
            "prob": 1,
            "value": "/HTML[1]/BODY[1]/FORM[1]/DIV[1]/TABLE[1]/TBODY[2]/TR[1]/TD[1]"
          },
          {
            "id": "elderLevel",
            "value": {
              "level": 0
            }
          },
          {
            "id": "shield",
            "value": {
              "zIndex": "auto",
              "width": 226,
              "height": 32
            }
          }
        ]
      },
      "intendedRole": "fragment",
      "roles": "element,fragment",
      "monitored": true,
      "frameXPath": "//iframe[@name='parentDialog']<<IFRAME>>"
    },
    "control680": {
      "location": {
        "data": {
          "tagName": "TH"
        },
        "locators": [
          {
            "id": "button/text",
            "prob": 3,
            "value": {
              "text": [
                "学年"
              ],
              "visText": [
                "学年"
              ]
            }
          },
          {
            "id": "text",
            "prob": 3,
            "value": {
              "text": [
                "学年"
              ],
              "visText": [
                "学年"
              ]
            }
          },
          {
            "id": "@class/word",
            "prob": 1,
            "ordinal": [
              12,
              34
            ],
            "value": "TABLE.formlist TBODY TR TH"
          },
          {
            "id": "path/ordinal",
            "prob": 1,
            "value": "/HTML[1]/BODY[1]/FORM[1]/DIV[1]/TABLE[1]/TBODY[2]/TR[1]/TH[1]"
          },
          {
            "id": "elderLevel",
            "value": {
              "level": 0
            }
          },
          {
            "id": "shield",
            "value": {
              "zIndex": "auto",
              "width": 152,
              "height": 32
            }
          }
        ]
      },
      "intendedRole": "fragment",
      "roles": "element,fragment",
      "monitored": false,
      "frameXPath": "//iframe[@name='parentDialog']<<IFRAME>>"
    },
    "control682": {
      "location": {
        "data": {
          "tagName": "DIV"
        },
        "locators": [
          {
            "id": "button/text",
            "prob": 3,
            "value": {
              "text": [
                "学生信息列表"
              ],
              "visText": [
                "学生信息列表"
              ]
            }
          },
          {
            "id": "text",
            "prob": 3,
            "value": {
              "text": [
                "学生信息列表"
              ],
              "visText": [
                "学生信息列表"
              ]
            }
          },
          {
            "id": "path/ordinal",
            "prob": 1,
            "value": "/HTML[1]/BODY[1]/DIV[2]"
          },
          {
            "id": "shield",
            "value": {
              "zIndex": "auto",
              "width": 800,
              "height": 28
            }
          }
        ]
      },
      "intendedRole": "modal",
      "roles": "element,modal",
      "monitored": false,
      "frameXPath": "//iframe[@name='childDialog']<<IFRAME>>"
    },
    "control683": {
      "location": {
        "data": {
          "tagName": "TH"
        },
        "locators": [
          {
            "id": "button/text",
            "prob": 3,
            "value": {
              "text": [
                "* 学号"
              ],
              "visText": [
                "* 学号"
              ]
            }
          },
          {
            "id": "text",
            "prob": 3,
            "value": {
              "text": [
                "* 学号"
              ],
              "visText": [
                "* 学号"
              ]
            }
          },
          {
            "id": "@class/word",
            "prob": 1,
            "ordinal": [
              0,
              34
            ],
            "value": "TABLE.formlist TBODY TR TH"
          },
          {
            "id": "path/ordinal",
            "prob": 1,
            "value": "/HTML[1]/BODY[1]/FORM[1]/DIV[1]/TABLE[1]/TBODY[1]/TR[1]/TH[1]"
          },
          {
            "id": "shield",
            "value": {
              "zIndex": "auto",
              "width": 152,
              "height": 36
            }
          }
        ]
      },
      "roles": "element",
      "text": "\n\t\t\t\t\t\n\t\t\t\t\t\t\n\t\t\t\t\t\t\t\n\t\t\t\t\t\t\t\t*\n\t\t\t\t\t\t\t\n\t\t\t\t\t\t\n\t\t\t\t\t\n\t\t\t\t\t学号\n\t\t\t\t",
      "frameXPath": "//iframe[@name='parentDialog']<<IFRAME>>"
    },
    "control704": {
      "location": {
        "data": {
          "tagName": "DIV"
        },
        "locators": [
          {
            "id": "button/text",
            "prob": 3,
            "ordinal": [
              1,
              2
            ],
            "value": {
              "text": [
                "系统提示01r请先选择学生！"
              ],
              "visText": [
                "系统提示请先选择学生！"
              ]
            }
          },
          {
            "id": "text",
            "prob": 3,
            "value": {
              "text": [
                "系统提示01r请先选择学生！"
              ],
              "visText": [
                "系统提示 请先选择学生！"
              ]
            }
          },
          {
            "id": "@id/partialWord",
            "prob": 3,
            "value": {
              "elemId": "ym-window",
              "tagName": "DIV",
              "prefix": "",
              "suffix": "",
              "ratio": 0
            }
          },
          {
            "id": "path/ordinal",
            "prob": 1,
            "value": "/HTML[1]/BODY[1]/DIV[4]/DIV[2]"
          },
          {
            "id": "shield",
            "value": {
              "zIndex": "10001",
              "width": 342,
              "height": 161
            }
          }
        ]
      },
      "intendedRole": "dialog",
      "roles": "element,dialog",
      "monitored": false,
      "frameXPath": "//iframe[@name='parentDialog']<<IFRAME>>"
    },
    "control705": {
      "location": {
        "data": {
          "tagName": "DIV"
        },
        "locators": [
          {
            "id": "button/text",
            "prob": 3,
            "ordinal": [
              1,
              2
            ],
            "value": {
              "text": [
                "系统提示01r请先选择学生！"
              ],
              "visText": [
                "系统提示请先选择学生！"
              ]
            }
          },
          {
            "id": "text",
            "prob": 3,
            "value": {
              "text": [
                "系统提示01r请先选择学生！"
              ],
              "visText": [
                "系统提示 请先选择学生！"
              ]
            }
          },
          {
            "id": "@id/partialWord",
            "prob": 3,
            "value": {
              "elemId": "ym-window",
              "tagName": "DIV",
              "prefix": "",
              "suffix": "",
              "ratio": 0
            }
          },
          {
            "id": "path/ordinal",
            "prob": 1,
            "value": "/HTML[1]/BODY[1]/DIV[4]/DIV[2]"
          },
          {
            "id": "shield",
            "value": {
              "zIndex": "10001",
              "width": 342,
              "height": 161
            }
          }
        ]
      },
      "events": {
        "onGetData": "getData_control705"
      },
      "intendedRole": "custom",
      "roles": "element,custom",
      "monitored": true,
      "frameXPath": "//iframe[@name='parentDialog']<<IFRAME>>"
    }
  },
  "contexts": {
    "context16": {
      "controls": [
        "control659",
        "control660",
        "control661",
        "control662",
        "control663",
        "control664",
        "control665",
        "control666",
        "control667",
        "control668",
        "control669",
        "control670",
        "control671",
        "control672",
        "control673",
        "control674",
        "control675",
        "control676",
        "control677",
        "control678",
        "control679",
        "control680",
        "control682",
        "control704",
        "control705"
      ],
      "anchors": [
      ]
    }
  },
  "flows": {
    "flow216": {
      "toContexts": [
        {
          "toContextId": "context16"
        }
      ]
    },
    "flow217": {
      "fromContextId": "context16",
      "fromAction": "click",
      "fromControlId": "control668",
      "toContexts": [
        {
          "toContextId": "context16"
        }
      ]
    },
    "flow215": {
      "fromContextId": "context16",
      "fromAction": "click",
      "fromControlId": "control662",
      "toContexts": [
        {
          "toContextId": "context16"
        },
        {
          "toContextId": "context3",
          "toModelId": "y_TrainInterval_add_select"
        }
      ]
    },
    "flow224": {
      "fromContextId": "context16",
      "fromAction": "click",
      "fromControlId": "control665",
      "toContexts": [
        {
          "toContextId": "context16"
        }
      ]
    },
    "flow225": {
      "fromContextId": "context16",
      "fromAction": "click",
      "fromControlId": "control704",
      "toContexts": [
        {
          "toContextId": "context16"
        }
      ]
    }
  },
  "pages": {
    "page16": {
      "contextId": "context16",
      "layout": [
        {
          "id": "uiControl704",
          "display": {
            "class": "xg_header",
            "title": "填写乘车区间",
            "type": "header",
            "adapterId": "header",
            "adapter": {
              "templateType": ""
            }
          },
          "layout": [
            {
              "id": "uiControl704headerLeft",
              "display": {
                "type": "headerLeft",
                "adapterId": "headerLeft",
                "adapter": {
                  "templateType": ""
                }
              },
              "layout": []
            }
          ]
        },
        {
          "id": "uiControl718",
          "controlId": "control668",
          "display": {
            "adapterId": "clickable",
            "type": "button",
            "text": "返回\t\t\t\t\t\t\t\t",
            "class": "xg_back",
            "adapter": {
              "templateType": ""
            }
          }
        },
        {
          "id": "uiControl769",
          "controlId": "control704",
          "display": {
            "adapterId": "dialog",
            "type": "dialog",
            "class": "xg_alert",
            "adapter": {
              "templateType": ""
            }
          },
          "layout": [
            {
              "id": "uiControl769body",
              "display": {
                "type": "dialogBody",
                "adapterId": "dialogBody",
                "adapter": {
                  "templateType": ""
                }
              },
              "layout": [
                {
                  "id": "uiControl770",
                  "controlId": "control705",
                  "display": {
                    "adapterId": "custom",
                    "type": "custom",
                    "adapter": {
                      "templateType": "react",
                      "events": {
                        "onDoAction": "doAction_uiControl770",
                        "onGetTemplate": "getTemplate_uiControl770"
                      }
                    }
                  }
                }
              ]
            },
            {
              "id": "uiControl769footer",
              "display": {
                "type": "dialogFooter",
                "adapterId": "dialogFooter",
                "adapter": {
                  "templateType": ""
                }
              },
              "layout": []
            }
          ]
        },
        {
          "id": "uiControl738",
          "controlId": "control682",
          "display": {
            "adapterId": "modal",
            "type": "modal",
            "adapter": {
              "templateType": ""
            }
          },
          "layout": []
        },
        {
          "id": "uiControl705",
          "display": {
            "type": "card",
            "adapterId": "card",
            "class": "xg_body",
            "adapter": {
              "templateType": ""
            }
          },
          "layout": [
            {
              "id": "uiControl705body",
              "display": {
                "type": "cardBody",
                "adapterId": "cardBody",
                "adapter": {
                  "templateType": ""
                }
              },
              "layout": [
                {
                  "id": "uiControl706",
                  "controlId": "control659",
                  "display": {
                    "adapterId": "content",
                    "type": "content",
                    "class": "y_header",
                    "text": "学生基本信息\t\t\t\t\t\t\t\t\t\t\t\t\t\t\t\t\t\t",
                    "adapter": {
                      "templateType": ""
                    }
                  }
                },
                {
                  "id": "uiControl707",
                  "controlId": "control660",
                  "display": {
                    "adapterId": "fragment",
                    "type": "fragment",
                    "class": "y_xh",
                    "adapter": {
                      "templateType": ""
                    }
                  }
                },
                {
                  "id": "uiControl708",
                  "display": {
                    "type": "card",
                    "adapterId": "card",
                    "class": "y_xhRight",
                    "adapter": {
                      "templateType": ""
                    }
                  },
                  "layout": [
                    {
                      "id": "uiControl708body",
                      "display": {
                        "type": "cardBody",
                        "adapterId": "cardBody",
                        "adapter": {
                          "templateType": ""
                        }
                      },
                      "layout": [
                        {
                          "id": "uiControl709",
                          "controlId": "control661",
                          "display": {
                            "adapterId": "custom",
                            "type": "custom",
                            "adapter": {
                              "templateType": "react",
                              "events": {
                                "onDoAction": "doAction_uiControl709",
                                "onGetTemplate": "getTemplate_uiControl709"
                              }
                            }
                          }
                        },
                        {
                          "id": "uiControl710",
                          "controlId": "control662",
                          "display": {
                            "adapterId": "clickable",
                            "type": "button",
                            "adapter": {
                              "templateType": ""
                            }
                          }
                        }
                      ]
                    }
                  ]
                },
                {
                  "id": "uiControl711",
                  "controlId": "control663",
                  "display": {
                    "adapterId": "fragment",
                    "type": "fragment",
                    "class": "y_info",
                    "adapter": {
                      "templateType": ""
                    }
                  }
                },
                {
                  "id": "uiControl712",
                  "controlId": "control664",
                  "display": {
                    "adapterId": "content",
                    "type": "content",
                    "class": "y_header",
                    "text": "火车乘车区间信息\t\t\t\t\t\t\t\t\t\t\t\t\t\t\t\t\t\t",
                    "adapter": {
                      "templateType": ""
                    }
                  }
                },
                {
                  "id": "uiControl714",
                  "display": {
                    "type": "card",
                    "adapterId": "card",
                    "class": "y_dor_info",
                    "adapter": {
                      "templateType": ""
                    }
                  },
                  "layout": [
                    {
                      "id": "uiControl714body",
                      "display": {
                        "type": "cardBody",
                        "adapterId": "cardBody",
                        "adapter": {
                          "templateType": ""
                        }
                      },
                      "layout": [
                        {
                          "id": "uiControl736",
                          "controlId": "control680",
                          "display": {
                            "adapterId": "fragment",
                            "type": "fragment",
                            "adapter": {
                              "templateType": ""
                            }
                          }
                        },
                        {
                          "id": "uiControl734",
                          "display": {
                            "type": "card",
                            "adapterId": "card",
                            "adapter": {
                              "templateType": ""
                            }
                          },
                          "layout": [
                            {
                              "id": "uiControl734body",
                              "display": {
                                "type": "cardBody",
                                "adapterId": "cardBody",
                                "adapter": {
                                  "templateType": ""
                                }
                              },
                              "layout": [
                                {
                                  "id": "uiControl735",
                                  "controlId": "control679",
                                  "display": {
                                    "adapterId": "fragment",
                                    "type": "fragment",
                                    "class": "y_dor_time",
                                    "adapter": {
                                      "templateType": ""
                                    }
                                  }
                                }
                              ]
                            }
                          ]
                        },
                        {
                          "id": "uiControl733",
                          "controlId": "control678",
                          "display": {
                            "adapterId": "fragment",
                            "type": "fragment",
                            "adapter": {
                              "templateType": ""
                            }
                          }
                        },
                        {
                          "id": "uiControl731",
                          "display": {
                            "type": "card",
                            "adapterId": "card",
                            "adapter": {
                              "templateType": ""
                            }
                          },
                          "layout": [
                            {
                              "id": "uiControl731body",
                              "display": {
                                "type": "cardBody",
                                "adapterId": "cardBody",
                                "adapter": {
                                  "templateType": ""
                                }
                              },
                              "layout": [
                                {
                                  "id": "uiControl732",
                                  "controlId": "control677",
                                  "display": {
                                    "adapterId": "fragment",
                                    "type": "fragment",
                                    "class": "y_dor_time",
                                    "adapter": {
                                      "templateType": ""
                                    }
                                  }
                                }
                              ]
                            }
                          ]
                        },
                        {
                          "id": "uiControl730",
                          "controlId": "control676",
                          "display": {
                            "adapterId": "fragment",
                            "type": "fragment",
                            "adapter": {
                              "templateType": ""
                            }
                          }
                        },
                        {
                          "id": "uiControl726",
                          "display": {
                            "type": "card",
                            "adapterId": "card",
                            "adapter": {
                              "templateType": ""
                            }
                          },
                          "layout": [
                            {
                              "id": "uiControl726body",
                              "display": {
                                "type": "cardBody",
                                "adapterId": "cardBody",
                                "adapter": {
                                  "templateType": ""
                                }
                              },
                              "layout": [
                                {
                                  "id": "uiControl727",
                                  "controlId": "control674",
                                  "display": {
                                    "adapterId": "textbox",
                                    "type": "textbox",
                                    "adapter": {
                                      "templateType": ""
                                    }
                                  }
                                },
                                {
                                  "id": "uiControl728",
                                  "display": {
                                    "text": "~",
                                    "type": "content",
                                    "adapterId": "staticContent",
                                    "adapter": {
                                      "templateType": ""
                                    }
                                  }
                                },
                                {
                                  "id": "uiControl729",
                                  "controlId": "control675",
                                  "display": {
                                    "adapterId": "textbox",
                                    "type": "textbox",
                                    "adapter": {
                                      "templateType": ""
                                    }
                                  }
                                }
                              ]
                            }
                          ]
                        },
                        {
                          "id": "uiControl725",
                          "controlId": "control673",
                          "display": {
                            "adapterId": "fragment",
                            "type": "fragment",
                            "adapter": {
                              "templateType": ""
                            }
                          }
                        },
                        {
                          "id": "uiControl723",
                          "display": {
                            "type": "card",
                            "adapterId": "card",
                            "adapter": {
                              "templateType": ""
                            }
                          },
                          "layout": [
                            {
                              "id": "uiControl723body",
                              "display": {
                                "type": "cardBody",
                                "adapterId": "cardBody",
                                "adapter": {
                                  "templateType": ""
                                }
                              },
                              "layout": [
                                {
                                  "id": "uiControl724",
                                  "controlId": "control672",
                                  "display": {
                                    "adapterId": "fragment",
                                    "type": "fragment",
                                    "class": "y_dor_time",
                                    "adapter": {
                                      "templateType": ""
                                    }
                                  }
                                }
                              ]
                            }
                          ]
                        },
                        {
                          "id": "uiControl722",
                          "controlId": "control671",
                          "display": {
                            "adapterId": "fragment",
                            "type": "fragment",
                            "class": "y_dor_no",
                            "adapter": {
                              "templateType": ""
                            }
                          }
                        },
                        {
                          "id": "uiControl720",
                          "display": {
                            "type": "card",
                            "adapterId": "card",
                            "class": "y_dor_textarea",
                            "adapter": {
                              "templateType": ""
                            }
                          },
                          "layout": [
                            {
                              "id": "uiControl720body",
                              "display": {
                                "type": "cardBody",
                                "adapterId": "cardBody",
                                "adapter": {
                                  "templateType": ""
                                }
                              },
                              "layout": [
                                {
                                  "id": "uiControl721",
                                  "controlId": "control670",
                                  "display": {
                                    "adapterId": "textbox",
                                    "type": "textbox",
                                    "placeholder": "限500字",
                                    "adapter": {
                                      "templateType": ""
                                    }
                                  }
                                }
                              ]
                            }
                          ]
                        },
                        {
                          "id": "uiControl719",
                          "controlId": "control669",
                          "display": {
                            "adapterId": "fragment",
                            "type": "fragment",
                            "class": "y_note",
                            "adapter": {
                              "templateType": ""
                            }
                          }
                        }
                      ]
                    }
                  ]
                },
                {
                  "id": "uiControl713",
                  "display": {
                    "type": "card",
                    "adapterId": "card",
                    "class": "xg_three_btn",
                    "adapter": {
                      "templateType": ""
                    }
                  },
                  "layout": [
                    {
                      "id": "uiControl713body",
                      "display": {
                        "type": "cardBody",
                        "adapterId": "cardBody",
                        "adapter": {
                          "templateType": ""
                        }
                      },
                      "layout": [
                        {
                          "id": "uiControl715",
                          "controlId": "control665",
                          "display": {
                            "adapterId": "clickable",
                            "type": "button",
                            "adapter": {
                              "templateType": ""
                            }
                          }
                        },
                        {
                          "id": "uiControl716",
                          "controlId": "control666",
                          "display": {
                            "adapterId": "clickable",
                            "type": "button",
                            "adapter": {
                              "templateType": ""
                            }
                          }
                        },
                        {
                          "id": "uiControl717",
                          "controlId": "control667",
                          "display": {
                            "adapterId": "clickable",
                            "type": "button",
                            "adapter": {
                              "templateType": ""
                            }
                          }
                        }
                      ]
                    }
                  ]
                }
              ]
            }
          ]
        }
      ]
    }
  },
  "matchers": {
    "page/title": {
      "contexts": {
        "context16": [
          ""
        ]
      }
    },
    "page/urls": {
      "contexts": {
        "context16": [
          "42.247.16.108/xgxt/rcsw_hcyhk_hcccqjtx.do"
        ],
        "context3": [
          "42.247.16.108/xgxt/rcsw_hcyhk_hcccqjjg.do",
          "42.247.16.108/xgxt/rcsw_xszbb_bbjg.do",
          "42.247.16.108/xgxt/rcsw_xszbb_bbsq.do",
          "42.247.16.108/xgxt/rcsw_hcyhk_hcccqjtx.do"
        ]
      }
    },
    "page/ids": {
      "contexts": {
        "context16": [
          []
        ]
      }
    },
    "page/classes": {
      "contexts": {
        "context16": [
          []
        ],
        "context3": [
          [
            "_b",
            "_t",
            "btn",
            "btn_",
            "bz",
            "e",
            "formli",
            "red",
            "t",
            "ui_b",
            "ui_border",
            "ui_button",
            "ui_c",
            "ui_clo",
            "ui_content",
            "ui_dialog",
            "ui_icon",
            "ui_inner",
            "ui_l",
            "ui_lb",
            "ui_lt",
            "ui_main",
            "ui_max",
            "ui_max_b",
            "ui_min",
            "ui_min_b",
            "ui_r",
            "ui_rb",
            "ui_re",
            "ui_rt",
            "ui_t",
            "ui_title",
            "ui_title_bar",
            "ui_title_button",
            "ym-bc",
            "ym-bl",
            "ym-body",
            "ym-br",
            "ym-btn",
            "ym-header-text",
            "ym-header-tool",
            "ym-mc",
            "ym-ml",
            "ym-mr",
            "ym-tc",
            "ym-tl",
            "ym-tr",
            "ymPrompt_clo",
            "ymPrompt_max",
            "ymPrompt_min"
          ],
          [
            " ui_",
            "Sort_up",
            "_b",
            "_t",
            "_type hover",
            "adv_filter",
            "btn_",
            "btn_cx",
            "btn_cz",
            "dateline",
            "datetitle_",
            "down",
            "e",
            "earch_advanced",
            "elected-attr",
            "fir",
            "formbox",
            "hide",
            "la",
            "more--item_bottom",
            "moreValue_click",
            "more_down",
            "next pointer",
            "nowrap",
            "option",
            "pageleft",
            "pagenum",
            "pageright",
            "pagination",
            "paging",
            "prev pointer",
            "prompcon",
            "prop-item",
            "red",
            "t pointer",
            "tate_focu",
            "tate_lock",
            "tate_tip",
            "toolbox",
            "ui_b",
            "ui_border ui_",
            "ui_button",
            "ui_c",
            "ui_clo",
            "ui_content",
            "ui_dialog",
            "ui_icon",
            "ui_icon_bg",
            "ui_inner",
            "ui_l",
            "ui_lb",
            "ui_lt",
            "ui_main",
            "ui_max",
            "ui_max_b",
            "ui_min",
            "ui_min_b",
            "ui_r",
            "ui_rb",
            "ui_re",
            "ui_rt",
            "ui_t",
            "ui_title",
            "ui_title_bar",
            "ui_title_button",
            "ym-bc",
            "ym-bl",
            "ym-body",
            "ym-br",
            "ym-btn",
            "ym-header-text",
            "ym-header-tool",
            "ym-mc",
            "ym-ml",
            "ym-mr",
            "ym-tc",
            "ym-tl",
            "ym-tr",
            "ymPrompt_clo",
            "ymPrompt_max",
            "ymPrompt_min"
          ],
          [
            "btn_",
            "red"
          ],
          [
            "_type hover",
            "adv_filter",
            "btn_",
            "btn_cx",
            "btn_cz",
            "btn_dc",
            "btn_xg",
            "btn_zj",
            "buttonbox",
            "c",
            "con_overlfow",
            "datetitle_",
            "down",
            "earch_advanced",
            "elected-attr",
            "hide",
            "location",
            "main_box",
            "more--item_bottom",
            "option",
            "prompcon",
            "prop-item",
            "tab_cur",
            "toolbox"
          ],
          [
            "_b",
            "_t",
            "e",
            "tate_full",
            "ui_b",
            "ui_button",
            "ui_c",
            "ui_clo",
            "ui_content ui_",
            "ui_dialog",
            "ui_icon",
            "ui_inner",
            "ui_l",
            "ui_lb",
            "ui_loading",
            "ui_lt",
            "ui_main",
            "ui_max",
            "ui_max_b",
            "ui_min",
            "ui_min_b",
            "ui_r",
            "ui_rb",
            "ui_re",
            "ui_rt",
            "ui_t",
            "ui_title",
            "ui_title_bar",
            "ui_title_button"
          ],
          [
            "first",
            "last",
            "next",
            "pageleft",
            "pagenum",
            "pageright",
            "paging",
            "pointer",
            "prev",
            "red"
          ],
          [
            "Sort_up",
            "nowrap"
          ],
          [
            "datetitle_"
          ]
        ]
      }
    },
    "page/tagTriplets": {
      "contexts": {
        "context16": [
          [
            "-/-/TR",
            "-/TR/TH",
            "TR/TH/SPAN"
          ]
        ],
        "context3": [
          [
            "-/-/DIV",
            "-/-/FORM",
            "-/DIV/DIV",
            "-/DIV/IFRAME",
            "-/DIV/TABLE",
            "-/FORM/DIV",
            "-/FORM/TABLE",
            "DIV/A/B",
            "DIV/DIV/A",
            "DIV/DIV/DIV",
            "DIV/DIV/STRONG",
            "DIV/TABLE/TBODY",
            "DIV/TABLE/THEAD",
            "FORM/DIV/TABLE",
            "FORM/TABLE/TFOOT",
            "TABLE/TBODY/TR",
            "TABLE/TFOOT/TR",
            "TABLE/THEAD/TR",
            "TBODY/TR/TD",
            "TBODY/TR/TH",
            "TD/DIV/BUTTON",
            "TD/DIV/DIV",
            "TD/DIV/SPAN",
            "TD/DIV/TABLE",
            "TD/SELECT/OPTION",
            "TFOOT/TR/TD",
            "THEAD/TR/TH",
            "TR/TD/BUTTON",
            "TR/TD/DIV",
            "TR/TD/INPUT-hidden",
            "TR/TD/INPUT-text",
            "TR/TD/SCRIPT",
            "TR/TD/SELECT",
            "TR/TD/TEXTAREA",
            "TR/TH/BR",
            "TR/TH/FONT",
            "TR/TH/SPAN"
          ],
          [
            "-/-/DIV",
            "-/-/FORM",
            "-/-/INPUT-hidden",
            "-/DIV/DIV",
            "-/DIV/H3",
            "-/DIV/TABLE",
            "-/FORM/BUTTON",
            "-/FORM/DIV",
            "-/FORM/INPUT-hidden",
            "DD/UL/INPUT-hidden",
            "DD/UL/LI",
            "DIV/A/B",
            "DIV/DIV/A",
            "DIV/DIV/DIV",
            "DIV/DIV/DL",
            "DIV/DIV/H3",
            "DIV/DIV/INPUT-hidden",
            "DIV/DIV/P",
            "DIV/DIV/STRONG",
            "DIV/DIV/TABLE",
            "DIV/DL/DD",
            "DIV/DL/DT",
            "DIV/H3/SPAN",
            "DIV/P/A",
            "DIV/P/INPUT-text",
            "DIV/P/SELECT",
            "DIV/P/SPAN",
            "DIV/TABLE/TBODY",
            "DIV/TABLE/THEAD",
            "DL/DD/A",
            "DL/DD/DIV",
            "DL/DD/UL",
            "DL/DT/B",
            "DL/DT/INPUT-hidden",
            "DL/DT/INPUT-text",
            "FORM/DIV/DIV",
            "FORM/DIV/SCRIPT",
            "LI/H5/IMG",
            "P/SELECT/OPTION",
            "TABLE/TBODY/TR",
            "TABLE/THEAD/TR",
            "TBODY/TR/TD",
            "TD/DIV/DIV",
            "TD/DIV/DL",
            "TD/DIV/TABLE",
            "THEAD/TR/TH",
            "TR/TD/BR",
            "TR/TD/BUTTON",
            "TR/TD/DIV",
            "TR/TD/IMG",
            "TR/TD/INPUT-hidden",
            "TR/TD/INPUT-text",
            "TR/TD/LABEL",
            "TR/TD/SPAN",
            "TR/TH/A",
            "UL/LI/A",
            "UL/LI/H5",
            "UL/LI/INPUT-hidden"
          ],
          [
            "-/-/TBODY",
            "-/-/THEAD",
            "-/TBODY/TR",
            "-/THEAD/TR",
            "TBODY/TR/TD",
            "TBODY/TR/TH",
            "TD/SELECT/OPTION",
            "THEAD/TR/TH",
            "TR/TD/BUTTON",
            "TR/TD/INPUT-hidden",
            "TR/TD/INPUT-text",
            "TR/TD/SCRIPT",
            "TR/TD/SELECT",
            "TR/TD/TEXTAREA",
            "TR/TH/BR",
            "TR/TH/FONT",
            "TR/TH/SPAN"
          ],
          [
            "-/-/DIV",
            "-/-/FORM",
            "-/DIV/DIV",
            "-/DIV/H3",
            "-/DIV/P",
            "-/FORM/BUTTON",
            "-/FORM/DIV",
            "-/FORM/INPUT-hidden",
            "DIV/DIV/DIV",
            "DIV/DIV/DL",
            "DIV/DIV/H3",
            "DIV/DIV/INPUT-hidden",
            "DIV/DIV/P",
            "DIV/DIV/SCRIPT",
            "DIV/DIV/TABLE",
            "DIV/DIV/UL",
            "DIV/DL/DD",
            "DIV/DL/DT",
            "DIV/H3/SPAN",
            "DIV/P/A",
            "DIV/P/EM",
            "DIV/TABLE/TBODY",
            "DIV/UL/LI",
            "DL/DD/DIV",
            "DL/DT/B",
            "DL/DT/INPUT-hidden",
            "DL/DT/INPUT-text",
            "FORM/DIV/DIV",
            "FORM/DIV/SCRIPT",
            "TABLE/TBODY/TR",
            "TBODY/TR/TD",
            "TD/DIV/DIV",
            "TD/DIV/DL",
            "TR/TD/BR",
            "TR/TD/BUTTON",
            "TR/TD/DIV",
            "TR/TD/INPUT-hidden",
            "TR/TD/INPUT-text",
            "TR/TD/SPAN",
            "UL/LI/A"
          ],
          [
            "-/-/TBODY",
            "-/TBODY/TR",
            "DIV/A/B",
            "DIV/DIV/A",
            "DIV/DIV/SPAN",
            "DIV/TABLE/TBODY",
            "TABLE/TBODY/TR",
            "TBODY/TR/TD",
            "TD/DIV/DIV",
            "TD/DIV/IFRAME",
            "TD/DIV/TABLE",
            "TR/TD/DIV"
          ],
          [
            "-/-/DIV",
            "-/DIV/DIV",
            "-/DIV/P",
            "DIV/DIV/A",
            "DIV/P/INPUT-text",
            "DIV/P/SELECT",
            "DIV/P/SPAN",
            "P/SELECT/OPTION"
          ],
          [
            "-/-/TR",
            "-/TR/TH",
            "TR/TH/A"
          ],
          [
            "-/-/H3",
            "-/H3/SPAN"
          ]
        ]
      }
    }
  }
}