{
  "version": "0.1",
  "id": "w_postApply_student_follow",
  "targetURL": "http://42.247.16.108/xgxt/qgzx_wdgwsq.do?method=wdgwsqCxStu",
  "jsFile": "index.js",
  "chineseName": "学生岗位申请_流程跟踪",
  "description": "",
  "controls": {
    "control739": {
      "location": {
        "data": {
          "tagName": "DIV"
        },
        "locators": [
          {
            "id": "text",
            "prob": 3,
            "value": {
              "text": [
                "辅导员1 学生服务中心审核2 审核中 待审核 审核岗位：辅导员审核人：审核时间： 审核意见："
              ],
              "visText": [
                "辅导员 1 学生服务中心审核 2 审核中 待审核 审核岗位：辅导员审核人：审核时间： 审核意见："
              ]
            }
          },
          {
            "id": "@class/word",
            "prob": 1,
            "ordinal": [
              0,
              2
            ],
            "value": "DIV.splc1"
          },
          {
            "id": "path/ordinal",
            "prob": 1,
            "value": "/HTML[1]/BODY[1]/DIV[2]"
          },
          {
            "id": "shield",
            "value": {
              "zIndex": "auto",
              "width": 530,
              "height": 310
            }
          }
        ]
      },
      "intendedRole": "fragment",
      "roles": "element,link,fragment",
      "monitored": true,
      "frameXPath": "//iframe[@name='parentDialog']<<IFRAME>>"
    },
    "control740": {
      "location": {
        "data": {
          "tagName": "DIV"
        },
        "locators": [
          {
            "id": "@class/word",
            "prob": 1,
            "ordinal": [
              0,
              3
            ],
            "value": "TABLE.ui_dialog DIV.ui_title_bar DIV.ui_title_buttons"
          },
          {
            "id": "path/ordinal",
            "prob": 1,
            "ordinal": [
              0,
              2
            ],
            "value": "/HTML[1]/BODY[1]/DIV[1]/TABLE[1]/TBODY[1]/TR[2]/TD[2]/DIV[1]/TABLE[1]/TBODY[1]/TR[1]/TD[1]/DIV[1]/DIV[2]"
          },
          {
            "id": "shield",
            "value": {
              "zIndex": "auto",
              "width": 44,
              "height": 22
            }
          }
        ]
      },
      "events": {
        "onGetData": "getData_control740"
      },
      "intendedRole": "custom",
      "roles": "element,custom",
      "monitored": false
    }
  },
  "contexts": {
    "context28": {
      "controls": [
        "control739",
        "control740"
      ],
      "anchors": []
    }
  },
  "flows": {
    "flow265": {
      "toContexts": [
        {
          "toContextId": "context28"
        }
      ]
    }
  },
  "pages": {
    "page28": {
      "contextId": "context28",
      "layout": [
        {
          "id": "uiControl833",
          "display": {
            "class": "xg_header",
            "title": "审批流程跟踪",
            "type": "header",
            "adapterId": "header",
            "adapter": {
              "templateType": ""
            }
          },
          "layout": [
            {
              "id": "uiControl833headerLeft",
              "display": {
                "type": "headerLeft",
                "adapterId": "headerLeft",
                "adapter": {
                  "templateType": ""
                }
              },
              "layout": []
            }
          ]
        },
        {
          "id": "uiControl836",
          "controlId": "control740",
          "display": {
            "adapterId": "custom",
            "type": "custom",
            "adapter": {
              "templateType": "react",
              "events": {
                "onDoAction": "doAction_uiControl836",
                "onGetTemplate": "getTemplate_uiControl836"
              }
            }
          }
        },
        {
          "id": "uiControl834",
          "display": {
            "type": "card",
            "adapterId": "card",
            "class": "xg_body",
            "adapter": {
              "templateType": ""
            }
          },
          "layout": [
            {
              "id": "uiControl834body",
              "display": {
                "type": "cardBody",
                "adapterId": "cardBody",
                "adapter": {
                  "templateType": ""
                }
              },
              "layout": [
                {
                  "id": "uiControl835",
                  "controlId": "control739",
                  "display": {
                    "adapterId": "fragment",
                    "type": "fragment",
                    "class": "lv_it_fra",
                    "adapter": {
                      "templateType": ""
                    }
                  }
                }
              ]
            }
          ]
        }
      ]
    }
  },
  "matchers": {
    "page/title": {
      "contexts": {
        "context28": [
          ""
        ]
      }
    },
    "page/urls": {
      "contexts": {
        "context28": [
          ""
        ]
      }
    },
    "page/ids": {
      "contexts": {
        "context28": [
          []
        ]
      }
    },
    "page/classes": {
      "contexts": {
        "context28": [
          [
            "num",
            "shz",
            "text",
            "user",
            "wsh"
          ]
        ]
      }
    },
    "page/tagTriplets": {
      "contexts": {
        "context28": [
          [
            "-/-/DIV",
            "-/-/UL",
            "-/UL/LI",
            "UL/LI/P"
          ]
        ]
      }
    }
  }
}