{
  "version": "0.1",
  "id": "lv_poorStuApply_chooseStu",
  "targetURL": "http://42.247.16.108/xgxt/xszz_knsrd_sq.do",
  "jsFile": "../../lib/base.js,../../lib/customTemplate.js,index.js",
  "cssFile": "../../lib/base.css",
  "requires": {
    "login": "../login/index.json",
    "lv_poorStuApply_content": "../lv_poorStuApply_content/index.json",
    "lv_poorStuRes_recorrect": "../lv_poorStuRes_recorrect/index.json"
  },
  "chineseName": "选择学生",
  "description": "选择学生",
  "controls": {
    "control0": {
      "location": {
        "data": {
          "tagName": "DIV"
        },
        "locators": [
          {
            "id": "button/text",
            "prob": 3,
            "ordinal": [
              0,
              2
            ],
            "value": {
              "text": [
                "全部"
              ],
              "visText": [
                ""
              ]
            }
          },
          {
            "id": "text",
            "prob": 3,
            "value": {
              "text": [
                "全部"
              ],
              "visText": [
                ""
              ]
            }
          },
          {
            "id": "@id/word",
            "prob": 3,
            "value": "descendant::DIV[@id=\"options\"]"
          },
          {
            "id": "@class/word",
            "prob": 1,
            "ordinal": [
              0,
              2
            ],
            "value": "DIV.search_advanced DIV.adv_filter DIV.options_type1"
          },
          {
            "id": "path/ordinal",
            "prob": 1,
            "value": "/HTML[1]/BODY[1]/FORM[1]/DIV[1]/DIV[1]/DIV[1]/TABLE[1]/TBODY[1]/TR[1]/TD[1]/DIV[1]"
          },
          {
            "id": "shield",
            "value": {
              "zIndex": "auto",
              "width": 81,
              "height": 25
            }
          }
        ]
      },
      "events": {
        "onGetData": "getData_control0"
      },
      "intendedRole": "custom",
      "roles": "element,custom",
      "monitored": true,
      "frameXPath": "//iframe[@name='childDialog']<<IFRAME>>"
    },
    "control1": {
      "location": {
        "data": {
          "tagName": "INPUT"
        },
        "locators": [
          {
            "id": "elem/@name",
            "prob": 2,
            "value": [
              "descendant::form[@name=\"xpjPjjgModel\"]//INPUT[@name=\"searchModel.input_mhcx\"]",
              "descendant::INPUT[@name=\"searchModel.input_mhcx\"]"
            ]
          },
          {
            "id": "@id/word",
            "prob": 3,
            "value": "descendant::INPUT[@id=\"input_mhcx\"]"
          },
          {
            "id": "@class/word",
            "prob": 1,
            "ordinal": [
              3,
              12
            ],
            "value": "DIV.toolbox DIV.search_advanced DIV.adv_filter TABLE TBODY TR TD INPUT"
          },
          {
            "id": "path/ordinal",
            "prob": 1,
            "value": "/HTML[1]/BODY[1]/FORM[1]/DIV[1]/DIV[1]/DIV[1]/TABLE[1]/TBODY[1]/TR[1]/TD[1]/INPUT[1]"
          },
          {
            "id": "input/type",
            "verifyEnabled": true,
            "value": "text"
          },
          {
            "id": "elderLevel",
            "value": {
              "level": 0
            }
          },
          {
            "id": "shield",
            "value": {
              "zIndex": "auto",
              "width": 383,
              "height": 24
            }
          }
        ]
      },
      "intendedRole": "textbox",
      "roles": "element,textbox",
      "monitored": true,
      "frameXPath": "//iframe[@name='childDialog']<<IFRAME>>"
    },
    "control2": {
      "location": {
        "data": {
          "tagName": "BUTTON"
        },
        "locators": [
          {
            "id": "button/text",
            "prob": 3,
            "value": {
              "text": [
                "查 询"
              ],
              "visText": [
                "查 询"
              ]
            }
          },
          {
            "id": "text",
            "prob": 3,
            "value": {
              "text": [
                "查 询"
              ],
              "visText": [
                "查 询"
              ]
            }
          },
          {
            "id": "@id/word",
            "prob": 3,
            "value": "descendant::BUTTON[@id=\"search_go\"]"
          },
          {
            "id": "@class/word",
            "prob": 1,
            "ordinal": [
              0,
              2
            ],
            "value": "DIV.search_advanced DIV.adv_filter BUTTON.btn_cx"
          },
          {
            "id": "path/ordinal",
            "prob": 1,
            "value": "/HTML[1]/BODY[1]/FORM[1]/DIV[1]/DIV[1]/DIV[1]/TABLE[1]/TBODY[1]/TR[1]/TD[1]/BUTTON[1]"
          },
          {
            "id": "input/type",
            "verifyEnabled": true,
            "value": "button"
          },
          {
            "id": "elderLevel",
            "value": {
              "level": 0
            }
          },
          {
            "id": "shield",
            "value": {
              "zIndex": "auto",
              "width": 52.609375,
              "height": 19
            }
          }
        ]
      },
      "intendedRole": "button",
      "roles": "element,button",
      "monitored": false,
      "frameXPath": "//iframe[@name='childDialog']<<IFRAME>>"
    },
    "control3": {
      "location": {
        "data": {
          "tagName": "BUTTON"
        },
        "locators": [
          {
            "id": "button/text",
            "prob": 3,
            "value": {
              "text": [
                "重 置"
              ],
              "visText": [
                "重 置"
              ]
            }
          },
          {
            "id": "text",
            "prob": 3,
            "value": {
              "text": [
                "重 置"
              ],
              "visText": [
                "重 置"
              ]
            }
          },
          {
            "id": "@class/word",
            "prob": 1,
            "ordinal": [
              0,
              2
            ],
            "value": "DIV.search_advanced DIV.adv_filter BUTTON.btn_cz"
          },
          {
            "id": "path/ordinal",
            "prob": 1,
            "value": "/HTML[1]/BODY[1]/FORM[1]/DIV[1]/DIV[1]/DIV[1]/TABLE[1]/TBODY[1]/TR[1]/TD[1]/BUTTON[2]"
          },
          {
            "id": "input/type",
            "verifyEnabled": true,
            "value": "button"
          },
          {
            "id": "elderLevel",
            "value": {
              "level": 0
            }
          },
          {
            "id": "shield",
            "value": {
              "zIndex": "auto",
              "width": 52.609375,
              "height": 19
            }
          }
        ]
      },
      "intendedRole": "button",
      "roles": "element,button",
      "monitored": false,
      "frameXPath": "//iframe[@name='childDialog']<<IFRAME>>"
    },
    "control4": {
      "location": {
        "data": {
          "tagName": "TBODY"
        },
        "locators": [
          {
            "id": "@id/word",
            "prob": 2,
            "value": [
              "descendant::TABLE[@id=\"dataTable\"]/TBODY[1]",
              "descendant::TABLE[@id=\"dataTable\"]//TBODY"
            ]
          },
          {
            "id": "@class/word",
            "prob": 1,
            "ordinal": [
              0,
              2
            ],
            "value": "DIV.formbox TABLE.dateline TBODY"
          },
          {
            "id": "path/ordinal",
            "prob": 1,
            "value": "/HTML[1]/BODY[1]/DIV[3]/TABLE[1]/TBODY[1]"
          },
          {
            "id": "shield",
            "value": {
              "zIndex": "auto",
              "width": 799,
              "height": 280
            }
          }
        ]
      },
      "events": {
        "onGetData": "getData_control4"
      },
      "intendedRole": "custom",
      "roles": "element,custom",
      "monitored": true,
      "frameXPath": "//iframe[@name='childDialog']<<IFRAME>>"
    },
    "control5": {
      "location": {
        "data": {
          "tagName": "DIV"
        },
        "locators": [
          {
            "id": "text",
            "prob": 3,
            "value": {
              "text": [
                "第/2472页，每页显示102050100200条 / 共24714条记录"
              ],
              "visText": [
                "第/2472页，每页显示条 / 共24714条记录"
              ]
            }
          },
          {
            "id": "@id/word",
            "prob": 2,
            "value": [
              "descendant::DIV[@id=\"pager\"]/DIV[1]",
              "descendant::DIV[@id=\"pager\"]//DIV"
            ]
          },
          {
            "id": "@class/word",
            "prob": 1,
            "ordinal": [
              0,
              2
            ],
            "value": "DIV.pagination DIV.pageleft"
          },
          {
            "id": "path/ordinal",
            "prob": 1,
            "value": "/HTML[1]/BODY[1]/DIV[4]/DIV[1]"
          },
          {
            "id": "shield",
            "value": {
              "zIndex": "auto",
              "width": 322,
              "height": 19
            }
          }
        ]
      },
      "events": {
        "onGetData": "getData_control5"
      },
      "intendedRole": "custom",
      "roles": "element,custom",
      "monitored": true,
      "frameXPath": "//iframe[@name='childDialog']<<IFRAME>>"
    },
    "control6": {
      "location": {
        "data": {
          "tagName": "A"
        },
        "locators": [
          {
            "id": "button/text",
            "prob": 3,
            "value": {
              "text": [
                "首 页"
              ],
              "visText": [
                "首 页"
              ]
            }
          },
          {
            "id": "text",
            "prob": 3,
            "value": {
              "text": [
                "首 页"
              ],
              "visText": [
                "首 页"
              ]
            }
          },
          {
            "id": "@title",
            "prob": 2,
            "value": {
              "text": [
                "首页"
              ]
            }
          },
          {
            "id": "@id/word",
            "prob": 3,
            "value": [
              "descendant::DIV[@id=\"pager\"]//A[@id=\"first\"]",
              "descendant::A[@id=\"first\"]"
            ]
          },
          {
            "id": "@class/word",
            "prob": 1,
            "ordinal": [
              0,
              2
            ],
            "value": "DIV.pageright DIV.paging A.first.pointer"
          },
          {
            "id": "path/ordinal",
            "prob": 1,
            "value": "/HTML[1]/BODY[1]/DIV[4]/DIV[2]/DIV[1]/A[1]"
          },
          {
            "id": "elderLevel",
            "value": {
              "level": 0
            }
          },
          {
            "id": "shield",
            "value": {
              "zIndex": "auto",
              "width": 46,
              "height": 19
            }
          }
        ]
      },
      "intendedRole": "button",
      "roles": "element,button,link",
      "monitored": false,
      "frameXPath": "//iframe[@name='childDialog']<<IFRAME>>"
    },
    "control7": {
      "location": {
        "data": {
          "tagName": "A"
        },
        "locators": [
          {
            "id": "button/text",
            "prob": 3,
            "value": {
              "text": [
                "上一页"
              ],
              "visText": [
                "上一页"
              ]
            }
          },
          {
            "id": "text",
            "prob": 3,
            "value": {
              "text": [
                "上一页"
              ],
              "visText": [
                "上一页"
              ]
            }
          },
          {
            "id": "@title",
            "prob": 2,
            "value": {
              "text": [
                "上一页"
              ]
            }
          },
          {
            "id": "@id/word",
            "prob": 3,
            "value": [
              "descendant::DIV[@id=\"pager\"]//A[@id=\"back\"]",
              "descendant::A[@id=\"back\"]"
            ]
          },
          {
            "id": "@class/word",
            "prob": 1,
            "ordinal": [
              0,
              2
            ],
            "value": "DIV.pageright DIV.paging A.prev.pointer"
          },
          {
            "id": "path/ordinal",
            "prob": 1,
            "value": "/HTML[1]/BODY[1]/DIV[4]/DIV[2]/DIV[1]/A[2]"
          },
          {
            "id": "elderLevel",
            "value": {
              "level": 0
            }
          },
          {
            "id": "shield",
            "value": {
              "zIndex": "auto",
              "width": 54,
              "height": 19
            }
          }
        ]
      },
      "intendedRole": "button",
      "roles": "element,button,link",
      "monitored": false,
      "frameXPath": "//iframe[@name='childDialog']<<IFRAME>>"
    },
    "control8": {
      "location": {
        "data": {
          "tagName": "A"
        },
        "locators": [
          {
            "id": "button/text",
            "prob": 3,
            "value": {
              "text": [
                "下一页"
              ],
              "visText": [
                "下一页"
              ]
            }
          },
          {
            "id": "text",
            "prob": 3,
            "value": {
              "text": [
                "下一页"
              ],
              "visText": [
                "下一页"
              ]
            }
          },
          {
            "id": "@title",
            "prob": 2,
            "value": {
              "text": [
                "下一页"
              ]
            }
          },
          {
            "id": "@id/word",
            "prob": 3,
            "value": [
              "descendant::DIV[@id=\"pager\"]//A[@id=\"next\"]",
              "descendant::A[@id=\"next\"]"
            ]
          },
          {
            "id": "@class/word",
            "prob": 1,
            "ordinal": [
              0,
              2
            ],
            "value": "DIV.pageright DIV.paging A.next.pointer"
          },
          {
            "id": "path/ordinal",
            "prob": 1,
            "value": "/HTML[1]/BODY[1]/DIV[4]/DIV[2]/DIV[1]/A[3]"
          },
          {
            "id": "elderLevel",
            "value": {
              "level": 0
            }
          },
          {
            "id": "shield",
            "value": {
              "zIndex": "auto",
              "width": 54,
              "height": 19
            }
          }
        ]
      },
      "intendedRole": "button",
      "roles": "element,button,link",
      "monitored": false,
      "frameXPath": "//iframe[@name='childDialog']<<IFRAME>>"
    },
    "control9": {
      "location": {
        "data": {
          "tagName": "A"
        },
        "locators": [
          {
            "id": "button/text",
            "prob": 3,
            "value": {
              "text": [
                "末 页"
              ],
              "visText": [
                "末 页"
              ]
            }
          },
          {
            "id": "text",
            "prob": 3,
            "value": {
              "text": [
                "末 页"
              ],
              "visText": [
                "末 页"
              ]
            }
          },
          {
            "id": "@title",
            "prob": 2,
            "value": {
              "text": [
                "末页"
              ]
            }
          },
          {
            "id": "@id/word",
            "prob": 3,
            "value": [
              "descendant::DIV[@id=\"pager\"]//A[@id=\"last\"]",
              "descendant::A[@id=\"last\"]"
            ]
          },
          {
            "id": "@class/word",
            "prob": 1,
            "ordinal": [
              0,
              2
            ],
            "value": "DIV.pageright DIV.paging A.last.pointer"
          },
          {
            "id": "path/ordinal",
            "prob": 1,
            "value": "/HTML[1]/BODY[1]/DIV[4]/DIV[2]/DIV[1]/A[4]"
          },
          {
            "id": "elderLevel",
            "value": {
              "level": 0
            }
          },
          {
            "id": "shield",
            "value": {
              "zIndex": "auto",
              "width": 46,
              "height": 19
            }
          }
        ]
      },
      "intendedRole": "button",
      "roles": "element,button,link",
      "monitored": false,
      "frameXPath": "//iframe[@name='childDialog']<<IFRAME>>"
    },
    "control10": {
      "location": {
        "data": {
          "tagName": "SPAN"
        },
        "locators": [
          {
            "id": "button/text",
            "prob": 3,
            "value": {
              "text": [
                "学生信息列表"
              ],
              "visText": [
                "学生信息列表"
              ]
            }
          },
          {
            "id": "text",
            "prob": 3,
            "value": {
              "text": [
                "学生信息列表"
              ],
              "visText": [
                "学生信息列表"
              ]
            }
          },
          {
            "id": "@class/word",
            "prob": 1,
            "ordinal": [
              0,
              2
            ],
            "value": "H3.datetitle_01 SPAN"
          },
          {
            "id": "path/ordinal",
            "prob": 1,
            "value": "/HTML[1]/BODY[1]/DIV[2]/H3[1]/SPAN[1]"
          },
          {
            "id": "elderLevel",
            "value": {
              "level": 0
            }
          },
          {
            "id": "shield",
            "value": {
              "zIndex": "auto",
              "width": 97,
              "height": 26
            }
          }
        ]
      },
      "roles": "element",
      "text": " 学生信息列表\n\t\t\t\t ",
      "frameXPath": "//iframe[@name='childDialog']<<IFRAME>>"
    },
    "control11": {
      "location": {
        "data": {
          "tagName": "DIV"
        },
        "locators": [
          {
            "id": "button/text",
            "prob": 3,
            "ordinal": [
              1,
              2
            ],
            "value": {
              "text": [
                "确认内容01r确定要删除所有的过滤条件?"
              ],
              "visText": [
                "确认内容确定要删除所有的过滤条件?"
              ]
            }
          },
          {
            "id": "text",
            "prob": 3,
            "value": {
              "text": [
                "确认内容01r确定要删除所有的过滤条件?"
              ],
              "visText": [
                "确认内容 确定要删除所有的过滤条件?"
              ]
            }
          },
          {
            "id": "@id/partialWord",
            "prob": 3,
            "value": {
              "elemId": "ym-window",
              "tagName": "DIV",
              "prefix": "",
              "suffix": "",
              "ratio": 0
            }
          },
          {
            "id": "path/ordinal",
            "prob": 1,
            "value": "/HTML[1]/BODY[1]/DIV[6]/DIV[2]"
          },
          {
            "id": "shield",
            "value": {
              "zIndex": "10001",
              "width": 302,
              "height": 186
            }
          }
        ]
      },
      "intendedRole": "dialog",
      "roles": "element,dialog",
      "monitored": true,
      "frameXPath": "//iframe[@name='childDialog']<<IFRAME>>"
    },
    "control12": {
      "location": {
        "data": {
          "tagName": "DIV"
        },
        "locators": [
          {
            "id": "button/text",
            "prob": 3,
            "ordinal": [
              1,
              2
            ],
            "value": {
              "text": [
                "确认内容01r确定要删除所有的过滤条件?"
              ],
              "visText": [
                "确认内容确定要删除所有的过滤条件?"
              ]
            }
          },
          {
            "id": "text",
            "prob": 3,
            "value": {
              "text": [
                "确认内容01r确定要删除所有的过滤条件?"
              ],
              "visText": [
                "确认内容 确定要删除所有的过滤条件?"
              ]
            }
          },
          {
            "id": "@id/partialWord",
            "prob": 3,
            "value": {
              "elemId": "ym-window",
              "tagName": "DIV",
              "prefix": "",
              "suffix": "",
              "ratio": 0
            }
          },
          {
            "id": "path/ordinal",
            "prob": 1,
            "value": "/HTML[1]/BODY[1]/DIV[6]/DIV[2]"
          },
          {
            "id": "shield",
            "value": {
              "zIndex": "10001",
              "width": 302,
              "height": 186
            }
          }
        ]
      },
      "events": {
        "onGetData": "getData_control12"
      },
      "intendedRole": "custom",
      "roles": "element,custom",
      "monitored": true,
      "frameXPath": "//iframe[@name='childDialog']<<IFRAME>>"
    },
    "control512": {
      "location": {
        "data": {
          "tagName": "SPAN"
        },
        "locators": [
          {
            "id": "button/text",
            "prob": 3,
            "value": {
              "text": [
                "查询条件:"
              ],
              "visText": [
                "查询条件:"
              ]
            }
          },
          {
            "id": "text",
            "prob": 3,
            "value": {
              "text": [
                "查询条件:"
              ],
              "visText": [
                "查询条件:"
              ]
            }
          },
          {
            "id": "@class/word",
            "prob": 1,
            "ordinal": [
              0,
              2
            ],
            "value": "DIV.toolbox DIV.search_advanced DIV.adv_filter TABLE TBODY TR TD SPAN"
          },
          {
            "id": "path/ordinal",
            "prob": 1,
            "value": "/HTML[1]/BODY[1]/FORM[1]/DIV[1]/DIV[1]/DIV[1]/TABLE[1]/TBODY[1]/TR[1]/TD[1]/SPAN[1]"
          },
          {
            "id": "elderLevel",
            "value": {
              "level": 0
            }
          },
          {
            "id": "shield",
            "value": {
              "zIndex": "auto",
              "width": 69.65625,
              "height": 25
            }
          }
        ]
      },
      "roles": "element",
      "text": "查询条件:",
      "frameXPath": "//iframe[@name='childDialog']<<IFRAME>>"
    }
  },
  "contexts": {
    "context3": {
      "controls": [
        "control0",
        "control1",
        "control2",
        "control3",
        "control4",
        "control5",
        "control6",
        "control7",
        "control8",
        "control9",
        "control11",
        "control12"
      ],
      "anchors": [
        "control10",
        "control512"
      ]
    }
  },
  "flows": {
    "flow0": {
      "toContexts": [
        {
          "toContextId": "context3"
        }
      ]
    },
    "flow1": {
      "fromContextId": "context3",
      "fromAction": "click",
      "fromControlId": "control6",
      "toContexts": [
        {
          "toContextId": "context3"
        }
      ]
    },
    "flow2": {
      "fromContextId": "context3",
      "fromAction": "click",
      "fromControlId": "control7",
      "toContexts": [
        {
          "toContextId": "context3"
        }
      ]
    },
    "flow3": {
      "fromContextId": "context3",
      "fromAction": "click",
      "fromControlId": "control8",
      "toContexts": [
        {
          "toContextId": "context3"
        }
      ]
    },
    "flow4": {
      "fromContextId": "context3",
      "fromAction": "click",
      "fromControlId": "control9",
      "toContexts": [
        {
          "toContextId": "context3"
        }
      ]
    },
    "flow5": {
      "fromContextId": "context3",
      "fromAction": "click",
      "fromControlId": "control4",
      "toContexts": [
        {
          "toContextId": "context2",
          "toModelId": "lv_poorStuApply_content"
        }
      ]
    },
    "flow6": {
      "fromContextId": "context3",
      "fromAction": "click",
      "fromControlId": "control3",
      "toContexts": [
        {
          "toContextId": "context3"
        }
      ]
    },
    "flow7": {
      "fromContextId": "context3",
      "fromAction": "click",
      "fromControlId": "control2",
      "toContexts": [
        {
          "toContextId": "context3"
        }
      ]
    },
    "flow8": {
      "fromContextId": "context3",
      "fromAction": "click",
      "fromControlId": "control4",
      "toContexts": [
        {
          "toContextId": "context2",
          "toModelId": "lv_poorStuRes_recorrect"
        }
      ]
    },
    "flow9": {
      "fromContextId": "context3",
      "fromAction": "doAction",
      "fromControlId": "control12",
      "toContexts": [
        {
          "toContextId": "context3"
        }
      ]
    }
  },
  "pages": {
    "page3": {
      "contextId": "context3",
      "layout": [
        {
          "id": "uiControl27",
          "display": {
            "class": "xg_header",
            "title": "请选择一个学生",
            "type": "header",
            "adapterId": "header",
            "adapter": {
              "templateType": ""
            }
          },
          "layout": []
        },
        {
          "id": "uiControl30",
          "display": {
            "type": "card",
            "adapterId": "card",
            "class": "xg_body",
            "adapter": {
              "templateType": ""
            }
          },
          "layout": [
            {
              "id": "uiControl30body",
              "display": {
                "type": "cardBody",
                "adapterId": "cardBody",
                "adapter": {
                  "templateType": ""
                }
              },
              "layout": [
                {
                  "id": "uiControl0",
                  "controlId": "control11",
                  "display": {
                    "presentation": "confirm",
                    "adapterId": "dialog",
                    "type": "dialog",
                    "class": "xg_alert",
                    "adapter": {
                      "templateType": ""
                    }
                  },
                  "layout": [
                    {
                      "id": "uiControl0body",
                      "display": {
                        "type": "dialogBody",
                        "adapterId": "dialogBody",
                        "adapter": {
                          "templateType": ""
                        }
                      },
                      "layout": [
                        {
                          "id": "uiControl1",
                          "controlId": "control12",
                          "display": {
                            "adapterId": "custom",
                            "type": "custom",
                            "adapter": {
                              "templateType": "react",
                              "events": {
                                "onDoAction": "doAction_uiControl1",
                                "onGetTemplate": "getTemplate_uiControl1"
                              }
                            }
                          }
                        }
                      ]
                    },
                    {
                      "id": "uiControl0footer",
                      "display": {
                        "type": "dialogFooter",
                        "adapterId": "dialogFooter",
                        "adapter": {
                          "templateType": ""
                        }
                      },
                      "layout": []
                    }
                  ]
                },
                {
                  "id": "uiControl31",
                  "display": {
                    "type": "card",
                    "adapterId": "card",
                    "class": "search-select",
                    "adapter": {
                      "templateType": ""
                    }
                  },
                  "layout": [
                    {
                      "id": "uiControl31body",
                      "display": {
                        "type": "cardBody",
                        "adapterId": "cardBody",
                        "adapter": {
                          "templateType": ""
                        }
                      },
                      "layout": [
                        {
                          "id": "uiControl32",
                          "controlId": "control0",
                          "display": {
                            "adapterId": "custom",
                            "type": "custom",
                            "adapter": {
                              "templateType": "react",
                              "events": {
                                "onDoAction": "doAction_uiControl32",
                                "onGetTemplate": "getTemplate_uiControl32"
                              }
                            }
                          }
                        },
                        {
                          "id": "uiControl33",
                          "controlId": "control1",
                          "display": {
                            "adapterId": "textbox",
                            "type": "textbox",
                            "adapter": {
                              "templateType": ""
                            }
                          }
                        },
                        {
                          "id": "uiControl34",
                          "controlId": "control2",
                          "display": {
                            "adapterId": "clickable",
                            "type": "button",
                            "adapter": {
                              "templateType": ""
                            }
                          }
                        },
                        {
                          "id": "uiControl35",
                          "controlId": "control3",
                          "display": {
                            "adapterId": "clickable",
                            "type": "button",
                            "adapter": {
                              "templateType": ""
                            }
                          }
                        }
                      ]
                    }
                  ]
                },
                {
                  "id": "uiControl37",
                  "controlId": "control4",
                  "display": {
                    "adapterId": "custom",
                    "type": "custom",
                    "adapter": {
                      "templateType": "react",
                      "events": {
                        "onDoAction": "doAction_uiControl37",
                        "onGetTemplate": "getTemplate_uiControl37"
                      }
                    }
                  }
                },
                {
                  "id": "uiControl38",
                  "controlId": "control5",
                  "display": {
                    "adapterId": "custom",
                    "type": "custom",
                    "adapter": {
                      "templateType": "react",
                      "events": {
                        "onDoAction": "doAction_uiControl38",
                        "onGetTemplate": "getTemplate_uiControl38"
                      }
                    }
                  }
                },
                {
                  "id": "uiControl36",
                  "display": {
                    "type": "card",
                    "adapterId": "card",
                    "class": "xg_four_btn",
                    "adapter": {
                      "templateType": ""
                    }
                  },
                  "layout": [
                    {
                      "id": "uiControl36body",
                      "display": {
                        "type": "cardBody",
                        "adapterId": "cardBody",
                        "adapter": {
                          "templateType": ""
                        }
                      },
                      "layout": [
                        {
                          "id": "uiControl39",
                          "controlId": "control6",
                          "display": {
                            "adapterId": "clickable",
                            "type": "button",
                            "adapter": {
                              "templateType": ""
                            }
                          }
                        },
                        {
                          "id": "uiControl40",
                          "controlId": "control7",
                          "display": {
                            "adapterId": "clickable",
                            "type": "button",
                            "adapter": {
                              "templateType": ""
                            }
                          }
                        },
                        {
                          "id": "uiControl41",
                          "controlId": "control8",
                          "display": {
                            "adapterId": "clickable",
                            "type": "button",
                            "adapter": {
                              "templateType": ""
                            }
                          }
                        },
                        {
                          "id": "uiControl42",
                          "controlId": "control9",
                          "display": {
                            "adapterId": "clickable",
                            "type": "button",
                            "adapter": {
                              "templateType": ""
                            }
                          }
                        }
                      ]
                    }
                  ]
                }
              ]
            }
          ]
        }
      ]
    }
  },
  "matchers": {
    "page/title": {
      "contexts": {
        "context3": [
          ""
        ]
      }
    },
    "page/urls": {
      "contexts": {
        "context3": [
          "42.247.16.108/xgxt/xszz_knsrd_sq.do",
          "42.247.16.108/xgxt/xszz_knsjg_cx.do"
        ]
      }
    },
    "page/ids": {
      "contexts": {
        "context3": [
          []
        ]
      }
    },
    "page/classes": {
      "contexts": {
        "context3": [
          [
            "_b",
            "_t",
            "e",
            "tate_full",
            "ui_b",
            "ui_button",
            "ui_c",
            "ui_clo",
            "ui_content ui_",
            "ui_dialog",
            "ui_icon",
            "ui_inner",
            "ui_l",
            "ui_lb",
            "ui_loading",
            "ui_lt",
            "ui_main",
            "ui_max",
            "ui_max_b",
            "ui_min",
            "ui_min_b",
            "ui_r",
            "ui_rb",
            "ui_re",
            "ui_rt",
            "ui_t",
            "ui_title",
            "ui_title_bar",
            "ui_title_button"
          ],
          [
            "ui_b",
            "ui_buttons",
            "ui_c",
            "ui_close",
            "ui_content",
            "ui_dialog",
            "ui_icon",
            "ui_inner",
            "ui_l",
            "ui_lb",
            "ui_loading",
            "ui_lt",
            "ui_main",
            "ui_max",
            "ui_max_b",
            "ui_min",
            "ui_min_b",
            "ui_r",
            "ui_rb",
            "ui_res",
            "ui_res_b",
            "ui_res_t",
            "ui_rt",
            "ui_state_full",
            "ui_t",
            "ui_title",
            "ui_title_bar",
            "ui_title_buttons"
          ]
        ]
      }
    },
    "page/tagTriplets": {
      "contexts": {
        "context3": [
          [
            "-/-/TBODY",
            "-/TBODY/TR",
            "DIV/A/B",
            "DIV/DIV/A",
            "DIV/DIV/SPAN",
            "DIV/TABLE/TBODY",
            "TABLE/TBODY/TR",
            "TBODY/TR/TD",
            "TD/DIV/DIV",
            "TD/DIV/IFRAME",
            "TD/DIV/TABLE",
            "TR/TD/DIV"
          ]
        ]
      }
    }
  }
}