{
  "version": "0.1",
  "id": "w_positionInfoQuery",
  "targetURL": "http://42.247.16.108/xgxt/qgzx_cxtj_gwxx.do",
  "jsFile": "../../lib/base.js,../../lib/customTemplate.js,index.js",
  "cssFile": "../../lib/base.css",
  "requires": {
    "login": "../login/index.json",
    "w_positionInfoQuery_postInfo": "../w_positionInfoQuery_postInfo/index.json"
  },
  "chineseName": "勤工助学_查询统计_岗位信息查询",
  "controls": {
    "control0": {
      "location": {
        "data": {
          "tagName": "A"
        },
        "locators": [
          {
            "id": "button/text",
            "prob": 3,
            "value": {
              "text": [
                "勤工助学-查询统计-岗位信息查询"
              ],
              "visText": [
                "勤工助学-查询统计-岗位信息查询"
              ]
            }
          },
          {
            "id": "text",
            "prob": 3,
            "value": {
              "text": [
                "勤工助学-查询统计-岗位信息查询"
              ],
              "visText": [
                "勤工助学-查询统计-岗位信息查询"
              ]
            }
          },
          {
            "id": "@class/word",
            "prob": 1,
            "value": "DIV.tab_cur P.location A"
          },
          {
            "id": "path/ordinal",
            "prob": 1,
            "value": "/HTML[1]/BODY[1]/DIV[2]/P[1]/A[1]"
          },
          {
            "id": "elderLevel",
            "value": {
              "level": 0
            }
          },
          {
            "id": "shield",
            "value": {
              "zIndex": "auto",
              "width": 176,
              "height": 14
            }
          }
        ]
      },
      "events": {
        "onGetData": "getData_control0"
      },
      "intendedRole": "custom",
      "roles": "element,link,custom",
      "monitored": false
    },
    "control1": {
      "location": {
        "data": {
          "tagName": "A"
        },
        "locators": [
          {
            "id": "button/text",
            "prob": 3,
            "value": {
              "text": [
                "查看明细"
              ],
              "visText": [
                "查看明细"
              ]
            }
          },
          {
            "id": "text",
            "prob": 3,
            "value": {
              "text": [
                "查看明细"
              ],
              "visText": [
                "查看明细"
              ]
            }
          },
          {
            "id": "@id/word",
            "prob": 2,
            "value": "descendant::DIV[@id=\"dgncz\"]/DIV[1]/UL[1]/LI[1]/A[1]"
          },
          {
            "id": "@class/word",
            "prob": 1,
            "value": "DIV.toolbox DIV.buttonbox A.btn_ck"
          },
          {
            "id": "path/ordinal",
            "prob": 1,
            "value": "/HTML[1]/BODY[1]/FORM[1]/DIV[1]/DIV[1]/UL[1]/LI[1]/A[1]"
          },
          {
            "id": "elderLevel",
            "value": {
              "level": 0
            }
          },
          {
            "id": "shield",
            "value": {
              "zIndex": "auto",
              "width": 76,
              "height": 18
            }
          }
        ]
      },
      "intendedRole": "button",
      "roles": "element,button,link",
      "monitored": false
    },
    "control2": {
      "location": {
        "data": {
          "tagName": "DIV"
        },
        "locators": [
          {
            "id": "button/text",
            "prob": 3,
            "value": {
              "text": [
                "全部 岗位名称 用人部门"
              ],
              "visText": [
                ""
              ]
            }
          },
          {
            "id": "text",
            "prob": 3,
            "value": {
              "text": [
                "全部 岗位名称 用人部门"
              ],
              "visText": [
                ""
              ]
            }
          },
          {
            "id": "@id/word",
            "prob": 3,
            "value": [
              "descendant::DIV[@id=\"dgncz\"]//DIV[@id=\"options\"]",
              "descendant::DIV[@id=\"options\"]"
            ]
          },
          {
            "id": "@class/word",
            "prob": 1,
            "value": "DIV.search_advanced DIV.adv_filter DIV.options_type1"
          },
          {
            "id": "path/ordinal",
            "prob": 1,
            "value": "/HTML[1]/BODY[1]/FORM[1]/DIV[1]/DIV[2]/DIV[1]/TABLE[1]/TBODY[1]/TR[1]/TD[1]/DIV[1]"
          },
          {
            "id": "shield",
            "value": {
              "zIndex": "auto",
              "width": 81,
              "height": 25
            }
          }
        ]
      },
      "events": {
        "onGetData": "getData_control2"
      },
      "intendedRole": "custom",
      "roles": "element,custom",
      "monitored": true
    },
    "control3": {
      "location": {
        "data": {
          "tagName": "INPUT"
        },
        "locators": [
          {
            "id": "elem/@name",
            "prob": 2,
            "value": [
              "descendant::form[@name=\"qgzxCxtjForm\"]//INPUT[@name=\"searchModel.input_mhcx\"]",
              "descendant::INPUT[@name=\"searchModel.input_mhcx\"]"
            ]
          },
          {
            "id": "@id/word",
            "prob": 3,
            "value": [
              "descendant::DIV[@id=\"dgncz\"]//INPUT[@id=\"input_mhcx\"]",
              "descendant::INPUT[@id=\"input_mhcx\"]"
            ]
          },
          {
            "id": "@class/word",
            "prob": 1,
            "ordinal": [
              3,
              6
            ],
            "value": "DIV.toolbox DIV.search_advanced DIV.adv_filter TABLE TBODY TR TD INPUT"
          },
          {
            "id": "path/ordinal",
            "prob": 1,
            "value": "/HTML[1]/BODY[1]/FORM[1]/DIV[1]/DIV[2]/DIV[1]/TABLE[1]/TBODY[1]/TR[1]/TD[1]/INPUT[1]"
          },
          {
            "id": "input/type",
            "verifyEnabled": true,
            "value": "text"
          },
          {
            "id": "elderLevel",
            "value": {
              "level": 0
            }
          },
          {
            "id": "shield",
            "value": {
              "zIndex": "auto",
              "width": 383,
              "height": 24
            }
          }
        ]
      },
      "intendedRole": "textbox",
      "roles": "element,textbox",
      "monitored": true
    },
    "control4": {
      "location": {
        "data": {
          "tagName": "BUTTON"
        },
        "locators": [
          {
            "id": "button/text",
            "prob": 3,
            "value": {
              "text": [
                "查 询"
              ],
              "visText": [
                "查 询"
              ]
            }
          },
          {
            "id": "text",
            "prob": 3,
            "value": {
              "text": [
                "查 询"
              ],
              "visText": [
                "查 询"
              ]
            }
          },
          {
            "id": "@id/word",
            "prob": 3,
            "value": [
              "descendant::DIV[@id=\"dgncz\"]//BUTTON[@id=\"search_go\"]",
              "descendant::BUTTON[@id=\"search_go\"]"
            ]
          },
          {
            "id": "@class/word",
            "prob": 1,
            "value": "DIV.search_advanced DIV.adv_filter BUTTON.btn_cx"
          },
          {
            "id": "path/ordinal",
            "prob": 1,
            "value": "/HTML[1]/BODY[1]/FORM[1]/DIV[1]/DIV[2]/DIV[1]/TABLE[1]/TBODY[1]/TR[1]/TD[1]/BUTTON[1]"
          },
          {
            "id": "input/type",
            "verifyEnabled": true,
            "value": "button"
          },
          {
            "id": "elderLevel",
            "value": {
              "level": 0
            }
          },
          {
            "id": "shield",
            "value": {
              "zIndex": "auto",
              "width": 52.609375,
              "height": 19
            }
          }
        ]
      },
      "intendedRole": "button",
      "roles": "element,button",
      "monitored": false
    },
    "control5": {
      "location": {
        "data": {
          "tagName": "BUTTON"
        },
        "locators": [
          {
            "id": "button/text",
            "prob": 3,
            "value": {
              "text": [
                "重 置"
              ],
              "visText": [
                "重 置"
              ]
            }
          },
          {
            "id": "text",
            "prob": 3,
            "value": {
              "text": [
                "重 置"
              ],
              "visText": [
                "重 置"
              ]
            }
          },
          {
            "id": "@class/word",
            "prob": 1,
            "value": "DIV.search_advanced DIV.adv_filter BUTTON.btn_cz"
          },
          {
            "id": "path/ordinal",
            "prob": 1,
            "value": "/HTML[1]/BODY[1]/FORM[1]/DIV[1]/DIV[2]/DIV[1]/TABLE[1]/TBODY[1]/TR[1]/TD[1]/BUTTON[2]"
          },
          {
            "id": "input/type",
            "verifyEnabled": true,
            "value": "button"
          },
          {
            "id": "elderLevel",
            "value": {
              "level": 0
            }
          },
          {
            "id": "shield",
            "value": {
              "zIndex": "auto",
              "width": 52.609375,
              "height": 19
            }
          }
        ]
      },
      "intendedRole": "button",
      "roles": "element,button",
      "monitored": false
    },
    "control6": {
      "location": {
        "data": {
          "tagName": "DIV"
        },
        "locators": [
          {
            "id": "button/text",
            "prob": 3,
            "value": {
              "text": [
                "已选条件： 学年2016-2017"
              ],
              "visText": [
                "已选条件： 学年2016-2017"
              ]
            }
          },
          {
            "id": "text",
            "prob": 3,
            "value": {
              "text": [
                "已选条件： 学年2016-2017"
              ],
              "visText": [
                "已选条件： 学年2016-2017"
              ]
            }
          },
          {
            "id": "@id/word",
            "prob": 3,
            "value": [
              "descendant::DIV[@id=\"dgncz\"]//DIV[@id=\"yxtj_div\"]",
              "descendant::DIV[@id=\"yxtj_div\"]"
            ]
          },
          {
            "id": "@class/word",
            "prob": 1,
            "value": "DIV.toolbox DIV.search_advanced DIV.selected-attr"
          },
          {
            "id": "path/ordinal",
            "prob": 1,
            "value": "/HTML[1]/BODY[1]/FORM[1]/DIV[1]/DIV[2]/DIV[2]"
          },
          {
            "id": "shield",
            "value": {
              "zIndex": "auto",
              "width": 1141.828125,
              "height": 37
            }
          }
        ]
      },
      "events": {
        "onGetData": "getData_control6"
      },
      "intendedRole": "custom",
      "roles": "element,link,custom",
      "monitored": true
    },
    "control7": {
      "location": {
        "data": {
          "tagName": "TBODY"
        },
        "locators": [
          {
            "id": "@id/word",
            "prob": 2,
            "value": [
              "descendant::DIV[@id=\"div_rs\"]//TABLE[@id=\"table_rs\"]/TBODY[1]",
              "descendant::DIV[@id=\"div_rs\"]//TABLE[@id=\"table_rs\"]//TBODY",
              "descendant::TABLE[@id=\"table_rs\"]//TBODY"
            ]
          },
          {
            "id": "@class/word",
            "prob": 1,
            "value": "DIV.con_overlfow SPAN.formbox TABLE.dateline TBODY"
          },
          {
            "id": "path/ordinal",
            "prob": 1,
            "value": "/HTML[1]/BODY[1]/FORM[1]/DIV[2]/DIV[2]/DIV[1]/SPAN[1]/TABLE[1]/TBODY[1]"
          },
          {
            "id": "shield",
            "value": {
              "zIndex": "auto",
              "width": 1141,
              "height": 308
            }
          }
        ]
      },
      "events": {
        "onGetData": "getData_control7"
      },
      "intendedRole": "custom",
      "roles": "element,custom",
      "monitored": true
    },
    "control8": {
      "location": {
        "data": {
          "tagName": "DIV"
        },
        "locators": [
          {
            "id": "button/text",
            "prob": 3,
            "value": {
              "text": [
                "全选 反选 第 页/ 共 1页， 每页显示 条/共 0条记录"
              ],
              "visText": [
                "全选 反选 第 页/ 共 1页， 每页显示 条/共 0条记录"
              ]
            }
          },
          {
            "id": "text",
            "prob": 3,
            "value": {
              "text": [
                "全选 反选 第 页/ 共 1页， 每页显示 条/共 0条记录"
              ],
              "visText": [
                "全选 反选 第 页/ 共 1页， 每页显示 条/共 0条记录"
              ]
            }
          },
          {
            "id": "@class/word",
            "prob": 1,
            "value": "DIV.main_box DIV.pagination DIV.pageleft"
          },
          {
            "id": "path/ordinal",
            "prob": 1,
            "value": "/HTML[1]/BODY[1]/FORM[1]/DIV[2]/DIV[3]/DIV[1]"
          },
          {
            "id": "shield",
            "value": {
              "zIndex": "auto",
              "width": 422,
              "height": 21
            }
          }
        ]
      },
      "events": {
        "onGetData": "getData_control8"
      },
      "intendedRole": "custom",
      "roles": "element,custom",
      "monitored": true
    },
    "control9": {
      "location": {
        "data": {
          "tagName": "A"
        },
        "locators": [
          {
            "id": "button/text",
            "prob": 3,
            "value": {
              "text": [
                "首 页"
              ],
              "visText": [
                "首 页"
              ]
            }
          },
          {
            "id": "text",
            "prob": 3,
            "value": {
              "text": [
                "首 页"
              ],
              "visText": [
                "首 页"
              ]
            }
          },
          {
            "id": "@title",
            "prob": 2,
            "value": {
              "text": [
                "首页"
              ]
            }
          },
          {
            "id": "@id/word",
            "prob": 3,
            "value": [
              "descendant::DIV[@id=\"pagediv\"]//A[@id=\"first\"]",
              "descendant::A[@id=\"first\"]"
            ]
          },
          {
            "id": "@class/word",
            "prob": 1,
            "value": "DIV.pageright DIV.paging A.first"
          },
          {
            "id": "path/ordinal",
            "prob": 1,
            "value": "/HTML[1]/BODY[1]/FORM[1]/DIV[2]/DIV[3]/DIV[2]/DIV[1]/A[1]"
          },
          {
            "id": "elderLevel",
            "value": {
              "level": 0
            }
          },
          {
            "id": "shield",
            "value": {
              "zIndex": "auto",
              "width": 46,
              "height": 19
            }
          }
        ]
      },
      "intendedRole": "button",
      "roles": "element,button,link",
      "monitored": false
    },
    "control10": {
      "location": {
        "data": {
          "tagName": "A"
        },
        "locators": [
          {
            "id": "button/text",
            "prob": 3,
            "value": {
              "text": [
                "上一页"
              ],
              "visText": [
                "上一页"
              ]
            }
          },
          {
            "id": "text",
            "prob": 3,
            "value": {
              "text": [
                "上一页"
              ],
              "visText": [
                "上一页"
              ]
            }
          },
          {
            "id": "@title",
            "prob": 2,
            "value": {
              "text": [
                "上一页"
              ]
            }
          },
          {
            "id": "@id/word",
            "prob": 3,
            "value": [
              "descendant::DIV[@id=\"pagediv\"]//A[@id=\"pre\"]",
              "descendant::A[@id=\"pre\"]"
            ]
          },
          {
            "id": "@class/word",
            "prob": 1,
            "value": "DIV.pageright DIV.paging A.prev"
          },
          {
            "id": "path/ordinal",
            "prob": 1,
            "value": "/HTML[1]/BODY[1]/FORM[1]/DIV[2]/DIV[3]/DIV[2]/DIV[1]/A[2]"
          },
          {
            "id": "elderLevel",
            "value": {
              "level": 0
            }
          },
          {
            "id": "shield",
            "value": {
              "zIndex": "auto",
              "width": 54,
              "height": 19
            }
          }
        ]
      },
      "intendedRole": "button",
      "roles": "element,button,link",
      "monitored": false
    },
    "control11": {
      "location": {
        "data": {
          "tagName": "A"
        },
        "locators": [
          {
            "id": "button/text",
            "prob": 3,
            "value": {
              "text": [
                "下一页"
              ],
              "visText": [
                "下一页"
              ]
            }
          },
          {
            "id": "text",
            "prob": 3,
            "value": {
              "text": [
                "下一页"
              ],
              "visText": [
                "下一页"
              ]
            }
          },
          {
            "id": "@title",
            "prob": 2,
            "value": {
              "text": [
                "下一页"
              ]
            }
          },
          {
            "id": "@id/word",
            "prob": 3,
            "value": [
              "descendant::DIV[@id=\"pagediv\"]//A[@id=\"next\"]",
              "descendant::A[@id=\"next\"]"
            ]
          },
          {
            "id": "@class/word",
            "prob": 1,
            "value": "DIV.pageright DIV.paging A.next"
          },
          {
            "id": "path/ordinal",
            "prob": 1,
            "value": "/HTML[1]/BODY[1]/FORM[1]/DIV[2]/DIV[3]/DIV[2]/DIV[1]/A[3]"
          },
          {
            "id": "elderLevel",
            "value": {
              "level": 0
            }
          },
          {
            "id": "shield",
            "value": {
              "zIndex": "auto",
              "width": 54,
              "height": 19
            }
          }
        ]
      },
      "intendedRole": "button",
      "roles": "element,button,link",
      "monitored": false
    },
    "control12": {
      "location": {
        "data": {
          "tagName": "A"
        },
        "locators": [
          {
            "id": "button/text",
            "prob": 3,
            "value": {
              "text": [
                "末 页"
              ],
              "visText": [
                "末 页"
              ]
            }
          },
          {
            "id": "text",
            "prob": 3,
            "value": {
              "text": [
                "末 页"
              ],
              "visText": [
                "末 页"
              ]
            }
          },
          {
            "id": "@title",
            "prob": 2,
            "value": {
              "text": [
                "末页"
              ]
            }
          },
          {
            "id": "@id/word",
            "prob": 3,
            "value": [
              "descendant::DIV[@id=\"pagediv\"]//A[@id=\"last\"]",
              "descendant::A[@id=\"last\"]"
            ]
          },
          {
            "id": "@class/word",
            "prob": 1,
            "value": "DIV.pageright DIV.paging A.last"
          },
          {
            "id": "path/ordinal",
            "prob": 1,
            "value": "/HTML[1]/BODY[1]/FORM[1]/DIV[2]/DIV[3]/DIV[2]/DIV[1]/A[4]"
          },
          {
            "id": "elderLevel",
            "value": {
              "level": 0
            }
          },
          {
            "id": "shield",
            "value": {
              "zIndex": "auto",
              "width": 46,
              "height": 19
            }
          }
        ]
      },
      "intendedRole": "button",
      "roles": "element,button,link",
      "monitored": false
    },
    "control13": {
      "location": {
        "data": {
          "tagName": "DIV"
        },
        "locators": [
          {
            "id": "button/text",
            "prob": 3,
            "ordinal": [
              1,
              2
            ],
            "value": {
              "text": [
                "提示信息01r请勾选一条记录进行查看！"
              ],
              "visText": [
                "提示信息请勾选一条记录进行查看！"
              ]
            }
          },
          {
            "id": "text",
            "prob": 3,
            "value": {
              "text": [
                "提示信息01r请勾选一条记录进行查看！"
              ],
              "visText": [
                "提示信息 请勾选一条记录进行查看！"
              ]
            }
          },
          {
            "id": "@id/partialWord",
            "prob": 3,
            "value": {
              "elemId": "ym-window",
              "tagName": "DIV",
              "prefix": "",
              "suffix": "",
              "ratio": 0
            }
          },
          {
            "id": "path/ordinal",
            "prob": 1,
            "value": "/HTML[1]/BODY[1]/DIV[3]/DIV[2]"
          },
          {
            "id": "shield",
            "value": {
              "zIndex": "10001",
              "width": 302,
              "height": 186
            }
          }
        ]
      },
      "intendedRole": "dialog",
      "roles": "element,dialog",
      "monitored": false
    },
    "control14": {
      "location": {
        "data": {
          "tagName": "DIV"
        },
        "locators": [
          {
            "id": "button/text",
            "prob": 3,
            "ordinal": [
              1,
              2
            ],
            "value": {
              "text": [
                "提示信息01r请勾选一条记录进行查看！"
              ],
              "visText": [
                "提示信息请勾选一条记录进行查看！"
              ]
            }
          },
          {
            "id": "text",
            "prob": 3,
            "value": {
              "text": [
                "提示信息01r请勾选一条记录进行查看！"
              ],
              "visText": [
                "提示信息 请勾选一条记录进行查看！"
              ]
            }
          },
          {
            "id": "@id/partialWord",
            "prob": 3,
            "value": {
              "elemId": "ym-window",
              "tagName": "DIV",
              "prefix": "",
              "suffix": "",
              "ratio": 0
            }
          },
          {
            "id": "path/ordinal",
            "prob": 1,
            "value": "/HTML[1]/BODY[1]/DIV[3]/DIV[2]"
          },
          {
            "id": "shield",
            "value": {
              "zIndex": "10001",
              "width": 302,
              "height": 186
            }
          }
        ]
      },
      "events": {
        "onGetData": "getData_control14"
      },
      "intendedRole": "custom",
      "roles": "element,custom",
      "monitored": true
    }
  },
  "contexts": {
    "context1": {
      "controls": [
        "control0",
        "control1",
        "control2",
        "control3",
        "control4",
        "control5",
        "control6",
        "control7",
        "control8",
        "control9",
        "control10",
        "control11",
        "control12",
        "control13",
        "control14"
      ],
      "anchors": []
    }
  },
  "flows": {
    "flow0": {
      "toContexts": [
        {
          "toContextId": "context1"
        }
      ]
    },
    "flow1": {
      "fromContextId": "context1",
      "fromAction": "click",
      "fromControlId": "control1",
      "toContexts": [
        {
          "toContextId": "context2"
        },
        {
          "toContextId": "context2",
          "toModelId": "w_positionInfoQuery_postInfo"
        },
        {
          "toContextId": "context1"
        }
      ]
    },
    "flow2": {
      "fromContextId": "context1",
      "fromAction": "click",
      "fromControlId": "control13",
      "toContexts": [
        {
          "toContextId": "context1"
        }
      ]
    },
    "flow3": {
      "fromContextId": "context1",
      "fromAction": "click",
      "fromControlId": "control4",
      "toContexts": [
        {
          "toContextId": "context1"
        }
      ]
    },
    "flow4": {
      "fromContextId": "context1",
      "fromAction": "click",
      "fromControlId": "control5",
      "toContexts": [
        {
          "toContextId": "context1"
        }
      ]
    },
    "flow5": {
      "fromContextId": "context1",
      "fromAction": "click",
      "fromControlId": "control9",
      "toContexts": [
        {
          "toContextId": "context1"
        }
      ]
    },
    "flow6": {
      "fromContextId": "context1",
      "fromAction": "click",
      "fromControlId": "control10",
      "toContexts": [
        {
          "toContextId": "context1"
        }
      ]
    },
    "flow7": {
      "fromContextId": "context1",
      "fromAction": "click",
      "fromControlId": "control11",
      "toContexts": [
        {
          "toContextId": "context1"
        }
      ]
    },
    "flow8": {
      "fromContextId": "context1",
      "fromAction": "click",
      "fromControlId": "control12",
      "toContexts": [
        {
          "toContextId": "context1"
        }
      ]
    }
  },
  "pages": {
    "page1": {
      "contextId": "context1",
      "layout": [
        {
          "id": "uiControl48",
          "display": {
            "class": "xg_header",
            "title": "岗位信息查询",
            "type": "header",
            "adapterId": "header",
            "adapter": {
              "templateType": ""
            }
          },
          "layout": []
        },
        {
          "id": "uiControl49",
          "controlId": "control0",
          "display": {
            "adapterId": "custom",
            "type": "custom",
            "adapter": {
              "templateType": "react",
              "events": {
                "onDoAction": "doAction_uiControl49",
                "onGetTemplate": "getTemplate_uiControl49"
              }
            }
          }
        },
        {
          "id": "uiControl50",
          "display": {
            "type": "card",
            "adapterId": "card",
            "class": "xg_top_btn3",
            "adapter": {
              "templateType": ""
            }
          },
          "layout": [
            {
              "id": "uiControl50body",
              "display": {
                "type": "cardBody",
                "adapterId": "cardBody",
                "adapter": {
                  "templateType": ""
                }
              },
              "layout": [
                {
                  "id": "uiControl51",
                  "controlId": "control1",
                  "display": {
                    "adapterId": "clickable",
                    "type": "button",
                    "adapter": {
                      "templateType": ""
                    }
                  }
                }
              ]
            }
          ]
        },
        {
          "id": "uiControl52",
          "display": {
            "type": "card",
            "adapterId": "card",
            "class": "xg_body",
            "adapter": {
              "templateType": ""
            }
          },
          "layout": [
            {
              "id": "uiControl52body",
              "display": {
                "type": "cardBody",
                "adapterId": "cardBody",
                "adapter": {
                  "templateType": ""
                }
              },
              "layout": [
                {
                  "id": "uiControl53",
                  "display": {
                    "type": "card",
                    "adapterId": "card",
                    "class": "search-select",
                    "adapter": {
                      "templateType": ""
                    }
                  },
                  "layout": [
                    {
                      "id": "uiControl53body",
                      "display": {
                        "type": "cardBody",
                        "adapterId": "cardBody",
                        "adapter": {
                          "templateType": ""
                        }
                      },
                      "layout": [
                        {
                          "id": "uiControl56",
                          "controlId": "control2",
                          "display": {
                            "adapterId": "custom",
                            "type": "custom",
                            "adapter": {
                              "templateType": "react",
                              "events": {
                                "onDoAction": "doAction_uiControl56",
                                "onGetTemplate": "getTemplate_uiControl56"
                              }
                            }
                          }
                        },
                        {
                          "id": "uiControl57",
                          "controlId": "control3",
                          "display": {
                            "adapterId": "textbox",
                            "type": "textbox",
                            "adapter": {
                              "templateType": ""
                            }
                          }
                        },
                        {
                          "id": "uiControl58",
                          "controlId": "control4",
                          "display": {
                            "adapterId": "clickable",
                            "type": "button",
                            "adapter": {
                              "templateType": ""
                            }
                          }
                        },
                        {
                          "id": "uiControl59",
                          "controlId": "control5",
                          "display": {
                            "adapterId": "clickable",
                            "type": "button",
                            "adapter": {
                              "templateType": ""
                            }
                          }
                        }
                      ]
                    }
                  ]
                },
                {
                  "id": "uiControl54",
                  "display": {
                    "type": "card",
                    "adapterId": "card",
                    "class": "search-condition",
                    "adapter": {
                      "templateType": ""
                    }
                  },
                  "layout": [
                    {
                      "id": "uiControl54body",
                      "display": {
                        "type": "cardBody",
                        "adapterId": "cardBody",
                        "adapter": {
                          "templateType": ""
                        }
                      },
                      "layout": [
                        {
                          "id": "uiControl60",
                          "controlId": "control6",
                          "display": {
                            "adapterId": "custom",
                            "type": "custom",
                            "adapter": {
                              "templateType": "react",
                              "events": {
                                "onDoAction": "doAction_uiControl60",
                                "onGetTemplate": "getTemplate_uiControl60"
                              }
                            }
                          }
                        }
                      ]
                    }
                  ]
                },
                {
                  "id": "uiControl61",
                  "controlId": "control7",
                  "display": {
                    "adapterId": "custom",
                    "type": "custom",
                    "adapter": {
                      "templateType": "react",
                      "events": {
                        "onDoAction": "doAction_uiControl61",
                        "onGetTemplate": "getTemplate_uiControl61"
                      }
                    }
                  }
                },
                {
                  "id": "uiControl62",
                  "controlId": "control8",
                  "display": {
                    "adapterId": "custom",
                    "type": "custom",
                    "adapter": {
                      "templateType": "react",
                      "events": {
                        "onDoAction": "doAction_uiControl62",
                        "onGetTemplate": "getTemplate_uiControl62"
                      }
                    }
                  }
                },
                {
                  "id": "uiControl55",
                  "display": {
                    "type": "card",
                    "adapterId": "card",
                    "class": "xg_four_btn",
                    "adapter": {
                      "templateType": ""
                    }
                  },
                  "layout": [
                    {
                      "id": "uiControl55body",
                      "display": {
                        "type": "cardBody",
                        "adapterId": "cardBody",
                        "adapter": {
                          "templateType": ""
                        }
                      },
                      "layout": [
                        {
                          "id": "uiControl63",
                          "controlId": "control9",
                          "display": {
                            "adapterId": "clickable",
                            "type": "button",
                            "adapter": {
                              "templateType": ""
                            }
                          }
                        },
                        {
                          "id": "uiControl64",
                          "controlId": "control10",
                          "display": {
                            "adapterId": "clickable",
                            "type": "button",
                            "adapter": {
                              "templateType": ""
                            }
                          }
                        },
                        {
                          "id": "uiControl65",
                          "controlId": "control11",
                          "display": {
                            "adapterId": "clickable",
                            "type": "button",
                            "adapter": {
                              "templateType": ""
                            }
                          }
                        },
                        {
                          "id": "uiControl66",
                          "controlId": "control12",
                          "display": {
                            "adapterId": "clickable",
                            "type": "button",
                            "adapter": {
                              "templateType": ""
                            }
                          }
                        }
                      ]
                    }
                  ]
                }
              ]
            }
          ]
        },
        {
          "id": "uiControl67",
          "controlId": "control13",
          "display": {
            "presentation": "confirm",
            "adapterId": "dialog",
            "type": "dialog",
            "class": "xg_alert",
            "adapter": {
              "templateType": ""
            }
          },
          "layout": [
            {
              "id": "uiControl67body",
              "display": {
                "type": "dialogBody",
                "adapterId": "dialogBody",
                "adapter": {
                  "templateType": ""
                }
              },
              "layout": [
                {
                  "id": "uiControl68",
                  "controlId": "control14",
                  "display": {
                    "adapterId": "custom",
                    "type": "custom",
                    "adapter": {
                      "templateType": "react",
                      "events": {
                        "onDoAction": "doAction_uiControl68",
                        "onGetTemplate": "getTemplate_uiControl68"
                      }
                    }
                  }
                }
              ]
            },
            {
              "id": "uiControl67footer",
              "display": {
                "type": "dialogFooter",
                "adapterId": "dialogFooter",
                "adapter": {
                  "templateType": ""
                }
              },
              "layout": []
            }
          ]
        }
      ]
    }
  },
  "matchers": {
    "page/title": {
      "contexts": {
        "context1": [
          "学生工作管理信息系统",
          ""
        ]
      }
    },
    "page/urls": {
      "contexts": {
        "context1": [
          "42.247.16.108/xgxt/qgzx_cxtj_gwxx.do"
        ]
      }
    },
    "page/ids": {
      "contexts": {
        "context1": [
          [
            "-_xn_yxtj_dd",
            "a_id_-",
            "a_id_more",
            "ajax_max_current",
            "ajax_max_page",
            "ajax_max_record",
            "ajax_page_maxpage",
            "ajax_page_size",
            "all",
            "allCheck",
            "arrange",
            "bjV",
            "btn_setXsxx",
            "choose",
            "currentPage",
            "dgncz",
            "divDisable",
            "divWaiting",
            "div_detail",
            "div_rs",
            "div_tsxx",
            "doType",
            "editPageSize",
            "fanye",
            "fashion",
            "first",
            "gjcx_div",
            "gyglyQx",
            "input_mhcx",
            "input_mhcx_msg",
            "isBzr",
            "isFdy",
            "isPage",
            "lable_confirm_cx",
            "lable_confirm_sc",
            "lable_confirm_tj",
            "lable_dqwkfsq",
            "lable_jcszwcsh",
            "lable_one_cx",
            "lable_one_lcgz",
            "lable_one_tj",
            "lable_one_xg",
            "lable_shz_cx",
            "lable_some_sc",
            "lable_some_tj",
            "lable_wjt_sc",
            "lable_wjt_yth_sc",
            "lable_wjt_yth_tj",
            "lable_wjt_yth_xg",
            "lable_wxglcxx",
            "last",
            "maskLevel",
            "maxPage",
            "max_page",
            "max_record",
            "message",
            "mhcx_gwmc",
            "mhcx_lx",
            "mhcx_lxHid",
            "mhcx_yrdwmc",
            "mklx",
            "next",
            "njV",
            "options",
            "p_tsxx",
            "page_Size",
            "pagediv",
            "pagelist",
            "pageno",
            "pagesize",
            "path",
            "pk",
            "pkValue",
            "plcx_xh",
            "plcx_xm",
            "pre",
            "realTable",
            "refreshParent",
            "rsSize",
            "ryfw",
            "searchPath",
            "searchTjDiv",
            "searchType",
            "search_go",
            "showMessage",
            "tableName",
            "table_rs",
            "text",
            "tj_gwxz_",
            "tj_xn_-",
            "totlePage",
            "ts_msg",
            "tsxx_span",
            "turnCheck",
            "userDep",
            "userName",
            "userStatus",
            "userType",
            "waitDiv",
            "xhV",
            "xmV",
            "xmdm",
            "xxdm",
            "xyV",
            "xzxsKey",
            "yhlx",
            "ym-bl",
            "ym-btnl",
            "ym-ml",
            "ym-tl",
            "ym-window",
            "yxtj_div",
            "yxtj_dl",
            "yxzxss",
            "zyV"
          ],
          [
            "a_id_more",
            "all",
            "allCheck",
            "arrange",
            "bjV",
            "btn_setXsxx",
            "choose",
            "currentPage",
            "dgncz",
            "divDisable",
            "divWaiting",
            "div_detail",
            "div_rs",
            "div_tsxx",
            "doType",
            "editPageSize",
            "fanye",
            "fashion",
            "first",
            "gjcx_div",
            "gyglyQx",
            "input_mhcx",
            "input_mhcx_msg",
            "isBzr",
            "isFdy",
            "isPage",
            "lable_confirm_cx",
            "lable_confirm_sc",
            "lable_confirm_tj",
            "lable_dqwkfsq",
            "lable_jcszwcsh",
            "lable_one_cx",
            "lable_one_lcgz",
            "lable_one_tj",
            "lable_one_xg",
            "lable_shz_cx",
            "lable_some_sc",
            "lable_some_tj",
            "lable_wjt_sc",
            "lable_wjt_yth_sc",
            "lable_wjt_yth_tj",
            "lable_wjt_yth_xg",
            "lable_wxglcxx",
            "last",
            "maxPage",
            "max_page",
            "max_record",
            "message",
            "mhcx_gwmc",
            "mhcx_lx",
            "mhcx_lxHid",
            "mhcx_yrdwmc",
            "mklx",
            "next",
            "njV",
            "options",
            "p_tsxx",
            "page_Size",
            "pagediv",
            "pagelist",
            "pageno",
            "pagesize",
            "path",
            "pk",
            "pkValue",
            "plcx_xh",
            "plcx_xm",
            "pre",
            "realTable",
            "refreshParent",
            "ryfw",
            "searchPath",
            "searchTjDiv",
            "searchType",
            "search_go",
            "showMessage",
            "tableName",
            "text",
            "totlePage",
            "ts_msg",
            "tsxx_span",
            "turnCheck",
            "userDep",
            "userName",
            "userStatus",
            "userType",
            "waitDiv",
            "xhV",
            "xmV",
            "xmdm",
            "xxdm",
            "xyV",
            "xzxsKey",
            "yhlx",
            "yxtj_div",
            "yxtj_dl",
            "yxzxss",
            "zyV"
          ],
          [
            "-_xn_yxtj_dd",
            "a_id_-",
            "a_id_more",
            "ajax_max_current",
            "ajax_max_page",
            "ajax_max_record",
            "ajax_page_maxpage",
            "ajax_page_size",
            "all",
            "allCheck",
            "arrange",
            "bjV",
            "btn_setXsxx",
            "choose",
            "currentPage",
            "dgncz",
            "divDisable",
            "divWaiting",
            "div_detail",
            "div_rs",
            "div_tsxx",
            "doType",
            "editPageSize",
            "fanye",
            "fashion",
            "first",
            "gjcx_div",
            "gyglyQx",
            "input_mhcx",
            "input_mhcx_msg",
            "isBzr",
            "isFdy",
            "isPage",
            "lable_confirm_cx",
            "lable_confirm_sc",
            "lable_confirm_tj",
            "lable_dqwkfsq",
            "lable_jcszwcsh",
            "lable_one_cx",
            "lable_one_lcgz",
            "lable_one_tj",
            "lable_one_xg",
            "lable_shz_cx",
            "lable_some_sc",
            "lable_some_tj",
            "lable_wjt_sc",
            "lable_wjt_yth_sc",
            "lable_wjt_yth_tj",
            "lable_wjt_yth_xg",
            "lable_wxglcxx",
            "last",
            "maskLevel",
            "maxPage",
            "max_page",
            "max_record",
            "message",
            "mhcx_gwmc",
            "mhcx_lx",
            "mhcx_lxHid",
            "mhcx_yrdwmc",
            "mklx",
            "next",
            "njV",
            "options",
            "p_tsxx",
            "page_Size",
            "pagediv",
            "pagelist",
            "pageno",
            "pagesize",
            "path",
            "pk",
            "pkValue",
            "plcx_xh",
            "plcx_xm",
            "pre",
            "realTable",
            "refreshParent",
            "rsSize",
            "ryfw",
            "searchPath",
            "searchTjDiv",
            "searchType",
            "search_go",
            "showMessage",
            "tableName",
            "table_rs",
            "text",
            "tj_gwxz_",
            "tj_xn_-",
            "totlePage",
            "ts_msg",
            "tsxx_span",
            "turnCheck",
            "userDep",
            "userName",
            "userStatus",
            "userType",
            "waitDiv",
            "xhV",
            "xmV",
            "xmdm",
            "xxdm",
            "xyV",
            "xzxsKey",
            "yhlx",
            "ym-bl",
            "ym-btnl",
            "ym-ml",
            "ym-tl",
            "ym-window",
            "ymPrompt_btn_",
            "yxtj_div",
            "yxtj_dl",
            "yxzxss",
            "zyV"
          ],
          [
            "a_id_more",
            "all",
            "allCheck",
            "arrange",
            "bjV",
            "btn_setXsxx",
            "choose",
            "currentPage",
            "dgncz",
            "divDisable",
            "divWaiting",
            "div_detail",
            "div_rs",
            "div_tsxx",
            "doType",
            "editPageSize",
            "fanye",
            "fashion",
            "first",
            "gjcx_div",
            "gyglyQx",
            "input_mhcx",
            "input_mhcx_msg",
            "isBzr",
            "isFdy",
            "isPage",
            "lable_confirm_cx",
            "lable_confirm_sc",
            "lable_confirm_tj",
            "lable_dqwkfsq",
            "lable_jcszwcsh",
            "lable_one_cx",
            "lable_one_lcgz",
            "lable_one_tj",
            "lable_one_xg",
            "lable_shz_cx",
            "lable_some_sc",
            "lable_some_tj",
            "lable_wjt_sc",
            "lable_wjt_yth_sc",
            "lable_wjt_yth_tj",
            "lable_wjt_yth_xg",
            "lable_wxglcxx",
            "last",
            "maskLevel",
            "maxPage",
            "max_page",
            "max_record",
            "message",
            "mhcx_gwmc",
            "mhcx_lx",
            "mhcx_lxHid",
            "mhcx_yrdwmc",
            "mklx",
            "next",
            "njV",
            "options",
            "p_tsxx",
            "page_Size",
            "pagediv",
            "pagelist",
            "pageno",
            "pagesize",
            "path",
            "pk",
            "pkValue",
            "plcx_xh",
            "plcx_xm",
            "pre",
            "realTable",
            "refreshParent",
            "ryfw",
            "searchPath",
            "searchTjDiv",
            "searchType",
            "search_go",
            "showMessage",
            "tableName",
            "text",
            "totlePage",
            "ts_msg",
            "tsxx_span",
            "turnCheck",
            "userDep",
            "userName",
            "userStatus",
            "userType",
            "waitDiv",
            "xhV",
            "xmV",
            "xmdm",
            "xxdm",
            "xyV",
            "xzxsKey",
            "yhlx",
            "ym-bl",
            "ym-btnl",
            "ym-ml",
            "ym-tl",
            "ym-window",
            "yxtj_div",
            "yxtj_dl",
            "yxzxss",
            "zyV"
          ],
          [
            "a_id_more",
            "ajax_max_current",
            "ajax_max_page",
            "ajax_max_record",
            "ajax_page_maxpage",
            "ajax_page_size",
            "all",
            "allCheck",
            "arrange",
            "bjV",
            "btn_setXsxx",
            "choose",
            "currentPage",
            "dgncz",
            "divDisable",
            "divWaiting",
            "div_detail",
            "div_rs",
            "div_tsxx",
            "doType",
            "editPageSize",
            "fanye",
            "fashion",
            "first",
            "gjcx_div",
            "gyglyQx",
            "input_mhcx",
            "input_mhcx_msg",
            "isBzr",
            "isFdy",
            "isPage",
            "lable_confirm_cx",
            "lable_confirm_sc",
            "lable_confirm_tj",
            "lable_dqwkfsq",
            "lable_jcszwcsh",
            "lable_one_cx",
            "lable_one_lcgz",
            "lable_one_tj",
            "lable_one_xg",
            "lable_shz_cx",
            "lable_some_sc",
            "lable_some_tj",
            "lable_wjt_sc",
            "lable_wjt_yth_sc",
            "lable_wjt_yth_tj",
            "lable_wjt_yth_xg",
            "lable_wxglcxx",
            "last",
            "maskLevel",
            "maxPage",
            "max_page",
            "max_record",
            "message",
            "mhcx_gwmc",
            "mhcx_lx",
            "mhcx_lxHid",
            "mhcx_yrdwmc",
            "mklx",
            "next",
            "njV",
            "options",
            "p_tsxx",
            "page_Size",
            "pagediv",
            "pagelist",
            "pageno",
            "pagesize",
            "path",
            "pk",
            "pkValue",
            "pkValue_",
            "plcx_xh",
            "plcx_xm",
            "pre",
            "realTable",
            "refreshParent",
            "rsSize",
            "ryfw",
            "searchPath",
            "searchTjDiv",
            "searchType",
            "search_go",
            "showMessage",
            "tableName",
            "table_rs",
            "text",
            "totlePage",
            "ts_msg",
            "tsxx_span",
            "turnCheck",
            "userDep",
            "userName",
            "userStatus",
            "userType",
            "waitDiv",
            "xhV",
            "xmV",
            "xmdm",
            "xxdm",
            "xyV",
            "xzxsKey",
            "yhlx",
            "ym-bl",
            "ym-btnl",
            "ym-ml",
            "ym-tl",
            "ym-window",
            "yxtj_div",
            "yxtj_dl",
            "yxzxss",
            "zyV"
          ],
          [
            "-_xn_yxtj_dd",
            "a_id_-",
            "a_id_more",
            "ajax_max_current",
            "ajax_max_page",
            "ajax_max_record",
            "ajax_page_maxpage",
            "ajax_page_size",
            "all",
            "allCheck",
            "arrange",
            "bjV",
            "btn_setXsxx",
            "choose",
            "currentPage",
            "dgncz",
            "divDisable",
            "divWaiting",
            "div_detail",
            "div_rs",
            "div_tsxx",
            "doType",
            "editPageSize",
            "fanye",
            "fashion",
            "first",
            "gjcx_div",
            "gyglyQx",
            "input_mhcx",
            "input_mhcx_msg",
            "isBzr",
            "isFdy",
            "isPage",
            "lable_confirm_cx",
            "lable_confirm_sc",
            "lable_confirm_tj",
            "lable_dqwkfsq",
            "lable_jcszwcsh",
            "lable_one_cx",
            "lable_one_lcgz",
            "lable_one_tj",
            "lable_one_xg",
            "lable_shz_cx",
            "lable_some_sc",
            "lable_some_tj",
            "lable_wjt_sc",
            "lable_wjt_yth_sc",
            "lable_wjt_yth_tj",
            "lable_wjt_yth_xg",
            "lable_wxglcxx",
            "last",
            "ldg_lockmask",
            "maskLevel",
            "maxPage",
            "max_page",
            "max_record",
            "message",
            "mhcx_gwmc",
            "mhcx_lx",
            "mhcx_lxHid",
            "mhcx_yrdwmc",
            "mklx",
            "next",
            "njV",
            "options",
            "p_tsxx",
            "page_Size",
            "pagediv",
            "pagelist",
            "pageno",
            "pagesize",
            "path",
            "pk",
            "pkValue",
            "pkValue_",
            "plcx_xh",
            "plcx_xm",
            "pre",
            "realTable",
            "refreshParent",
            "rsSize",
            "ryfw",
            "searchPath",
            "searchTjDiv",
            "searchType",
            "search_go",
            "showMessage",
            "tableName",
            "table_rs",
            "text",
            "tj_gwxz_",
            "tj_xn_-",
            "totlePage",
            "ts_msg",
            "tsxx_span",
            "turnCheck",
            "userDep",
            "userName",
            "userStatus",
            "userType",
            "waitDiv",
            "xhV",
            "xmV",
            "xmdm",
            "xxdm",
            "xyV",
            "xzxsKey",
            "yhlx",
            "ym-bl",
            "ym-btnl",
            "ym-ml",
            "ym-tl",
            "ym-window",
            "yxtj_div",
            "yxtj_dl",
            "yxzxss",
            "zyV"
          ],
          [
            "-_xn_yxtj_dd",
            "a_id_-",
            "a_id_more",
            "ajax_max_current",
            "ajax_max_page",
            "ajax_max_record",
            "ajax_page_maxpage",
            "ajax_page_size",
            "all",
            "allCheck",
            "arrange",
            "bjV",
            "btn_setXsxx",
            "choose",
            "currentPage",
            "dgncz",
            "divDisable",
            "divWaiting",
            "div_detail",
            "div_rs",
            "div_tsxx",
            "doType",
            "editPageSize",
            "fanye",
            "fashion",
            "first",
            "gjcx_div",
            "gyglyQx",
            "input_mhcx",
            "input_mhcx_msg",
            "isBzr",
            "isFdy",
            "isPage",
            "lable_confirm_cx",
            "lable_confirm_sc",
            "lable_confirm_tj",
            "lable_dqwkfsq",
            "lable_jcszwcsh",
            "lable_one_cx",
            "lable_one_lcgz",
            "lable_one_tj",
            "lable_one_xg",
            "lable_shz_cx",
            "lable_some_sc",
            "lable_some_tj",
            "lable_wjt_sc",
            "lable_wjt_yth_sc",
            "lable_wjt_yth_tj",
            "lable_wjt_yth_xg",
            "lable_wxglcxx",
            "last",
            "ldg_lockmask",
            "maskLevel",
            "maxPage",
            "max_page",
            "max_record",
            "message",
            "mhcx_gwmc",
            "mhcx_lx",
            "mhcx_lxHid",
            "mhcx_yrdwmc",
            "mklx",
            "next",
            "njV",
            "options",
            "p_tsxx",
            "page_Size",
            "pagediv",
            "pagelist",
            "pageno",
            "pagesize",
            "path",
            "pk",
            "pkValue",
            "pkValue_",
            "plcx_xh",
            "plcx_xm",
            "pre",
            "realTable",
            "refreshParent",
            "rsSize",
            "ryfw",
            "searchPath",
            "searchTjDiv",
            "searchType",
            "search_go",
            "showMessage",
            "tableName",
            "table_rs",
            "text",
            "tj_gwxz_",
            "tj_xn_-",
            "totlePage",
            "ts_msg",
            "tsxx_span",
            "turnCheck",
            "userDep",
            "userName",
            "userStatus",
            "userType",
            "waitDiv",
            "xhV",
            "xmV",
            "xmdm",
            "xxdm",
            "xyV",
            "xzxsKey",
            "yhlx",
            "ym-bl",
            "ym-btnl",
            "ym-ml",
            "ym-tl",
            "ym-window",
            "ymPrompt_btn_",
            "yxtj_div",
            "yxtj_dl",
            "yxzxss",
            "zyV"
          ],
          []
        ]
      }
    },
    "page/classes": {
      "contexts": {
        "context1": [
          [
            "_b",
            "_t",
            "_type hover",
            "adv_filter",
            "btn_ck",
            "btn_cx",
            "btn_cz",
            "btn_dc",
            "buttonbox",
            "choo",
            "clo",
            "con_overlfow",
            "dateline",
            "datetitle_",
            "down",
            "e",
            "e-icon",
            "earch_advanced",
            "elected-attr",
            "electedValue",
            "fir",
            "formbox",
            "hide",
            "la",
            "location",
            "main_box",
            "mid_box",
            "more--item_bottom",
            "next",
            "option",
            "pageleft",
            "pageli",
            "pagenum",
            "pageright",
            "pagination",
            "paging",
            "prev",
            "prompcon",
            "prop-item",
            "red",
            "t",
            "tab_cur",
            "text_nor",
            "title",
            "toolbox",
            "ui_b",
            "ui_border",
            "ui_button",
            "ui_c",
            "ui_clo",
            "ui_content",
            "ui_dialog",
            "ui_icon",
            "ui_inner",
            "ui_l",
            "ui_lb",
            "ui_lt",
            "ui_main",
            "ui_max",
            "ui_max_b",
            "ui_min",
            "ui_min_b",
            "ui_r",
            "ui_rb",
            "ui_re",
            "ui_rt",
            "ui_t",
            "ui_title",
            "ui_title_bar",
            "ui_title_button",
            "ym-bc",
            "ym-bl",
            "ym-body",
            "ym-br",
            "ym-btn",
            "ym-header-text",
            "ym-header-tool",
            "ym-mc",
            "ym-ml",
            "ym-mr",
            "ym-tc",
            "ym-tl",
            "ym-tr",
            "ymPrompt_clo",
            "ymPrompt_max",
            "ymPrompt_min"
          ],
          [
            "_type hover",
            "adv_filter",
            "btn_ck",
            "btn_cx",
            "btn_cz",
            "btn_dc",
            "buttonbox",
            "choo",
            "datetitle_",
            "down",
            "e",
            "earch_advanced",
            "elected-attr",
            "fir",
            "hide",
            "la",
            "location",
            "main_box",
            "mid_box",
            "more--item_bottom",
            "next",
            "option",
            "pageleft",
            "pageli",
            "pagenum",
            "pageright",
            "pagination",
            "paging",
            "prev",
            "prompcon",
            "prop-item",
            "red",
            "t",
            "tab_cur",
            "text_nor",
            "title",
            "toolbox"
          ],
          [
            "_b",
            "_t",
            "_type",
            "adv_filter",
            "btn_ck",
            "btn_cx",
            "btn_cz",
            "btn_dc",
            "buttonbox",
            "choo",
            "clo",
            "con_overlfow",
            "dateline",
            "datetitle_",
            "down",
            "e",
            "e-icon",
            "earch_advanced",
            "elected-attr",
            "electedValue",
            "fir",
            "formbox",
            "hide",
            "la",
            "location",
            "main_box",
            "mid_box",
            "more--item_bottom",
            "next",
            "option",
            "pageleft",
            "pageli",
            "pagenum",
            "pageright",
            "pagination",
            "paging",
            "prev",
            "prompcon",
            "prop-item",
            "red",
            "t",
            "tab_cur",
            "text_nor",
            "title",
            "toolbox",
            "ui_b",
            "ui_border",
            "ui_button",
            "ui_c",
            "ui_clo",
            "ui_content",
            "ui_dialog",
            "ui_icon",
            "ui_inner",
            "ui_l",
            "ui_lb",
            "ui_lt",
            "ui_main",
            "ui_max",
            "ui_max_b",
            "ui_min",
            "ui_min_b",
            "ui_r",
            "ui_rb",
            "ui_re",
            "ui_rt",
            "ui_t",
            "ui_title",
            "ui_title_bar",
            "ui_title_button",
            "ym-bc",
            "ym-bl",
            "ym-body",
            "ym-br",
            "ym-btn",
            "ym-header-text",
            "ym-header-tool",
            "ym-mc",
            "ym-ml",
            "ym-mr",
            "ym-tc",
            "ym-tl",
            "ym-tr",
            "ymPrompt_clo",
            "ymPrompt_max",
            "ymPrompt_min"
          ],
          [
            "_b",
            "_t",
            "_type",
            "adv_filter",
            "btnStyle handler",
            "btn_ck",
            "btn_cx",
            "btn_cz",
            "btn_dc",
            "buttonbox",
            "choo",
            "clo",
            "con_overlfow",
            "dateline",
            "datetitle_",
            "down",
            "e",
            "e-icon",
            "earch_advanced",
            "elected-attr",
            "electedValue",
            "fir",
            "formbox",
            "hide",
            "la",
            "location",
            "main_box",
            "mid_box",
            "more--item_bottom",
            "next",
            "option",
            "pageleft",
            "pageli",
            "pagenum",
            "pageright",
            "pagination",
            "paging",
            "prev",
            "prompcon",
            "prop-item",
            "red",
            "t",
            "tab_cur",
            "text_nor",
            "title",
            "toolbox",
            "ui_b",
            "ui_border",
            "ui_button",
            "ui_c",
            "ui_clo",
            "ui_content",
            "ui_dialog",
            "ui_icon",
            "ui_inner",
            "ui_l",
            "ui_lb",
            "ui_lt",
            "ui_main",
            "ui_max",
            "ui_max_b",
            "ui_min",
            "ui_min_b",
            "ui_r",
            "ui_rb",
            "ui_re",
            "ui_rt",
            "ui_t",
            "ui_title",
            "ui_title_bar",
            "ui_title_button",
            "ym-bc",
            "ym-bl",
            "ym-body ymPrompt_alert",
            "ym-br",
            "ym-btn",
            "ym-content",
            "ym-header-text",
            "ym-header-tool",
            "ym-mc",
            "ym-ml",
            "ym-mr",
            "ym-tc",
            "ym-tl",
            "ym-tr",
            "ymPrompt_clo",
            "ymPrompt_max",
            "ymPrompt_min"
          ],
          [
            "_type hover",
            "adv_filter",
            "btn_ck",
            "btn_cx",
            "btn_cz",
            "btn_dc",
            "buttonbox",
            "choo",
            "datetitle_",
            "down",
            "e",
            "earch_advanced",
            "elected-attr",
            "fir",
            "hide",
            "la",
            "location",
            "main_box",
            "mid_box",
            "more--item_bottom",
            "next",
            "option",
            "pageleft",
            "pageli",
            "pagenum",
            "pageright",
            "pagination",
            "paging",
            "prev",
            "prompcon",
            "prop-item",
            "red",
            "t",
            "tab_cur",
            "text_nor",
            "title",
            "toolbox",
            "ym-bc",
            "ym-bl",
            "ym-body",
            "ym-br",
            "ym-btn",
            "ym-header-text",
            "ym-header-tool",
            "ym-mc",
            "ym-ml",
            "ym-mr",
            "ym-tc",
            "ym-tl",
            "ym-tr",
            "ymPrompt_clo",
            "ymPrompt_max",
            "ymPrompt_min"
          ],
          [
            "_b",
            "_t",
            "_type hover",
            "adv_filter",
            "btn_ck",
            "btn_cx",
            "btn_cz",
            "btn_dc",
            "buttonbox",
            "choo",
            "con_overlfow",
            "dateline",
            "datetitle_",
            "down",
            "e",
            "earch_advanced",
            "elected-attr",
            "fir",
            "formbox",
            "hide",
            "ible ui_",
            "la",
            "location",
            "main_box",
            "mid_box",
            "more--item_bottom",
            "next",
            "option",
            "pageleft",
            "pageli",
            "pagenum",
            "pageright",
            "pagination",
            "paging",
            "prev",
            "prompcon",
            "prop-item",
            "red",
            "t",
            "tab_cur",
            "tate_focu",
            "tate_vi",
            "text_nor",
            "title",
            "toolbox",
            "ui_b",
            "ui_border ui_",
            "ui_button",
            "ui_c",
            "ui_clo",
            "ui_content",
            "ui_dialog",
            "ui_icon",
            "ui_inner",
            "ui_l",
            "ui_lb",
            "ui_loading",
            "ui_lt",
            "ui_main",
            "ui_max",
            "ui_max_b",
            "ui_min",
            "ui_min_b",
            "ui_r",
            "ui_rb",
            "ui_re",
            "ui_rt",
            "ui_t",
            "ui_title",
            "ui_title_bar",
            "ui_title_button",
            "ym-bc",
            "ym-bl",
            "ym-body",
            "ym-br",
            "ym-btn",
            "ym-header-text",
            "ym-header-tool",
            "ym-mc",
            "ym-ml",
            "ym-mr",
            "ym-tc",
            "ym-tl",
            "ym-tr",
            "ymPrompt_clo",
            "ymPrompt_max",
            "ymPrompt_min"
          ],
          [
            " ui_",
            "_b",
            "_t",
            "_type hover",
            "adv_filter",
            "btn_ck",
            "btn_cx",
            "btn_cz",
            "btn_dc",
            "buttonbox",
            "choo",
            "clo",
            "con_overlfow",
            "dateline",
            "datetitle_",
            "down",
            "e",
            "e-icon",
            "earch_advanced",
            "elected-attr",
            "electedValue",
            "fir",
            "formbox",
            "hide",
            "ible ui_",
            "la",
            "location",
            "main_box",
            "mid_box",
            "more--item_bottom",
            "next",
            "option",
            "pageleft",
            "pageli",
            "pagenum",
            "pageright",
            "pagination",
            "paging",
            "prev",
            "prompcon",
            "prop-item",
            "red",
            "t",
            "tab_cur",
            "tate_focu",
            "tate_full",
            "tate_lock",
            "tate_vi",
            "text_nor",
            "title",
            "toolbox",
            "ui_b",
            "ui_border ui_",
            "ui_button",
            "ui_c",
            "ui_clo",
            "ui_content ui_",
            "ui_dialog",
            "ui_icon",
            "ui_inner",
            "ui_l",
            "ui_lb",
            "ui_loading",
            "ui_lt",
            "ui_main",
            "ui_max",
            "ui_max_b",
            "ui_min",
            "ui_min_b",
            "ui_r",
            "ui_rb",
            "ui_re",
            "ui_rt",
            "ui_t",
            "ui_title",
            "ui_title_bar",
            "ui_title_button",
            "ym-bc",
            "ym-bl",
            "ym-body",
            "ym-br",
            "ym-btn",
            "ym-header-text",
            "ym-header-tool",
            "ym-mc",
            "ym-ml",
            "ym-mr",
            "ym-tc",
            "ym-tl",
            "ym-tr",
            "ymPrompt_clo",
            "ymPrompt_max",
            "ymPrompt_min"
          ],
          [
            "_b",
            "_t",
            "_type hover",
            "adv_filter",
            "btnStyle handler",
            "btn_ck",
            "btn_cx",
            "btn_cz",
            "btn_dc",
            "buttonbox",
            "choo",
            "clo",
            "con_overlfow",
            "dateline",
            "datetitle_",
            "down",
            "e",
            "e-icon",
            "earch_advanced",
            "elected-attr",
            "electedValue",
            "fir",
            "formbox",
            "hide",
            "ible ui_",
            "la",
            "location",
            "main_box",
            "mid_box",
            "more--item_bottom",
            "next",
            "option",
            "pageleft",
            "pageli",
            "pagenum",
            "pageright",
            "pagination",
            "paging",
            "prev",
            "prompcon",
            "prop-item",
            "red",
            "t",
            "tab_cur",
            "tate_focu",
            "tate_full",
            "tate_lock ui_",
            "tate_vi",
            "text_nor",
            "title",
            "toolbox",
            "ui_b",
            "ui_border ui_",
            "ui_button",
            "ui_c",
            "ui_clo",
            "ui_content ui_",
            "ui_dialog",
            "ui_icon",
            "ui_inner",
            "ui_l",
            "ui_lb",
            "ui_loading",
            "ui_lt",
            "ui_main",
            "ui_max",
            "ui_max_b",
            "ui_min",
            "ui_min_b",
            "ui_r",
            "ui_rb",
            "ui_re",
            "ui_rt",
            "ui_t",
            "ui_title",
            "ui_title_bar",
            "ui_title_button",
            "ym-bc",
            "ym-bl",
            "ym-body ymPrompt_confirm",
            "ym-br",
            "ym-btn",
            "ym-content",
            "ym-header-text",
            "ym-header-tool",
            "ym-mc",
            "ym-ml",
            "ym-mr",
            "ym-tc",
            "ym-tl",
            "ym-tr",
            "ymPrompt_clo",
            "ymPrompt_max",
            "ymPrompt_min"
          ],
          [
            "_b",
            "_t",
            "e",
            "tate_full",
            "ui_b",
            "ui_button",
            "ui_c",
            "ui_clo",
            "ui_content ui_",
            "ui_dialog",
            "ui_icon",
            "ui_inner",
            "ui_l",
            "ui_lb",
            "ui_loading",
            "ui_lt",
            "ui_main",
            "ui_max",
            "ui_max_b",
            "ui_min",
            "ui_min_b",
            "ui_r",
            "ui_rb",
            "ui_re",
            "ui_rt",
            "ui_t",
            "ui_title",
            "ui_title_bar",
            "ui_title_button"
          ],
          [
            "_type hover",
            "adv_filter",
            "btn_ck",
            "btn_cx",
            "btn_cz",
            "btn_dc",
            "buttonbox",
            "choo",
            "con_overlfow",
            "dateline",
            "datetitle_",
            "down",
            "e",
            "earch_advanced",
            "elected-attr",
            "fir",
            "formbox",
            "hide",
            "la",
            "location",
            "main_box",
            "mid_box",
            "more--item_bottom",
            "next",
            "option",
            "pageleft",
            "pageli",
            "pagenum",
            "pageright",
            "pagination",
            "paging",
            "prev",
            "prompcon",
            "prop-item",
            "red",
            "t",
            "tab_cur",
            "text_nor",
            "title",
            "toolbox",
            "ym-bc",
            "ym-bl",
            "ym-body",
            "ym-br",
            "ym-btn",
            "ym-header-text",
            "ym-header-tool",
            "ym-mc",
            "ym-ml",
            "ym-mr",
            "ym-tc",
            "ym-tl",
            "ym-tr",
            "ymPrompt_clo",
            "ymPrompt_max",
            "ymPrompt_min"
          ]
        ]
      }
    },
    "page/tagTriplets": {
      "contexts": {
        "context1": [
          [
            "-/-/DIV",
            "-/-/FORM",
            "-/DIV/DIV",
            "-/DIV/P",
            "-/DIV/TABLE",
            "-/FORM/BUTTON",
            "-/FORM/DIV",
            "-/FORM/INPUT-hidden",
            "DD/A/H5",
            "DD/A/SPAN",
            "DD/UL/LI",
            "DIV/A/B",
            "DIV/DIV/A",
            "DIV/DIV/BR",
            "DIV/DIV/DIV",
            "DIV/DIV/DL",
            "DIV/DIV/H3",
            "DIV/DIV/IMG",
            "DIV/DIV/INPUT-checkbox",
            "DIV/DIV/INPUT-hidden",
            "DIV/DIV/P",
            "DIV/DIV/SCRIPT",
            "DIV/DIV/SPAN",
            "DIV/DIV/STRONG",
            "DIV/DIV/TABLE",
            "DIV/DIV/UL",
            "DIV/DL/DD",
            "DIV/DL/DT",
            "DIV/H3/SPAN",
            "DIV/P/A",
            "DIV/P/B",
            "DIV/P/EM",
            "DIV/P/INPUT-text",
            "DIV/P/SPAN",
            "DIV/SPAN/TABLE",
            "DIV/TABLE/TBODY",
            "DIV/UL/LI",
            "DL/DD/A",
            "DL/DD/DIV",
            "DL/DD/UL",
            "DL/DT/B",
            "DL/DT/INPUT-hidden",
            "DL/DT/INPUT-text",
            "FORM/DIV/DIV",
            "FORM/DIV/H3",
            "FORM/DIV/IMG",
            "FORM/DIV/INPUT-hidden",
            "FORM/DIV/P",
            "FORM/DIV/SCRIPT",
            "FORM/DIV/STYLE",
            "P/SPAN/INPUT-text",
            "SPAN/TABLE/TBODY",
            "SPAN/TABLE/THEAD",
            "TABLE/TBODY/INPUT-hidden",
            "TABLE/TBODY/TR",
            "TABLE/THEAD/TR",
            "TBODY/TR/TD",
            "TD/DIV/DIV",
            "TD/DIV/DL",
            "TD/DIV/TABLE",
            "THEAD/TR/TD",
            "TR/TD/BR",
            "TR/TD/BUTTON",
            "TR/TD/DIV",
            "TR/TD/INPUT-hidden",
            "TR/TD/INPUT-text",
            "TR/TD/SPAN",
            "UL/LI/A"
          ],
          [
            "-/-/DIV",
            "-/-/FORM",
            "-/DIV/P",
            "-/FORM/BUTTON",
            "-/FORM/DIV",
            "-/FORM/INPUT-hidden",
            "DIV/DIV/A",
            "DIV/DIV/BR",
            "DIV/DIV/DIV",
            "DIV/DIV/DL",
            "DIV/DIV/H3",
            "DIV/DIV/IMG",
            "DIV/DIV/INPUT-checkbox",
            "DIV/DIV/INPUT-hidden",
            "DIV/DIV/P",
            "DIV/DIV/SCRIPT",
            "DIV/DIV/SPAN",
            "DIV/DIV/TABLE",
            "DIV/DIV/UL",
            "DIV/DL/DD",
            "DIV/DL/DT",
            "DIV/H3/SPAN",
            "DIV/P/A",
            "DIV/P/B",
            "DIV/P/EM",
            "DIV/P/INPUT-text",
            "DIV/P/SPAN",
            "DIV/TABLE/TBODY",
            "DIV/UL/LI",
            "DL/DD/DIV",
            "DL/DT/B",
            "DL/DT/INPUT-hidden",
            "DL/DT/INPUT-text",
            "FORM/DIV/DIV",
            "FORM/DIV/H3",
            "FORM/DIV/IMG",
            "FORM/DIV/INPUT-hidden",
            "FORM/DIV/P",
            "FORM/DIV/SCRIPT",
            "FORM/DIV/STYLE",
            "P/SPAN/INPUT-text",
            "TABLE/TBODY/TR",
            "TBODY/TR/TD",
            "TD/DIV/DIV",
            "TD/DIV/DL",
            "TR/TD/BR",
            "TR/TD/BUTTON",
            "TR/TD/DIV",
            "TR/TD/INPUT-hidden",
            "TR/TD/INPUT-text",
            "TR/TD/SPAN",
            "UL/LI/A"
          ],
          [
            "-/-/DIV",
            "-/-/FORM",
            "-/DIV/DIV",
            "-/DIV/P",
            "-/DIV/TABLE",
            "-/FORM/BUTTON",
            "-/FORM/DIV",
            "-/FORM/INPUT-hidden",
            "DD/A/H5",
            "DD/A/SPAN",
            "DD/UL/LI",
            "DIV/A/B",
            "DIV/DIV/A",
            "DIV/DIV/BR",
            "DIV/DIV/DIV",
            "DIV/DIV/DL",
            "DIV/DIV/H3",
            "DIV/DIV/IMG",
            "DIV/DIV/INPUT-checkbox",
            "DIV/DIV/INPUT-hidden",
            "DIV/DIV/P",
            "DIV/DIV/SCRIPT",
            "DIV/DIV/SPAN",
            "DIV/DIV/STRONG",
            "DIV/DIV/TABLE",
            "DIV/DIV/UL",
            "DIV/DL/DD",
            "DIV/DL/DT",
            "DIV/H3/SPAN",
            "DIV/P/A",
            "DIV/P/B",
            "DIV/P/EM",
            "DIV/P/FONT",
            "DIV/P/INPUT-text",
            "DIV/P/SPAN",
            "DIV/SPAN/TABLE",
            "DIV/TABLE/TBODY",
            "DIV/UL/LI",
            "DL/DD/A",
            "DL/DD/DIV",
            "DL/DD/UL",
            "DL/DT/B",
            "DL/DT/INPUT-hidden",
            "DL/DT/INPUT-text",
            "FORM/DIV/DIV",
            "FORM/DIV/H3",
            "FORM/DIV/IMG",
            "FORM/DIV/INPUT-hidden",
            "FORM/DIV/P",
            "FORM/DIV/SCRIPT",
            "FORM/DIV/STYLE",
            "P/SPAN/INPUT-text",
            "SPAN/TABLE/TBODY",
            "SPAN/TABLE/THEAD",
            "TABLE/TBODY/INPUT-hidden",
            "TABLE/TBODY/TR",
            "TABLE/THEAD/TR",
            "TBODY/TR/TD",
            "TD/DIV/DIV",
            "TD/DIV/DL",
            "TD/DIV/TABLE",
            "THEAD/TR/TD",
            "TR/TD/BR",
            "TR/TD/BUTTON",
            "TR/TD/DIV",
            "TR/TD/INPUT-hidden",
            "TR/TD/INPUT-text",
            "TR/TD/SPAN",
            "UL/LI/A"
          ],
          [
            "-/-/DIV",
            "-/-/FORM",
            "-/DIV/DIV",
            "-/DIV/P",
            "-/DIV/TABLE",
            "-/FORM/BUTTON",
            "-/FORM/DIV",
            "-/FORM/INPUT-hidden",
            "DD/A/H5",
            "DD/A/SPAN",
            "DD/UL/LI",
            "DIV/A/B",
            "DIV/DIV/A",
            "DIV/DIV/BR",
            "DIV/DIV/DIV",
            "DIV/DIV/DL",
            "DIV/DIV/H3",
            "DIV/DIV/IMG",
            "DIV/DIV/INPUT-button",
            "DIV/DIV/INPUT-checkbox",
            "DIV/DIV/INPUT-hidden",
            "DIV/DIV/P",
            "DIV/DIV/SCRIPT",
            "DIV/DIV/SPAN",
            "DIV/DIV/STRONG",
            "DIV/DIV/TABLE",
            "DIV/DIV/UL",
            "DIV/DL/DD",
            "DIV/DL/DT",
            "DIV/H3/SPAN",
            "DIV/P/A",
            "DIV/P/B",
            "DIV/P/EM",
            "DIV/P/FONT",
            "DIV/P/INPUT-text",
            "DIV/P/SPAN",
            "DIV/SPAN/TABLE",
            "DIV/TABLE/TBODY",
            "DIV/UL/LI",
            "DL/DD/A",
            "DL/DD/DIV",
            "DL/DD/UL",
            "DL/DT/B",
            "DL/DT/INPUT-hidden",
            "DL/DT/INPUT-text",
            "FORM/DIV/DIV",
            "FORM/DIV/H3",
            "FORM/DIV/IMG",
            "FORM/DIV/INPUT-hidden",
            "FORM/DIV/P",
            "FORM/DIV/SCRIPT",
            "FORM/DIV/STYLE",
            "P/SPAN/INPUT-text",
            "SPAN/TABLE/TBODY",
            "SPAN/TABLE/THEAD",
            "TABLE/TBODY/INPUT-hidden",
            "TABLE/TBODY/TR",
            "TABLE/THEAD/TR",
            "TBODY/TR/TD",
            "TD/DIV/DIV",
            "TD/DIV/DL",
            "TD/DIV/TABLE",
            "THEAD/TR/TD",
            "TR/TD/BR",
            "TR/TD/BUTTON",
            "TR/TD/DIV",
            "TR/TD/INPUT-hidden",
            "TR/TD/INPUT-text",
            "TR/TD/SPAN",
            "UL/LI/A"
          ],
          [
            "-/-/DIV",
            "-/-/FORM",
            "-/DIV/DIV",
            "-/DIV/P",
            "-/FORM/BUTTON",
            "-/FORM/DIV",
            "-/FORM/INPUT-hidden",
            "DIV/DIV/A",
            "DIV/DIV/BR",
            "DIV/DIV/DIV",
            "DIV/DIV/DL",
            "DIV/DIV/H3",
            "DIV/DIV/IMG",
            "DIV/DIV/INPUT-checkbox",
            "DIV/DIV/INPUT-hidden",
            "DIV/DIV/P",
            "DIV/DIV/SCRIPT",
            "DIV/DIV/SPAN",
            "DIV/DIV/STRONG",
            "DIV/DIV/TABLE",
            "DIV/DIV/UL",
            "DIV/DL/DD",
            "DIV/DL/DT",
            "DIV/H3/SPAN",
            "DIV/P/A",
            "DIV/P/B",
            "DIV/P/EM",
            "DIV/P/INPUT-text",
            "DIV/P/SPAN",
            "DIV/TABLE/TBODY",
            "DIV/UL/LI",
            "DL/DD/DIV",
            "DL/DT/B",
            "DL/DT/INPUT-hidden",
            "DL/DT/INPUT-text",
            "FORM/DIV/DIV",
            "FORM/DIV/H3",
            "FORM/DIV/IMG",
            "FORM/DIV/INPUT-hidden",
            "FORM/DIV/P",
            "FORM/DIV/SCRIPT",
            "FORM/DIV/STYLE",
            "P/SPAN/INPUT-text",
            "TABLE/TBODY/TR",
            "TBODY/TR/TD",
            "TD/DIV/DIV",
            "TD/DIV/DL",
            "TR/TD/BR",
            "TR/TD/BUTTON",
            "TR/TD/DIV",
            "TR/TD/INPUT-hidden",
            "TR/TD/INPUT-text",
            "TR/TD/SPAN",
            "UL/LI/A"
          ],
          [
            "-/-/DIV",
            "-/-/FORM",
            "-/DIV/DIV",
            "-/DIV/P",
            "-/DIV/TABLE",
            "-/FORM/BUTTON",
            "-/FORM/DIV",
            "-/FORM/INPUT-hidden",
            "DIV/A/B",
            "DIV/DIV/A",
            "DIV/DIV/BR",
            "DIV/DIV/DIV",
            "DIV/DIV/DL",
            "DIV/DIV/H3",
            "DIV/DIV/IMG",
            "DIV/DIV/INPUT-checkbox",
            "DIV/DIV/INPUT-hidden",
            "DIV/DIV/P",
            "DIV/DIV/SCRIPT",
            "DIV/DIV/SPAN",
            "DIV/DIV/STRONG",
            "DIV/DIV/TABLE",
            "DIV/DIV/UL",
            "DIV/DL/DD",
            "DIV/DL/DT",
            "DIV/H3/SPAN",
            "DIV/P/A",
            "DIV/P/B",
            "DIV/P/EM",
            "DIV/P/INPUT-text",
            "DIV/P/SPAN",
            "DIV/SPAN/TABLE",
            "DIV/TABLE/TBODY",
            "DIV/UL/LI",
            "DL/DD/DIV",
            "DL/DT/B",
            "DL/DT/INPUT-hidden",
            "DL/DT/INPUT-text",
            "FORM/DIV/DIV",
            "FORM/DIV/H3",
            "FORM/DIV/IMG",
            "FORM/DIV/INPUT-hidden",
            "FORM/DIV/P",
            "FORM/DIV/SCRIPT",
            "FORM/DIV/STYLE",
            "P/SPAN/INPUT-text",
            "SPAN/TABLE/TBODY",
            "SPAN/TABLE/THEAD",
            "TABLE/TBODY/INPUT-hidden",
            "TABLE/TBODY/TR",
            "TABLE/THEAD/TR",
            "TBODY/TR/TD",
            "TD/DIV/DIV",
            "TD/DIV/DL",
            "TD/DIV/TABLE",
            "THEAD/TR/TD",
            "TR/TD/BR",
            "TR/TD/BUTTON",
            "TR/TD/DIV",
            "TR/TD/INPUT-checkbox",
            "TR/TD/INPUT-hidden",
            "TR/TD/INPUT-text",
            "TR/TD/SPAN",
            "UL/LI/A"
          ],
          [
            "-/-/DIV",
            "-/-/FORM",
            "-/DIV/DIV",
            "-/DIV/P",
            "-/DIV/TABLE",
            "-/FORM/BUTTON",
            "-/FORM/DIV",
            "-/FORM/INPUT-hidden",
            "DD/A/H5",
            "DD/A/SPAN",
            "DD/UL/LI",
            "DIV/A/B",
            "DIV/DIV/A",
            "DIV/DIV/BR",
            "DIV/DIV/DIV",
            "DIV/DIV/DL",
            "DIV/DIV/H3",
            "DIV/DIV/IMG",
            "DIV/DIV/INPUT-checkbox",
            "DIV/DIV/INPUT-hidden",
            "DIV/DIV/P",
            "DIV/DIV/SCRIPT",
            "DIV/DIV/SPAN",
            "DIV/DIV/STRONG",
            "DIV/DIV/TABLE",
            "DIV/DIV/UL",
            "DIV/DL/DD",
            "DIV/DL/DT",
            "DIV/H3/SPAN",
            "DIV/P/A",
            "DIV/P/B",
            "DIV/P/EM",
            "DIV/P/INPUT-text",
            "DIV/P/SPAN",
            "DIV/SPAN/TABLE",
            "DIV/TABLE/TBODY",
            "DIV/UL/LI",
            "DL/DD/A",
            "DL/DD/DIV",
            "DL/DD/UL",
            "DL/DT/B",
            "DL/DT/INPUT-hidden",
            "DL/DT/INPUT-text",
            "FORM/DIV/DIV",
            "FORM/DIV/H3",
            "FORM/DIV/IMG",
            "FORM/DIV/INPUT-hidden",
            "FORM/DIV/P",
            "FORM/DIV/SCRIPT",
            "FORM/DIV/STYLE",
            "P/SPAN/INPUT-text",
            "SPAN/TABLE/TBODY",
            "SPAN/TABLE/THEAD",
            "TABLE/TBODY/INPUT-hidden",
            "TABLE/TBODY/TR",
            "TABLE/THEAD/TR",
            "TBODY/TR/TD",
            "TD/DIV/DIV",
            "TD/DIV/DL",
            "TD/DIV/IFRAME",
            "TD/DIV/TABLE",
            "THEAD/TR/TD",
            "TR/TD/BR",
            "TR/TD/BUTTON",
            "TR/TD/DIV",
            "TR/TD/INPUT-checkbox",
            "TR/TD/INPUT-hidden",
            "TR/TD/INPUT-text",
            "TR/TD/SPAN",
            "UL/LI/A"
          ],
          [
            "-/-/DIV",
            "-/-/FORM",
            "-/DIV/DIV",
            "-/DIV/P",
            "-/DIV/TABLE",
            "-/FORM/BUTTON",
            "-/FORM/DIV",
            "-/FORM/INPUT-hidden",
            "DD/A/H5",
            "DD/A/SPAN",
            "DD/UL/LI",
            "DIV/A/B",
            "DIV/DIV/A",
            "DIV/DIV/BR",
            "DIV/DIV/DIV",
            "DIV/DIV/DL",
            "DIV/DIV/H3",
            "DIV/DIV/IMG",
            "DIV/DIV/INPUT-checkbox",
            "DIV/DIV/INPUT-hidden",
            "DIV/DIV/P",
            "DIV/DIV/SCRIPT",
            "DIV/DIV/SPAN",
            "DIV/DIV/STRONG",
            "DIV/DIV/TABLE",
            "DIV/DIV/UL",
            "DIV/DL/DD",
            "DIV/DL/DT",
            "DIV/H3/SPAN",
            "DIV/P/A",
            "DIV/P/B",
            "DIV/P/EM",
            "DIV/P/INPUT-text",
            "DIV/P/SPAN",
            "DIV/SPAN/TABLE",
            "DIV/TABLE/TBODY",
            "DIV/UL/LI",
            "DL/DD/A",
            "DL/DD/DIV",
            "DL/DD/UL",
            "DL/DT/B",
            "DL/DT/INPUT-hidden",
            "DL/DT/INPUT-text",
            "FORM/DIV/DIV",
            "FORM/DIV/H3",
            "FORM/DIV/IMG",
            "FORM/DIV/INPUT-hidden",
            "FORM/DIV/P",
            "FORM/DIV/SCRIPT",
            "FORM/DIV/STYLE",
            "P/SPAN/INPUT-text",
            "SPAN/TABLE/TBODY",
            "SPAN/TABLE/THEAD",
            "TABLE/TBODY/INPUT-hidden",
            "TABLE/TBODY/TR",
            "TABLE/THEAD/TR",
            "TBODY/TR/TD",
            "TD/DIV/DIV",
            "TD/DIV/DL",
            "TD/DIV/TABLE",
            "THEAD/TR/TD",
            "TR/TD/BR",
            "TR/TD/BUTTON",
            "TR/TD/DIV",
            "TR/TD/INPUT-checkbox",
            "TR/TD/INPUT-hidden",
            "TR/TD/INPUT-text",
            "TR/TD/SPAN",
            "UL/LI/A"
          ],
          [
            "-/-/DIV",
            "-/-/FORM",
            "-/DIV/DIV",
            "-/DIV/P",
            "-/DIV/TABLE",
            "-/FORM/BUTTON",
            "-/FORM/DIV",
            "-/FORM/INPUT-hidden",
            "DD/A/H5",
            "DD/A/SPAN",
            "DD/UL/LI",
            "DIV/A/B",
            "DIV/DIV/A",
            "DIV/DIV/BR",
            "DIV/DIV/DIV",
            "DIV/DIV/DL",
            "DIV/DIV/H3",
            "DIV/DIV/IMG",
            "DIV/DIV/INPUT-button",
            "DIV/DIV/INPUT-checkbox",
            "DIV/DIV/INPUT-hidden",
            "DIV/DIV/P",
            "DIV/DIV/SPAN",
            "DIV/DIV/STRONG",
            "DIV/DIV/TABLE",
            "DIV/DIV/UL",
            "DIV/DL/DD",
            "DIV/DL/DT",
            "DIV/H3/SPAN",
            "DIV/P/A",
            "DIV/P/B",
            "DIV/P/EM",
            "DIV/P/INPUT-text",
            "DIV/P/SPAN",
            "DIV/SPAN/TABLE",
            "DIV/TABLE/TBODY",
            "DIV/UL/LI",
            "DL/DD/A",
            "DL/DD/DIV",
            "DL/DD/UL",
            "DL/DT/B",
            "DL/DT/INPUT-hidden",
            "DL/DT/INPUT-text",
            "FORM/DIV/DIV",
            "FORM/DIV/H3",
            "FORM/DIV/IMG",
            "FORM/DIV/INPUT-hidden",
            "FORM/DIV/P",
            "FORM/DIV/SCRIPT",
            "FORM/DIV/STYLE",
            "P/SPAN/INPUT-text",
            "SPAN/TABLE/TBODY",
            "SPAN/TABLE/THEAD",
            "TABLE/TBODY/INPUT-hidden",
            "TABLE/TBODY/TR",
            "TABLE/THEAD/TR",
            "TBODY/TR/TD",
            "TD/DIV/DIV",
            "TD/DIV/DL",
            "TD/DIV/IFRAME",
            "TD/DIV/TABLE",
            "THEAD/TR/TD",
            "TR/TD/BR",
            "TR/TD/BUTTON",
            "TR/TD/DIV",
            "TR/TD/INPUT-checkbox",
            "TR/TD/INPUT-hidden",
            "TR/TD/INPUT-text",
            "TR/TD/SPAN",
            "UL/LI/A"
          ],
          [
            "-/-/TBODY",
            "-/TBODY/TR",
            "DIV/A/B",
            "DIV/DIV/A",
            "DIV/DIV/SPAN",
            "DIV/TABLE/TBODY",
            "TABLE/TBODY/TR",
            "TBODY/TR/TD",
            "TD/DIV/DIV",
            "TD/DIV/IFRAME",
            "TD/DIV/TABLE",
            "TR/TD/DIV"
          ],
          [
            "-/-/DIV",
            "-/-/FORM",
            "-/DIV/DIV",
            "-/DIV/P",
            "-/FORM/BUTTON",
            "-/FORM/DIV",
            "-/FORM/INPUT-hidden",
            "DIV/DIV/A",
            "DIV/DIV/BR",
            "DIV/DIV/DIV",
            "DIV/DIV/DL",
            "DIV/DIV/H3",
            "DIV/DIV/IMG",
            "DIV/DIV/INPUT-checkbox",
            "DIV/DIV/INPUT-hidden",
            "DIV/DIV/P",
            "DIV/DIV/SCRIPT",
            "DIV/DIV/SPAN",
            "DIV/DIV/STRONG",
            "DIV/DIV/TABLE",
            "DIV/DIV/UL",
            "DIV/DL/DD",
            "DIV/DL/DT",
            "DIV/H3/SPAN",
            "DIV/P/A",
            "DIV/P/B",
            "DIV/P/EM",
            "DIV/P/INPUT-text",
            "DIV/P/SPAN",
            "DIV/SPAN/TABLE",
            "DIV/TABLE/TBODY",
            "DIV/UL/LI",
            "DL/DD/DIV",
            "DL/DT/B",
            "DL/DT/INPUT-hidden",
            "DL/DT/INPUT-text",
            "FORM/DIV/DIV",
            "FORM/DIV/H3",
            "FORM/DIV/IMG",
            "FORM/DIV/INPUT-hidden",
            "FORM/DIV/P",
            "FORM/DIV/SCRIPT",
            "FORM/DIV/STYLE",
            "P/SPAN/INPUT-text",
            "SPAN/TABLE/TBODY",
            "SPAN/TABLE/THEAD",
            "TABLE/TBODY/INPUT-hidden",
            "TABLE/TBODY/TR",
            "TABLE/THEAD/TR",
            "TBODY/TR/TD",
            "TD/DIV/DIV",
            "TD/DIV/DL",
            "THEAD/TR/TD",
            "TR/TD/BR",
            "TR/TD/BUTTON",
            "TR/TD/DIV",
            "TR/TD/INPUT-checkbox",
            "TR/TD/INPUT-hidden",
            "TR/TD/INPUT-text",
            "TR/TD/SPAN",
            "UL/LI/A"
          ]
        ]
      }
    }
  }
}