{
  "version": "0.1",
  "id": "y_StuFinancialAppli_add",
  "targetURL": "http://42.247.16.108/xgxt/xszz_sqsh_xmsq_stu.do",
  "jsFile": "index.js",
  "chineseName": "学生资助申请_申请",
  "description": "",
  "controls": {
    "control553": {
      "location": {
        "data": {
          "tagName": "BUTTON"
        },
        "locators": [
          {
            "id": "button/text",
            "prob": 3,
            "value": {
              "text": [
                "保存草稿"
              ],
              "visText": [
                "保存草稿"
              ]
            }
          },
          {
            "id": "text",
            "prob": 3,
            "value": {
              "text": [
                "保存草稿"
              ],
              "visText": [
                "保存草稿"
              ]
            }
          },
          {
            "id": "@id/word",
            "prob": 2,
            "ordinal": [
              0,
              2
            ],
            "value": [
              "descendant::FORM[@id=\"xmsqForm\"]//BUTTON[@id=\"save_button\"]",
              "descendant::BUTTON[@id=\"save_button\"]"
            ]
          },
          {
            "id": "@class/word",
            "prob": 1,
            "ordinal": [
              0,
              6
            ],
            "value": "FORM.MultiFile-intercepted TABLE.formlist DIV.btn BUTTON"
          },
          {
            "id": "path/ordinal",
            "prob": 1,
            "value": "/HTML[1]/BODY[1]/FORM[1]/TABLE[1]/TFOOT[1]/TR[1]/TD[1]/DIV[2]/BUTTON[1]"
          },
          {
            "id": "input/type",
            "verifyEnabled": true,
            "value": "button"
          },
          {
            "id": "elderLevel",
            "value": {
              "level": 0
            }
          },
          {
            "id": "shield",
            "value": {
              "zIndex": "auto",
              "width": 74.796875,
              "height": 19
            }
          }
        ]
      },
      "intendedRole": "button",
      "roles": "element,button",
      "monitored": false,
      "frameXPath": "//iframe[@name='parentDialog']<<IFRAME>>"
    },
    "control554": {
      "location": {
        "data": {
          "tagName": "BUTTON"
        },
        "locators": [
          {
            "id": "button/text",
            "prob": 3,
            "value": {
              "text": [
                "提交申请"
              ],
              "visText": [
                "提交申请"
              ]
            }
          },
          {
            "id": "text",
            "prob": 3,
            "value": {
              "text": [
                "提交申请"
              ],
              "visText": [
                "提交申请"
              ]
            }
          },
          {
            "id": "@id/word",
            "prob": 2,
            "ordinal": [
              1,
              2
            ],
            "value": [
              "descendant::FORM[@id=\"xmsqForm\"]//BUTTON[@id=\"save_button\"]",
              "descendant::BUTTON[@id=\"save_button\"]"
            ]
          },
          {
            "id": "@class/word",
            "prob": 1,
            "ordinal": [
              1,
              6
            ],
            "value": "FORM.MultiFile-intercepted TABLE.formlist DIV.btn BUTTON"
          },
          {
            "id": "path/ordinal",
            "prob": 1,
            "value": "/HTML[1]/BODY[1]/FORM[1]/TABLE[1]/TFOOT[1]/TR[1]/TD[1]/DIV[2]/BUTTON[2]"
          },
          {
            "id": "input/type",
            "verifyEnabled": true,
            "value": "button"
          },
          {
            "id": "elderLevel",
            "value": {
              "level": 0
            }
          },
          {
            "id": "shield",
            "value": {
              "zIndex": "auto",
              "width": 74.796875,
              "height": 19
            }
          }
        ]
      },
      "intendedRole": "button",
      "roles": "element,button",
      "monitored": false,
      "frameXPath": "//iframe[@name='parentDialog']<<IFRAME>>"
    },
    "control555": {
      "location": {
        "data": {
          "tagName": "BUTTON"
        },
        "locators": [
          {
            "id": "button/text",
            "prob": 3,
            "value": {
              "text": [
                "关 闭"
              ],
              "visText": [
                "关 闭"
              ]
            }
          },
          {
            "id": "text",
            "prob": 3,
            "value": {
              "text": [
                "关 闭"
              ],
              "visText": [
                "关 闭"
              ]
            }
          },
          {
            "id": "elem/@name",
            "prob": 2,
            "value": [
              "descendant::form[@name=\"xszzSqshForm\"]//BUTTON[@name=\"关 闭\"]",
              "descendant::BUTTON[@name=\"关 闭\"]"
            ]
          },
          {
            "id": "@class/word",
            "prob": 1,
            "ordinal": [
              2,
              6
            ],
            "value": "FORM.MultiFile-intercepted TABLE.formlist DIV.btn BUTTON"
          },
          {
            "id": "path/ordinal",
            "prob": 1,
            "value": "/HTML[1]/BODY[1]/FORM[1]/TABLE[1]/TFOOT[1]/TR[1]/TD[1]/DIV[2]/BUTTON[3]"
          },
          {
            "id": "input/type",
            "verifyEnabled": true,
            "value": "button"
          },
          {
            "id": "elderLevel",
            "value": {
              "level": 0
            }
          },
          {
            "id": "shield",
            "value": {
              "zIndex": "auto",
              "width": 52.609375,
              "height": 19
            }
          }
        ]
      },
      "intendedRole": "button",
      "roles": "element,button",
      "monitored": false,
      "frameXPath": "//iframe[@name='parentDialog']<<IFRAME>>"
    },
    "control556": {
      "location": {
        "data": {
          "tagName": "DIV"
        },
        "locators": [
          {
            "id": "button/text",
            "prob": 3,
            "value": {
              "text": [
                "\"*\"为必填项"
              ],
              "visText": [
                "\"*\"为必填项"
              ]
            }
          },
          {
            "id": "text",
            "prob": 3,
            "value": {
              "text": [
                "\"*\"为必填项"
              ],
              "visText": [
                "\"*\"为必填项"
              ]
            }
          },
          {
            "id": "@class/word",
            "prob": 1,
            "ordinal": [
              0,
              2
            ],
            "value": "FORM.MultiFile-intercepted TABLE.formlist DIV.bz"
          },
          {
            "id": "path/ordinal",
            "prob": 1,
            "value": "/HTML[1]/BODY[1]/FORM[1]/TABLE[1]/TFOOT[1]/TR[1]/TD[1]/DIV[1]"
          },
          {
            "id": "shield",
            "value": {
              "zIndex": "auto",
              "width": 94.578125,
              "height": 19
            }
          }
        ]
      },
      "intendedRole": "fragment",
      "roles": "element,fragment",
      "monitored": false,
      "frameXPath": "//iframe[@name='parentDialog']<<IFRAME>>"
    },
    "control557": {
      "location": {
        "data": {
          "tagName": "TEXTAREA"
        },
        "locators": [
          {
            "id": "elem/@name",
            "prob": 2,
            "value": [
              "descendant::form[@name=\"xszzSqshForm\"]//TEXTAREA[@name=\"sqly\"]",
              "descendant::TEXTAREA[@name=\"sqly\"]"
            ]
          },
          {
            "id": "@class/word",
            "prob": 1,
            "ordinal": [
              0,
              2
            ],
            "value": "FORM.MultiFile-intercepted TABLE.formlist TBODY TR TD TEXTAREA"
          },
          {
            "id": "path/ordinal",
            "prob": 1,
            "value": "/HTML[1]/BODY[1]/FORM[1]/DIV[1]/TABLE[1]/TBODY[3]/TR[2]/TD[1]/TEXTAREA[1]"
          },
          {
            "id": "input/type",
            "verifyEnabled": true,
            "value": "textarea"
          },
          {
            "id": "elderLevel",
            "value": {
              "level": 0
            }
          },
          {
            "id": "shield",
            "value": {
              "zIndex": "auto",
              "width": 527.234375,
              "height": 86
            }
          }
        ]
      },
      "intendedRole": "textbox",
      "roles": "element,textbox",
      "monitored": true,
      "frameXPath": "//iframe[@name='parentDialog']<<IFRAME>>"
    },
    "control558": {
      "location": {
        "data": {
          "tagName": "TH"
        },
        "locators": [
          {
            "id": "button/text",
            "prob": 3,
            "value": {
              "text": [
                "* 申请理由 <限200字>"
              ],
              "visText": [
                "* 申请理由 <限200字>"
              ]
            }
          },
          {
            "id": "text",
            "prob": 3,
            "value": {
              "text": [
                "* 申请理由 <限200字>"
              ],
              "visText": [
                "* 申请理由 <限200字>"
              ]
            }
          },
          {
            "id": "@class/word",
            "prob": 1,
            "ordinal": [
              3,
              8
            ],
            "value": "FORM.MultiFile-intercepted TABLE.formlist TBODY TR TH"
          },
          {
            "id": "path/ordinal",
            "prob": 1,
            "value": "/HTML[1]/BODY[1]/FORM[1]/DIV[1]/TABLE[1]/TBODY[3]/TR[2]/TH[1]"
          },
          {
            "id": "shield",
            "value": {
              "zIndex": "auto",
              "width": 127,
              "height": 99
            }
          }
        ]
      },
      "intendedRole": "fragment",
      "roles": "element,fragment",
      "monitored": false,
      "frameXPath": "//iframe[@name='parentDialog']<<IFRAME>>"
    },
    "control559": {
      "location": {
        "data": {
          "tagName": "TD"
        },
        "locators": [
          {
            "id": "@class/word",
            "prob": 1,
            "ordinal": [
              8,
              22
            ],
            "value": "FORM.MultiFile-intercepted TABLE.formlist TBODY TR TD"
          },
          {
            "id": "path/ordinal",
            "prob": 1,
            "value": "/HTML[1]/BODY[1]/FORM[1]/DIV[1]/TABLE[1]/TBODY[2]/TR[1]/TD[2]"
          },
          {
            "id": "elderLevel",
            "value": {
              "level": 0
            }
          },
          {
            "id": "shield",
            "value": {
              "zIndex": "auto",
              "width": 85,
              "height": 32
            }
          }
        ]
      },
      "intendedRole": "fragment",
      "roles": "element,fragment",
      "monitored": false,
      "frameXPath": "//iframe[@name='parentDialog']<<IFRAME>>"
    },
    "control560": {
      "location": {
        "data": {
          "tagName": "TH"
        },
        "locators": [
          {
            "id": "button/text",
            "prob": 3,
            "value": {
              "text": [
                "学期"
              ],
              "visText": [
                "学期"
              ]
            }
          },
          {
            "id": "text",
            "prob": 3,
            "value": {
              "text": [
                "学期"
              ],
              "visText": [
                "学期"
              ]
            }
          },
          {
            "id": "@class/word",
            "prob": 1,
            "ordinal": [
              1,
              8
            ],
            "value": "FORM.MultiFile-intercepted TABLE.formlist TBODY TR TH"
          },
          {
            "id": "path/ordinal",
            "prob": 1,
            "value": "/HTML[1]/BODY[1]/FORM[1]/DIV[1]/TABLE[1]/TBODY[2]/TR[1]/TH[2]"
          },
          {
            "id": "elderLevel",
            "value": {
              "level": 0
            }
          },
          {
            "id": "shield",
            "value": {
              "zIndex": "auto",
              "width": 159,
              "height": 32
            }
          }
        ]
      },
      "intendedRole": "fragment",
      "roles": "element,fragment",
      "monitored": false,
      "frameXPath": "//iframe[@name='parentDialog']<<IFRAME>>"
    },
    "control561": {
      "location": {
        "data": {
          "tagName": "TD"
        },
        "locators": [
          {
            "id": "button/text",
            "prob": 3,
            "value": {
              "text": [
                "2016-2017"
              ],
              "visText": [
                "2016-2017"
              ]
            }
          },
          {
            "id": "text",
            "prob": 3,
            "value": {
              "text": [
                "2016-2017"
              ],
              "visText": [
                "2016-2017"
              ]
            }
          },
          {
            "id": "@class/word",
            "prob": 1,
            "ordinal": [
              7,
              22
            ],
            "value": "FORM.MultiFile-intercepted TABLE.formlist TBODY TR TD"
          },
          {
            "id": "path/ordinal",
            "prob": 1,
            "value": "/HTML[1]/BODY[1]/FORM[1]/DIV[1]/TABLE[1]/TBODY[2]/TR[1]/TD[1]"
          },
          {
            "id": "elderLevel",
            "value": {
              "level": 0
            }
          },
          {
            "id": "shield",
            "value": {
              "zIndex": "auto",
              "width": 309,
              "height": 32
            }
          }
        ]
      },
      "intendedRole": "fragment",
      "roles": "element,fragment",
      "monitored": false,
      "frameXPath": "//iframe[@name='parentDialog']<<IFRAME>>"
    },
    "control562": {
      "location": {
        "data": {
          "tagName": "TH"
        },
        "locators": [
          {
            "id": "button/text",
            "prob": 3,
            "value": {
              "text": [
                "学年"
              ],
              "visText": [
                "学年"
              ]
            }
          },
          {
            "id": "text",
            "prob": 3,
            "value": {
              "text": [
                "学年"
              ],
              "visText": [
                "学年"
              ]
            }
          },
          {
            "id": "@class/word",
            "prob": 1,
            "ordinal": [
              0,
              8
            ],
            "value": "FORM.MultiFile-intercepted TABLE.formlist TBODY TR TH"
          },
          {
            "id": "path/ordinal",
            "prob": 1,
            "value": "/HTML[1]/BODY[1]/FORM[1]/DIV[1]/TABLE[1]/TBODY[2]/TR[1]/TH[1]"
          },
          {
            "id": "elderLevel",
            "value": {
              "level": 0
            }
          },
          {
            "id": "shield",
            "value": {
              "zIndex": "auto",
              "width": 127,
              "height": 32
            }
          }
        ]
      },
      "intendedRole": "fragment",
      "roles": "element,fragment",
      "monitored": false,
      "frameXPath": "//iframe[@name='parentDialog']<<IFRAME>>"
    },
    "control563": {
      "location": {
        "data": {
          "tagName": "TABLE"
        },
        "locators": [
          {
            "id": "button/text",
            "prob": 3,
            "value": {
              "text": [
                "项目名称 项目类别 项目金额 11中央财政0"
              ],
              "visText": [
                "项目名称 项目类别 项目金额 11中央财政0"
              ]
            }
          },
          {
            "id": "text",
            "prob": 3,
            "value": {
              "text": [
                "项目名称 项目类别 项目金额 11中央财政0"
              ],
              "visText": [
                "项目名称 项目类别 项目金额 11 中央财政 0"
              ]
            }
          },
          {
            "id": "@class/word",
            "prob": 1,
            "ordinal": [
              0,
              2
            ],
            "value": "TABLE.formlist DIV.con_overlfow TABLE.dateline"
          },
          {
            "id": "path/ordinal",
            "prob": 1,
            "value": "/HTML[1]/BODY[1]/FORM[1]/DIV[1]/TABLE[1]/TBODY[1]/TR[1]/TD[1]/DIV[1]/TABLE[1]"
          },
          {
            "id": "shield",
            "value": {
              "zIndex": "auto",
              "width": 665,
              "height": 59
            }
          }
        ]
      },
      "intendedRole": "fragment",
      "roles": "element,fragment",
      "monitored": false,
      "frameXPath": "//iframe[@name='parentDialog']<<IFRAME>>"
    },
    "control564": {
      "location": {
        "data": {
          "tagName": "THEAD"
        },
        "locators": [
          {
            "id": "button/text",
            "prob": 3,
            "value": {
              "text": [
                "资助项目申请信息"
              ],
              "visText": [
                "资助项目申请信息"
              ]
            }
          },
          {
            "id": "text",
            "prob": 3,
            "value": {
              "text": [
                "资助项目申请信息"
              ],
              "visText": [
                "资助项目申请信息"
              ]
            }
          },
          {
            "id": "@id/word",
            "prob": 2,
            "value": [
              "descendant::FORM[@id=\"xmsqForm\"]/DIV[1]/TABLE[1]/THEAD[1]",
              "descendant::FORM[@id=\"xmsqForm\"]//THEAD"
            ]
          },
          {
            "id": "@class/word",
            "prob": 1,
            "ordinal": [
              0,
              4
            ],
            "value": "FORM.MultiFile-intercepted TABLE.formlist THEAD"
          },
          {
            "id": "path/ordinal",
            "prob": 1,
            "value": "/HTML[1]/BODY[1]/FORM[1]/DIV[1]/TABLE[1]/THEAD[1]"
          },
          {
            "id": "shield",
            "value": {
              "zIndex": "auto",
              "width": 680,
              "height": 33
            }
          }
        ]
      },
      "roles": "element",
      "content": true,
      "monitored": false,
      "frameXPath": "//iframe[@name='parentDialog']<<IFRAME>>"
    },
    "control565": {
      "location": {
        "data": {
          "tagName": "BUTTON"
        },
        "locators": [
          {
            "id": "button/text",
            "prob": 3,
            "value": {
              "text": [
                "关 闭"
              ],
              "visText": [
                "关 闭"
              ]
            }
          },
          {
            "id": "text",
            "prob": 3,
            "value": {
              "text": [
                "关 闭"
              ],
              "visText": [
                "关 闭"
              ]
            }
          },
          {
            "id": "elem/@name",
            "prob": 2,
            "value": [
              "descendant::form[@name=\"xszzSqshForm\"]//BUTTON[@name=\"关 闭\"]",
              "descendant::BUTTON[@name=\"关 闭\"]"
            ]
          },
          {
            "id": "@class/word",
            "prob": 1,
            "ordinal": [
              2,
              6
            ],
            "value": "FORM.MultiFile-intercepted TABLE.formlist DIV.btn BUTTON"
          },
          {
            "id": "path/ordinal",
            "prob": 1,
            "value": "/HTML[1]/BODY[1]/FORM[1]/TABLE[1]/TFOOT[1]/TR[1]/TD[1]/DIV[2]/BUTTON[3]"
          },
          {
            "id": "input/type",
            "verifyEnabled": true,
            "value": "button"
          },
          {
            "id": "elderLevel",
            "value": {
              "level": 0
            }
          },
          {
            "id": "shield",
            "value": {
              "zIndex": "auto",
              "width": 52.609375,
              "height": 19
            }
          }
        ]
      },
      "intendedRole": "button",
      "roles": "element,button",
      "monitored": false,
      "frameXPath": "//iframe[@name='parentDialog']<<IFRAME>>"
    },
    "control566": {
      "location": {
        "data": {
          "tagName": "DIV"
        },
        "locators": [
          {
            "id": "button/text",
            "prob": 3,
            "ordinal": [
              1,
              2
            ],
            "value": {
              "text": [
                "系统提示01r请将必填项填写完整！"
              ],
              "visText": [
                "系统提示请将必填项填写完整！"
              ]
            }
          },
          {
            "id": "text",
            "prob": 3,
            "value": {
              "text": [
                "系统提示01r请将必填项填写完整！"
              ],
              "visText": [
                "系统提示 请将必填项填写完整！"
              ]
            }
          },
          {
            "id": "@id/partialWord",
            "prob": 3,
            "value": {
              "elemId": "ym-window",
              "tagName": "DIV",
              "prefix": "",
              "suffix": "",
              "ratio": 0
            }
          },
          {
            "id": "path/ordinal",
            "prob": 1,
            "value": "/HTML[1]/BODY[1]/DIV[2]/DIV[2]"
          },
          {
            "id": "shield",
            "value": {
              "zIndex": "10001",
              "width": 342,
              "height": 151
            }
          }
        ]
      },
      "intendedRole": "dialog",
      "roles": "element,dialog",
      "monitored": false,
      "frameXPath": "//iframe[@name='parentDialog']<<IFRAME>>"
    },
    "control567": {
      "location": {
        "data": {
          "tagName": "DIV"
        },
        "locators": [
          {
            "id": "button/text",
            "prob": 3,
            "ordinal": [
              1,
              2
            ],
            "value": {
              "text": [
                "系统提示01r请将必填项填写完整！"
              ],
              "visText": [
                "系统提示请将必填项填写完整！"
              ]
            }
          },
          {
            "id": "text",
            "prob": 3,
            "value": {
              "text": [
                "系统提示01r请将必填项填写完整！"
              ],
              "visText": [
                "系统提示 请将必填项填写完整！"
              ]
            }
          },
          {
            "id": "@id/partialWord",
            "prob": 3,
            "value": {
              "elemId": "ym-window",
              "tagName": "DIV",
              "prefix": "",
              "suffix": "",
              "ratio": 0
            }
          },
          {
            "id": "path/ordinal",
            "prob": 1,
            "value": "/HTML[1]/BODY[1]/DIV[2]/DIV[2]"
          },
          {
            "id": "shield",
            "value": {
              "zIndex": "10001",
              "width": 342,
              "height": 151
            }
          }
        ]
      },
      "events": {
        "onGetData": "getData_control567"
      },
      "intendedRole": "custom",
      "roles": "element,custom",
      "monitored": true,
      "frameXPath": "//iframe[@name='parentDialog']<<IFRAME>>"
    }
  },
  "contexts": {
    "context24": {
      "controls": [
        "control553",
        "control554",
        "control555",
        "control556",
        "control557",
        "control558",
        "control559",
        "control560",
        "control561",
        "control562",
        "control563",
        "control564",
        "control565",
        "control566",
        "control567"
      ],
      "anchors": []
    }
  },
  "flows": {
    "flow195": {
      "toContexts": [
        {
          "toContextId": "context24"
        }
      ]
    },
    "flow200": {
      "fromContextId": "context24",
      "fromAction": "click",
      "fromControlId": "control565",
      "toContexts": [
        {
          "toContextId": "context24"
        }
      ]
    },
    "flow201": {
      "fromContextId": "context24",
      "fromAction": "click",
      "fromControlId": "control554",
      "toContexts": [
        {
          "toContextId": "context24"
        }
      ]
    },
    "flow202": {
      "fromContextId": "context24",
      "fromAction": "click",
      "fromControlId": "control566",
      "toContexts": [
        {
          "toContextId": "context24"
        }
      ]
    }
  },
  "pages": {
    "page24": {
      "contextId": "context24",
      "layout": [
        {
          "id": "uiControl588",
          "display": {
            "class": "xg_header",
            "title": "资助项目申请",
            "type": "header",
            "adapterId": "header",
            "adapter": {
              "templateType": ""
            }
          },
          "layout": [
            {
              "id": "uiControl588headerLeft",
              "display": {
                "type": "headerLeft",
                "adapterId": "headerLeft",
                "adapter": {
                  "templateType": ""
                }
              },
              "layout": []
            }
          ]
        },
        {
          "id": "uiControl607",
          "controlId": "control565",
          "display": {
            "adapterId": "clickable",
            "type": "button",
            "text": "返回\t\t\t\t\t\t\t\t",
            "class": "xg_back",
            "adapter": {
              "templateType": ""
            }
          }
        },
        {
          "id": "uiControl608",
          "controlId": "control566",
          "display": {
            "adapterId": "dialog",
            "type": "dialog",
            "class": "xg_alert",
            "adapter": {
              "templateType": ""
            }
          },
          "layout": [
            {
              "id": "uiControl608body",
              "display": {
                "type": "dialogBody",
                "adapterId": "dialogBody",
                "adapter": {
                  "templateType": ""
                }
              },
              "layout": [
                {
                  "id": "uiControl609",
                  "controlId": "control567",
                  "display": {
                    "adapterId": "custom",
                    "type": "custom",
                    "class": "",
                    "adapter": {
                      "templateType": "react",
                      "events": {
                        "onDoAction": "doAction_uiControl609",
                        "onGetTemplate": "getTemplate_uiControl609"
                      }
                    }
                  }
                }
              ]
            },
            {
              "id": "uiControl608footer",
              "display": {
                "type": "dialogFooter",
                "adapterId": "dialogFooter",
                "adapter": {
                  "templateType": ""
                }
              },
              "layout": []
            }
          ]
        },
        {
          "id": "uiControl589",
          "display": {
            "type": "card",
            "adapterId": "card",
            "class": "xg_body",
            "adapter": {
              "templateType": ""
            }
          },
          "layout": [
            {
              "id": "uiControl589body",
              "display": {
                "type": "cardBody",
                "adapterId": "cardBody",
                "adapter": {
                  "templateType": ""
                }
              },
              "layout": [
                {
                  "id": "uiControl606",
                  "controlId": "control564",
                  "display": {
                    "adapterId": "content",
                    "type": "content",
                    "class": "y_header  y_header2",
                    "text": "资助项目申请信息\t\t\t\t\t\t\t\t\t\t\t\t\t\t\t\t\t\t\t\t\t\t\t\t\t\t",
                    "adapter": {
                      "templateType": ""
                    }
                  }
                },
                {
                  "id": "uiControl605",
                  "controlId": "control563",
                  "display": {
                    "adapterId": "fragment",
                    "type": "fragment",
                    "class": "y_table_aa",
                    "adapter": {
                      "templateType": ""
                    }
                  }
                },
                {
                  "id": "uiControl594",
                  "display": {
                    "type": "card",
                    "adapterId": "card",
                    "class": "y_dor_info",
                    "adapter": {
                      "templateType": ""
                    }
                  },
                  "layout": [
                    {
                      "id": "uiControl594body",
                      "display": {
                        "type": "cardBody",
                        "adapterId": "cardBody",
                        "adapter": {
                          "templateType": ""
                        }
                      },
                      "layout": [
                        {
                          "id": "uiControl604",
                          "controlId": "control562",
                          "display": {
                            "adapterId": "fragment",
                            "type": "fragment",
                            "adapter": {
                              "templateType": ""
                            }
                          }
                        },
                        {
                          "id": "uiControl602",
                          "display": {
                            "type": "card",
                            "adapterId": "card",
                            "adapter": {
                              "templateType": ""
                            }
                          },
                          "layout": [
                            {
                              "id": "uiControl602body",
                              "display": {
                                "type": "cardBody",
                                "adapterId": "cardBody",
                                "adapter": {
                                  "templateType": ""
                                }
                              },
                              "layout": [
                                {
                                  "id": "uiControl603",
                                  "controlId": "control561",
                                  "display": {
                                    "adapterId": "fragment",
                                    "type": "fragment",
                                    "class": "y_dor_time",
                                    "adapter": {
                                      "templateType": ""
                                    }
                                  }
                                }
                              ]
                            }
                          ]
                        },
                        {
                          "id": "uiControl601",
                          "controlId": "control560",
                          "display": {
                            "adapterId": "fragment",
                            "type": "fragment",
                            "adapter": {
                              "templateType": ""
                            }
                          }
                        },
                        {
                          "id": "uiControl599",
                          "display": {
                            "type": "card",
                            "adapterId": "card",
                            "adapter": {
                              "templateType": ""
                            }
                          },
                          "layout": [
                            {
                              "id": "uiControl599body",
                              "display": {
                                "type": "cardBody",
                                "adapterId": "cardBody",
                                "adapter": {
                                  "templateType": ""
                                }
                              },
                              "layout": [
                                {
                                  "id": "uiControl600",
                                  "controlId": "control559",
                                  "display": {
                                    "adapterId": "fragment",
                                    "type": "fragment",
                                    "class": "y_dor_time",
                                    "adapter": {
                                      "templateType": ""
                                    }
                                  }
                                }
                              ]
                            }
                          ]
                        },
                        {
                          "id": "uiControl598",
                          "controlId": "control558",
                          "display": {
                            "adapterId": "fragment",
                            "type": "fragment",
                            "class": "y_dor_no",
                            "adapter": {
                              "templateType": ""
                            }
                          }
                        },
                        {
                          "id": "uiControl596",
                          "display": {
                            "type": "card",
                            "adapterId": "card",
                            "class": "y_dor_textarea",
                            "adapter": {
                              "templateType": ""
                            }
                          },
                          "layout": [
                            {
                              "id": "uiControl596body",
                              "display": {
                                "type": "cardBody",
                                "adapterId": "cardBody",
                                "adapter": {
                                  "templateType": ""
                                }
                              },
                              "layout": [
                                {
                                  "id": "uiControl597",
                                  "controlId": "control557",
                                  "display": {
                                    "adapterId": "textbox",
                                    "type": "textbox",
                                    "placeholder": "限200字",
                                    "adapter": {
                                      "templateType": ""
                                    }
                                  }
                                }
                              ]
                            }
                          ]
                        },
                        {
                          "id": "uiControl595",
                          "controlId": "control556",
                          "display": {
                            "adapterId": "fragment",
                            "type": "fragment",
                            "class": "y_note",
                            "adapter": {
                              "templateType": ""
                            }
                          }
                        }
                      ]
                    }
                  ]
                },
                {
                  "id": "uiControl590",
                  "display": {
                    "type": "card",
                    "adapterId": "card",
                    "class": "xg_three_btn",
                    "adapter": {
                      "templateType": ""
                    }
                  },
                  "layout": [
                    {
                      "id": "uiControl590body",
                      "display": {
                        "type": "cardBody",
                        "adapterId": "cardBody",
                        "adapter": {
                          "templateType": ""
                        }
                      },
                      "layout": [
                        {
                          "id": "uiControl591",
                          "controlId": "control553",
                          "display": {
                            "adapterId": "clickable",
                            "type": "button",
                            "adapter": {
                              "templateType": ""
                            }
                          }
                        },
                        {
                          "id": "uiControl592",
                          "controlId": "control554",
                          "display": {
                            "adapterId": "clickable",
                            "type": "button",
                            "adapter": {
                              "templateType": ""
                            }
                          }
                        },
                        {
                          "id": "uiControl593",
                          "controlId": "control555",
                          "display": {
                            "adapterId": "clickable",
                            "type": "button",
                            "adapter": {
                              "templateType": ""
                            }
                          }
                        }
                      ]
                    }
                  ]
                }
              ]
            }
          ]
        }
      ]
    }
  },
  "matchers": {
    "page/title": {
      "contexts": {
        "context24": [
          ""
        ]
      }
    },
    "page/urls": {
      "contexts": {
        "context24": [
          "42.247.16.108/xgxt/xszz_sqsh_xmsq_stu.do",
          ""
        ]
      }
    },
    "page/ids": {
      "contexts": {
        "context24": [
          [],
          [
            "commonfileupload",
            "commonfileupload-list",
            "commonfileupload_wrap",
            "loading",
            "tips",
            "xmInfo",
            "ylzd"
          ]
        ]
      }
    },
    "page/classes": {
      "contexts": {
        "context24": [
          [],
          [
            "MultiFile-applied",
            "MultiFile-wrap",
            "con_overlfow",
            "dateline",
            "loading"
          ]
        ]
      }
    },
    "page/tagTriplets": {
      "contexts": {
        "context24": [
          [
            "-/-/TR",
            "-/TR/TH",
            "TR/TH/SPAN"
          ],
          [
            "-/-/TBODY",
            "-/-/THEAD",
            "-/TBODY/TR",
            "-/THEAD/TR",
            "DIV/TABLE/TBODY",
            "DIV/TABLE/THEAD",
            "TABLE/TBODY/TR",
            "TABLE/THEAD/TR",
            "TBODY/TR/TD",
            "TBODY/TR/TH",
            "TD/DIV/INPUT-file",
            "TD/DIV/SPAN",
            "TD/DIV/TABLE",
            "TD/SPAN/BR",
            "THEAD/TR/TD",
            "THEAD/TR/TH",
            "TR/TD/DIV",
            "TR/TD/INPUT-hidden",
            "TR/TD/SCRIPT",
            "TR/TD/SPAN",
            "TR/TD/TEXTAREA",
            "TR/TH/BR",
            "TR/TH/FONT",
            "TR/TH/SPAN"
          ]
        ]
      }
    }
  }
}