{
  "version": "0.1",
  "id": "Results_statistical",
  "targetURL": "http://117.35.118.209/Xscjcx.aspx?xh=121111&xm=%CA%A2%BE%B2%BE%B2&gnmkdm=N121613",
  "jsFile": "../../lib/base.js,../../lib/customTemplate.js,index.js",
  "cssFile": "../../lib/base.css,index.css",
  "requires": {
    "s_index": "../s_index/index.json"
  },
  "chineseName": "信息查询成绩统计",
  "description": "信息查询成绩统计",
  "controls": {
    "control0": {
      "location": {
        "data": {
          "tagName": "SPAN"
        },
        "locators": [
          {
            "id": "button/text",
            "prob": 3,
            "value": {
              "text": [
                "学年:"
              ],
              "visText": [
                "学年:"
              ]
            }
          },
          {
            "id": "text",
            "prob": 3,
            "value": {
              "text": [
                "学年:"
              ],
              "visText": [
                "学年:"
              ]
            }
          },
          {
            "id": "@id/word",
            "prob": 2,
            "value": [
              "descendant::DIV[@id=\"tabHidden\"]/DIV[2]/P[1]/SPAN[1]",
              "descendant::DIV[@id=\"tabHidden\"]//SPAN"
            ]
          },
          {
            "id": "@class/word",
            "prob": 1,
            "ordinal": [
              0,
              3
            ],
            "value": "DIV.toolbox DIV.searchbox P.search_con SPAN"
          },
          {
            "id": "path/ordinal",
            "prob": 1,
            "value": "/HTML[1]/BODY[1]/FORM[1]/DIV[1]/DIV[2]/P[1]/SPAN[1]"
          },
          {
            "id": "style/color",
            "value": [
              17,
              68,
              158
            ]
          },
          {
            "id": "elderLevel",
            "value": {
              "level": 0
            }
          },
          {
            "id": "shield",
            "value": {
              "zIndex": "auto",
              "width": 29,
              "height": 15
            }
          }
        ]
      },
      "roles": "element",
      "content": true,
      "monitored": false
    },
    "control1": {
      "location": {
        "data": {
          "tagName": "SELECT"
        },
        "locators": [
          {
            "id": "button/text",
            "prob": 3,
            "value": {
              "text": [
                "2015-2016 2014-2015 2013-2014 2012-2013"
              ],
              "visText": [
                ""
              ]
            }
          },
          {
            "id": "text",
            "prob": 3,
            "value": {
              "text": [
                "2015-2016 2014-2015 2013-2014 2012-2013"
              ],
              "visText": [
                ""
              ]
            }
          },
          {
            "id": "elem/@name",
            "prob": 2,
            "value": "descendant::SELECT[@name=\"ddlXN\"]"
          },
          {
            "id": "@id/word",
            "prob": 3,
            "value": [
              "descendant::DIV[@id=\"tabHidden\"]//SELECT[@id=\"ddlXN\"]",
              "descendant::SELECT[@id=\"ddlXN\"]"
            ]
          },
          {
            "id": "@class/word",
            "prob": 1,
            "ordinal": [
              0,
              3
            ],
            "value": "DIV.toolbox DIV.searchbox P.search_con SELECT"
          },
          {
            "id": "path/ordinal",
            "prob": 1,
            "value": "/HTML[1]/BODY[1]/FORM[1]/DIV[1]/DIV[2]/P[1]/SELECT[1]"
          },
          {
            "id": "input/type",
            "verifyEnabled": true,
            "value": "select-one"
          },
          {
            "id": "shield",
            "value": {
              "zIndex": "auto",
              "width": 93,
              "height": 19
            }
          }
        ]
      },
      "intendedRole": "listbox",
      "roles": "element,listbox",
      "monitored": true
    },
    "control2": {
      "location": {
        "data": {
          "tagName": "SPAN"
        },
        "locators": [
          {
            "id": "button/text",
            "prob": 3,
            "value": {
              "text": [
                "学期"
              ],
              "visText": [
                "学期"
              ]
            }
          },
          {
            "id": "text",
            "prob": 3,
            "value": {
              "text": [
                "学期"
              ],
              "visText": [
                "学期"
              ]
            }
          },
          {
            "id": "@id/word",
            "prob": 2,
            "value": [
              "descendant::DIV[@id=\"tabHidden\"]/DIV[2]/P[1]/SPAN[2]",
              "descendant::DIV[@id=\"tabHidden\"]//SPAN"
            ]
          },
          {
            "id": "@class/word",
            "prob": 1,
            "ordinal": [
              1,
              3
            ],
            "value": "DIV.toolbox DIV.searchbox P.search_con SPAN"
          },
          {
            "id": "path/ordinal",
            "prob": 1,
            "value": "/HTML[1]/BODY[1]/FORM[1]/DIV[1]/DIV[2]/P[1]/SPAN[2]"
          },
          {
            "id": "style/color",
            "value": [
              17,
              68,
              158
            ]
          },
          {
            "id": "elderLevel",
            "value": {
              "level": 0
            }
          },
          {
            "id": "shield",
            "value": {
              "zIndex": "auto",
              "width": 24,
              "height": 15
            }
          }
        ]
      },
      "roles": "element",
      "content": true,
      "monitored": false
    },
    "control3": {
      "location": {
        "data": {
          "tagName": "SELECT"
        },
        "locators": [
          {
            "id": "button/text",
            "prob": 3,
            "value": {
              "text": [
                "1 2 3"
              ],
              "visText": [
                ""
              ]
            }
          },
          {
            "id": "text",
            "prob": 3,
            "value": {
              "text": [
                "1 2 3"
              ],
              "visText": [
                ""
              ]
            }
          },
          {
            "id": "elem/@name",
            "prob": 2,
            "value": "descendant::SELECT[@name=\"ddlXQ\"]"
          },
          {
            "id": "@id/word",
            "prob": 3,
            "value": [
              "descendant::DIV[@id=\"tabHidden\"]//SELECT[@id=\"ddlXQ\"]",
              "descendant::SELECT[@id=\"ddlXQ\"]"
            ]
          },
          {
            "id": "@class/word",
            "prob": 1,
            "ordinal": [
              1,
              3
            ],
            "value": "DIV.toolbox DIV.searchbox P.search_con SELECT"
          },
          {
            "id": "path/ordinal",
            "prob": 1,
            "value": "/HTML[1]/BODY[1]/FORM[1]/DIV[1]/DIV[2]/P[1]/SELECT[2]"
          },
          {
            "id": "input/type",
            "verifyEnabled": true,
            "value": "select-one"
          },
          {
            "id": "shield",
            "value": {
              "zIndex": "auto",
              "width": 32,
              "height": 19
            }
          }
        ]
      },
      "intendedRole": "listbox",
      "roles": "element,listbox",
      "monitored": true
    },
    "control8": {
      "location": {
        "data": {
          "tagName": "SPAN"
        },
        "locators": [
          {
            "id": "button/text",
            "prob": 3,
            "value": {
              "text": [
                "课程性质"
              ],
              "visText": [
                "课程性质"
              ]
            }
          },
          {
            "id": "text",
            "prob": 3,
            "value": {
              "text": [
                "课程性质"
              ],
              "visText": [
                "课程性质"
              ]
            }
          },
          {
            "id": "@id/word",
            "prob": 2,
            "value": [
              "descendant::DIV[@id=\"tabHidden\"]/DIV[2]/P[1]/SPAN[3]",
              "descendant::DIV[@id=\"tabHidden\"]//SPAN"
            ]
          },
          {
            "id": "@class/word",
            "prob": 1,
            "ordinal": [
              2,
              3
            ],
            "value": "DIV.toolbox DIV.searchbox P.search_con SPAN"
          },
          {
            "id": "path/ordinal",
            "prob": 1,
            "value": "/HTML[1]/BODY[1]/FORM[1]/DIV[1]/DIV[2]/P[1]/SPAN[3]"
          },
          {
            "id": "style/color",
            "value": [
              17,
              68,
              158
            ]
          },
          {
            "id": "elderLevel",
            "value": {
              "level": 0
            }
          },
          {
            "id": "shield",
            "value": {
              "zIndex": "auto",
              "width": 48,
              "height": 15
            }
          }
        ]
      },
      "roles": "element",
      "content": true,
      "monitored": false
    },
    "control9": {
      "location": {
        "data": {
          "tagName": "SELECT"
        },
        "locators": [
          {
            "id": "text",
            "prob": 3,
            "value": {
              "text": [
                "公共选修课 公共必修课 学科专业基础课 专业必修课 专业方向课 专业选修课 通识集中实践 专业集中实践 第二课堂 公共限选课 博雅讲座"
              ],
              "visText": [
                ""
              ]
            }
          },
          {
            "id": "elem/@name",
            "prob": 2,
            "value": "descendant::SELECT[@name=\"ddl_kcxz\"]"
          },
          {
            "id": "@id/word",
            "prob": 3,
            "value": [
              "descendant::DIV[@id=\"tabHidden\"]//SELECT[@id=\"ddl_kcxz\"]",
              "descendant::SELECT[@id=\"ddl_kcxz\"]"
            ]
          },
          {
            "id": "@class/word",
            "prob": 1,
            "ordinal": [
              2,
              3
            ],
            "value": "DIV.toolbox DIV.searchbox P.search_con SELECT"
          },
          {
            "id": "path/ordinal",
            "prob": 1,
            "value": "/HTML[1]/BODY[1]/FORM[1]/DIV[1]/DIV[2]/P[1]/SELECT[3]"
          },
          {
            "id": "input/type",
            "verifyEnabled": true,
            "value": "select-one"
          },
          {
            "id": "shield",
            "value": {
              "zIndex": "auto",
              "width": 108,
              "height": 19
            }
          }
        ]
      },
      "intendedRole": "listbox",
      "roles": "element,listbox",
      "monitored": true
    },
    "control11": {
      "location": {
        "data": {
          "tagName": "B"
        },
        "locators": [
          {
            "id": "button/text",
            "prob": 3,
            "value": {
              "text": [
                "所选学分162.40；获得学分129；重修学分0；正考未通过学分 64。"
              ],
              "visText": [
                "所选学分162.40；获得学分129；重修学分0；正考未通过学分 64。"
              ]
            }
          },
          {
            "id": "text",
            "prob": 3,
            "value": {
              "text": [
                "所选学分162.40；获得学分129；重修学分0；正考未通过学分 64。"
              ],
              "visText": [
                "所选学分162.40；获得学分129；重修学分0；正考未通过学分 64。"
              ]
            }
          },
          {
            "id": "@id/word",
            "prob": 2,
            "value": [
              "descendant::DIV[@id=\"divNotPs\"]//SPAN[@id=\"xftj\"]/B[1]",
              "descendant::DIV[@id=\"divNotPs\"]//SPAN[@id=\"xftj\"]//B",
              "descendant::SPAN[@id=\"xftj\"]//B"
            ]
          },
          {
            "id": "@class/word",
            "prob": 1,
            "ordinal": [
              1,
              11
            ],
            "value": "DIV.main_box DIV.mid_box SPAN.formbox SPAN B"
          },
          {
            "id": "path/ordinal",
            "prob": 1,
            "value": "/HTML[1]/BODY[1]/FORM[1]/DIV[2]/DIV[1]/SPAN[1]/DIV[1]/SPAN[1]/B[1]"
          },
          {
            "id": "style/color",
            "value": [
              17,
              68,
              158
            ]
          },
          {
            "id": "shield",
            "value": {
              "zIndex": "auto",
              "width": 406,
              "height": 15
            }
          }
        ]
      },
      "roles": "element",
      "content": true,
      "monitored": false
    },
    "control12": {
      "location": {
        "data": {
          "tagName": "TABLE"
        },
        "locators": [
          {
            "id": "text",
            "prob": 3,
            "value": {
              "text": [
                "课程性质名称学分要求获得学分未通过学分还需学分 公共选修课0300 公共必修课051.4000 学科专业基础课023.7000 专业必修课031.6040 专业方向课010.508.900 专业集中实践08.8020.500"
              ],
              "visText": [
                "课程性质名称 学分要求 获得学分 未通过学分 还需学分 公共选修课 0 3 0 0 公共必修课 0 51.40 0 0 学科专业基础课 0 23.70 0 0 专业必修课 0 31.60 4 0 专业方向课 0 10.50 8.90 0 专业集中实践 0 8.80 20.50 0"
              ]
            }
          },
          {
            "id": "@id/word",
            "prob": 2,
            "value": [
              "descendant::DIV[@id=\"divNotPs\"]/TABLE[1]/TBODY[1]/TR[1]/TD[1]/TABLE[1]",
              "descendant::DIV[@id=\"divNotPs\"]//TABLE"
            ]
          },
          {
            "id": "@class/word",
            "prob": 1,
            "ordinal": [
              0,
              3
            ],
            "value": "SPAN.formbox TABLE.formlist TABLE.datelist"
          },
          {
            "id": "path/ordinal",
            "prob": 1,
            "value": "/HTML[1]/BODY[1]/FORM[1]/DIV[2]/DIV[1]/SPAN[1]/DIV[1]/TABLE[1]/TBODY[1]/TR[1]/TD[1]/TABLE[1]"
          },
          {
            "id": "style/color",
            "value": [
              95,
              116,
              133
            ]
          },
          {
            "id": "shield",
            "value": {
              "zIndex": "auto",
              "width": 506,
              "height": 144
            }
          }
        ]
      },
      "intendedRole": "fragment",
      "roles": "element,fragment",
      "monitored": false
    },
    "control13": {
      "location": {
        "data": {
          "tagName": "TABLE"
        },
        "locators": [
          {
            "id": "text",
            "prob": 3,
            "value": {
              "text": [
                "课程归属名称学分要求获得学分未通过学分还需学分 公共体育必修0000 人文素养与品德0000 身心素质与乐群合作0000 科技文明与生态环境0000 艺术鉴赏与审美0000 国际视野与交流0000 技术应用与创新0000 性别教育0000 跨文化选修(留学生)0000 SAP课程0000 体育卫生0000 博雅讲座0000"
              ],
              "visText": [
                "课程归属名称 学分要求 获得学分 未通过学分 还需学分 公共体育必修 0 0 0 0 人文素养与品德 0 0 0 0 身心素质与乐群合作 0 0 0 0 科技文明与生态环境 0 0 0 0 艺术鉴赏与审美 0 0 0 0 国际视野与交流 0 0 0 0 技术应用与创新 0 0 0 0 性别教育 0 0 0 0 跨文化选修(留学生) 0 0 0 0 SAP课程 0 0 0 0 体育卫生 0 0 0 0 博雅讲座 0 0 0 0"
              ]
            }
          },
          {
            "id": "@id/word",
            "prob": 2,
            "value": [
              "descendant::DIV[@id=\"divNotPs\"]/TABLE[1]/TBODY[1]/TR[1]/TD[2]/TABLE[1]",
              "descendant::DIV[@id=\"divNotPs\"]//TABLE"
            ]
          },
          {
            "id": "@class/word",
            "prob": 1,
            "ordinal": [
              1,
              3
            ],
            "value": "SPAN.formbox TABLE.formlist TABLE.datelist"
          },
          {
            "id": "path/ordinal",
            "prob": 1,
            "value": "/HTML[1]/BODY[1]/FORM[1]/DIV[2]/DIV[1]/SPAN[1]/DIV[1]/TABLE[1]/TBODY[1]/TR[1]/TD[2]/TABLE[1]"
          },
          {
            "id": "style/color",
            "value": [
              95,
              116,
              133
            ]
          },
          {
            "id": "shield",
            "value": {
              "zIndex": "auto",
              "width": 482,
              "height": 328
            }
          }
        ]
      },
      "intendedRole": "fragment",
      "roles": "element,fragment",
      "monitored": false
    },
    "control15": {
      "location": {
        "data": {
          "tagName": "TR"
        },
        "locators": [
          {
            "id": "button/text",
            "prob": 3,
            "value": {
              "text": [
                "本专业共153人 所有课程平均学分绩点：1.53 学分绩点总和：249.27"
              ],
              "visText": [
                "本专业共153人 所有课程平均学分绩点：1.53 学分绩点总和：249.27"
              ]
            }
          },
          {
            "id": "text",
            "prob": 3,
            "value": {
              "text": [
                "本专业共153人 所有课程平均学分绩点：1.53 学分绩点总和：249.27"
              ],
              "visText": [
                "本专业共153人 所有课程平均学分绩点：1.53 学分绩点总和：249.27"
              ]
            }
          },
          {
            "id": "@id/word",
            "prob": 2,
            "value": "descendant::DIV[@id=\"divNotPs\"]/TABLE[1]/TBODY[1]/TR[6]"
          },
          {
            "id": "@class/word",
            "prob": 1,
            "ordinal": [
              31,
              33
            ],
            "value": "DIV.mid_box SPAN.formbox TABLE.formlist TBODY TR"
          },
          {
            "id": "path/ordinal",
            "prob": 1,
            "value": "/HTML[1]/BODY[1]/FORM[1]/DIV[2]/DIV[1]/SPAN[1]/DIV[1]/TABLE[1]/TBODY[1]/TR[6]"
          },
          {
            "id": "style/color",
            "value": [
              17,
              68,
              158
            ]
          },
          {
            "id": "shield",
            "value": {
              "zIndex": "auto",
              "width": 1014,
              "height": 28
            }
          }
        ]
      },
      "intendedRole": "fragment",
      "roles": "element,fragment",
      "monitored": false
    },
    "control16": {
      "location": {
        "data": {
          "tagName": "TABLE"
        },
        "locators": [
          {
            "id": "text",
            "prob": 3,
            "value": {
              "text": [
                "学号：121111 姓名：盛静静 学院：艺术设计学院 专业： 环境艺术设计 专业方向： 行政班：环艺1201"
              ],
              "visText": [
                "学号：121111 姓名：盛静静 学院：艺术设计学院 专业： 环境艺术设计 专业方向： 行政班：环艺1201"
              ]
            }
          },
          {
            "id": "@id/partialWord",
            "prob": 1,
            "disabled": true,
            "value": {
              "elemId": "Form1",
              "tagName": "FORM",
              "prefix": "",
              "suffix": "/DIV[2]/DIV[1]/SPAN[1]",
              "ratio": 0.902
            }
          },
          {
            "id": "@class/word",
            "prob": 1,
            "ordinal": [
              0,
              2
            ],
            "value": "DIV.mid_box SPAN.formbox TABLE.formlist"
          },
          {
            "id": "path/ordinal",
            "prob": 1,
            "value": "/HTML[1]/BODY[1]/FORM[1]/DIV[2]/DIV[1]/SPAN[1]/TABLE[1]"
          },
          {
            "id": "style/color",
            "value": [
              17,
              68,
              158
            ]
          },
          {
            "id": "shield",
            "value": {
              "zIndex": "auto",
              "width": 862,
              "height": 112
            }
          }
        ]
      },
      "intendedRole": "fragment",
      "roles": "element,fragment",
      "monitored": false
    },
    "control17": {
      "location": {
        "data": {
          "tagName": "INPUT"
        },
        "locators": [
          {
            "id": "input/@value",
            "prob": 1,
            "value": {
              "text": [
                "学期成绩"
              ]
            }
          },
          {
            "id": "input/button/@value",
            "prob": 3,
            "value": {
              "text": [
                "学期成绩"
              ]
            }
          },
          {
            "id": "elem/@name",
            "prob": 2,
            "value": "descendant::INPUT[@name=\"btn_xq\"]"
          },
          {
            "id": "@id/word",
            "prob": 3,
            "value": [
              "descendant::DIV[@id=\"tabHidden\"]//INPUT[@id=\"btn_xq\"]",
              "descendant::INPUT[@id=\"btn_xq\"]"
            ]
          },
          {
            "id": "@class/word",
            "prob": 1,
            "ordinal": [
              0,
              7
            ],
            "value": "DIV.searchbox P.search_con INPUT.button"
          },
          {
            "id": "path/ordinal",
            "prob": 1,
            "value": "/HTML[1]/BODY[1]/FORM[1]/DIV[1]/DIV[3]/P[1]/INPUT[1]"
          },
          {
            "id": "input/type",
            "verifyEnabled": true,
            "value": "submit"
          },
          {
            "id": "elderLevel",
            "value": {
              "level": 0
            }
          },
          {
            "id": "shield",
            "value": {
              "zIndex": "auto",
              "width": 67.609375,
              "height": 20
            }
          }
        ]
      },
      "intendedRole": "button",
      "roles": "element,button",
      "monitored": false
    },
    "control18": {
      "location": {
        "data": {
          "tagName": "INPUT"
        },
        "locators": [
          {
            "id": "input/@value",
            "prob": 1,
            "value": {
              "text": [
                "学年成绩"
              ]
            }
          },
          {
            "id": "input/button/@value",
            "prob": 3,
            "value": {
              "text": [
                "学年成绩"
              ]
            }
          },
          {
            "id": "elem/@name",
            "prob": 2,
            "value": "descendant::INPUT[@name=\"btn_xn\"]"
          },
          {
            "id": "@id/word",
            "prob": 3,
            "value": [
              "descendant::DIV[@id=\"tabHidden\"]//INPUT[@id=\"btn_xn\"]",
              "descendant::INPUT[@id=\"btn_xn\"]"
            ]
          },
          {
            "id": "@class/word",
            "prob": 1,
            "ordinal": [
              1,
              7
            ],
            "value": "DIV.searchbox P.search_con INPUT.button"
          },
          {
            "id": "path/ordinal",
            "prob": 1,
            "value": "/HTML[1]/BODY[1]/FORM[1]/DIV[1]/DIV[3]/P[1]/INPUT[2]"
          },
          {
            "id": "input/type",
            "verifyEnabled": true,
            "value": "submit"
          },
          {
            "id": "elderLevel",
            "value": {
              "level": 0
            }
          },
          {
            "id": "shield",
            "value": {
              "zIndex": "auto",
              "width": 67.609375,
              "height": 20
            }
          }
        ]
      },
      "intendedRole": "button",
      "roles": "element,button",
      "monitored": false
    },
    "control19": {
      "location": {
        "data": {
          "tagName": "INPUT"
        },
        "locators": [
          {
            "id": "input/@value",
            "prob": 1,
            "value": {
              "text": [
                "历年成绩"
              ]
            }
          },
          {
            "id": "input/button/@value",
            "prob": 3,
            "value": {
              "text": [
                "历年成绩"
              ]
            }
          },
          {
            "id": "elem/@name",
            "prob": 2,
            "value": "descendant::INPUT[@name=\"btn_zcj\"]"
          },
          {
            "id": "@id/word",
            "prob": 3,
            "value": [
              "descendant::DIV[@id=\"tabHidden\"]//INPUT[@id=\"btn_zcj\"]",
              "descendant::INPUT[@id=\"btn_zcj\"]"
            ]
          },
          {
            "id": "@class/word",
            "prob": 1,
            "ordinal": [
              2,
              7
            ],
            "value": "DIV.searchbox P.search_con INPUT.button"
          },
          {
            "id": "path/ordinal",
            "prob": 1,
            "value": "/HTML[1]/BODY[1]/FORM[1]/DIV[1]/DIV[3]/P[1]/INPUT[3]"
          },
          {
            "id": "input/type",
            "verifyEnabled": true,
            "value": "submit"
          },
          {
            "id": "elderLevel",
            "value": {
              "level": 0
            }
          },
          {
            "id": "shield",
            "value": {
              "zIndex": "auto",
              "width": 67.609375,
              "height": 20
            }
          }
        ]
      },
      "intendedRole": "button",
      "roles": "element,button",
      "monitored": false
    },
    "control20": {
      "location": {
        "data": {
          "tagName": "INPUT"
        },
        "locators": [
          {
            "id": "input/@value",
            "prob": 1,
            "value": {
              "text": [
                "课程最高成绩"
              ]
            }
          },
          {
            "id": "input/button/@value",
            "prob": 3,
            "value": {
              "text": [
                "课程最高成绩"
              ]
            }
          },
          {
            "id": "elem/@name",
            "prob": 2,
            "value": "descendant::INPUT[@name=\"btn_zg\"]"
          },
          {
            "id": "@id/word",
            "prob": 3,
            "value": [
              "descendant::DIV[@id=\"tabHidden\"]//INPUT[@id=\"btn_zg\"]",
              "descendant::INPUT[@id=\"btn_zg\"]"
            ]
          },
          {
            "id": "@class/word",
            "prob": 1,
            "ordinal": [
              3,
              7
            ],
            "value": "DIV.searchbox P.search_con INPUT.button"
          },
          {
            "id": "path/ordinal",
            "prob": 1,
            "value": "/HTML[1]/BODY[1]/FORM[1]/DIV[1]/DIV[3]/P[1]/INPUT[4]"
          },
          {
            "id": "input/type",
            "verifyEnabled": true,
            "value": "submit"
          },
          {
            "id": "elderLevel",
            "value": {
              "level": 0
            }
          },
          {
            "id": "shield",
            "value": {
              "zIndex": "auto",
              "width": 96.40625,
              "height": 20
            }
          }
        ]
      },
      "intendedRole": "button",
      "roles": "element,button",
      "monitored": false
    },
    "control21": {
      "location": {
        "data": {
          "tagName": "INPUT"
        },
        "locators": [
          {
            "id": "input/@value",
            "prob": 1,
            "value": {
              "text": [
                "未通过成绩"
              ]
            }
          },
          {
            "id": "input/button/@value",
            "prob": 3,
            "value": {
              "text": [
                "未通过成绩"
              ]
            }
          },
          {
            "id": "elem/@name",
            "prob": 1,
            "value": "descendant::INPUT[@name=\"Button2\"]"
          },
          {
            "id": "@id/word",
            "prob": 2,
            "value": [
              "descendant::DIV[@id=\"tabHidden\"]/DIV[3]/P[1]/INPUT[5]",
              "descendant::DIV[@id=\"tabHidden\"]//INPUT"
            ]
          },
          {
            "id": "@class/word",
            "prob": 1,
            "ordinal": [
              4,
              7
            ],
            "value": "DIV.searchbox P.search_con INPUT.button"
          },
          {
            "id": "path/ordinal",
            "prob": 1,
            "value": "/HTML[1]/BODY[1]/FORM[1]/DIV[1]/DIV[3]/P[1]/INPUT[5]"
          },
          {
            "id": "input/type",
            "verifyEnabled": true,
            "value": "submit"
          },
          {
            "id": "elderLevel",
            "value": {
              "level": 0
            }
          },
          {
            "id": "shield",
            "value": {
              "zIndex": "auto",
              "width": 82,
              "height": 20
            }
          }
        ]
      },
      "intendedRole": "button",
      "roles": "element,button",
      "monitored": false
    },
    "control22": {
      "location": {
        "data": {
          "tagName": "INPUT"
        },
        "locators": [
          {
            "id": "input/@value",
            "prob": 1,
            "value": {
              "text": [
                "成绩统计"
              ]
            }
          },
          {
            "id": "input/button/@value",
            "prob": 3,
            "value": {
              "text": [
                "成绩统计"
              ]
            }
          },
          {
            "id": "elem/@name",
            "prob": 1,
            "value": "descendant::INPUT[@name=\"Button1\"]"
          },
          {
            "id": "@id/word",
            "prob": 2,
            "value": [
              "descendant::DIV[@id=\"tabHidden\"]/DIV[3]/P[1]/INPUT[6]",
              "descendant::DIV[@id=\"tabHidden\"]//INPUT"
            ]
          },
          {
            "id": "@class/word",
            "prob": 1,
            "ordinal": [
              5,
              7
            ],
            "value": "DIV.searchbox P.search_con INPUT.button"
          },
          {
            "id": "path/ordinal",
            "prob": 1,
            "value": "/HTML[1]/BODY[1]/FORM[1]/DIV[1]/DIV[3]/P[1]/INPUT[6]"
          },
          {
            "id": "input/type",
            "verifyEnabled": true,
            "value": "submit"
          },
          {
            "id": "elderLevel",
            "value": {
              "level": 0
            }
          },
          {
            "id": "shield",
            "value": {
              "zIndex": "auto",
              "width": 67.609375,
              "height": 20
            }
          }
        ]
      },
      "intendedRole": "button",
      "roles": "element,button",
      "monitored": false
    },
    "control23": {
      "location": {
        "data": {
          "tagName": "TABLE"
        },
        "locators": [
          {
            "id": "button/text",
            "prob": 3,
            "value": {
              "text": [
                "学年学期获得学分不及格课程及学分未通过学分是否警告 合计 次"
              ],
              "visText": [
                "学年学期获得学分不及格课程及学分未通过学分是否警告 合计 次"
              ]
            }
          },
          {
            "id": "text",
            "prob": 3,
            "value": {
              "text": [
                "学年学期获得学分不及格课程及学分未通过学分是否警告 合计 次"
              ],
              "visText": [
                "学年 学期 获得学分 不及格课程及学分 未通过学分 是否警告 合计 次"
              ]
            }
          },
          {
            "id": "@id/word",
            "prob": 2,
            "value": [
              "descendant::DIV[@id=\"divNotPs\"]/TABLE[1]/TBODY[1]/TR[3]/TD[1]/TABLE[1]",
              "descendant::DIV[@id=\"divNotPs\"]//TABLE"
            ]
          },
          {
            "id": "@class/word",
            "prob": 1,
            "ordinal": [
              2,
              3
            ],
            "value": "SPAN.formbox TABLE.formlist TABLE.datelist"
          },
          {
            "id": "path/ordinal",
            "prob": 1,
            "value": "/HTML[1]/BODY[1]/FORM[1]/DIV[2]/DIV[1]/SPAN[1]/DIV[1]/TABLE[1]/TBODY[1]/TR[3]/TD[1]/TABLE[1]"
          },
          {
            "id": "style/color",
            "value": [
              95,
              116,
              133
            ]
          },
          {
            "id": "shield",
            "value": {
              "zIndex": "auto",
              "width": 848,
              "height": 53
            }
          }
        ]
      },
      "intendedRole": "fragment",
      "roles": "element,fragment",
      "monitored": false
    },
    "control24": {
      "location": {
        "data": {
          "tagName": "TR"
        },
        "locators": [
          {
            "id": "button/text",
            "prob": 3,
            "value": {
              "text": [
                "本专业共153人 所有课程平均学分绩点：1.53 学分绩点总和：249.27"
              ],
              "visText": [
                "本专业共153人 所有课程平均学分绩点：1.53 学分绩点总和：249.27"
              ]
            }
          },
          {
            "id": "text",
            "prob": 3,
            "value": {
              "text": [
                "本专业共153人 所有课程平均学分绩点：1.53 学分绩点总和：249.27"
              ],
              "visText": [
                "本专业共153人 所有课程平均学分绩点：1.53 学分绩点总和：249.27"
              ]
            }
          },
          {
            "id": "@id/word",
            "prob": 2,
            "value": "descendant::DIV[@id=\"divNotPs\"]/TABLE[1]/TBODY[1]/TR[6]"
          },
          {
            "id": "@class/word",
            "prob": 1,
            "ordinal": [
              31,
              33
            ],
            "value": "DIV.mid_box SPAN.formbox TABLE.formlist TBODY TR"
          },
          {
            "id": "path/ordinal",
            "prob": 1,
            "value": "/HTML[1]/BODY[1]/FORM[1]/DIV[2]/DIV[1]/SPAN[1]/DIV[1]/TABLE[1]/TBODY[1]/TR[6]"
          },
          {
            "id": "style/color",
            "value": [
              17,
              68,
              158
            ]
          },
          {
            "id": "shield",
            "value": {
              "zIndex": "auto",
              "width": 861,
              "height": 28
            }
          }
        ]
      },
      "intendedRole": "fragment",
      "roles": "element,fragment",
      "monitored": false
    },
    "control25": {
      "location": {
        "data": {
          "tagName": "INPUT"
        },
        "locators": [
          {
            "id": "input/@value",
            "prob": 1,
            "value": {
              "text": [
                "学期成绩"
              ]
            }
          },
          {
            "id": "input/button/@value",
            "prob": 3,
            "value": {
              "text": [
                "学期成绩"
              ]
            }
          },
          {
            "id": "elem/@name",
            "prob": 2,
            "value": "descendant::INPUT[@name=\"btn_xq\"]"
          },
          {
            "id": "@id/word",
            "prob": 3,
            "value": [
              "descendant::DIV[@id=\"tabHidden\"]//INPUT[@id=\"btn_xq\"]",
              "descendant::INPUT[@id=\"btn_xq\"]"
            ]
          },
          {
            "id": "@class/word",
            "prob": 1,
            "ordinal": [
              0,
              7
            ],
            "value": "DIV.searchbox P.search_con INPUT.button"
          },
          {
            "id": "path/ordinal",
            "prob": 1,
            "value": "/HTML[1]/BODY[1]/FORM[1]/DIV[1]/DIV[3]/P[1]/INPUT[1]"
          },
          {
            "id": "input/type",
            "verifyEnabled": true,
            "value": "submit"
          },
          {
            "id": "elderLevel",
            "value": {
              "level": 0
            }
          },
          {
            "id": "shield",
            "value": {
              "zIndex": "auto",
              "width": 67.609375,
              "height": 20
            }
          }
        ]
      },
      "events": {
        "onGetData": "getData_control25"
      },
      "intendedRole": "custom",
      "roles": "element,button,custom",
      "monitored": false
    },
    "control27": {
      "location": {
        "data": {
          "tagName": "BODY"
        },
        "locators": [
          {
            "id": "@class/word",
            "prob": 1,
            "value": "HTML.ext-strict BODY.ext-webkit"
          },
          {
            "id": "path/ordinal",
            "prob": 1,
            "value": "/HTML[1]/BODY[1]"
          },
          {
            "id": "style/color",
            "value": [
              17,
              68,
              158
            ]
          },
          {
            "id": "shield",
            "value": {
              "zIndex": "auto",
              "width": 881,
              "height": 683
            }
          }
        ]
      },
      "events": {
        "onGetData": "getData_control27"
      },
      "intendedRole": "custom",
      "roles": "element,link,custom",
      "monitored": false
    },
    "control28": {
      "location": {
        "data": {
          "tagName": "IMG"
        },
        "locators": [
          {
            "id": "@alt",
            "prob": 2,
            "value": {
              "text": [
                "学生条形码"
              ]
            }
          },
          {
            "id": "img/@src",
            "prob": 1,
            "value": {
              "pathname": "/excel/121111.jpg"
            }
          },
          {
            "id": "@id/word",
            "prob": 2,
            "value": [
              "descendant::DIV[@id=\"divNotPs\"]/TABLE[1]/TBODY[1]/TR[7]/TD[1]/IMG[1]",
              "descendant::DIV[@id=\"divNotPs\"]//IMG"
            ]
          },
          {
            "id": "@class/word",
            "prob": 1,
            "value": "DIV.mid_box SPAN.formbox TABLE.formlist TBODY TR TD IMG"
          },
          {
            "id": "path/ordinal",
            "prob": 1,
            "value": "/HTML[1]/BODY[1]/FORM[1]/DIV[2]/DIV[1]/SPAN[1]/DIV[1]/TABLE[1]/TBODY[1]/TR[7]/TD[1]/IMG[1]"
          },
          {
            "id": "elderLevel",
            "value": {
              "level": 0
            }
          },
          {
            "id": "shield",
            "value": {
              "zIndex": "auto",
              "width": 700,
              "height": 50
            }
          }
        ]
      },
      "roles": "element,image,button",
      "monitored": false
    },
    "control154": {
      "location": {
        "data": {
          "tagName": "TR"
        },
        "locators": [
          {
            "id": "button/text",
            "prob": 3,
            "value": {
              "text": [
                "学年学期获得学分不及格课程及学分未通过学分是否警告"
              ],
              "visText": [
                "学年学期获得学分不及格课程及学分未通过学分是否警告"
              ]
            }
          },
          {
            "id": "text",
            "prob": 3,
            "value": {
              "text": [
                "学年学期获得学分不及格课程及学分未通过学分是否警告"
              ],
              "visText": [
                "学年 学期 获得学分 不及格课程及学分 未通过学分 是否警告"
              ]
            }
          },
          {
            "id": "@id/word",
            "prob": 1,
            "value": "descendant::DIV[@id=\"divNotPs\"]/TABLE[1]/TBODY[1]/TR[3]/TD[1]/TABLE[1]/TBODY[1]/TR[1]"
          },
          {
            "id": "@class/word",
            "prob": 1,
            "ordinal": [
              2,
              3
            ],
            "value": "TABLE.formlist TABLE.datelist TR.datelisthead"
          },
          {
            "id": "path/ordinal",
            "prob": 1,
            "value": "/HTML[1]/BODY[1]/FORM[1]/DIV[2]/DIV[1]/SPAN[1]/DIV[1]/TABLE[1]/TBODY[1]/TR[3]/TD[1]/TABLE[1]/TBODY[1]/TR[1]"
          },
          {
            "id": "style/color",
            "value": [
              17,
              68,
              158
            ]
          },
          {
            "id": "shield",
            "value": {
              "zIndex": "auto",
              "width": 1030,
              "height": 25
            }
          }
        ]
      },
      "roles": "element",
      "text": "\n\t\t学年学期获得学分不及格课程及学分未通过学分是否警告\n\t"
    },
    "control155": {
      "location": {
        "data": {
          "tagName": "INPUT"
        },
        "locators": [
          {
            "id": "input/@value",
            "prob": 1,
            "value": {
              "text": [
                "学期成绩"
              ]
            }
          },
          {
            "id": "input/button/@value",
            "prob": 3,
            "value": {
              "text": [
                "学期成绩"
              ]
            }
          },
          {
            "id": "elem/@name",
            "prob": 2,
            "value": "descendant::INPUT[@name=\"btn_xq\"]"
          },
          {
            "id": "@id/word",
            "prob": 3,
            "value": [
              "descendant::DIV[@id=\"tabHidden\"]//INPUT[@id=\"btn_xq\"]",
              "descendant::INPUT[@id=\"btn_xq\"]"
            ]
          },
          {
            "id": "@class/word",
            "prob": 1,
            "ordinal": [
              0,
              7
            ],
            "value": "DIV.searchbox P.search_con INPUT.button"
          },
          {
            "id": "path/ordinal",
            "prob": 1,
            "value": "/HTML[1]/BODY[1]/FORM[1]/DIV[1]/DIV[3]/P[1]/INPUT[1]"
          },
          {
            "id": "input/type",
            "verifyEnabled": true,
            "value": "submit"
          },
          {
            "id": "elderLevel",
            "value": {
              "level": 0
            }
          },
          {
            "id": "shield",
            "value": {
              "zIndex": "auto",
              "width": 67.609375,
              "height": 20
            }
          }
        ]
      },
      "intendedRole": "button",
      "roles": "element,button",
      "monitored": false
    },
    "control156": {
      "location": {
        "data": {
          "tagName": "INPUT"
        },
        "locators": [
          {
            "id": "input/@value",
            "prob": 1,
            "value": {
              "text": [
                "学年成绩"
              ]
            }
          },
          {
            "id": "input/button/@value",
            "prob": 3,
            "value": {
              "text": [
                "学年成绩"
              ]
            }
          },
          {
            "id": "elem/@name",
            "prob": 2,
            "value": "descendant::INPUT[@name=\"btn_xn\"]"
          },
          {
            "id": "@id/word",
            "prob": 3,
            "value": [
              "descendant::DIV[@id=\"tabHidden\"]//INPUT[@id=\"btn_xn\"]",
              "descendant::INPUT[@id=\"btn_xn\"]"
            ]
          },
          {
            "id": "@class/word",
            "prob": 1,
            "ordinal": [
              1,
              7
            ],
            "value": "DIV.searchbox P.search_con INPUT.button"
          },
          {
            "id": "path/ordinal",
            "prob": 1,
            "value": "/HTML[1]/BODY[1]/FORM[1]/DIV[1]/DIV[3]/P[1]/INPUT[2]"
          },
          {
            "id": "input/type",
            "verifyEnabled": true,
            "value": "submit"
          },
          {
            "id": "elderLevel",
            "value": {
              "level": 0
            }
          },
          {
            "id": "shield",
            "value": {
              "zIndex": "auto",
              "width": 67.609375,
              "height": 20
            }
          }
        ]
      },
      "intendedRole": "button",
      "roles": "element,button",
      "monitored": false
    },
    "control157": {
      "location": {
        "data": {
          "tagName": "INPUT"
        },
        "locators": [
          {
            "id": "input/@value",
            "prob": 1,
            "value": {
              "text": [
                "历年成绩"
              ]
            }
          },
          {
            "id": "input/button/@value",
            "prob": 3,
            "value": {
              "text": [
                "历年成绩"
              ]
            }
          },
          {
            "id": "elem/@name",
            "prob": 2,
            "value": "descendant::INPUT[@name=\"btn_zcj\"]"
          },
          {
            "id": "@id/word",
            "prob": 3,
            "value": [
              "descendant::DIV[@id=\"tabHidden\"]//INPUT[@id=\"btn_zcj\"]",
              "descendant::INPUT[@id=\"btn_zcj\"]"
            ]
          },
          {
            "id": "@class/word",
            "prob": 1,
            "ordinal": [
              2,
              7
            ],
            "value": "DIV.searchbox P.search_con INPUT.button"
          },
          {
            "id": "path/ordinal",
            "prob": 1,
            "value": "/HTML[1]/BODY[1]/FORM[1]/DIV[1]/DIV[3]/P[1]/INPUT[3]"
          },
          {
            "id": "input/type",
            "verifyEnabled": true,
            "value": "submit"
          },
          {
            "id": "elderLevel",
            "value": {
              "level": 0
            }
          },
          {
            "id": "shield",
            "value": {
              "zIndex": "auto",
              "width": 67.609375,
              "height": 20
            }
          }
        ]
      },
      "intendedRole": "button",
      "roles": "element,button",
      "monitored": false
    },
    "control158": {
      "location": {
        "data": {
          "tagName": "INPUT"
        },
        "locators": [
          {
            "id": "input/@value",
            "prob": 1,
            "value": {
              "text": [
                "课程最高成绩"
              ]
            }
          },
          {
            "id": "input/button/@value",
            "prob": 3,
            "value": {
              "text": [
                "课程最高成绩"
              ]
            }
          },
          {
            "id": "elem/@name",
            "prob": 2,
            "value": "descendant::INPUT[@name=\"btn_zg\"]"
          },
          {
            "id": "@id/word",
            "prob": 3,
            "value": [
              "descendant::DIV[@id=\"tabHidden\"]//INPUT[@id=\"btn_zg\"]",
              "descendant::INPUT[@id=\"btn_zg\"]"
            ]
          },
          {
            "id": "@class/word",
            "prob": 1,
            "ordinal": [
              3,
              7
            ],
            "value": "DIV.searchbox P.search_con INPUT.button"
          },
          {
            "id": "path/ordinal",
            "prob": 1,
            "value": "/HTML[1]/BODY[1]/FORM[1]/DIV[1]/DIV[3]/P[1]/INPUT[4]"
          },
          {
            "id": "input/type",
            "verifyEnabled": true,
            "value": "submit"
          },
          {
            "id": "elderLevel",
            "value": {
              "level": 0
            }
          },
          {
            "id": "shield",
            "value": {
              "zIndex": "auto",
              "width": 96.40625,
              "height": 20
            }
          }
        ]
      },
      "intendedRole": "button",
      "roles": "element,button",
      "monitored": false
    },
    "control159": {
      "location": {
        "data": {
          "tagName": "INPUT"
        },
        "locators": [
          {
            "id": "input/@value",
            "prob": 1,
            "value": {
              "text": [
                "未通过成绩"
              ]
            }
          },
          {
            "id": "input/button/@value",
            "prob": 3,
            "value": {
              "text": [
                "未通过成绩"
              ]
            }
          },
          {
            "id": "elem/@name",
            "prob": 1,
            "value": "descendant::INPUT[@name=\"Button2\"]"
          },
          {
            "id": "@id/word",
            "prob": 2,
            "value": [
              "descendant::DIV[@id=\"tabHidden\"]/DIV[3]/P[1]/INPUT[5]",
              "descendant::DIV[@id=\"tabHidden\"]//INPUT"
            ]
          },
          {
            "id": "@class/word",
            "prob": 1,
            "ordinal": [
              4,
              7
            ],
            "value": "DIV.searchbox P.search_con INPUT.button"
          },
          {
            "id": "path/ordinal",
            "prob": 1,
            "value": "/HTML[1]/BODY[1]/FORM[1]/DIV[1]/DIV[3]/P[1]/INPUT[5]"
          },
          {
            "id": "input/type",
            "verifyEnabled": true,
            "value": "submit"
          },
          {
            "id": "elderLevel",
            "value": {
              "level": 0
            }
          },
          {
            "id": "shield",
            "value": {
              "zIndex": "auto",
              "width": 82,
              "height": 20
            }
          }
        ]
      },
      "intendedRole": "button",
      "roles": "element,button",
      "monitored": false
    },
    "control160": {
      "location": {
        "data": {
          "tagName": "INPUT"
        },
        "locators": [
          {
            "id": "input/@value",
            "prob": 1,
            "value": {
              "text": [
                "成绩统计"
              ]
            }
          },
          {
            "id": "input/button/@value",
            "prob": 3,
            "value": {
              "text": [
                "成绩统计"
              ]
            }
          },
          {
            "id": "elem/@name",
            "prob": 1,
            "value": "descendant::INPUT[@name=\"Button1\"]"
          },
          {
            "id": "@id/word",
            "prob": 2,
            "value": [
              "descendant::DIV[@id=\"tabHidden\"]/DIV[3]/P[1]/INPUT[6]",
              "descendant::DIV[@id=\"tabHidden\"]//INPUT"
            ]
          },
          {
            "id": "@class/word",
            "prob": 1,
            "ordinal": [
              5,
              7
            ],
            "value": "DIV.searchbox P.search_con INPUT.button"
          },
          {
            "id": "path/ordinal",
            "prob": 1,
            "value": "/HTML[1]/BODY[1]/FORM[1]/DIV[1]/DIV[3]/P[1]/INPUT[6]"
          },
          {
            "id": "input/type",
            "verifyEnabled": true,
            "value": "submit"
          },
          {
            "id": "elderLevel",
            "value": {
              "level": 0
            }
          },
          {
            "id": "shield",
            "value": {
              "zIndex": "auto",
              "width": 67.609375,
              "height": 20
            }
          }
        ]
      },
      "intendedRole": "button",
      "roles": "element,button",
      "monitored": false
    },
    "control161": {
      "location": {
        "data": {
          "tagName": "SELECT"
        },
        "locators": [
          {
            "id": "button/text",
            "prob": 3,
            "value": {
              "text": [
                "2015-2016 2014-2015 2013-2014 2012-2013"
              ],
              "visText": [
                ""
              ]
            }
          },
          {
            "id": "text",
            "prob": 3,
            "value": {
              "text": [
                "2015-2016 2014-2015 2013-2014 2012-2013"
              ],
              "visText": [
                ""
              ]
            }
          },
          {
            "id": "elem/@name",
            "prob": 2,
            "value": "descendant::SELECT[@name=\"ddlXN\"]"
          },
          {
            "id": "@id/word",
            "prob": 3,
            "value": [
              "descendant::DIV[@id=\"tabHidden\"]//SELECT[@id=\"ddlXN\"]",
              "descendant::SELECT[@id=\"ddlXN\"]"
            ]
          },
          {
            "id": "@class/word",
            "prob": 1,
            "ordinal": [
              0,
              3
            ],
            "value": "DIV.toolbox DIV.searchbox P.search_con SELECT"
          },
          {
            "id": "path/ordinal",
            "prob": 1,
            "value": "/HTML[1]/BODY[1]/FORM[1]/DIV[1]/DIV[2]/P[1]/SELECT[1]"
          },
          {
            "id": "input/type",
            "verifyEnabled": true,
            "value": "select-one"
          },
          {
            "id": "shield",
            "value": {
              "zIndex": "auto",
              "width": 93,
              "height": 19
            }
          }
        ]
      },
      "intendedRole": "listbox",
      "roles": "element,listbox",
      "monitored": true
    },
    "control162": {
      "location": {
        "data": {
          "tagName": "SELECT"
        },
        "locators": [
          {
            "id": "button/text",
            "prob": 3,
            "value": {
              "text": [
                "1 2 3"
              ],
              "visText": [
                ""
              ]
            }
          },
          {
            "id": "text",
            "prob": 3,
            "value": {
              "text": [
                "1 2 3"
              ],
              "visText": [
                ""
              ]
            }
          },
          {
            "id": "elem/@name",
            "prob": 2,
            "value": "descendant::SELECT[@name=\"ddlXQ\"]"
          },
          {
            "id": "@id/word",
            "prob": 3,
            "value": [
              "descendant::DIV[@id=\"tabHidden\"]//SELECT[@id=\"ddlXQ\"]",
              "descendant::SELECT[@id=\"ddlXQ\"]"
            ]
          },
          {
            "id": "@class/word",
            "prob": 1,
            "ordinal": [
              1,
              3
            ],
            "value": "DIV.toolbox DIV.searchbox P.search_con SELECT"
          },
          {
            "id": "path/ordinal",
            "prob": 1,
            "value": "/HTML[1]/BODY[1]/FORM[1]/DIV[1]/DIV[2]/P[1]/SELECT[2]"
          },
          {
            "id": "input/type",
            "verifyEnabled": true,
            "value": "select-one"
          },
          {
            "id": "shield",
            "value": {
              "zIndex": "auto",
              "width": 32,
              "height": 19
            }
          }
        ]
      },
      "intendedRole": "listbox",
      "roles": "element,listbox",
      "monitored": true
    },
    "control163": {
      "location": {
        "data": {
          "tagName": "SELECT"
        },
        "locators": [
          {
            "id": "text",
            "prob": 3,
            "value": {
              "text": [
                "公共通识 专业通识 通识课程 公共选修课 公共必修课 学科专业基础课 专业必修课 专业方向课 专业选修课 通识集中实践 专业集中实践 第二课堂 公共限选课 博雅讲座 博雅专题"
              ],
              "visText": [
                ""
              ]
            }
          },
          {
            "id": "elem/@name",
            "prob": 2,
            "value": "descendant::SELECT[@name=\"ddl_kcxz\"]"
          },
          {
            "id": "@id/word",
            "prob": 3,
            "value": [
              "descendant::DIV[@id=\"tabHidden\"]//SELECT[@id=\"ddl_kcxz\"]",
              "descendant::SELECT[@id=\"ddl_kcxz\"]"
            ]
          },
          {
            "id": "@class/word",
            "prob": 1,
            "ordinal": [
              2,
              3
            ],
            "value": "DIV.toolbox DIV.searchbox P.search_con SELECT"
          },
          {
            "id": "path/ordinal",
            "prob": 1,
            "value": "/HTML[1]/BODY[1]/FORM[1]/DIV[1]/DIV[2]/P[1]/SELECT[3]"
          },
          {
            "id": "input/type",
            "verifyEnabled": true,
            "value": "select-one"
          },
          {
            "id": "shield",
            "value": {
              "zIndex": "auto",
              "width": 108,
              "height": 19
            }
          }
        ]
      },
      "intendedRole": "listbox",
      "roles": "element,listbox",
      "monitored": true
    }
  },
  "contexts": {
    "context0": {
      "controls": [
        "control0",
        "control1",
        "control2",
        "control3",
        "control8",
        "control9",
        "control11",
        "control12",
        "control13",
        "control15",
        "control16",
        "control17",
        "control18",
        "control19",
        "control20",
        "control21",
        "control22",
        "control23",
        "control24",
        "control25",
        "control27",
        "control28",
        "control155",
        "control156",
        "control157",
        "control158",
        "control159",
        "control160",
        "control161",
        "control162",
        "control163"
      ],
      "anchors": [
        "control154"
      ]
    }
  },
  "flows": {
    "flow0": {
      "toContexts": [
        {
          "toContextId": "context0"
        }
      ]
    },
    "flow2": {
      "fromContextId": "context0",
      "fromAction": "click",
      "fromControlId": "control27",
      "toContexts": [
        {
          "toModelId": "s_index",
          "toContextId": "context0"
        },
        {
          "toContextId": "context0"
        }
      ]
    }
  },
  "pages": {
    "page0": {
      "contextId": "context0",
      "layout": [
        {
          "id": "uiControl0",
          "display": {
            "class": "header",
            "title": "成绩统计",
            "type": "header",
            "adapterId": "header",
            "adapter": {
              "templateType": ""
            }
          },
          "layout": []
        },
        {
          "id": "uiControl16",
          "controlId": "control27",
          "display": {
            "adapterId": "custom",
            "type": "custom",
            "adapter": {
              "templateType": "react",
              "events": {
                "onDoAction": "doAction_uiControl16",
                "onGetTemplate": "getTemplate_uiControl16"
              }
            }
          }
        },
        {
          "id": "uiControl240",
          "display": {
            "type": "accordion",
            "adapterId": "accordion",
            "adapter": {
              "templateType": ""
            }
          },
          "layout": [
            {
              "id": "uiControl240item",
              "display": {
                "title": "查询条件",
                "type": "accordionItem",
                "adapterId": "accordionItem",
                "adapter": {
                  "templateType": ""
                }
              },
              "layout": [
                {
                  "id": "uiControl273",
                  "display": {
                    "text": "学年：",
                    "type": "content",
                    "adapterId": "staticContent",
                    "adapter": {
                      "templateType": ""
                    }
                  }
                },
                {
                  "id": "uiControl270",
                  "controlId": "control161",
                  "display": {
                    "adapterId": "listbox",
                    "type": "listbox",
                    "adapter": {
                      "templateType": ""
                    }
                  }
                },
                {
                  "id": "uiControl274",
                  "display": {
                    "text": "学期：",
                    "type": "content",
                    "adapterId": "staticContent",
                    "adapter": {
                      "templateType": ""
                    }
                  }
                },
                {
                  "id": "uiControl271",
                  "controlId": "control162",
                  "display": {
                    "adapterId": "listbox",
                    "type": "listbox",
                    "adapter": {
                      "templateType": ""
                    }
                  }
                },
                {
                  "id": "uiControl275",
                  "display": {
                    "text": "性质：",
                    "type": "content",
                    "adapterId": "staticContent",
                    "adapter": {
                      "templateType": ""
                    }
                  }
                },
                {
                  "id": "uiControl272",
                  "controlId": "control163",
                  "display": {
                    "adapterId": "listbox",
                    "type": "listbox",
                    "adapter": {
                      "templateType": ""
                    }
                  }
                }
              ]
            }
          ]
        },
        {
          "id": "uiControl263",
          "display": {
            "type": "card",
            "adapterId": "card",
            "class": "cjcx-button",
            "adapter": {
              "templateType": ""
            }
          },
          "layout": [
            {
              "id": "uiControl263body",
              "display": {
                "type": "cardBody",
                "adapterId": "cardBody",
                "adapter": {
                  "templateType": ""
                }
              },
              "layout": [
                {
                  "id": "uiControl264",
                  "controlId": "control155",
                  "display": {
                    "adapterId": "clickable",
                    "type": "button",
                    "adapter": {
                      "templateType": ""
                    }
                  }
                },
                {
                  "id": "uiControl265",
                  "controlId": "control156",
                  "display": {
                    "adapterId": "clickable",
                    "type": "button",
                    "adapter": {
                      "templateType": ""
                    }
                  }
                },
                {
                  "id": "uiControl266",
                  "controlId": "control157",
                  "display": {
                    "adapterId": "clickable",
                    "type": "button",
                    "adapter": {
                      "templateType": ""
                    }
                  }
                },
                {
                  "id": "uiControl267",
                  "controlId": "control158",
                  "display": {
                    "adapterId": "clickable",
                    "type": "button",
                    "adapter": {
                      "templateType": ""
                    }
                  }
                },
                {
                  "id": "uiControl268",
                  "controlId": "control159",
                  "display": {
                    "adapterId": "clickable",
                    "type": "button",
                    "adapter": {
                      "templateType": ""
                    }
                  }
                },
                {
                  "id": "uiControl269",
                  "controlId": "control160",
                  "display": {
                    "adapterId": "clickable",
                    "type": "button",
                    "adapter": {
                      "templateType": ""
                    }
                  }
                }
              ]
            }
          ]
        },
        {
          "id": "uiControl8",
          "display": {
            "type": "card",
            "adapterId": "card",
            "class": "Results_statistical_content",
            "adapter": {
              "templateType": ""
            }
          },
          "layout": [
            {
              "id": "uiControl8body",
              "display": {
                "type": "cardBody",
                "adapterId": "cardBody",
                "adapter": {
                  "templateType": ""
                }
              },
              "layout": [
                {
                  "id": "uiControl9",
                  "controlId": "control16",
                  "display": {
                    "adapterId": "fragment",
                    "type": "fragment",
                    "class": "Results_statistical_content cjtj-info",
                    "adapter": {
                      "templateType": ""
                    }
                  }
                }
              ]
            }
          ]
        },
        {
          "id": "uiControl10",
          "display": {
            "type": "card",
            "adapterId": "card",
            "class": "Results_statistical_content1",
            "adapter": {
              "templateType": ""
            }
          },
          "layout": [
            {
              "id": "uiControl10body",
              "display": {
                "type": "cardBody",
                "adapterId": "cardBody",
                "adapter": {
                  "templateType": ""
                }
              },
              "layout": [
                {
                  "id": "uiControl11",
                  "controlId": "control11",
                  "display": {
                    "adapterId": "content",
                    "type": "content",
                    "adapter": {
                      "templateType": ""
                    }
                  }
                }
              ]
            }
          ]
        },
        {
          "id": "uiControl19",
          "display": {
            "class": "navbar navbar-primary Results_statistical_title1",
            "title": "课程性质分类",
            "type": "header",
            "adapterId": "header",
            "adapter": {
              "templateType": ""
            }
          },
          "layout": []
        },
        {
          "id": "uiControl12",
          "display": {
            "type": "card",
            "adapterId": "card",
            "class": "Results_statistical_content3",
            "adapter": {
              "templateType": ""
            }
          },
          "layout": [
            {
              "id": "uiControl12body",
              "display": {
                "type": "cardBody",
                "adapterId": "cardBody",
                "adapter": {
                  "templateType": ""
                }
              },
              "layout": [
                {
                  "id": "uiControl13",
                  "controlId": "control12",
                  "display": {
                    "adapterId": "fragment",
                    "type": "fragment",
                    "class": "table-a",
                    "adapter": {
                      "templateType": ""
                    }
                  }
                }
              ]
            }
          ]
        },
        {
          "id": "uiControl22",
          "display": {
            "class": "navbar navbar-primary Results_statistical_title2",
            "title": "按课程归属分类",
            "type": "header",
            "adapterId": "header",
            "adapter": {
              "templateType": ""
            }
          },
          "layout": []
        },
        {
          "id": "uiControl20",
          "display": {
            "type": "card",
            "adapterId": "card",
            "class": "Results_statistical_content2",
            "adapter": {
              "templateType": ""
            }
          },
          "layout": [
            {
              "id": "uiControl20body",
              "display": {
                "type": "cardBody",
                "adapterId": "cardBody",
                "adapter": {
                  "templateType": ""
                }
              },
              "layout": [
                {
                  "id": "uiControl14",
                  "controlId": "control13",
                  "display": {
                    "adapterId": "fragment",
                    "type": "fragment",
                    "class": "table-a",
                    "adapter": {
                      "templateType": ""
                    }
                  }
                },
                {
                  "id": "uiControl15",
                  "controlId": "control23",
                  "display": {
                    "adapterId": "fragment",
                    "type": "fragment",
                    "class": "table-a",
                    "adapter": {
                      "templateType": ""
                    }
                  }
                }
              ]
            }
          ]
        },
        {
          "id": "uiControl17",
          "display": {
            "type": "card",
            "adapterId": "card",
            "class": "Results_statistical_content4",
            "adapter": {
              "templateType": ""
            }
          },
          "layout": [
            {
              "id": "uiControl17body",
              "display": {
                "type": "cardBody",
                "adapterId": "cardBody",
                "adapter": {
                  "templateType": ""
                }
              },
              "layout": [
                {
                  "id": "uiControl18",
                  "controlId": "control24",
                  "display": {
                    "adapterId": "fragment",
                    "type": "fragment",
                    "adapter": {
                      "templateType": ""
                    }
                  }
                }
              ]
            }
          ]
        },
        {
          "id": "uiControl21",
          "controlId": "control28",
          "display": {
            "adapterId": "image_link",
            "type": "image",
            "class": "yl_img",
            "adapter": {
              "templateType": ""
            }
          }
        }
      ]
    }
  },
  "matchers": {
    "page/title": {
      "contexts": {
        "context0": [
          "现代教学管理信息系统"
        ]
      }
    },
    "page/urls": {
      "contexts": {
        "context0": [
          "117.35.118.209/Xscjcx.aspx?xh=121111&xm=%CA%A2%BE%B2%BE%B2&gnmkdm=N121613"
        ]
      }
    },
    "page/ids": {
      "contexts": {
        "context0": [
          [
            "Button",
            "DataGrid",
            "Datagrid",
            "Form",
            "Image",
            "Label",
            "Table",
            "btn_dy",
            "btn_xn",
            "btn_xq",
            "btn_zcj",
            "btn_zg",
            "ddlXN",
            "ddlXQ",
            "ddl_kcxz",
            "divNotPs",
            "hidLanguage",
            "lbl_bt",
            "lbl_xh",
            "lbl_xm",
            "lbl_xy",
            "lbl_xzb",
            "lbl_zy",
            "lbl_zyfx",
            "lbl_zymc",
            "pjxfjd",
            "pjxfjd_ffx",
            "pjxfjd_fx",
            "pjxfjd_xf",
            "tabHidden",
            "tdzyfx",
            "tdzymc",
            "xfjdzh",
            "xfjdzh_ffx",
            "xfjdzh_fx",
            "xftj",
            "zmc",
            "zyzrs"
          ],
          [
            "Button",
            "Datagrid",
            "Form",
            "Image",
            "Label",
            "Table",
            "btn_dy",
            "btn_xn",
            "btn_xq",
            "btn_zcj",
            "btn_zg",
            "ddlXN",
            "ddlXQ",
            "ddl_kcxz",
            "divNotPs",
            "divPs",
            "hidLanguage",
            "lbl_bt",
            "lbl_grid",
            "lbl_xh",
            "lbl_xm",
            "lbl_xy",
            "lbl_xzb",
            "lbl_zy",
            "lbl_zyfx",
            "lbl_zymc",
            "lblpsts",
            "pjxfjd_ffx",
            "pjxfjd_fx",
            "pjxfjd_xf",
            "tabHidden",
            "tdzyfx",
            "tdzymc",
            "xfjdzh_ffx",
            "xfjdzh_fx"
          ]
        ],
        "context1": [
          [
            "Button",
            "Datagrid",
            "Form",
            "Image",
            "Label",
            "Table",
            "btn_dy",
            "btn_xn",
            "btn_xq",
            "btn_zcj",
            "btn_zg",
            "ddlXN",
            "ddlXQ",
            "ddl_kcxz",
            "divNotPs",
            "divPs",
            "hidLanguage",
            "lbl_bt",
            "lbl_grid",
            "lbl_xh",
            "lbl_xm",
            "lbl_xy",
            "lbl_xzb",
            "lbl_zy",
            "lbl_zyfx",
            "lbl_zymc",
            "lblpsts",
            "pjxfjd_ffx",
            "pjxfjd_fx",
            "pjxfjd_xf",
            "tabHidden",
            "tdzyfx",
            "tdzymc",
            "xfjdzh_ffx",
            "xfjdzh_fx"
          ],
          [
            "Button",
            "Datagrid",
            "Form",
            "Image",
            "Label",
            "Table",
            "btn_dy",
            "btn_xn",
            "btn_xq",
            "btn_zcj",
            "btn_zg",
            "ddlXN",
            "ddlXQ",
            "ddl_kcxz",
            "divNotPs",
            "hidLanguage",
            "lbl_bt",
            "lbl_xh",
            "lbl_xm",
            "lbl_xy",
            "lbl_xzb",
            "lbl_zy",
            "lbl_zyfx",
            "lbl_zymc",
            "pjxfjd_ffx",
            "pjxfjd_fx",
            "pjxfjd_xf",
            "tabHidden",
            "tdzyfx",
            "tdzymc",
            "xfjdzh_ffx",
            "xfjdzh_fx"
          ]
        ]
      }
    },
    "page/classes": {
      "contexts": {
        "context0": [
          [
            "alt",
            "button",
            "buttonbox",
            "dateli",
            "earch_con",
            "earch_title",
            "earchbox",
            "footbox",
            "footbox_con",
            "footbutton",
            "formbox",
            "formli",
            "main_box",
            "mid_box",
            "pagination",
            "t",
            "thead",
            "title",
            "toolbox",
            "toolbox_fot"
          ]
        ]
      }
    },
    "page/tagTriplets": {
      "contexts": {
        "context0": [
          [
            "-/-/FORM",
            "-/FORM/DIV",
            "-/FORM/INPUT-hidden",
            "DIV/DIV/DIV",
            "DIV/DIV/EM",
            "DIV/DIV/P",
            "DIV/DIV/SPAN",
            "DIV/EM/SPAN",
            "DIV/P/EM",
            "DIV/P/FONT",
            "DIV/P/INPUT-button",
            "DIV/P/INPUT-submit",
            "DIV/P/SELECT",
            "DIV/P/SPAN",
            "DIV/SPAN/B",
            "DIV/SPAN/DIV",
            "DIV/SPAN/TABLE",
            "DIV/TABLE/TBODY",
            "FORM/DIV/DIV",
            "FORM/DIV/P",
            "P/SELECT/OPTION",
            "SPAN/B/BR",
            "SPAN/B/FONT",
            "SPAN/DIV/BR",
            "SPAN/DIV/DIV",
            "SPAN/DIV/SPAN",
            "SPAN/DIV/TABLE",
            "SPAN/TABLE/TBODY",
            "TABLE/TBODY/TR",
            "TBODY/TR/TD",
            "TD/SPAN/B",
            "TD/TABLE/TBODY",
            "TR/TD/IMG",
            "TR/TD/SPAN",
            "TR/TD/TABLE"
          ],
          [
            "-/-/FORM",
            "-/FORM/DIV",
            "-/FORM/INPUT-hidden",
            "-/FORM/SCRIPT",
            "DIV/DIV/DIV",
            "DIV/DIV/EM",
            "DIV/DIV/P",
            "DIV/DIV/SPAN",
            "DIV/EM/SPAN",
            "DIV/FIELDSET/LEGEND",
            "DIV/P/EM",
            "DIV/P/FONT",
            "DIV/P/INPUT-button",
            "DIV/P/INPUT-submit",
            "DIV/P/SELECT",
            "DIV/P/SPAN",
            "DIV/SPAN/B",
            "DIV/SPAN/DIV",
            "DIV/SPAN/TABLE",
            "DIV/TABLE/TBODY",
            "FIELDSET/LEGEND/SPAN",
            "FORM/DIV/DIV",
            "FORM/DIV/P",
            "LEGEND/SPAN/B",
            "P/SELECT/OPTION",
            "SPAN/B/FONT",
            "SPAN/DIV/BR",
            "SPAN/DIV/DIV",
            "SPAN/DIV/FIELDSET",
            "SPAN/DIV/TABLE",
            "SPAN/TABLE/TBODY",
            "TABLE/TBODY/TR",
            "TBODY/TR/TD",
            "TD/SPAN/B",
            "TR/TD/A",
            "TR/TD/IMG",
            "TR/TD/SPAN"
          ],
          [
            "-/-/FORM",
            "-/-/SCRIPT",
            "-/FORM/DIV",
            "-/FORM/INPUT-hidden",
            "DIV/DIV/DIV",
            "DIV/DIV/EM",
            "DIV/DIV/P",
            "DIV/DIV/SPAN",
            "DIV/EM/SPAN",
            "DIV/P/EM",
            "DIV/P/FONT",
            "DIV/P/INPUT-button",
            "DIV/P/INPUT-submit",
            "DIV/P/SELECT",
            "DIV/P/SPAN",
            "DIV/SPAN/B",
            "DIV/SPAN/DIV",
            "DIV/SPAN/TABLE",
            "DIV/TABLE/TBODY",
            "FORM/DIV/DIV",
            "FORM/DIV/P",
            "P/SELECT/OPTION",
            "SPAN/B/BR",
            "SPAN/B/FONT",
            "SPAN/DIV/BR",
            "SPAN/DIV/DIV",
            "SPAN/DIV/SPAN",
            "SPAN/DIV/TABLE",
            "SPAN/TABLE/TBODY",
            "TABLE/TBODY/TR",
            "TBODY/TR/TD",
            "TD/SPAN/B",
            "TD/TABLE/TBODY",
            "TR/TD/IMG",
            "TR/TD/SPAN",
            "TR/TD/TABLE"
          ],
          [
            "-/-/FORM",
            "-/-/SCRIPT",
            "-/FORM/DIV",
            "-/FORM/INPUT-hidden",
            "-/FORM/SCRIPT",
            "DIV/DIV/DIV",
            "DIV/DIV/EM",
            "DIV/DIV/P",
            "DIV/DIV/SPAN",
            "DIV/EM/SPAN",
            "DIV/FIELDSET/LEGEND",
            "DIV/P/EM",
            "DIV/P/FONT",
            "DIV/P/INPUT-button",
            "DIV/P/INPUT-submit",
            "DIV/P/SELECT",
            "DIV/P/SPAN",
            "DIV/SPAN/B",
            "DIV/SPAN/DIV",
            "DIV/SPAN/TABLE",
            "DIV/TABLE/TBODY",
            "FIELDSET/LEGEND/SPAN",
            "FORM/DIV/DIV",
            "FORM/DIV/P",
            "LEGEND/SPAN/B",
            "P/SELECT/OPTION",
            "SPAN/B/FONT",
            "SPAN/DIV/BR",
            "SPAN/DIV/DIV",
            "SPAN/DIV/FIELDSET",
            "SPAN/DIV/TABLE",
            "SPAN/TABLE/TBODY",
            "TABLE/TBODY/TR",
            "TBODY/TR/TD",
            "TD/SPAN/B",
            "TR/TD/A",
            "TR/TD/IMG",
            "TR/TD/SPAN"
          ]
        ],
        "context1": [
          [
            "-/-/FORM",
            "-/FORM/DIV",
            "-/FORM/INPUT-hidden",
            "-/FORM/SCRIPT",
            "DIV/DIV/DIV",
            "DIV/DIV/EM",
            "DIV/DIV/P",
            "DIV/DIV/SPAN",
            "DIV/EM/SPAN",
            "DIV/FIELDSET/LEGEND",
            "DIV/P/EM",
            "DIV/P/FONT",
            "DIV/P/INPUT-button",
            "DIV/P/INPUT-submit",
            "DIV/P/SELECT",
            "DIV/P/SPAN",
            "DIV/SPAN/B",
            "DIV/SPAN/DIV",
            "DIV/SPAN/TABLE",
            "DIV/TABLE/TBODY",
            "FIELDSET/LEGEND/SPAN",
            "FORM/DIV/DIV",
            "FORM/DIV/P",
            "LEGEND/SPAN/B",
            "P/SELECT/OPTION",
            "SPAN/B/FONT",
            "SPAN/DIV/BR",
            "SPAN/DIV/DIV",
            "SPAN/DIV/FIELDSET",
            "SPAN/DIV/TABLE",
            "SPAN/TABLE/TBODY",
            "TABLE/TBODY/TR",
            "TBODY/TR/TD",
            "TD/SPAN/B",
            "TR/TD/A",
            "TR/TD/IMG",
            "TR/TD/SPAN"
          ],
          [
            "-/-/FORM",
            "-/-/SCRIPT",
            "-/FORM/DIV",
            "-/FORM/INPUT-hidden",
            "-/FORM/SCRIPT",
            "DIV/DIV/DIV",
            "DIV/DIV/EM",
            "DIV/DIV/P",
            "DIV/DIV/SPAN",
            "DIV/EM/SPAN",
            "DIV/FIELDSET/LEGEND",
            "DIV/P/EM",
            "DIV/P/FONT",
            "DIV/P/INPUT-button",
            "DIV/P/INPUT-submit",
            "DIV/P/SELECT",
            "DIV/P/SPAN",
            "DIV/SPAN/B",
            "DIV/SPAN/DIV",
            "DIV/SPAN/TABLE",
            "DIV/TABLE/TBODY",
            "FIELDSET/LEGEND/SPAN",
            "FORM/DIV/DIV",
            "FORM/DIV/P",
            "LEGEND/SPAN/B",
            "P/SELECT/OPTION",
            "SPAN/B/FONT",
            "SPAN/DIV/BR",
            "SPAN/DIV/DIV",
            "SPAN/DIV/FIELDSET",
            "SPAN/DIV/TABLE",
            "SPAN/TABLE/TBODY",
            "TABLE/TBODY/TR",
            "TBODY/TR/TD",
            "TD/SPAN/B",
            "TR/TD/A",
            "TR/TD/IMG",
            "TR/TD/SPAN"
          ],
          [
            "-/-/FORM",
            "-/-/SCRIPT",
            "-/FORM/DIV",
            "-/FORM/INPUT-hidden",
            "-/FORM/SCRIPT",
            "DIV/DIV/DIV",
            "DIV/DIV/EM",
            "DIV/DIV/P",
            "DIV/DIV/SPAN",
            "DIV/EM/SPAN",
            "DIV/P/EM",
            "DIV/P/FONT",
            "DIV/P/INPUT-button",
            "DIV/P/INPUT-submit",
            "DIV/P/SELECT",
            "DIV/P/SPAN",
            "DIV/SPAN/DIV",
            "DIV/SPAN/TABLE",
            "DIV/TABLE/TBODY",
            "FORM/DIV/DIV",
            "FORM/DIV/P",
            "P/SELECT/OPTION",
            "SPAN/B/FONT",
            "SPAN/DIV/BR",
            "SPAN/DIV/DIV",
            "SPAN/DIV/TABLE",
            "SPAN/TABLE/TBODY",
            "TABLE/TBODY/TR",
            "TBODY/TR/TD",
            "TD/SPAN/B",
            "TR/TD/A",
            "TR/TD/IMG",
            "TR/TD/SPAN"
          ]
        ]
      }
    }
  }
}