{
  "version": "0.1",
  "id": "t_adjust_choose",
  "targetURL": "http://117.35.118.209/jszc_wtlb.aspx?xh=150528",
  "jsFile": "../../lib/base.js,../../lib/customTemplate.js,index.js",
  "cssFile": "../../lib/base.css",
  "requires": {
    "login": "../login/index.json",
    "t_adjust_makeup": "../t_adjust_makeup/index.json",
    "t_adjust_teacher": "../t_adjust_teacher/index.json",
    "t_adjust_exchange": "../t_adjust_exchange/index.json"
  },
  "chineseName": "临时调课-选择教师",
  "controls": {
    "control0": {
      "location": {
        "data": {
          "tagName": "INPUT"
        },
        "locators": [
          {
            "id": "input/@value",
            "prob": 1,
            "value": {
              "text": [
                "关闭"
              ]
            }
          },
          {
            "id": "input/button/@value",
            "prob": 3,
            "value": {
              "text": [
                "关闭"
              ]
            }
          },
          {
            "id": "elem/@name",
            "prob": 1,
            "value": "descendant::INPUT[@name=\"Button2\"]"
          },
          {
            "id": "@class/word",
            "prob": 1,
            "ordinal": [
              1,
              2
            ],
            "value": "EM.footbox_con SPAN.footbutton INPUT.button"
          },
          {
            "id": "path/ordinal",
            "prob": 1,
            "value": "/HTML[1]/BODY[1]/FORM[1]/DIV[2]/DIV[1]/DIV[2]/EM[1]/SPAN[2]/INPUT[2]"
          },
          {
            "id": "input/type",
            "verifyEnabled": true,
            "value": "submit"
          },
          {
            "id": "elderLevel",
            "value": {
              "level": 0
            }
          },
          {
            "id": "shield",
            "value": {
              "zIndex": "auto",
              "width": 38.8125,
              "height": 20
            }
          }
        ]
      },
      "intendedRole": "button",
      "roles": "element,button",
      "monitored": false
    },
    "control1": {
      "location": {
        "data": {
          "tagName": "SELECT"
        },
        "locators": [
          {
            "id": "elem/@name",
            "prob": 1,
            "value": "descendant::SELECT[@name=\"DropDownList1\"]"
          },
          {
            "id": "@class/word",
            "prob": 1,
            "ordinal": [
              0,
              2
            ],
            "value": "DIV.toolbox DIV.searchbox P.search_con TABLE TBODY TR TD SELECT"
          },
          {
            "id": "path/ordinal",
            "prob": 1,
            "value": "/HTML[1]/BODY[1]/FORM[1]/DIV[1]/DIV[2]/P[1]/TABLE[1]/TBODY[1]/TR[1]/TD[1]/SELECT[1]"
          },
          {
            "id": "input/type",
            "verifyEnabled": true,
            "value": "select-one"
          },
          {
            "id": "shield",
            "value": {
              "zIndex": "auto",
              "width": 180,
              "height": 19
            }
          }
        ]
      },
      "intendedRole": "listbox",
      "roles": "element,listbox",
      "monitored": true
    },
    "control2": {
      "location": {
        "data": {
          "tagName": "SELECT"
        },
        "locators": [
          {
            "id": "button/text",
            "prob": 3,
            "value": {
              "text": [
                "--请选择教研室--"
              ],
              "visText": [
                ""
              ]
            }
          },
          {
            "id": "text",
            "prob": 3,
            "value": {
              "text": [
                "--请选择教研室--"
              ],
              "visText": [
                ""
              ]
            }
          },
          {
            "id": "elem/@name",
            "prob": 1,
            "value": "descendant::SELECT[@name=\"Dropdownlist2\"]"
          },
          {
            "id": "@class/word",
            "prob": 1,
            "ordinal": [
              1,
              2
            ],
            "value": "DIV.toolbox DIV.searchbox P.search_con TABLE TBODY TR TD SELECT"
          },
          {
            "id": "path/ordinal",
            "prob": 1,
            "value": "/HTML[1]/BODY[1]/FORM[1]/DIV[1]/DIV[2]/P[1]/TABLE[1]/TBODY[1]/TR[1]/TD[1]/SELECT[2]"
          },
          {
            "id": "input/type",
            "verifyEnabled": true,
            "value": "select-one"
          },
          {
            "id": "shield",
            "value": {
              "zIndex": "auto",
              "width": 116,
              "height": 19
            }
          }
        ]
      },
      "intendedRole": "listbox",
      "roles": "element,listbox",
      "monitored": true
    },
    "control3": {
      "location": {
        "data": {
          "tagName": "INPUT"
        },
        "locators": [
          {
            "id": "elem/@name",
            "prob": 2,
            "value": "descendant::INPUT[@name=\"jsxm\"]"
          },
          {
            "id": "@id/word",
            "prob": 3,
            "value": "descendant::INPUT[@id=\"jsxm\"]"
          },
          {
            "id": "@class/word",
            "prob": 1,
            "value": "DIV.searchbox P.search_con INPUT.text_nor"
          },
          {
            "id": "path/ordinal",
            "prob": 1,
            "value": "/HTML[1]/BODY[1]/FORM[1]/DIV[1]/DIV[2]/P[1]/TABLE[1]/TBODY[1]/TR[3]/TD[1]/INPUT[1]"
          },
          {
            "id": "input/type",
            "verifyEnabled": true,
            "value": "text"
          },
          {
            "id": "elderLevel",
            "value": {
              "level": 0
            }
          },
          {
            "id": "shield",
            "value": {
              "zIndex": "auto",
              "width": 164,
              "height": 19
            }
          }
        ]
      },
      "intendedRole": "textbox",
      "roles": "element,textbox",
      "monitored": true
    },
    "control4": {
      "location": {
        "data": {
          "tagName": "INPUT"
        },
        "locators": [
          {
            "id": "input/@value",
            "prob": 1,
            "value": {
              "text": [
                "查询"
              ]
            }
          },
          {
            "id": "input/button/@value",
            "prob": 3,
            "value": {
              "text": [
                "查询"
              ]
            }
          },
          {
            "id": "elem/@name",
            "prob": 2,
            "value": "descendant::INPUT[@name=\"btn_jsxm\"]"
          },
          {
            "id": "@id/word",
            "prob": 3,
            "value": "descendant::INPUT[@id=\"btn_jsxm\"]"
          },
          {
            "id": "@class/word",
            "prob": 1,
            "value": "DIV.searchbox P.search_con INPUT.button"
          },
          {
            "id": "path/ordinal",
            "prob": 1,
            "value": "/HTML[1]/BODY[1]/FORM[1]/DIV[1]/DIV[2]/P[1]/TABLE[1]/TBODY[1]/TR[3]/TD[1]/INPUT[2]"
          },
          {
            "id": "input/type",
            "verifyEnabled": true,
            "value": "submit"
          },
          {
            "id": "elderLevel",
            "value": {
              "level": 0
            }
          },
          {
            "id": "shield",
            "value": {
              "zIndex": "auto",
              "width": 38.8125,
              "height": 20
            }
          }
        ]
      },
      "intendedRole": "button",
      "roles": "element,button",
      "monitored": false
    },
    "control5": {
      "location": {
        "data": {
          "tagName": "TBODY"
        },
        "locators": [
          {
            "id": "text",
            "prob": 3,
            "value": {
              "text": [
                "教师职工号姓名部门教研室选择 150008姚文静校长办公室 150012姜涛校长办公室 150001姜波校长办公室 150003楼晓军校长办公室 150004刘维东校长办公室 150005王永军校长办公室 150006刘向玲校长办公室 150007李瑞校长办公室 150009陈玲校长办公室 150010马锴校长办公室 1 2 3"
              ],
              "visText": [
                "教师职工号 姓名 部门 教研室 选择 150008 姚文静 校长办公室 150012 姜涛 校长办公室 150001 姜波 校长办公室 150003 楼晓军 校长办公室 150004 刘维东 校长办公室 150005 王永军 校长办公室 150006 刘向玲 校长办公室 150007 李瑞 校长办公室 150009 陈玲 校长办公室 150010 马锴 校长办公室 1 2 3"
              ]
            }
          },
          {
            "id": "@class/word",
            "prob": 1,
            "value": "DIV.mid_box SPAN.formbox TABLE.datelist TBODY"
          },
          {
            "id": "path/ordinal",
            "prob": 1,
            "value": "/HTML[1]/BODY[1]/FORM[1]/DIV[2]/DIV[1]/SPAN[1]/TABLE[1]/TBODY[1]"
          },
          {
            "id": "style/color",
            "value": [
              17,
              68,
              158
            ]
          },
          {
            "id": "shield",
            "value": {
              "zIndex": "auto",
              "width": 1078,
              "height": 300
            }
          }
        ]
      },
      "events": {
        "onGetData": "getData_control5"
      },
      "intendedRole": "custom",
      "roles": "element,custom",
      "monitored": true
    },
    "control6": {
      "location": {
        "data": {
          "tagName": "TABLE"
        },
        "locators": [
          {
            "id": "text",
            "prob": 3,
            "value": {
              "text": [
                "教师职工号姓名部门教研室选择 150008姚文静校长办公室 150012姜涛校长办公室 150001姜波校长办公室 150003楼晓军校长办公室 150004刘维东校长办公室 150005王永军校长办公室 150006刘向玲校长办公室 150007李瑞校长办公室 150009陈玲校长办公室 150010马锴校长办公室 1 2 3"
              ],
              "visText": [
                "教师职工号 姓名 部门 教研室 选择 150008 姚文静 校长办公室 150012 姜涛 校长办公室 150001 姜波 校长办公室 150003 楼晓军 校长办公室 150004 刘维东 校长办公室 150005 王永军 校长办公室 150006 刘向玲 校长办公室 150007 李瑞 校长办公室 150009 陈玲 校长办公室 150010 马锴 校长办公室 1 2 3"
              ]
            }
          },
          {
            "id": "@class/word",
            "prob": 1,
            "value": "DIV.mid_box SPAN.formbox TABLE.datelist"
          },
          {
            "id": "path/ordinal",
            "prob": 1,
            "value": "/HTML[1]/BODY[1]/FORM[1]/DIV[2]/DIV[1]/SPAN[1]/TABLE[1]"
          },
          {
            "id": "style/color",
            "value": [
              17,
              68,
              158
            ]
          },
          {
            "id": "shield",
            "value": {
              "zIndex": "auto",
              "width": 1079,
              "height": 301
            }
          }
        ]
      },
      "events": {
        "onGetData": "getData_control6"
      },
      "intendedRole": "custom",
      "roles": "element,custom",
      "monitored": true
    },
    "control8": {
      "location": {
        "data": {
          "tagName": "INPUT"
        },
        "locators": [
          {
            "id": "input/@value",
            "prob": 1,
            "value": {
              "text": [
                "关闭"
              ]
            }
          },
          {
            "id": "input/button/@value",
            "prob": 3,
            "value": {
              "text": [
                "关闭"
              ]
            }
          },
          {
            "id": "elem/@name",
            "prob": 1,
            "value": "descendant::INPUT[@name=\"Button2\"]"
          },
          {
            "id": "@class/word",
            "prob": 1,
            "ordinal": [
              1,
              2
            ],
            "value": "EM.footbox_con SPAN.footbutton INPUT.button"
          },
          {
            "id": "path/ordinal",
            "prob": 1,
            "value": "/HTML[1]/BODY[1]/FORM[1]/DIV[2]/DIV[1]/DIV[2]/EM[1]/SPAN[2]/INPUT[2]"
          },
          {
            "id": "input/type",
            "verifyEnabled": true,
            "value": "submit"
          },
          {
            "id": "elderLevel",
            "value": {
              "level": 0
            }
          },
          {
            "id": "shield",
            "value": {
              "zIndex": "auto",
              "width": 38.8125,
              "height": 20
            }
          }
        ]
      },
      "intendedRole": "button",
      "roles": "element,button",
      "monitored": false
    },
    "control9": {
      "location": {
        "data": {
          "tagName": "INPUT"
        },
        "locators": [
          {
            "id": "input/@value",
            "prob": 1,
            "value": {
              "text": [
                " 选 定 "
              ]
            }
          },
          {
            "id": "input/button/@value",
            "prob": 3,
            "value": {
              "text": [
                " 选 定 "
              ]
            }
          },
          {
            "id": "elem/@name",
            "prob": 1,
            "value": "descendant::INPUT[@name=\"Button4\"]"
          },
          {
            "id": "@class/word",
            "prob": 1,
            "ordinal": [
              0,
              2
            ],
            "value": "EM.footbox_con SPAN.footbutton INPUT.button"
          },
          {
            "id": "path/ordinal",
            "prob": 1,
            "value": "/HTML[1]/BODY[1]/FORM[1]/DIV[2]/DIV[1]/DIV[2]/EM[1]/SPAN[2]/INPUT[1]"
          },
          {
            "id": "input/type",
            "verifyEnabled": true,
            "value": "submit"
          },
          {
            "id": "elderLevel",
            "value": {
              "level": 0
            }
          },
          {
            "id": "shield",
            "value": {
              "zIndex": "auto",
              "width": 58,
              "height": 20
            }
          }
        ]
      },
      "events": {
        "onGetData": "getData_control9"
      },
      "intendedRole": "custom",
      "roles": "element,button,custom",
      "monitored": false
    }
  },
  "contexts": {
    "context1": {
      "controls": [
        "control0",
        "control1",
        "control2",
        "control3",
        "control4",
        "control5",
        "control6",
        "control8",
        "control9"
      ],
      "anchors": []
    }
  },
  "flows": {
    "flow0": {
      "toContexts": [
        {
          "toContextId": "context1"
        },
        {
          "toContextId": "context0",
          "toModelId": "t_adjust_exchange"
        },
        {
          "toContextId": "context0",
          "toModelId": "t_adjust_makeup"
        },
        {
          "toContextId": "context0",
          "toModelId": "t_adjust_teacher"
        }
      ]
    },
    "flow1": {
      "fromContextId": "context1",
      "fromAction": "click",
      "fromControlId": "control0",
      "toContexts": [
        {
          "toContextId": "context1"
        },
        {
          "toContextId": "context0",
          "toModelId": "t_adjust_exchange"
        },
        {
          "toContextId": "context0",
          "toModelId": "t_adjust_makeup"
        },
        {
          "toContextId": "context0",
          "toModelId": "t_adjust_teacher"
        }
      ]
    },
    "flow2": {
      "fromContextId": "context1",
      "fromAction": "click",
      "fromControlId": "control8",
      "toContexts": [
        {
          "toContextId": "context1"
        },
        {
          "toContextId": "context0",
          "toModelId": "t_adjust_exchange"
        }
      ]
    }
  },
  "pages": {
    "page1": {
      "contextId": "context1",
      "layout": [
        {
          "id": "uiControl0",
          "display": {
            "class": "header",
            "title": "选择教师",
            "type": "header",
            "adapterId": "header",
            "adapter": {
              "templateType": ""
            }
          },
          "layout": []
        },
        {
          "id": "uiControl1",
          "controlId": "control0",
          "display": {
            "adapterId": "clickable",
            "type": "button",
            "class": "backBtn",
            "text": "< 返回",
            "adapter": {
              "templateType": ""
            }
          }
        },
        {
          "id": "uiControl2",
          "display": {
            "type": "accordion",
            "adapterId": "accordion",
            "adapter": {
              "templateType": ""
            }
          },
          "layout": [
            {
              "id": "uiControl2item",
              "display": {
                "title": "查询条件",
                "type": "accordionItem",
                "adapterId": "accordionItem",
                "adapter": {
                  "templateType": ""
                }
              },
              "layout": [
                {
                  "id": "uiControl3",
                  "display": {
                    "type": "card",
                    "adapterId": "card",
                    "adapter": {
                      "templateType": ""
                    }
                  },
                  "layout": [
                    {
                      "id": "uiControl3body",
                      "display": {
                        "type": "cardBody",
                        "adapterId": "cardBody",
                        "adapter": {
                          "templateType": ""
                        }
                      },
                      "layout": [
                        {
                          "id": "uiControl4",
                          "display": {
                            "text": "学院：",
                            "type": "content",
                            "adapterId": "staticContent",
                            "adapter": {
                              "templateType": ""
                            }
                          }
                        },
                        {
                          "id": "uiControl5",
                          "controlId": "control1",
                          "display": {
                            "adapterId": "listbox",
                            "type": "listbox",
                            "adapter": {
                              "templateType": ""
                            }
                          }
                        },
                        {
                          "id": "uiControl6",
                          "display": {
                            "text": "教研室：",
                            "type": "content",
                            "adapterId": "staticContent",
                            "adapter": {
                              "templateType": ""
                            }
                          }
                        },
                        {
                          "id": "uiControl7",
                          "controlId": "control2",
                          "display": {
                            "adapterId": "listbox",
                            "type": "listbox",
                            "adapter": {
                              "templateType": ""
                            }
                          }
                        },
                        {
                          "id": "uiControl8",
                          "display": {
                            "text": "教师姓名：",
                            "type": "content",
                            "adapterId": "staticContent",
                            "adapter": {
                              "templateType": ""
                            }
                          }
                        },
                        {
                          "id": "uiControl9",
                          "controlId": "control3",
                          "display": {
                            "adapterId": "textbox",
                            "type": "textbox",
                            "adapter": {
                              "templateType": ""
                            }
                          }
                        },
                        {
                          "id": "uiControl10",
                          "controlId": "control4",
                          "display": {
                            "adapterId": "clickable",
                            "type": "button",
                            "amStyle": "success",
                            "adapter": {
                              "templateType": ""
                            }
                          }
                        }
                      ]
                    }
                  ]
                }
              ]
            }
          ]
        },
        {
          "id": "uiControl11",
          "controlId": "control5",
          "display": {
            "adapterId": "custom",
            "type": "custom",
            "adapter": {
              "templateType": "react",
              "events": {
                "onDoAction": "doAction_uiControl11",
                "onGetTemplate": "getTemplate_uiControl11"
              }
            }
          }
        },
        {
          "id": "uiControl14",
          "controlId": "control6",
          "display": {
            "adapterId": "custom",
            "type": "custom",
            "adapter": {
              "templateType": "react",
              "events": {
                "onDoAction": "doAction_uiControl14",
                "onGetTemplate": "getTemplate_uiControl14"
              }
            }
          }
        },
        {
          "id": "uiControl17",
          "display": {
            "type": "card",
            "adapterId": "card",
            "adapter": {
              "templateType": ""
            }
          },
          "layout": [
            {
              "id": "uiControl17body",
              "display": {
                "type": "cardBody",
                "adapterId": "cardBody",
                "adapter": {
                  "templateType": ""
                }
              },
              "layout": [
                {
                  "id": "uiControl12",
                  "controlId": "control9",
                  "display": {
                    "adapterId": "custom",
                    "type": "custom",
                    "adapter": {
                      "templateType": "react",
                      "events": {
                        "onDoAction": "doAction_uiControl12",
                        "onGetTemplate": "getTemplate_uiControl12"
                      }
                    }
                  }
                },
                {
                  "id": "uiControl16",
                  "controlId": "control8",
                  "display": {
                    "adapterId": "clickable",
                    "type": "button",
                    "class": "flow-close",
                    "amStyle": "success",
                    "adapter": {
                      "templateType": ""
                    }
                  }
                }
              ]
            }
          ]
        }
      ]
    }
  },
  "matchers": {
    "page/title": {
      "contexts": {
        "context1": [
          "现代教学管理信息系统"
        ]
      }
    },
    "page/urls": {
      "contexts": {
        "context1": [
          "117.35.118.209/jszc_wtlb.aspx?xh=150528"
        ]
      }
    },
    "page/ids": {
      "contexts": {
        "context1": [
          [
            "Button",
            "Datagrid",
            "Datagrid__ctl_chk",
            "DropDownList",
            "Dropdownlist",
            "Form",
            "btn_jsxm",
            "jsxm"
          ]
        ]
      }
    },
    "page/classes": {
      "contexts": {
        "context1": [
          [
            "alt",
            "button",
            "buttonbox",
            "dateli",
            "earch_con",
            "earch_title",
            "earchbox",
            "footbox",
            "footbox_con",
            "footbutton",
            "formbox",
            "main_box",
            "mid_box",
            "pagination",
            "t",
            "text_nor",
            "thead",
            "title",
            "toolbox",
            "toolbox_fot"
          ]
        ]
      }
    },
    "page/tagTriplets": {
      "contexts": {
        "context1": [
          [
            "-/-/FORM",
            "-/FORM/DIV",
            "-/FORM/INPUT-hidden",
            "-/FORM/SCRIPT",
            "DIV/DIV/DIV",
            "DIV/DIV/EM",
            "DIV/DIV/P",
            "DIV/DIV/SPAN",
            "DIV/EM/SPAN",
            "DIV/P/EM",
            "DIV/P/TABLE",
            "DIV/SPAN/TABLE",
            "EM/SPAN/INPUT-submit",
            "FORM/DIV/DIV",
            "FORM/DIV/P",
            "P/TABLE/TBODY",
            "SPAN/TABLE/TBODY",
            "TABLE/TBODY/TR",
            "TBODY/TR/TD",
            "TD/B/A",
            "TD/B/SPAN",
            "TD/FONT/INPUT-checkbox",
            "TD/SELECT/OPTION",
            "TR/TD/B",
            "TR/TD/FONT",
            "TR/TD/HR",
            "TR/TD/INPUT-submit",
            "TR/TD/INPUT-text",
            "TR/TD/SELECT"
          ]
        ]
      }
    }
  }
}