{
  "version": "0.1",
  "id": "q_apartment_score_query",
  "targetURL": "http://42.247.16.108/xgxt/gyglnew_wsjc_fscx.do",
  "jsFile": "index.js",
  "requires": {
    "q_apartment_score_query_info": "../q_apartment_score_query_info/index.json",
    "q_apartment_score_query_modify": "../q_apartment_score_query_modify/index.json"
  },
  "chineseName": "公寓管理-卫生分查询",
  "description": "",
  "controls": {
    "control128": {
      "location": {
        "data": {
          "tagName": "A"
        },
        "locators": [
          {
            "id": "button/text",
            "prob": 3,
            "value": {
              "text": [
                "查看"
              ],
              "visText": [
                "查看"
              ]
            }
          },
          {
            "id": "text",
            "prob": 3,
            "value": {
              "text": [
                "查看"
              ],
              "visText": [
                "查看"
              ]
            }
          },
          {
            "id": "@id/word",
            "prob": 2,
            "value": "descendant::DIV[@id=\"dgncz\"]/DIV[1]/UL[1]/LI[1]/A[1]"
          },
          {
            "id": "@class/word",
            "prob": 1,
            "value": "DIV.toolbox DIV.buttonbox A.btn_ck"
          },
          {
            "id": "path/ordinal",
            "prob": 1,
            "value": "/HTML[1]/BODY[1]/FORM[1]/DIV[1]/DIV[1]/UL[1]/LI[1]/A[1]"
          },
          {
            "id": "elderLevel",
            "value": {
              "level": 0
            }
          },
          {
            "id": "shield",
            "value": {
              "zIndex": "auto",
              "width": 52,
              "height": 18
            }
          }
        ]
      },
      "intendedRole": "button",
      "roles": "element,button,link",
      "monitored": false
    },
    "control129": {
      "location": {
        "data": {
          "tagName": "A"
        },
        "locators": [
          {
            "id": "button/text",
            "prob": 3,
            "value": {
              "text": [
                "修改"
              ],
              "visText": [
                "修改"
              ]
            }
          },
          {
            "id": "text",
            "prob": 3,
            "value": {
              "text": [
                "修改"
              ],
              "visText": [
                "修改"
              ]
            }
          },
          {
            "id": "@id/word",
            "prob": 2,
            "value": "descendant::DIV[@id=\"dgncz\"]/DIV[1]/UL[1]/LI[2]/A[1]"
          },
          {
            "id": "@class/word",
            "prob": 1,
            "value": "DIV.toolbox DIV.buttonbox A.btn_xg"
          },
          {
            "id": "path/ordinal",
            "prob": 1,
            "value": "/HTML[1]/BODY[1]/FORM[1]/DIV[1]/DIV[1]/UL[1]/LI[2]/A[1]"
          },
          {
            "id": "elderLevel",
            "value": {
              "level": 0
            }
          },
          {
            "id": "shield",
            "value": {
              "zIndex": "auto",
              "width": 52,
              "height": 18
            }
          }
        ]
      },
      "intendedRole": "button",
      "roles": "element,button,link",
      "monitored": false
    },
    "control130": {
      "location": {
        "data": {
          "tagName": "A"
        },
        "locators": [
          {
            "id": "button/text",
            "prob": 3,
            "value": {
              "text": [
                "删除"
              ],
              "visText": [
                "删除"
              ]
            }
          },
          {
            "id": "text",
            "prob": 3,
            "value": {
              "text": [
                "删除"
              ],
              "visText": [
                "删除"
              ]
            }
          },
          {
            "id": "@id/word",
            "prob": 2,
            "value": "descendant::DIV[@id=\"dgncz\"]/DIV[1]/UL[1]/LI[3]/A[1]"
          },
          {
            "id": "@class/word",
            "prob": 1,
            "value": "DIV.toolbox DIV.buttonbox A.btn_sc"
          },
          {
            "id": "path/ordinal",
            "prob": 1,
            "value": "/HTML[1]/BODY[1]/FORM[1]/DIV[1]/DIV[1]/UL[1]/LI[3]/A[1]"
          },
          {
            "id": "elderLevel",
            "value": {
              "level": 0
            }
          },
          {
            "id": "shield",
            "value": {
              "zIndex": "auto",
              "width": 52,
              "height": 18
            }
          }
        ]
      },
      "intendedRole": "button",
      "roles": "element,button,link",
      "monitored": false
    },
    "control131": {
      "location": {
        "data": {
          "tagName": "DIV"
        },
        "locators": [
          {
            "id": "button/text",
            "prob": 3,
            "value": {
              "text": [
                "全部 楼栋名称 检查日程名称 寝室号"
              ],
              "visText": [
                ""
              ]
            }
          },
          {
            "id": "text",
            "prob": 3,
            "value": {
              "text": [
                "全部 楼栋名称 检查日程名称 寝室号"
              ],
              "visText": [
                ""
              ]
            }
          },
          {
            "id": "@id/word",
            "prob": 3,
            "value": [
              "descendant::DIV[@id=\"dgncz\"]//DIV[@id=\"options\"]",
              "descendant::DIV[@id=\"options\"]"
            ]
          },
          {
            "id": "@class/word",
            "prob": 1,
            "value": "DIV.search_advanced DIV.adv_filter DIV.options_type1"
          },
          {
            "id": "path/ordinal",
            "prob": 1,
            "value": "/HTML[1]/BODY[1]/FORM[1]/DIV[1]/DIV[2]/DIV[1]/TABLE[1]/TBODY[1]/TR[1]/TD[1]/DIV[1]"
          },
          {
            "id": "shield",
            "value": {
              "zIndex": "auto",
              "width": 81,
              "height": 25
            }
          }
        ]
      },
      "events": {
        "onGetData": "getData_control131"
      },
      "intendedRole": "custom",
      "roles": "element,custom",
      "monitored": false
    },
    "control132": {
      "location": {
        "data": {
          "tagName": "INPUT"
        },
        "locators": [
          {
            "id": "elem/@name",
            "prob": 2,
            "value": [
              "descendant::form[@name=\"fslrForm\"]//INPUT[@name=\"searchModel.input_mhcx\"]",
              "descendant::INPUT[@name=\"searchModel.input_mhcx\"]"
            ]
          },
          {
            "id": "@id/word",
            "prob": 3,
            "value": [
              "descendant::DIV[@id=\"dgncz\"]//INPUT[@id=\"input_mhcx\"]",
              "descendant::INPUT[@id=\"input_mhcx\"]"
            ]
          },
          {
            "id": "@class/word",
            "prob": 1,
            "ordinal": [
              3,
              6
            ],
            "value": "DIV.toolbox DIV.search_advanced DIV.adv_filter TABLE TBODY TR TD INPUT"
          },
          {
            "id": "path/ordinal",
            "prob": 1,
            "value": "/HTML[1]/BODY[1]/FORM[1]/DIV[1]/DIV[2]/DIV[1]/TABLE[1]/TBODY[1]/TR[1]/TD[1]/INPUT[1]"
          },
          {
            "id": "input/type",
            "verifyEnabled": true,
            "value": "text"
          },
          {
            "id": "elderLevel",
            "value": {
              "level": 0
            }
          },
          {
            "id": "shield",
            "value": {
              "zIndex": "auto",
              "width": 383,
              "height": 18
            }
          }
        ]
      },
      "intendedRole": "textbox",
      "roles": "element,textbox",
      "monitored": true
    },
    "control133": {
      "location": {
        "data": {
          "tagName": "BUTTON"
        },
        "locators": [
          {
            "id": "button/text",
            "prob": 3,
            "value": {
              "text": [
                "查 询"
              ],
              "visText": [
                "查 询"
              ]
            }
          },
          {
            "id": "text",
            "prob": 3,
            "value": {
              "text": [
                "查 询"
              ],
              "visText": [
                "查 询"
              ]
            }
          },
          {
            "id": "@id/word",
            "prob": 3,
            "value": [
              "descendant::DIV[@id=\"dgncz\"]//BUTTON[@id=\"search_go\"]",
              "descendant::BUTTON[@id=\"search_go\"]"
            ]
          },
          {
            "id": "@class/word",
            "prob": 1,
            "value": "DIV.search_advanced DIV.adv_filter BUTTON.btn_cx"
          },
          {
            "id": "path/ordinal",
            "prob": 1,
            "value": "/HTML[1]/BODY[1]/FORM[1]/DIV[1]/DIV[2]/DIV[1]/TABLE[1]/TBODY[1]/TR[1]/TD[1]/BUTTON[1]"
          },
          {
            "id": "input/type",
            "verifyEnabled": true,
            "value": "button"
          },
          {
            "id": "elderLevel",
            "value": {
              "level": 0
            }
          },
          {
            "id": "shield",
            "value": {
              "zIndex": "auto",
              "width": 52.609375,
              "height": 19
            }
          }
        ]
      },
      "intendedRole": "button",
      "roles": "element,button",
      "monitored": false
    },
    "control134": {
      "location": {
        "data": {
          "tagName": "BUTTON"
        },
        "locators": [
          {
            "id": "button/text",
            "prob": 3,
            "value": {
              "text": [
                "重 置"
              ],
              "visText": [
                "重 置"
              ]
            }
          },
          {
            "id": "text",
            "prob": 3,
            "value": {
              "text": [
                "重 置"
              ],
              "visText": [
                "重 置"
              ]
            }
          },
          {
            "id": "@class/word",
            "prob": 1,
            "value": "DIV.search_advanced DIV.adv_filter BUTTON.btn_cz"
          },
          {
            "id": "path/ordinal",
            "prob": 1,
            "value": "/HTML[1]/BODY[1]/FORM[1]/DIV[1]/DIV[2]/DIV[1]/TABLE[1]/TBODY[1]/TR[1]/TD[1]/BUTTON[2]"
          },
          {
            "id": "input/type",
            "verifyEnabled": true,
            "value": "button"
          },
          {
            "id": "elderLevel",
            "value": {
              "level": 0
            }
          },
          {
            "id": "shield",
            "value": {
              "zIndex": "auto",
              "width": 52.609375,
              "height": 19
            }
          }
        ]
      },
      "intendedRole": "button",
      "roles": "element,button",
      "monitored": false
    },
    "control135": {
      "location": {
        "data": {
          "tagName": "DIV"
        },
        "locators": [
          {
            "id": "button/text",
            "prob": 3,
            "value": {
              "text": [
                "已选条件： 学年2016-2017学期1"
              ],
              "visText": [
                "已选条件： 学年2016-2017学期1"
              ]
            }
          },
          {
            "id": "text",
            "prob": 3,
            "value": {
              "text": [
                "已选条件： 学年2016-2017学期1"
              ],
              "visText": [
                "已选条件： 学年2016-2017学期1"
              ]
            }
          },
          {
            "id": "@id/word",
            "prob": 3,
            "value": [
              "descendant::DIV[@id=\"dgncz\"]//DIV[@id=\"yxtj_div\"]",
              "descendant::DIV[@id=\"yxtj_div\"]"
            ]
          },
          {
            "id": "@class/word",
            "prob": 1,
            "value": "DIV.toolbox DIV.search_advanced DIV.selected-attr"
          },
          {
            "id": "path/ordinal",
            "prob": 1,
            "value": "/HTML[1]/BODY[1]/FORM[1]/DIV[1]/DIV[2]/DIV[2]"
          },
          {
            "id": "shield",
            "value": {
              "zIndex": "auto",
              "width": 1141.828125,
              "height": 37
            }
          }
        ]
      },
      "events": {
        "onGetData": "getData_control135"
      },
      "intendedRole": "custom",
      "roles": "element,custom",
      "monitored": true
    },
    "control136": {
      "location": {
        "data": {
          "tagName": "TABLE"
        },
        "locators": [
          {
            "id": "text",
            "prob": 3,
            "value": {
              "text": [
                "楼栋层号寝室号所属年级所属学院床位数入住人数检查日程分值 女生一号公寓1011012013国际教育学院65测试[20160101至20160101]0"
              ],
              "visText": [
                "楼栋 层号 寝室号 所属年级 所属学院 床位数 入住人数 检查日程 分值 女生一号公寓 1 01101 2013 国际教育学院 6 5 测试[20160101至20160101] 0"
              ]
            }
          },
          {
            "id": "@id/word",
            "prob": 4,
            "value": [
              "descendant::DIV[@id=\"main_box\"]//DIV[@id=\"div_rs\"]//TABLE[@id=\"table_rs\"]",
              "descendant::DIV[@id=\"div_rs\"]//TABLE[@id=\"table_rs\"]",
              "descendant::TABLE[@id=\"table_rs\"]"
            ]
          },
          {
            "id": "@class/word",
            "prob": 1,
            "value": "DIV.con_overlfow SPAN.formbox TABLE.dateline"
          },
          {
            "id": "path/ordinal",
            "prob": 1,
            "value": "/HTML[1]/BODY[1]/FORM[1]/DIV[2]/DIV[2]/DIV[1]/SPAN[1]/TABLE[1]"
          },
          {
            "id": "shield",
            "value": {
              "zIndex": "auto",
              "width": 1142,
              "height": 349
            }
          }
        ]
      },
      "events": {
        "onGetData": "getData_control136"
      },
      "intendedRole": "custom",
      "roles": "element,custom",
      "monitored": false
    },
    "control137": {
      "location": {
        "data": {
          "tagName": "P"
        },
        "locators": [
          {
            "id": "button/text",
            "prob": 3,
            "value": {
              "text": [
                "第 页/ 共 1页， 每页显示 条/共 1条记录"
              ],
              "visText": [
                "第 页/ 共 1页， 每页显示 条/共 1条记录"
              ]
            }
          },
          {
            "id": "text",
            "prob": 3,
            "value": {
              "text": [
                "第 页/ 共 1页， 每页显示 条/共 1条记录"
              ],
              "visText": [
                "第 页/ 共 1页， 每页显示 条/共 1条记录"
              ]
            }
          },
          {
            "id": "@id/word",
            "prob": 2,
            "value": [
              "descendant::DIV[@id=\"main_box\"]/DIV[3]/DIV[1]/P[1]",
              "descendant::DIV[@id=\"main_box\"]//P"
            ]
          },
          {
            "id": "@class/word",
            "prob": 1,
            "value": "DIV.pagination DIV.pageleft P.pagenum"
          },
          {
            "id": "path/ordinal",
            "prob": 1,
            "value": "/HTML[1]/BODY[1]/FORM[1]/DIV[2]/DIV[3]/DIV[1]/P[1]"
          },
          {
            "id": "shield",
            "value": {
              "zIndex": "auto",
              "width": 300,
              "height": 14
            }
          }
        ]
      },
      "events": {
        "onGetData": "getData_control137"
      },
      "intendedRole": "custom",
      "roles": "element,custom",
      "monitored": false
    },
    "control138": {
      "location": {
        "data": {
          "tagName": "A"
        },
        "locators": [
          {
            "id": "button/text",
            "prob": 3,
            "value": {
              "text": [
                "首 页"
              ],
              "visText": [
                "首 页"
              ]
            }
          },
          {
            "id": "text",
            "prob": 3,
            "value": {
              "text": [
                "首 页"
              ],
              "visText": [
                "首 页"
              ]
            }
          },
          {
            "id": "@title",
            "prob": 2,
            "value": {
              "text": [
                "首页"
              ]
            }
          },
          {
            "id": "@id/word",
            "prob": 4,
            "value": [
              "descendant::DIV[@id=\"main_box\"]//DIV[@id=\"pagediv\"]//A[@id=\"first\"]",
              "descendant::DIV[@id=\"pagediv\"]//A[@id=\"first\"]",
              "descendant::A[@id=\"first\"]"
            ]
          },
          {
            "id": "@class/word",
            "prob": 1,
            "value": "DIV.pageright DIV.paging A.first"
          },
          {
            "id": "path/ordinal",
            "prob": 1,
            "value": "/HTML[1]/BODY[1]/FORM[1]/DIV[2]/DIV[3]/DIV[2]/DIV[1]/A[1]"
          },
          {
            "id": "elderLevel",
            "value": {
              "level": 0
            }
          },
          {
            "id": "shield",
            "value": {
              "zIndex": "auto",
              "width": 46,
              "height": 19
            }
          }
        ]
      },
      "intendedRole": "button",
      "roles": "element,button,link",
      "monitored": false
    },
    "control139": {
      "location": {
        "data": {
          "tagName": "A"
        },
        "locators": [
          {
            "id": "button/text",
            "prob": 3,
            "value": {
              "text": [
                "上一页"
              ],
              "visText": [
                "上一页"
              ]
            }
          },
          {
            "id": "text",
            "prob": 3,
            "value": {
              "text": [
                "上一页"
              ],
              "visText": [
                "上一页"
              ]
            }
          },
          {
            "id": "@title",
            "prob": 2,
            "value": {
              "text": [
                "上一页"
              ]
            }
          },
          {
            "id": "@id/word",
            "prob": 4,
            "value": [
              "descendant::DIV[@id=\"main_box\"]//DIV[@id=\"pagediv\"]//A[@id=\"pre\"]",
              "descendant::DIV[@id=\"pagediv\"]//A[@id=\"pre\"]",
              "descendant::A[@id=\"pre\"]"
            ]
          },
          {
            "id": "@class/word",
            "prob": 1,
            "value": "DIV.pageright DIV.paging A.prev"
          },
          {
            "id": "path/ordinal",
            "prob": 1,
            "value": "/HTML[1]/BODY[1]/FORM[1]/DIV[2]/DIV[3]/DIV[2]/DIV[1]/A[2]"
          },
          {
            "id": "elderLevel",
            "value": {
              "level": 0
            }
          },
          {
            "id": "shield",
            "value": {
              "zIndex": "auto",
              "width": 54,
              "height": 19
            }
          }
        ]
      },
      "intendedRole": "button",
      "roles": "element,button,link",
      "monitored": false
    },
    "control140": {
      "location": {
        "data": {
          "tagName": "A"
        },
        "locators": [
          {
            "id": "button/text",
            "prob": 3,
            "value": {
              "text": [
                "下一页"
              ],
              "visText": [
                "下一页"
              ]
            }
          },
          {
            "id": "text",
            "prob": 3,
            "value": {
              "text": [
                "下一页"
              ],
              "visText": [
                "下一页"
              ]
            }
          },
          {
            "id": "@title",
            "prob": 2,
            "value": {
              "text": [
                "下一页"
              ]
            }
          },
          {
            "id": "@id/word",
            "prob": 4,
            "value": [
              "descendant::DIV[@id=\"main_box\"]//DIV[@id=\"pagediv\"]//A[@id=\"next\"]",
              "descendant::DIV[@id=\"pagediv\"]//A[@id=\"next\"]",
              "descendant::A[@id=\"next\"]"
            ]
          },
          {
            "id": "@class/word",
            "prob": 1,
            "value": "DIV.pageright DIV.paging A.next"
          },
          {
            "id": "path/ordinal",
            "prob": 1,
            "value": "/HTML[1]/BODY[1]/FORM[1]/DIV[2]/DIV[3]/DIV[2]/DIV[1]/A[3]"
          },
          {
            "id": "elderLevel",
            "value": {
              "level": 0
            }
          },
          {
            "id": "shield",
            "value": {
              "zIndex": "auto",
              "width": 54,
              "height": 19
            }
          }
        ]
      },
      "intendedRole": "button",
      "roles": "element,button,link",
      "monitored": false
    },
    "control141": {
      "location": {
        "data": {
          "tagName": "A"
        },
        "locators": [
          {
            "id": "button/text",
            "prob": 3,
            "value": {
              "text": [
                "末 页"
              ],
              "visText": [
                "末 页"
              ]
            }
          },
          {
            "id": "text",
            "prob": 3,
            "value": {
              "text": [
                "末 页"
              ],
              "visText": [
                "末 页"
              ]
            }
          },
          {
            "id": "@title",
            "prob": 2,
            "value": {
              "text": [
                "末页"
              ]
            }
          },
          {
            "id": "@id/word",
            "prob": 4,
            "value": [
              "descendant::DIV[@id=\"main_box\"]//DIV[@id=\"pagediv\"]//A[@id=\"last\"]",
              "descendant::DIV[@id=\"pagediv\"]//A[@id=\"last\"]",
              "descendant::A[@id=\"last\"]"
            ]
          },
          {
            "id": "@class/word",
            "prob": 1,
            "value": "DIV.pageright DIV.paging A.last"
          },
          {
            "id": "path/ordinal",
            "prob": 1,
            "value": "/HTML[1]/BODY[1]/FORM[1]/DIV[2]/DIV[3]/DIV[2]/DIV[1]/A[4]"
          },
          {
            "id": "elderLevel",
            "value": {
              "level": 0
            }
          },
          {
            "id": "shield",
            "value": {
              "zIndex": "auto",
              "width": 46,
              "height": 19
            }
          }
        ]
      },
      "intendedRole": "button",
      "roles": "element,button,link",
      "monitored": false
    },
    "control142": {
      "location": {
        "data": {
          "tagName": "DIV"
        },
        "locators": [
          {
            "id": "button/text",
            "prob": 3,
            "value": {
              "text": [
                "您的当前位置：公寓管理-卫生检查-卫生分查询"
              ],
              "visText": [
                "您的当前位置：公寓管理-卫生检查-卫生分查询"
              ]
            }
          },
          {
            "id": "text",
            "prob": 3,
            "value": {
              "text": [
                "您的当前位置：公寓管理-卫生检查-卫生分查询"
              ],
              "visText": [
                "您的当前位置：公寓管理-卫生检查-卫生分查询"
              ]
            }
          },
          {
            "id": "@class/word",
            "prob": 1,
            "value": "DIV.tab_cur"
          },
          {
            "id": "path/ordinal",
            "prob": 1,
            "value": "/HTML[1]/BODY[1]/DIV[2]"
          },
          {
            "id": "shield",
            "value": {
              "zIndex": "auto",
              "width": 1142,
              "height": 30
            }
          }
        ]
      },
      "roles": "element,link",
      "text": "\n\t\t\t\n\t\t\t\t您的当前位置：公寓管理-卫生检查-卫生分查询\n\t\t\t\n\t\t"
    },
    "control143": {
      "location": {
        "data": {
          "tagName": "THEAD"
        },
        "locators": [
          {
            "id": "button/text",
            "prob": 3,
            "value": {
              "text": [
                "卫生分信息"
              ],
              "visText": [
                "卫生分信息"
              ]
            }
          },
          {
            "id": "text",
            "prob": 3,
            "value": {
              "text": [
                "卫生分信息"
              ],
              "visText": [
                "卫生分信息"
              ]
            }
          },
          {
            "id": "@class/word",
            "prob": 1,
            "ordinal": [
              0,
              2
            ],
            "value": "TABLE.formlist THEAD"
          },
          {
            "id": "path/ordinal",
            "prob": 1,
            "value": "/HTML[1]/BODY[1]/FORM[1]/DIV[1]/TABLE[1]/THEAD[1]"
          },
          {
            "id": "shield",
            "value": {
              "zIndex": "auto",
              "width": 599,
              "height": 33
            }
          }
        ]
      },
      "intendedRole": "modal",
      "roles": "element,modal",
      "monitored": false,
      "frameXPath": "//iframe[@name='parentDialog']<<IFRAME>>"
    },
    "control273": {
      "location": {
        "data": {
          "tagName": "DIV"
        },
        "locators": [
          {
            "id": "text",
            "prob": 3,
            "value": {
              "text": [
                "提示信息01r"
              ],
              "visText": [
                "提示信息"
              ]
            }
          },
          {
            "id": "@id/partialWord",
            "prob": 3,
            "value": {
              "elemId": "ym-window",
              "tagName": "DIV",
              "prefix": "",
              "suffix": "/DIV[1]",
              "ratio": 0
            }
          },
          {
            "id": "@id/nonWord",
            "prob": 1,
            "disabled": true,
            "fact": "ym-tl",
            "value": "descendant::DIV[@id=\"ym-tl\"]"
          },
          {
            "id": "@class/word",
            "prob": 1,
            "value": "DIV.ym-tl"
          },
          {
            "id": "path/ordinal",
            "prob": 1,
            "value": "/HTML[1]/BODY[1]/DIV[4]/DIV[2]/DIV[1]"
          },
          {
            "id": "shield",
            "value": {
              "zIndex": "auto",
              "width": 300,
              "height": 22
            }
          }
        ]
      },
      "intendedRole": "dialog",
      "roles": "element,dialog",
      "monitored": false
    },
    "control274": {
      "location": {
        "data": {
          "tagName": "DIV"
        },
        "locators": [
          {
            "id": "button/text",
            "prob": 3,
            "ordinal": [
              1,
              2
            ],
            "value": {
              "text": [
                "提示信息01r请勾选一条需要查看的记录！"
              ],
              "visText": [
                "提示信息请勾选一条需要查看的记录！"
              ]
            }
          },
          {
            "id": "text",
            "prob": 3,
            "value": {
              "text": [
                "提示信息01r请勾选一条需要查看的记录！"
              ],
              "visText": [
                "提示信息 请勾选一条需要查看的记录！"
              ]
            }
          },
          {
            "id": "@id/partialWord",
            "prob": 3,
            "value": {
              "elemId": "ym-window",
              "tagName": "DIV",
              "prefix": "",
              "suffix": "",
              "ratio": 0
            }
          },
          {
            "id": "path/ordinal",
            "prob": 1,
            "value": "/HTML[1]/BODY[1]/DIV[4]/DIV[2]"
          },
          {
            "id": "shield",
            "value": {
              "zIndex": "10001",
              "width": 302,
              "height": 186
            }
          }
        ]
      },
      "events": {
        "onGetData": "getData_control274"
      },
      "intendedRole": "custom",
      "roles": "element,custom",
      "monitored": false
    }
  },
  "contexts": {
    "context10": {
      "controls": [
        "control128",
        "control129",
        "control130",
        "control131",
        "control132",
        "control133",
        "control134",
        "control135",
        "control136",
        "control137",
        "control138",
        "control139",
        "control140",
        "control141",
        "control143",
        "control273",
        "control274"
      ],
      "anchors": [
        "control142"
      ]
    }
  },
  "flows": {
    "flow28": {
      "toContexts": [
        {
          "toContextId": "context10"
        }
      ]
    },
    "flow29": {
      "fromContextId": "context10",
      "fromAction": "click",
      "fromControlId": "control136",
      "toContexts": [
        {
          "toContextId": "context10"
        }
      ]
    },
    "flow35": {
      "fromContextId": "context10",
      "fromAction": "click",
      "fromControlId": "control128",
      "toContexts": [
        {
          "toContextId": "context10"
        },
        {
          "toContextId": "context11",
          "toModelId": "q_apartment_score_query_info"
        }
      ]
    },
    "flow39": {
      "fromContextId": "context10",
      "fromAction": "click",
      "fromControlId": "control129",
      "toContexts": [
        {
          "toContextId": "context10"
        },
        {
          "toContextId": "context12",
          "toModelId": "q_apartment_score_query_modify"
        }
      ]
    }
  },
  "pages": {
    "page10": {
      "contextId": "context10",
      "layout": [
        {
          "id": "uiControl171",
          "display": {
            "class": "navbar navbar-primary xg_header",
            "title": "卫生分查询",
            "type": "header",
            "adapterId": "header",
            "adapter": {
              "templateType": ""
            }
          },
          "layout": [
            {
              "id": "uiControl171headerLeft",
              "display": {
                "type": "headerLeft",
                "adapterId": "headerLeft",
                "adapter": {
                  "templateType": ""
                }
              },
              "layout": []
            }
          ]
        },
        {
          "id": "uiControl193",
          "controlId": "control143",
          "display": {
            "adapterId": "modal",
            "type": "modal",
            "adapter": {
              "templateType": ""
            }
          },
          "layout": []
        },
        {
          "id": "uiControl341",
          "controlId": "control273",
          "display": {
            "adapterId": "dialog",
            "type": "dialog",
            "class": "xg_alert",
            "adapter": {
              "templateType": ""
            }
          },
          "layout": [
            {
              "id": "uiControl341body",
              "display": {
                "type": "dialogBody",
                "adapterId": "dialogBody",
                "adapter": {
                  "templateType": ""
                }
              },
              "layout": [
                {
                  "id": "uiControl358",
                  "controlId": "control274",
                  "display": {
                    "adapterId": "custom",
                    "type": "custom",
                    "adapter": {
                      "templateType": "react",
                      "events": {
                        "onDoAction": "doAction_uiControl358",
                        "onGetTemplate": "getTemplate_uiControl358"
                      }
                    }
                  }
                }
              ]
            },
            {
              "id": "uiControl341footer",
              "display": {
                "type": "dialogFooter",
                "adapterId": "dialogFooter",
                "adapter": {
                  "templateType": ""
                }
              },
              "layout": []
            }
          ]
        },
        {
          "id": "uiControl173",
          "display": {
            "type": "card",
            "adapterId": "card",
            "class": "xg_top_btn3",
            "adapter": {
              "templateType": ""
            }
          },
          "layout": [
            {
              "id": "uiControl173body",
              "display": {
                "type": "cardBody",
                "adapterId": "cardBody",
                "adapter": {
                  "templateType": ""
                }
              },
              "layout": [
                {
                  "id": "uiControl174",
                  "controlId": "control128",
                  "display": {
                    "adapterId": "clickable",
                    "type": "button",
                    "adapter": {
                      "templateType": ""
                    }
                  }
                },
                {
                  "id": "uiControl175",
                  "controlId": "control129",
                  "display": {
                    "adapterId": "clickable",
                    "type": "button",
                    "adapter": {
                      "templateType": ""
                    }
                  }
                },
                {
                  "id": "uiControl176",
                  "controlId": "control130",
                  "display": {
                    "adapterId": "clickable",
                    "type": "button",
                    "adapter": {
                      "templateType": ""
                    }
                  }
                }
              ]
            }
          ]
        },
        {
          "id": "uiControl172",
          "display": {
            "type": "card",
            "adapterId": "card",
            "class": "xg_body",
            "adapter": {
              "templateType": ""
            }
          },
          "layout": [
            {
              "id": "uiControl172body",
              "display": {
                "type": "cardBody",
                "adapterId": "cardBody",
                "adapter": {
                  "templateType": ""
                }
              },
              "layout": [
                {
                  "id": "uiControl177",
                  "display": {
                    "type": "card",
                    "adapterId": "card",
                    "class": "search-select",
                    "adapter": {
                      "templateType": ""
                    }
                  },
                  "layout": [
                    {
                      "id": "uiControl177body",
                      "display": {
                        "type": "cardBody",
                        "adapterId": "cardBody",
                        "adapter": {
                          "templateType": ""
                        }
                      },
                      "layout": [
                        {
                          "id": "uiControl178",
                          "controlId": "control131",
                          "display": {
                            "adapterId": "custom",
                            "type": "custom",
                            "adapter": {
                              "templateType": "react",
                              "events": {
                                "onDoAction": "doAction_uiControl178",
                                "onGetTemplate": "getTemplate_uiControl178"
                              }
                            }
                          }
                        },
                        {
                          "id": "uiControl179",
                          "controlId": "control132",
                          "display": {
                            "adapterId": "textbox",
                            "type": "textbox",
                            "adapter": {
                              "templateType": ""
                            }
                          }
                        },
                        {
                          "id": "uiControl180",
                          "controlId": "control133",
                          "display": {
                            "adapterId": "clickable",
                            "type": "button",
                            "adapter": {
                              "templateType": ""
                            }
                          }
                        },
                        {
                          "id": "uiControl181",
                          "controlId": "control134",
                          "display": {
                            "adapterId": "clickable",
                            "type": "button",
                            "adapter": {
                              "templateType": ""
                            }
                          }
                        }
                      ]
                    }
                  ]
                },
                {
                  "id": "uiControl182",
                  "display": {
                    "type": "card",
                    "adapterId": "card",
                    "class": "search-condition",
                    "adapter": {
                      "templateType": ""
                    }
                  },
                  "layout": [
                    {
                      "id": "uiControl182body",
                      "display": {
                        "type": "cardBody",
                        "adapterId": "cardBody",
                        "adapter": {
                          "templateType": ""
                        }
                      },
                      "layout": [
                        {
                          "id": "uiControl183",
                          "controlId": "control135",
                          "display": {
                            "adapterId": "custom",
                            "type": "custom",
                            "adapter": {
                              "templateType": "react",
                              "events": {
                                "onDoAction": "doAction_uiControl183",
                                "onGetTemplate": "getTemplate_uiControl183"
                              }
                            }
                          }
                        }
                      ]
                    }
                  ]
                },
                {
                  "id": "uiControl184",
                  "display": {
                    "type": "card",
                    "adapterId": "card",
                    "class": "wsfcx-list",
                    "adapter": {
                      "templateType": ""
                    }
                  },
                  "layout": [
                    {
                      "id": "uiControl184body",
                      "display": {
                        "type": "cardBody",
                        "adapterId": "cardBody",
                        "adapter": {
                          "templateType": ""
                        }
                      },
                      "layout": [
                        {
                          "id": "uiControl185",
                          "controlId": "control136",
                          "display": {
                            "adapterId": "custom",
                            "type": "custom",
                            "adapter": {
                              "templateType": "react",
                              "events": {
                                "onDoAction": "doAction_uiControl185",
                                "onGetTemplate": "getTemplate_uiControl185"
                              }
                            }
                          }
                        }
                      ]
                    }
                  ]
                },
                {
                  "id": "uiControl186",
                  "display": {
                    "type": "card",
                    "adapterId": "card",
                    "class": "page",
                    "adapter": {
                      "templateType": ""
                    }
                  },
                  "layout": [
                    {
                      "id": "uiControl186body",
                      "display": {
                        "type": "cardBody",
                        "adapterId": "cardBody",
                        "adapter": {
                          "templateType": ""
                        }
                      },
                      "layout": [
                        {
                          "id": "uiControl187",
                          "controlId": "control137",
                          "display": {
                            "adapterId": "custom",
                            "type": "custom",
                            "adapter": {
                              "templateType": "react",
                              "events": {
                                "onDoAction": "doAction_uiControl187",
                                "onGetTemplate": "getTemplate_uiControl187"
                              }
                            }
                          }
                        }
                      ]
                    }
                  ]
                },
                {
                  "id": "uiControl188",
                  "display": {
                    "type": "card",
                    "adapterId": "card",
                    "class": "xg_four_btn",
                    "adapter": {
                      "templateType": ""
                    }
                  },
                  "layout": [
                    {
                      "id": "uiControl188body",
                      "display": {
                        "type": "cardBody",
                        "adapterId": "cardBody",
                        "adapter": {
                          "templateType": ""
                        }
                      },
                      "layout": [
                        {
                          "id": "uiControl189",
                          "controlId": "control138",
                          "display": {
                            "adapterId": "clickable",
                            "type": "button",
                            "adapter": {
                              "templateType": ""
                            }
                          }
                        },
                        {
                          "id": "uiControl190",
                          "controlId": "control139",
                          "display": {
                            "adapterId": "clickable",
                            "type": "button",
                            "adapter": {
                              "templateType": ""
                            }
                          }
                        },
                        {
                          "id": "uiControl191",
                          "controlId": "control140",
                          "display": {
                            "adapterId": "clickable",
                            "type": "button",
                            "adapter": {
                              "templateType": ""
                            }
                          }
                        },
                        {
                          "id": "uiControl192",
                          "controlId": "control141",
                          "display": {
                            "adapterId": "clickable",
                            "type": "button",
                            "adapter": {
                              "templateType": ""
                            }
                          }
                        }
                      ]
                    }
                  ]
                }
              ]
            }
          ]
        }
      ]
    }
  },
  "matchers": {
    "page/title": {
      "contexts": {
        "context10": [
          "学生工作管理信息系统"
        ]
      }
    },
    "page/urls": {
      "contexts": {
        "context10": [
          "42.247.16.108/xgxt/gyglnew_wsjc_fscx.do"
        ]
      }
    },
    "page/ids": {
      "contexts": {
        "context10": [
          [
            "-_xn_yxtj_dd",
            "_xq_yxtj_dd",
            "a_id_",
            "a_id_-",
            "a_id_more",
            "ajax_max_current",
            "ajax_max_page",
            "ajax_max_record",
            "ajax_page_maxpage",
            "ajax_page_size",
            "all",
            "allCheck",
            "arrange",
            "bjV",
            "btn_setXsxx",
            "ch_ul",
            "choose",
            "currentPage",
            "dgncz",
            "divDisable",
            "divWaiting",
            "div_detail",
            "div_rs",
            "div_tsxx",
            "doType",
            "editPageSize",
            "fanye",
            "fashion",
            "first",
            "gjcx_div",
            "gyglyQx",
            "input_mhcx",
            "input_mhcx_msg",
            "isBzr",
            "isFdy",
            "isPage",
            "lable_confirm_cx",
            "lable_confirm_sc",
            "lable_confirm_tj",
            "lable_dqwkfsq",
            "lable_jcszwcsh",
            "lable_one_cx",
            "lable_one_lcgz",
            "lable_one_tj",
            "lable_one_xg",
            "lable_shz_cx",
            "lable_some_sc",
            "lable_some_tj",
            "lable_wjt_sc",
            "lable_wjt_yth_sc",
            "lable_wjt_yth_tj",
            "lable_wjt_yth_xg",
            "lable_wxglcxx",
            "last",
            "ld_mc_xs_",
            "ld_mc_yc_",
            "ld_more",
            "ld_ul",
            "lddm_",
            "main_box",
            "maskLevel",
            "maxPage",
            "max_page",
            "max_record",
            "message",
            "mhcx_jcrc",
            "mhcx_ldmc",
            "mhcx_lx",
            "mhcx_lxHid",
            "mhcx_qsh",
            "mklx",
            "next",
            "njV",
            "options",
            "p_tsxx",
            "page_Size",
            "pagediv",
            "pagelist",
            "pageno",
            "pagesize",
            "path",
            "pk",
            "pkValue",
            "pkValue_",
            "plcx_xh",
            "plcx_xm",
            "pre",
            "qsh_hidv_qt_",
            "qsh_hidv_qt_qsh_",
            "qsh_hidv_yc_",
            "qsh_hidv_yc_qsh_",
            "qsh_mc_xs_",
            "qsh_mc_yc_",
            "qsh_more",
            "qsh_num",
            "qsh_py_num",
            "qsh_py_xs_",
            "qsh_py_yc_",
            "qsh_qt_qsh_",
            "qsh_ul",
            "realTable",
            "refreshParent",
            "ryfw",
            "searchPath",
            "searchTjDiv",
            "searchType",
            "search_go",
            "showMessage",
            "tableName",
            "table_rs",
            "text",
            "tj_ch_",
            "tj_xn_-",
            "tj_xq_",
            "totlePage",
            "ts_msg",
            "tsxx_span",
            "turnCheck",
            "userDep",
            "userName",
            "userStatus",
            "userType",
            "waitDiv",
            "xhV",
            "xmV",
            "xmdm",
            "xxdm",
            "xyV",
            "xzxsKey",
            "yhlx",
            "ym-bl",
            "ym-btnl",
            "ym-ml",
            "ym-tl",
            "ym-window",
            "yxtj_div",
            "yxtj_dl",
            "yxzxss",
            "zyV"
          ],
          [
            "a_id_more",
            "all",
            "allCheck",
            "arrange",
            "bjV",
            "btn_setXsxx",
            "choose",
            "currentPage",
            "dgncz",
            "divDisable",
            "divWaiting",
            "div_detail",
            "div_rs",
            "div_tsxx",
            "doType",
            "editPageSize",
            "fanye",
            "fashion",
            "first",
            "gjcx_div",
            "gyglyQx",
            "input_mhcx",
            "input_mhcx_msg",
            "isBzr",
            "isFdy",
            "isPage",
            "lable_confirm_cx",
            "lable_confirm_sc",
            "lable_confirm_tj",
            "lable_dqwkfsq",
            "lable_jcszwcsh",
            "lable_one_cx",
            "lable_one_lcgz",
            "lable_one_tj",
            "lable_one_xg",
            "lable_shz_cx",
            "lable_some_sc",
            "lable_some_tj",
            "lable_wjt_sc",
            "lable_wjt_yth_sc",
            "lable_wjt_yth_tj",
            "lable_wjt_yth_xg",
            "lable_wxglcxx",
            "last",
            "main_box",
            "maxPage",
            "max_page",
            "max_record",
            "message",
            "mhcx_jcrc",
            "mhcx_ldmc",
            "mhcx_lx",
            "mhcx_lxHid",
            "mhcx_qsh",
            "mklx",
            "next",
            "njV",
            "options",
            "p_tsxx",
            "page_Size",
            "pagediv",
            "pagelist",
            "pageno",
            "pagesize",
            "path",
            "pk",
            "pkValue",
            "plcx_xh",
            "plcx_xm",
            "pre",
            "realTable",
            "refreshParent",
            "ryfw",
            "searchPath",
            "searchTjDiv",
            "searchType",
            "search_go",
            "showMessage",
            "tableName",
            "text",
            "totlePage",
            "ts_msg",
            "tsxx_span",
            "turnCheck",
            "userDep",
            "userName",
            "userStatus",
            "userType",
            "waitDiv",
            "xhV",
            "xmV",
            "xmdm",
            "xxdm",
            "xyV",
            "xzxsKey",
            "yhlx",
            "yxtj_div",
            "yxtj_dl",
            "yxzxss",
            "zyV"
          ],
          [
            "a_id_more",
            "ajax_max_current",
            "ajax_max_page",
            "ajax_max_record",
            "ajax_page_maxpage",
            "ajax_page_size",
            "all",
            "allCheck",
            "arrange",
            "bjV",
            "btn_setXsxx",
            "choose",
            "currentPage",
            "dgncz",
            "divDisable",
            "divWaiting",
            "div_detail",
            "div_rs",
            "div_tsxx",
            "doType",
            "editPageSize",
            "fanye",
            "fashion",
            "first",
            "gjcx_div",
            "gyglyQx",
            "input_mhcx",
            "input_mhcx_msg",
            "isBzr",
            "isFdy",
            "isPage",
            "lable_confirm_cx",
            "lable_confirm_sc",
            "lable_confirm_tj",
            "lable_dqwkfsq",
            "lable_jcszwcsh",
            "lable_one_cx",
            "lable_one_lcgz",
            "lable_one_tj",
            "lable_one_xg",
            "lable_shz_cx",
            "lable_some_sc",
            "lable_some_tj",
            "lable_wjt_sc",
            "lable_wjt_yth_sc",
            "lable_wjt_yth_tj",
            "lable_wjt_yth_xg",
            "lable_wxglcxx",
            "last",
            "lddm_",
            "main_box",
            "maxPage",
            "max_page",
            "max_record",
            "message",
            "mhcx_jcrc",
            "mhcx_ldmc",
            "mhcx_lx",
            "mhcx_lxHid",
            "mhcx_qsh",
            "mklx",
            "next",
            "njV",
            "options",
            "p_tsxx",
            "page_Size",
            "pagediv",
            "pagelist",
            "pageno",
            "pagesize",
            "path",
            "pk",
            "pkValue",
            "pkValue_",
            "plcx_xh",
            "plcx_xm",
            "pre",
            "realTable",
            "refreshParent",
            "ryfw",
            "searchPath",
            "searchTjDiv",
            "searchType",
            "search_go",
            "showMessage",
            "tableName",
            "table_rs",
            "text",
            "totlePage",
            "ts_msg",
            "tsxx_span",
            "turnCheck",
            "userDep",
            "userName",
            "userStatus",
            "userType",
            "waitDiv",
            "xhV",
            "xmV",
            "xmdm",
            "xxdm",
            "xyV",
            "xzxsKey",
            "yhlx",
            "yxtj_div",
            "yxtj_dl",
            "yxzxss",
            "zyV"
          ],
          [
            "-_xn_yxtj_dd",
            "_xq_yxtj_dd",
            "a_id_",
            "a_id_-",
            "a_id_more",
            "ajax_max_current",
            "ajax_max_page",
            "ajax_max_record",
            "ajax_page_maxpage",
            "ajax_page_size",
            "all",
            "allCheck",
            "arrange",
            "bjV",
            "btn_setXsxx",
            "ch_ul",
            "choose",
            "currentPage",
            "dgncz",
            "divDisable",
            "divWaiting",
            "div_detail",
            "div_rs",
            "div_tsxx",
            "doType",
            "editPageSize",
            "fanye",
            "fashion",
            "first",
            "gjcx_div",
            "gyglyQx",
            "input_mhcx",
            "input_mhcx_msg",
            "isBzr",
            "isFdy",
            "isPage",
            "lable_confirm_cx",
            "lable_confirm_sc",
            "lable_confirm_tj",
            "lable_dqwkfsq",
            "lable_jcszwcsh",
            "lable_one_cx",
            "lable_one_lcgz",
            "lable_one_tj",
            "lable_one_xg",
            "lable_shz_cx",
            "lable_some_sc",
            "lable_some_tj",
            "lable_wjt_sc",
            "lable_wjt_yth_sc",
            "lable_wjt_yth_tj",
            "lable_wjt_yth_xg",
            "lable_wxglcxx",
            "last",
            "ld_mc_xs_",
            "ld_mc_yc_",
            "ld_more",
            "ld_ul",
            "lddm_",
            "ldg_lockmask",
            "main_box",
            "maskLevel",
            "maxPage",
            "max_page",
            "max_record",
            "message",
            "mhcx_jcrc",
            "mhcx_ldmc",
            "mhcx_lx",
            "mhcx_lxHid",
            "mhcx_qsh",
            "mklx",
            "next",
            "njV",
            "options",
            "p_tsxx",
            "page_Size",
            "pagediv",
            "pagelist",
            "pageno",
            "pagesize",
            "path",
            "pk",
            "pkValue",
            "pkValue_",
            "plcx_xh",
            "plcx_xm",
            "pre",
            "qsh_hidv_qt_",
            "qsh_hidv_qt_qsh_",
            "qsh_hidv_yc_",
            "qsh_hidv_yc_qsh_",
            "qsh_mc_xs_",
            "qsh_mc_yc_",
            "qsh_more",
            "qsh_num",
            "qsh_py_num",
            "qsh_py_xs_",
            "qsh_py_yc_",
            "qsh_qt_qsh_",
            "qsh_ul",
            "realTable",
            "refreshParent",
            "ryfw",
            "searchPath",
            "searchTjDiv",
            "searchType",
            "search_go",
            "showMessage",
            "tableName",
            "table_rs",
            "text",
            "tj_ch_",
            "tj_xn_-",
            "tj_xq_",
            "totlePage",
            "ts_msg",
            "tsxx_span",
            "turnCheck",
            "userDep",
            "userName",
            "userStatus",
            "userType",
            "waitDiv",
            "xhV",
            "xmV",
            "xmdm",
            "xxdm",
            "xyV",
            "xzxsKey",
            "yhlx",
            "ym-bl",
            "ym-btnl",
            "ym-ml",
            "ym-tl",
            "ym-window",
            "yxtj_div",
            "yxtj_dl",
            "yxzxss",
            "zyV"
          ],
          [
            "-_xn_yxtj_dd",
            "_xq_yxtj_dd",
            "a_id_",
            "a_id_-",
            "a_id_more",
            "ajax_max_current",
            "ajax_max_page",
            "ajax_max_record",
            "ajax_page_maxpage",
            "ajax_page_size",
            "all",
            "allCheck",
            "arrange",
            "bjV",
            "btn_setXsxx",
            "ch_ul",
            "choose",
            "currentPage",
            "dgncz",
            "divDisable",
            "divWaiting",
            "div_detail",
            "div_rs",
            "div_tsxx",
            "doType",
            "editPageSize",
            "fanye",
            "fashion",
            "first",
            "gjcx_div",
            "gyglyQx",
            "input_mhcx",
            "input_mhcx_msg",
            "isBzr",
            "isFdy",
            "isPage",
            "lable_confirm_cx",
            "lable_confirm_sc",
            "lable_confirm_tj",
            "lable_dqwkfsq",
            "lable_jcszwcsh",
            "lable_one_cx",
            "lable_one_lcgz",
            "lable_one_tj",
            "lable_one_xg",
            "lable_shz_cx",
            "lable_some_sc",
            "lable_some_tj",
            "lable_wjt_sc",
            "lable_wjt_yth_sc",
            "lable_wjt_yth_tj",
            "lable_wjt_yth_xg",
            "lable_wxglcxx",
            "last",
            "ld_mc_xs_",
            "ld_mc_yc_",
            "ld_more",
            "ld_ul",
            "lddm_",
            "main_box",
            "maskLevel",
            "maxPage",
            "max_page",
            "max_record",
            "message",
            "mhcx_jcrc",
            "mhcx_ldmc",
            "mhcx_lx",
            "mhcx_lxHid",
            "mhcx_qsh",
            "mklx",
            "next",
            "njV",
            "options",
            "p_tsxx",
            "page_Size",
            "pagediv",
            "pagelist",
            "pageno",
            "pagesize",
            "path",
            "pk",
            "pkValue",
            "pkValue_",
            "plcx_xh",
            "plcx_xm",
            "pre",
            "qsh_hidv_qt_",
            "qsh_hidv_qt_qsh_",
            "qsh_hidv_yc_",
            "qsh_hidv_yc_qsh_",
            "qsh_mc_xs_",
            "qsh_mc_yc_",
            "qsh_more",
            "qsh_num",
            "qsh_py_num",
            "qsh_py_xs_",
            "qsh_py_yc_",
            "qsh_qt_qsh_",
            "qsh_ul",
            "realTable",
            "refreshParent",
            "ryfw",
            "searchPath",
            "searchTjDiv",
            "searchType",
            "search_go",
            "showMessage",
            "tableName",
            "table_rs",
            "text",
            "tj_ch_",
            "tj_xn_-",
            "tj_xq_",
            "totlePage",
            "ts_msg",
            "tsxx_span",
            "turnCheck",
            "userDep",
            "userName",
            "userStatus",
            "userType",
            "waitDiv",
            "xhV",
            "xmV",
            "xmdm",
            "xxdm",
            "xyV",
            "xzxsKey",
            "yhlx",
            "ym-bl",
            "ym-btnl",
            "ym-ml",
            "ym-tl",
            "ym-window",
            "ymPrompt_btn_",
            "yxtj_div",
            "yxtj_dl",
            "yxzxss",
            "zyV"
          ]
        ]
      }
    },
    "page/classes": {
      "contexts": {
        "context10": [
          [
            "adv_filter",
            "btn_ck",
            "btn_cx",
            "btn_cz",
            "btn_dc",
            "btn_sc",
            "btn_xg",
            "buttonbox",
            "choose",
            "close-icon",
            "con_overlfow",
            "dateline",
            "datetitle_",
            "down",
            "first",
            "formbox",
            "hide",
            "hover",
            "last",
            "location",
            "main_box",
            "mid_box",
            "more--item_bottom",
            "moreValue_click",
            "more_down",
            "next",
            "options_type",
            "pageleft",
            "pagelist",
            "pagenum",
            "pageright",
            "pagination",
            "paging",
            "prev",
            "prompcon",
            "prop-item",
            "red",
            "search_advanced",
            "selected-attr",
            "selectedValue",
            "tab_cur",
            "text_nor",
            "title",
            "toolbox",
            "ui_b",
            "ui_border",
            "ui_buttons",
            "ui_c",
            "ui_close",
            "ui_content",
            "ui_dialog",
            "ui_icon",
            "ui_inner",
            "ui_l",
            "ui_lb",
            "ui_lt",
            "ui_main",
            "ui_max",
            "ui_max_b",
            "ui_min",
            "ui_min_b",
            "ui_r",
            "ui_rb",
            "ui_res",
            "ui_res_b",
            "ui_res_t",
            "ui_rt",
            "ui_t",
            "ui_title",
            "ui_title_bar",
            "ui_title_buttons",
            "ym-bc",
            "ym-bl",
            "ym-body",
            "ym-br",
            "ym-btn",
            "ym-header-text",
            "ym-header-tools",
            "ym-mc",
            "ym-ml",
            "ym-mr",
            "ym-tc",
            "ym-tl",
            "ym-tr",
            "ymPrompt_close",
            "ymPrompt_max",
            "ymPrompt_min"
          ],
          [
            "adv_filter",
            "btn_ck",
            "btn_cx",
            "btn_cz",
            "btn_dc",
            "btn_sc",
            "btn_xg",
            "buttonbox",
            "choose",
            "close-icon",
            "con_overlfow",
            "dateline",
            "datetitle_",
            "down",
            "first",
            "formbox",
            "hide",
            "last",
            "location",
            "main_box",
            "mid_box",
            "more--item_bottom",
            "moreValue_click",
            "more_down",
            "next",
            "options_type",
            "pageleft",
            "pagelist",
            "pagenum",
            "pageright",
            "pagination",
            "paging",
            "prev",
            "prompcon",
            "prop-item",
            "red",
            "search_advanced",
            "selected-attr",
            "selectedValue",
            "tab_cur",
            "text_nor",
            "title",
            "toolbox",
            "ui_b",
            "ui_border",
            "ui_buttons",
            "ui_c",
            "ui_close",
            "ui_content",
            "ui_dialog",
            "ui_icon",
            "ui_inner",
            "ui_l",
            "ui_lb",
            "ui_lt",
            "ui_main",
            "ui_max",
            "ui_max_b",
            "ui_min",
            "ui_min_b",
            "ui_r",
            "ui_rb",
            "ui_res",
            "ui_res_b",
            "ui_res_t",
            "ui_rt",
            "ui_t",
            "ui_title",
            "ui_title_bar",
            "ui_title_buttons",
            "ym-bc",
            "ym-bl",
            "ym-body",
            "ym-br",
            "ym-btn",
            "ym-header-text",
            "ym-header-tools",
            "ym-mc",
            "ym-ml",
            "ym-mr",
            "ym-tc",
            "ym-tl",
            "ym-tr",
            "ymPrompt_close",
            "ymPrompt_max",
            "ymPrompt_min"
          ],
          [
            "adv_filter",
            "btn_ck",
            "btn_cx",
            "btn_cz",
            "btn_dc",
            "btn_sc",
            "btn_xg",
            "buttonbox",
            "choose",
            "datetitle_",
            "down",
            "first",
            "hide",
            "hover",
            "last",
            "location",
            "main_box",
            "mid_box",
            "more--item_bottom",
            "next",
            "options_type",
            "pageleft",
            "pagelist",
            "pagenum",
            "pageright",
            "pagination",
            "paging",
            "prev",
            "prompcon",
            "prop-item",
            "red",
            "search_advanced",
            "selected-attr",
            "tab_cur",
            "text_nor",
            "title",
            "toolbox"
          ],
          [
            "adv_filter",
            "btn_ck",
            "btn_cx",
            "btn_cz",
            "btn_dc",
            "btn_sc",
            "btn_xg",
            "buttonbox",
            "choose",
            "con_overlfow",
            "dateline",
            "datetitle_",
            "down",
            "first",
            "formbox",
            "hide",
            "hover",
            "last",
            "location",
            "main_box",
            "mid_box",
            "more--item_bottom",
            "next",
            "options_type",
            "pageleft",
            "pagelist",
            "pagenum",
            "pageright",
            "pagination",
            "paging",
            "prev",
            "prompcon",
            "prop-item",
            "red",
            "search_advanced",
            "selected-attr",
            "tab_cur",
            "text_nor",
            "title",
            "toolbox"
          ],
          [
            "adv_filter",
            "btn_ck",
            "btn_cx",
            "btn_cz",
            "btn_dc",
            "btn_sc",
            "btn_xg",
            "buttonbox",
            "choose",
            "close-icon",
            "con_overlfow",
            "dateline",
            "datetitle_",
            "down",
            "first",
            "formbox",
            "hide",
            "hover",
            "last",
            "location",
            "main_box",
            "mid_box",
            "more--item_bottom",
            "moreValue_click",
            "more_down",
            "next",
            "options_type",
            "pageleft",
            "pagelist",
            "pagenum",
            "pageright",
            "pagination",
            "paging",
            "prev",
            "prompcon",
            "prop-item",
            "red",
            "search_advanced",
            "selected-attr",
            "selectedValue",
            "tab_cur",
            "text_nor",
            "title",
            "toolbox",
            "ui_b",
            "ui_border",
            "ui_buttons",
            "ui_c",
            "ui_close",
            "ui_content",
            "ui_dialog",
            "ui_icon",
            "ui_inner",
            "ui_l",
            "ui_lb",
            "ui_loading",
            "ui_lt",
            "ui_main",
            "ui_max",
            "ui_max_b",
            "ui_min",
            "ui_min_b",
            "ui_r",
            "ui_rb",
            "ui_res",
            "ui_res_b",
            "ui_res_t",
            "ui_rt",
            "ui_state_focus",
            "ui_state_full",
            "ui_state_lock",
            "ui_state_visible",
            "ui_t",
            "ui_title",
            "ui_title_bar",
            "ui_title_buttons",
            "ym-bc",
            "ym-bl",
            "ym-body",
            "ym-br",
            "ym-btn",
            "ym-header-text",
            "ym-header-tools",
            "ym-mc",
            "ym-ml",
            "ym-mr",
            "ym-tc",
            "ym-tl",
            "ym-tr",
            "ymPrompt_close",
            "ymPrompt_max",
            "ymPrompt_min"
          ],
          [
            "adv_filter",
            "btnStyle",
            "btn_ck",
            "btn_cx",
            "btn_cz",
            "btn_dc",
            "btn_sc",
            "btn_xg",
            "buttonbox",
            "choose",
            "close-icon",
            "con_overlfow",
            "dateline",
            "datetitle_",
            "down",
            "first",
            "formbox",
            "handler",
            "hide",
            "hover",
            "last",
            "location",
            "main_box",
            "mid_box",
            "more--item_bottom",
            "moreValue_click",
            "more_down",
            "next",
            "options_type",
            "pageleft",
            "pagelist",
            "pagenum",
            "pageright",
            "pagination",
            "paging",
            "prev",
            "prompcon",
            "prop-item",
            "red",
            "search_advanced",
            "selected-attr",
            "selectedValue",
            "tab_cur",
            "text_nor",
            "title",
            "toolbox",
            "ui_b",
            "ui_border",
            "ui_buttons",
            "ui_c",
            "ui_close",
            "ui_content",
            "ui_dialog",
            "ui_icon",
            "ui_inner",
            "ui_l",
            "ui_lb",
            "ui_lt",
            "ui_main",
            "ui_max",
            "ui_max_b",
            "ui_min",
            "ui_min_b",
            "ui_r",
            "ui_rb",
            "ui_res",
            "ui_res_b",
            "ui_res_t",
            "ui_rt",
            "ui_t",
            "ui_title",
            "ui_title_bar",
            "ui_title_buttons",
            "ym-bc",
            "ym-bl",
            "ym-body",
            "ym-br",
            "ym-btn",
            "ym-content",
            "ym-header-text",
            "ym-header-tools",
            "ym-mc",
            "ym-ml",
            "ym-mr",
            "ym-tc",
            "ym-tl",
            "ym-tr",
            "ymPrompt_alert",
            "ymPrompt_close",
            "ymPrompt_max",
            "ymPrompt_min"
          ]
        ]
      }
    },
    "page/tagTriplets": {
      "contexts": {
        "context10": [
          [
            "-/-/DIV",
            "-/-/FORM",
            "-/-/SCRIPT",
            "-/DIV/DIV",
            "-/DIV/IFRAME",
            "-/DIV/P",
            "-/DIV/TABLE",
            "-/FORM/BUTTON",
            "-/FORM/DIV",
            "-/FORM/INPUT-hidden",
            "DD/A/H5",
            "DD/A/SPAN",
            "DD/UL/INPUT-hidden",
            "DD/UL/LI",
            "DIV/A/B",
            "DIV/DIV/A",
            "DIV/DIV/BR",
            "DIV/DIV/DIV",
            "DIV/DIV/DL",
            "DIV/DIV/H3",
            "DIV/DIV/IMG",
            "DIV/DIV/INPUT-checkbox",
            "DIV/DIV/INPUT-hidden",
            "DIV/DIV/P",
            "DIV/DIV/SCRIPT",
            "DIV/DIV/SPAN",
            "DIV/DIV/STRONG",
            "DIV/DIV/TABLE",
            "DIV/DIV/UL",
            "DIV/DL/DD",
            "DIV/DL/DT",
            "DIV/H3/SPAN",
            "DIV/P/A",
            "DIV/P/B",
            "DIV/P/EM",
            "DIV/P/INPUT-text",
            "DIV/P/SPAN",
            "DIV/SPAN/TABLE",
            "DIV/TABLE/TBODY",
            "DIV/UL/LI",
            "DL/DD/A",
            "DL/DD/DIV",
            "DL/DD/UL",
            "DL/DT/B",
            "DL/DT/INPUT-hidden",
            "DL/DT/INPUT-text",
            "FORM/DIV/DIV",
            "FORM/DIV/H3",
            "FORM/DIV/IMG",
            "FORM/DIV/INPUT-hidden",
            "FORM/DIV/P",
            "FORM/DIV/SCRIPT",
            "FORM/DIV/STYLE",
            "LI/H5/IMG",
            "P/SPAN/INPUT-text",
            "SPAN/TABLE/TBODY",
            "SPAN/TABLE/THEAD",
            "TABLE/TBODY/TR",
            "TABLE/THEAD/TR",
            "TBODY/TR/TD",
            "TD/DIV/DIV",
            "TD/DIV/DL",
            "TD/DIV/TABLE",
            "THEAD/TR/TD",
            "TR/TD/BR",
            "TR/TD/BUTTON",
            "TR/TD/DIV",
            "TR/TD/INPUT-checkbox",
            "TR/TD/INPUT-hidden",
            "TR/TD/INPUT-text",
            "TR/TD/SPAN",
            "UL/LI/A",
            "UL/LI/H5",
            "UL/LI/INPUT-hidden"
          ],
          [
            "-/-/DIV",
            "-/-/FORM",
            "-/-/SCRIPT",
            "-/DIV/DIV",
            "-/DIV/IFRAME",
            "-/DIV/P",
            "-/DIV/TABLE",
            "-/FORM/BUTTON",
            "-/FORM/DIV",
            "-/FORM/INPUT-hidden",
            "DD/A/H5",
            "DD/A/SPAN",
            "DD/UL/INPUT-hidden",
            "DD/UL/LI",
            "DIV/A/B",
            "DIV/DIV/A",
            "DIV/DIV/BR",
            "DIV/DIV/DIV",
            "DIV/DIV/DL",
            "DIV/DIV/H3",
            "DIV/DIV/IMG",
            "DIV/DIV/INPUT-checkbox",
            "DIV/DIV/INPUT-hidden",
            "DIV/DIV/P",
            "DIV/DIV/SCRIPT",
            "DIV/DIV/SPAN",
            "DIV/DIV/STRONG",
            "DIV/DIV/TABLE",
            "DIV/DIV/UL",
            "DIV/DL/DD",
            "DIV/DL/DT",
            "DIV/H3/SPAN",
            "DIV/P/A",
            "DIV/P/B",
            "DIV/P/EM",
            "DIV/P/FONT",
            "DIV/P/INPUT-text",
            "DIV/P/SPAN",
            "DIV/SPAN/TABLE",
            "DIV/TABLE/TBODY",
            "DIV/UL/LI",
            "DL/DD/A",
            "DL/DD/DIV",
            "DL/DD/UL",
            "DL/DT/B",
            "DL/DT/INPUT-hidden",
            "DL/DT/INPUT-text",
            "FORM/DIV/DIV",
            "FORM/DIV/H3",
            "FORM/DIV/IMG",
            "FORM/DIV/INPUT-hidden",
            "FORM/DIV/P",
            "FORM/DIV/SCRIPT",
            "FORM/DIV/STYLE",
            "LI/H5/IMG",
            "P/SPAN/INPUT-text",
            "SPAN/TABLE/TBODY",
            "SPAN/TABLE/THEAD",
            "TABLE/TBODY/TR",
            "TABLE/THEAD/TR",
            "TBODY/TR/TD",
            "TD/DIV/DIV",
            "TD/DIV/DL",
            "TD/DIV/TABLE",
            "THEAD/TR/TD",
            "TR/TD/BR",
            "TR/TD/BUTTON",
            "TR/TD/DIV",
            "TR/TD/INPUT-checkbox",
            "TR/TD/INPUT-hidden",
            "TR/TD/INPUT-text",
            "TR/TD/SPAN",
            "UL/LI/A",
            "UL/LI/H5",
            "UL/LI/INPUT-hidden"
          ],
          [
            "-/-/DIV",
            "-/-/FORM",
            "-/-/SCRIPT",
            "-/DIV/P",
            "-/FORM/BUTTON",
            "-/FORM/DIV",
            "-/FORM/INPUT-hidden",
            "DIV/DIV/A",
            "DIV/DIV/BR",
            "DIV/DIV/DIV",
            "DIV/DIV/DL",
            "DIV/DIV/H3",
            "DIV/DIV/IMG",
            "DIV/DIV/INPUT-checkbox",
            "DIV/DIV/INPUT-hidden",
            "DIV/DIV/P",
            "DIV/DIV/SCRIPT",
            "DIV/DIV/SPAN",
            "DIV/DIV/TABLE",
            "DIV/DIV/UL",
            "DIV/DL/DD",
            "DIV/DL/DT",
            "DIV/H3/SPAN",
            "DIV/P/A",
            "DIV/P/B",
            "DIV/P/EM",
            "DIV/P/INPUT-text",
            "DIV/P/SPAN",
            "DIV/TABLE/TBODY",
            "DIV/UL/LI",
            "DL/DD/DIV",
            "DL/DT/B",
            "DL/DT/INPUT-hidden",
            "DL/DT/INPUT-text",
            "FORM/DIV/DIV",
            "FORM/DIV/H3",
            "FORM/DIV/IMG",
            "FORM/DIV/INPUT-hidden",
            "FORM/DIV/P",
            "FORM/DIV/SCRIPT",
            "FORM/DIV/STYLE",
            "P/SPAN/INPUT-text",
            "TABLE/TBODY/TR",
            "TBODY/TR/TD",
            "TD/DIV/DIV",
            "TD/DIV/DL",
            "TR/TD/BR",
            "TR/TD/BUTTON",
            "TR/TD/DIV",
            "TR/TD/INPUT-hidden",
            "TR/TD/INPUT-text",
            "TR/TD/SPAN",
            "UL/LI/A"
          ],
          [
            "-/-/DIV",
            "-/-/FORM",
            "-/-/SCRIPT",
            "-/DIV/IFRAME",
            "-/DIV/P",
            "-/FORM/BUTTON",
            "-/FORM/DIV",
            "-/FORM/INPUT-hidden",
            "DIV/DIV/A",
            "DIV/DIV/BR",
            "DIV/DIV/DIV",
            "DIV/DIV/DL",
            "DIV/DIV/H3",
            "DIV/DIV/IMG",
            "DIV/DIV/INPUT-checkbox",
            "DIV/DIV/INPUT-hidden",
            "DIV/DIV/P",
            "DIV/DIV/SCRIPT",
            "DIV/DIV/SPAN",
            "DIV/DIV/TABLE",
            "DIV/DIV/UL",
            "DIV/DL/DD",
            "DIV/DL/DT",
            "DIV/H3/SPAN",
            "DIV/P/A",
            "DIV/P/B",
            "DIV/P/EM",
            "DIV/P/INPUT-text",
            "DIV/P/SPAN",
            "DIV/SPAN/TABLE",
            "DIV/TABLE/TBODY",
            "DIV/UL/LI",
            "DL/DD/DIV",
            "DL/DT/B",
            "DL/DT/INPUT-hidden",
            "DL/DT/INPUT-text",
            "FORM/DIV/DIV",
            "FORM/DIV/H3",
            "FORM/DIV/IMG",
            "FORM/DIV/INPUT-hidden",
            "FORM/DIV/P",
            "FORM/DIV/SCRIPT",
            "FORM/DIV/STYLE",
            "P/SPAN/INPUT-text",
            "SPAN/TABLE/TBODY",
            "SPAN/TABLE/THEAD",
            "TABLE/TBODY/TR",
            "TABLE/THEAD/TR",
            "TBODY/TR/TD",
            "TD/DIV/DIV",
            "TD/DIV/DL",
            "THEAD/TR/TD",
            "TR/TD/BR",
            "TR/TD/BUTTON",
            "TR/TD/DIV",
            "TR/TD/INPUT-checkbox",
            "TR/TD/INPUT-hidden",
            "TR/TD/INPUT-text",
            "TR/TD/SPAN",
            "UL/LI/A"
          ],
          [
            "-/-/DIV",
            "-/-/FORM",
            "-/-/SCRIPT",
            "-/DIV/DIV",
            "-/DIV/IFRAME",
            "-/DIV/P",
            "-/DIV/TABLE",
            "-/FORM/BUTTON",
            "-/FORM/DIV",
            "-/FORM/INPUT-hidden",
            "DD/A/H5",
            "DD/A/SPAN",
            "DD/UL/INPUT-hidden",
            "DD/UL/LI",
            "DIV/A/B",
            "DIV/DIV/A",
            "DIV/DIV/BR",
            "DIV/DIV/DIV",
            "DIV/DIV/DL",
            "DIV/DIV/H3",
            "DIV/DIV/IMG",
            "DIV/DIV/INPUT-checkbox",
            "DIV/DIV/INPUT-hidden",
            "DIV/DIV/P",
            "DIV/DIV/SCRIPT",
            "DIV/DIV/SPAN",
            "DIV/DIV/STRONG",
            "DIV/DIV/TABLE",
            "DIV/DIV/UL",
            "DIV/DL/DD",
            "DIV/DL/DT",
            "DIV/H3/SPAN",
            "DIV/P/A",
            "DIV/P/B",
            "DIV/P/EM",
            "DIV/P/INPUT-text",
            "DIV/P/SPAN",
            "DIV/SPAN/TABLE",
            "DIV/TABLE/TBODY",
            "DIV/UL/LI",
            "DL/DD/A",
            "DL/DD/DIV",
            "DL/DD/UL",
            "DL/DT/B",
            "DL/DT/INPUT-hidden",
            "DL/DT/INPUT-text",
            "FORM/DIV/DIV",
            "FORM/DIV/H3",
            "FORM/DIV/IMG",
            "FORM/DIV/INPUT-hidden",
            "FORM/DIV/P",
            "FORM/DIV/SCRIPT",
            "FORM/DIV/STYLE",
            "LI/H5/IMG",
            "P/SPAN/INPUT-text",
            "SPAN/TABLE/TBODY",
            "SPAN/TABLE/THEAD",
            "TABLE/TBODY/TR",
            "TABLE/THEAD/TR",
            "TBODY/TR/TD",
            "TD/DIV/DIV",
            "TD/DIV/DL",
            "TD/DIV/IFRAME",
            "TD/DIV/TABLE",
            "THEAD/TR/TD",
            "TR/TD/BR",
            "TR/TD/BUTTON",
            "TR/TD/DIV",
            "TR/TD/INPUT-checkbox",
            "TR/TD/INPUT-hidden",
            "TR/TD/INPUT-text",
            "TR/TD/SPAN",
            "UL/LI/A",
            "UL/LI/H5",
            "UL/LI/INPUT-hidden"
          ],
          [
            "-/-/DIV",
            "-/-/FORM",
            "-/-/SCRIPT",
            "-/DIV/IFRAME",
            "-/DIV/P",
            "-/FORM/BUTTON",
            "-/FORM/DIV",
            "-/FORM/INPUT-hidden",
            "DIV/DIV/A",
            "DIV/DIV/BR",
            "DIV/DIV/DIV",
            "DIV/DIV/DL",
            "DIV/DIV/H3",
            "DIV/DIV/IMG",
            "DIV/DIV/INPUT-checkbox",
            "DIV/DIV/INPUT-hidden",
            "DIV/DIV/P",
            "DIV/DIV/SCRIPT",
            "DIV/DIV/SPAN",
            "DIV/DIV/TABLE",
            "DIV/DIV/UL",
            "DIV/DL/DD",
            "DIV/DL/DT",
            "DIV/H3/SPAN",
            "DIV/P/A",
            "DIV/P/B",
            "DIV/P/EM",
            "DIV/P/INPUT-text",
            "DIV/P/SPAN",
            "DIV/TABLE/TBODY",
            "DIV/UL/LI",
            "DL/DD/DIV",
            "DL/DT/B",
            "DL/DT/INPUT-hidden",
            "DL/DT/INPUT-text",
            "FORM/DIV/DIV",
            "FORM/DIV/H3",
            "FORM/DIV/IMG",
            "FORM/DIV/INPUT-hidden",
            "FORM/DIV/P",
            "FORM/DIV/SCRIPT",
            "FORM/DIV/STYLE",
            "P/SPAN/INPUT-text",
            "TABLE/TBODY/TR",
            "TBODY/TR/TD",
            "TD/DIV/DIV",
            "TD/DIV/DL",
            "TR/TD/BR",
            "TR/TD/BUTTON",
            "TR/TD/DIV",
            "TR/TD/INPUT-hidden",
            "TR/TD/INPUT-text",
            "TR/TD/SPAN",
            "UL/LI/A"
          ],
          [
            "-/-/DIV",
            "-/-/FORM",
            "-/-/SCRIPT",
            "-/DIV/DIV",
            "-/DIV/IFRAME",
            "-/DIV/P",
            "-/DIV/TABLE",
            "-/FORM/BUTTON",
            "-/FORM/DIV",
            "-/FORM/INPUT-hidden",
            "DD/A/H5",
            "DD/A/SPAN",
            "DD/UL/INPUT-hidden",
            "DD/UL/LI",
            "DIV/A/B",
            "DIV/DIV/A",
            "DIV/DIV/BR",
            "DIV/DIV/DIV",
            "DIV/DIV/DL",
            "DIV/DIV/H3",
            "DIV/DIV/IMG",
            "DIV/DIV/INPUT-button",
            "DIV/DIV/INPUT-checkbox",
            "DIV/DIV/INPUT-hidden",
            "DIV/DIV/P",
            "DIV/DIV/SCRIPT",
            "DIV/DIV/SPAN",
            "DIV/DIV/STRONG",
            "DIV/DIV/TABLE",
            "DIV/DIV/UL",
            "DIV/DL/DD",
            "DIV/DL/DT",
            "DIV/H3/SPAN",
            "DIV/P/A",
            "DIV/P/B",
            "DIV/P/EM",
            "DIV/P/INPUT-text",
            "DIV/P/SPAN",
            "DIV/SPAN/TABLE",
            "DIV/TABLE/TBODY",
            "DIV/UL/LI",
            "DL/DD/A",
            "DL/DD/DIV",
            "DL/DD/UL",
            "DL/DT/B",
            "DL/DT/INPUT-hidden",
            "DL/DT/INPUT-text",
            "FORM/DIV/DIV",
            "FORM/DIV/H3",
            "FORM/DIV/IMG",
            "FORM/DIV/INPUT-hidden",
            "FORM/DIV/P",
            "FORM/DIV/SCRIPT",
            "FORM/DIV/STYLE",
            "LI/H5/IMG",
            "P/SPAN/INPUT-text",
            "SPAN/TABLE/TBODY",
            "SPAN/TABLE/THEAD",
            "TABLE/TBODY/TR",
            "TABLE/THEAD/TR",
            "TBODY/TR/TD",
            "TD/DIV/DIV",
            "TD/DIV/DL",
            "TD/DIV/TABLE",
            "THEAD/TR/TD",
            "TR/TD/BR",
            "TR/TD/BUTTON",
            "TR/TD/DIV",
            "TR/TD/INPUT-checkbox",
            "TR/TD/INPUT-hidden",
            "TR/TD/INPUT-text",
            "TR/TD/SPAN",
            "UL/LI/A",
            "UL/LI/H5",
            "UL/LI/INPUT-hidden"
          ]
        ]
      }
    }
  }
}