{
  "version": "0.1",
  "id": "w_postAudit_auditInfo",
  "targetURL": "http://42.247.16.108/xgxt/qgzx_gwglnew_gwsh.do",
  "jsFile": "../../lib/base.js,../../lib/customTemplate.js,index.js",
  "cssFile": "../../lib/base.css",
  "requires": {
    "login": "../login/index.json",
    "w_postAudit": "../w_postAudit/index.json",
    "w_postApplication": "../w_postApplication/index.json"
  },
  "chineseName": "勤工助学_岗位申请信息",
  "controls": {
    "control0": {
      "location": {
        "data": {
          "tagName": "BUTTON"
        },
        "locators": [
          {
            "id": "button/text",
            "prob": 3,
            "value": {
              "text": [
                "关 闭"
              ],
              "visText": [
                "关 闭"
              ]
            }
          },
          {
            "id": "text",
            "prob": 3,
            "value": {
              "text": [
                "关 闭"
              ],
              "visText": [
                "关 闭"
              ]
            }
          },
          {
            "id": "@class/word",
            "prob": 1,
            "ordinal": [
              0,
              2
            ],
            "value": "TABLE.formlist DIV.btn BUTTON"
          },
          {
            "id": "path/ordinal",
            "prob": 1,
            "value": "/HTML[1]/BODY[1]/FORM[1]/TABLE[1]/TFOOT[1]/TR[1]/TD[1]/DIV[2]/BUTTON[1]"
          },
          {
            "id": "input/type",
            "verifyEnabled": true,
            "value": "button"
          },
          {
            "id": "elderLevel",
            "value": {
              "level": 0
            }
          },
          {
            "id": "shield",
            "value": {
              "zIndex": "auto",
              "width": 52.609375,
              "height": 19
            }
          }
        ]
      },
      "intendedRole": "button",
      "roles": "element,button",
      "monitored": false,
      "frameXPath": "//iframe[@name='parentDialog']<<IFRAME>>"
    },
    "control1": {
      "location": {
        "data": {
          "tagName": "TABLE"
        },
        "locators": [
          {
            "id": "@class/word",
            "prob": 1,
            "ordinal": [
              0,
              4
            ],
            "value": "TABLE.formlist"
          },
          {
            "id": "path/ordinal",
            "prob": 1,
            "value": "/HTML[1]/BODY[1]/FORM[1]/DIV[1]/TABLE[1]"
          },
          {
            "id": "shield",
            "value": {
              "zIndex": "auto",
              "width": 703,
              "height": 506
            }
          }
        ]
      },
      "intendedRole": "fragment",
      "roles": "element,fragment",
      "monitored": true,
      "frameXPath": "//iframe[@name='parentDialog']<<IFRAME>>"
    },
    "control2": {
      "location": {
        "data": {
          "tagName": "TH"
        },
        "locators": [
          {
            "id": "button/text",
            "prob": 3,
            "value": {
              "text": [
                "岗位名称"
              ],
              "visText": [
                "岗位名称"
              ]
            }
          },
          {
            "id": "text",
            "prob": 3,
            "value": {
              "text": [
                "岗位名称"
              ],
              "visText": [
                "岗位名称"
              ]
            }
          },
          {
            "id": "@id/word",
            "prob": 2,
            "value": "descendant::TBODY[@id=\"tbody_jbxx\"]/TR[2]/TH[1]"
          },
          {
            "id": "@class/word",
            "prob": 1,
            "ordinal": [
              2,
              38
            ],
            "value": "TABLE.formlist TBODY TR TH"
          },
          {
            "id": "path/ordinal",
            "prob": 1,
            "value": "/HTML[1]/BODY[1]/FORM[1]/DIV[1]/TABLE[1]/TBODY[1]/TR[2]/TH[1]"
          },
          {
            "id": "elderLevel",
            "value": {
              "level": 0
            }
          },
          {
            "id": "shield",
            "value": {
              "zIndex": "auto",
              "width": 119,
              "height": 28
            }
          }
        ]
      },
      "roles": "element",
      "text": "\n\t\t\t\t\t\t\t\t岗位名称\n\t\t\t\t\t\t\t",
      "frameXPath": "//iframe[@name='parentDialog']<<IFRAME>>"
    }
  },
  "contexts": {
    "context2": {
      "controls": [
        "control0",
        "control1"
      ],
      "anchors": [
        "control2"
      ]
    }
  },
  "flows": {
    "flow0": {
      "toContexts": [
        {
          "toContextId": "context2"
        },
        {
          "toContextId": "context1"
        },
        {
          "toContextId": "context1",
          "toModelId": "w_postAudit"
        },
        {
          "toContextId": "context1",
          "toModelId": "w_postApplication"
        }
      ]
    },
    "flow1": {
      "fromContextId": "context2",
      "fromAction": "click",
      "fromControlId": "control0",
      "toContexts": [
        {
          "toContextId": "context2"
        },
        {
          "toContextId": "context1"
        },
        {
          "toContextId": "context1",
          "toModelId": "w_postAudit"
        },
        {
          "toContextId": "context1",
          "toModelId": "w_postApplication"
        }
      ]
    }
  },
  "pages": {
    "page2": {
      "contextId": "context2",
      "layout": [
        {
          "id": "uiControl0",
          "display": {
            "class": "xg_header",
            "title": "查看岗位申请",
            "type": "header",
            "adapterId": "header",
            "adapter": {
              "templateType": ""
            }
          },
          "layout": []
        },
        {
          "id": "uiControl1",
          "controlId": "control0",
          "display": {
            "adapterId": "clickable",
            "type": "button",
            "text": "返回",
            "class": "xg_back",
            "adapter": {
              "templateType": ""
            }
          }
        },
        {
          "id": "uiControl2",
          "display": {
            "type": "card",
            "adapterId": "card",
            "class": "xg_body",
            "adapter": {
              "templateType": ""
            }
          },
          "layout": [
            {
              "id": "uiControl2body",
              "display": {
                "type": "cardBody",
                "adapterId": "cardBody",
                "adapter": {
                  "templateType": ""
                }
              },
              "layout": [
                {
                  "id": "uiControl4",
                  "controlId": "control1",
                  "display": {
                    "adapterId": "fragment",
                    "type": "fragment",
                    "class": "w_yrdwgwsh_gwsh w_jxsq_jbxxTable w_yrdwgwsh_gwxx",
                    "adapter": {
                      "templateType": ""
                    }
                  }
                }
              ]
            }
          ]
        }
      ]
    }
  },
  "matchers": {
    "page/title": {
      "contexts": {
        "context2": [
          ""
        ]
      }
    },
    "page/urls": {
      "contexts": {
        "context2": [
          "42.247.16.108/xgxt/qgzx_gwglnew_gwsh.do",
          "42.247.16.108/xgxt/qgzx_gwglnew_gwsq.do",
          "42.247.16.108/xgxt/wjcf_cfsbgl.do?method=cxCfsbList"
        ]
      }
    },
    "page/ids": {
      "contexts": {
        "context2": [
          [
            "divDisable",
            "divWaiting",
            "div_tsxx",
            "doType",
            "gwcjsx",
            "gwcjsxTr",
            "gwcjsxh",
            "gwzgcjsx",
            "isBzr",
            "isFdy",
            "message",
            "oldGwxh",
            "p_tsxx",
            "pkValue",
            "refreshParent",
            "sfkgggwcjsx",
            "sfsdgwcjsx",
            "showMessage",
            "sxcolor",
            "tbody_jbxx",
            "userType",
            "waitDiv",
            "xn",
            "yrbm"
          ],
          [
            "gwcjsx",
            "gwcjsxTr",
            "gwcjsxh",
            "sxcolor",
            "tbody_jbxx",
            "xn",
            "yrbm"
          ],
          [
            "buttonClose",
            "cfid",
            "cflbdm",
            "commonfileupload-list-",
            "fjmc",
            "showCfqx",
            "xh"
          ]
        ]
      }
    },
    "page/classes": {
      "contexts": {
        "context2": [
          [
            "btn",
            "bz",
            "formli",
            "red",
            "t"
          ],
          [
            "formli",
            "t"
          ],
          [
            "btn",
            "formli",
            "t"
          ]
        ]
      }
    },
    "page/tagTriplets": {
      "contexts": {
        "context2": [
          [
            "-/-/DIV",
            "-/-/INPUT-hidden",
            "-/-/TABLE",
            "-/DIV/DIV",
            "-/DIV/IMG",
            "-/DIV/P",
            "-/DIV/TABLE",
            "-/TABLE/TFOOT",
            "DIV/DIV/BR",
            "DIV/DIV/IMG",
            "DIV/DIV/P",
            "DIV/P/B",
            "DIV/TABLE/TBODY",
            "DIV/TABLE/THEAD",
            "TABLE/TBODY/TR",
            "TABLE/TFOOT/TR",
            "TABLE/THEAD/TR",
            "TBODY/TR/TD",
            "TBODY/TR/TH",
            "TD/DIV/BUTTON",
            "TD/DIV/SPAN",
            "TFOOT/TR/TD",
            "THEAD/TR/TH",
            "TR/TD/DIV",
            "TR/TD/INPUT-hidden",
            "TR/TD/INPUT-text",
            "TR/TD/SPAN",
            "TR/TH/FONT",
            "TR/TH/SPAN"
          ],
          [
            "-/-/TABLE",
            "-/TABLE/TBODY",
            "-/TABLE/THEAD",
            "TABLE/TBODY/TR",
            "TABLE/THEAD/TR",
            "TBODY/TR/TD",
            "TBODY/TR/TH",
            "THEAD/TR/TH",
            "TR/TD/INPUT-hidden",
            "TR/TD/INPUT-text",
            "TR/TD/SPAN",
            "TR/TH/FONT",
            "TR/TH/SPAN"
          ],
          [
            "-/-/DIV",
            "-/-/INPUT-hidden",
            "-/DIV/TABLE",
            "DIV/TABLE/TBODY",
            "DIV/TABLE/TFOOT",
            "DIV/TABLE/THEAD",
            "TABLE/TBODY/TR",
            "TABLE/TFOOT/TR",
            "TABLE/THEAD/TR",
            "TBODY/TR/TD",
            "TBODY/TR/TH",
            "TD/DIV/BUTTON",
            "TD/DIV/SPAN",
            "TFOOT/TR/TD",
            "THEAD/TR/TH",
            "TR/TD/DIV",
            "TR/TD/INPUT-hidden",
            "TR/TD/SCRIPT",
            "TR/TD/SPAN",
            "TR/TH/SPAN"
          ]
        ]
      }
    }
  }
}