{
  "version": "0.1",
  "id": "indexContent",
  "targetURL": "http://117.35.118.209/ggsm.aspx?fbsj=2015-12-22%2015:12:15&yxqx=2018-12-31&xh=%26%23160%3B",
  "jsFile": "../../lib/base.js,../../lib/customTemplate.js,index.js",
  "cssFile": "../../lib/base.css,index.css",
  "requires": {
    "login": "../login/index.json",
    "t_index": "../t_index/index.json",
    "s_index": "../s_index/index.json"
  },
  "chineseName": "主页内容页",
  "controls": {
    "control4": {
      "location": {
        "data": {
          "tagName": "H3"
        },
        "locators": [
          {
            "id": "button/text",
            "prob": 3,
            "value": {
              "text": [
                "欢迎使用西安培华学院教务管理系统"
              ],
              "visText": [
                "欢迎使用西安培华学院教务管理系统"
              ]
            }
          },
          {
            "id": "text",
            "prob": 3,
            "value": {
              "text": [
                "欢迎使用西安培华学院教务管理系统"
              ],
              "visText": [
                "欢迎使用西安培华学院教务管理系统"
              ]
            }
          },
          {
            "id": "@id/partialWord",
            "prob": 1,
            "disabled": true,
            "value": {
              "elemId": "Form1",
              "tagName": "FORM",
              "prefix": "",
              "suffix": "/DIV[1]/DIV[1]/DIV[1]/H3[1]",
              "ratio": 0.611
            }
          },
          {
            "id": "@class/word",
            "prob": 1,
            "value": "DIV.newspage DIV.newspagebg DIV.title H3"
          },
          {
            "id": "path/ordinal",
            "prob": 1,
            "value": "/HTML[1]/BODY[1]/FORM[1]/DIV[1]/DIV[1]/DIV[1]/H3[1]"
          },
          {
            "id": "style/color",
            "value": [
              17,
              68,
              158
            ]
          },
          {
            "id": "shield",
            "value": {
              "zIndex": "auto",
              "width": 629.09375,
              "height": 61
            }
          }
        ]
      },
      "roles": "element",
      "content": true,
      "monitored": false
    },
    "control5": {
      "location": {
        "data": {
          "tagName": "DIV"
        },
        "locators": [
          {
            "id": "button/text",
            "prob": 3,
            "value": {
              "text": [
                "相关下载："
              ],
              "visText": [
                "相关下载："
              ]
            }
          },
          {
            "id": "text",
            "prob": 3,
            "value": {
              "text": [
                "相关下载："
              ],
              "visText": [
                "相关下载："
              ]
            }
          },
          {
            "id": "@id/partialWord",
            "prob": 1,
            "disabled": true,
            "value": {
              "elemId": "Form1",
              "tagName": "FORM",
              "prefix": "",
              "suffix": "/DIV[1]/DIV[1]/DIV[3]",
              "ratio": 0.611
            }
          },
          {
            "id": "@class/word",
            "prob": 1,
            "value": "DIV.newspage DIV.newspagebg DIV.download"
          },
          {
            "id": "path/ordinal",
            "prob": 1,
            "value": "/HTML[1]/BODY[1]/FORM[1]/DIV[1]/DIV[1]/DIV[3]"
          },
          {
            "id": "style/color",
            "value": [
              17,
              68,
              158
            ]
          },
          {
            "id": "shield",
            "value": {
              "zIndex": "auto",
              "width": 629.09375,
              "height": 16
            }
          }
        ]
      },
      "intendedRole": "fragment",
      "roles": "element,link,fragment",
      "monitored": false
    },
    "control6": {
      "location": {
        "data": {
          "tagName": "DIV"
        },
        "locators": [
          {
            "id": "@id/partialWord",
            "prob": 1,
            "disabled": true,
            "value": {
              "elemId": "Form1",
              "tagName": "FORM",
              "prefix": "",
              "suffix": "/DIV[1]/DIV[1]/DIV[2]",
              "ratio": 0.611
            }
          },
          {
            "id": "@class/word",
            "prob": 1,
            "value": "DIV.newspage DIV.newspagebg DIV.newcont"
          },
          {
            "id": "path/ordinal",
            "prob": 1,
            "value": "/HTML[1]/BODY[1]/FORM[1]/DIV[1]/DIV[1]/DIV[2]"
          },
          {
            "id": "shield",
            "value": {
              "zIndex": "auto",
              "width": 629.09375,
              "height": 370
            }
          }
        ]
      },
      "events": {
        "onGetData": "getData_control6"
      },
      "intendedRole": "custom",
      "roles": "element,custom",
      "monitored": false
    },
    "control131": {
      "location": {
        "data": {
          "tagName": "INPUT"
        },
        "locators": [
          {
            "id": "input/@value",
            "prob": 1,
            "value": {
              "text": [
                " 关 闭 "
              ]
            }
          },
          {
            "id": "input/button/@value",
            "prob": 3,
            "value": {
              "text": [
                " 关 闭 "
              ]
            }
          },
          {
            "id": "elem/@name",
            "prob": 1,
            "value": "descendant::INPUT[@name=\"Button1\"]"
          },
          {
            "id": "@class/word",
            "prob": 1,
            "value": "DIV.newspagebg DIV.newsbar INPUT.button"
          },
          {
            "id": "path/ordinal",
            "prob": 1,
            "value": "/HTML[1]/BODY[1]/FORM[1]/DIV[1]/DIV[1]/DIV[4]/INPUT[1]"
          },
          {
            "id": "input/type",
            "verifyEnabled": true,
            "value": "submit"
          },
          {
            "id": "elderLevel",
            "value": {
              "level": 0
            }
          },
          {
            "id": "shield",
            "value": {
              "zIndex": "auto",
              "width": 58,
              "height": 20
            }
          }
        ]
      },
      "events": {
        "onGetData": "getData_control131"
      },
      "intendedRole": "custom",
      "roles": "element,button,custom",
      "monitored": false
    }
  },
  "contexts": {
    "context1": {
      "controls": [
        "control4",
        "control5",
        "control6",
        "control131"
      ],
      "anchors": []
    }
  },
  "flows": {
    "flow0": {
      "toContexts": [
        {
          "toContextId": "context1"
        }
      ]
    },
    "flow1": {
      "fromContextId": "context1",
      "fromAction": "click",
      "fromControlId": "control131",
      "toContexts": [
        {
          "toContextId": "context1"
        },
        {
          "toContextId": "context0",
          "toModelId": "t_index"
        },
        {
          "toContextId": "context0",
          "toModelId": "s_index"
        }
      ]
    }
  },
  "pages": {
    "page1": {
      "contextId": "context1",
      "layout": [
        {
          "id": "uiControl217",
          "display": {
            "class": "navbar navbar-primary header",
            "title": "相关新闻",
            "type": "header",
            "adapterId": "header",
            "adapter": {
              "templateType": ""
            }
          },
          "layout": []
        },
        {
          "id": "uiControl218",
          "controlId": "control131",
          "display": {
            "adapterId": "custom",
            "type": "custom",
            "adapter": {
              "templateType": "react",
              "events": {
                "onDoAction": "doAction_uiControl218",
                "onGetTemplate": "getTemplate_uiControl218"
              }
            }
          }
        },
        {
          "id": "uiControl5",
          "controlId": "control4",
          "display": {
            "adapterId": "content",
            "type": "content",
            "class": "title",
            "adapter": {
              "templateType": ""
            }
          }
        },
        {
          "id": "uiControl4",
          "controlId": "control6",
          "display": {
            "adapterId": "custom",
            "type": "custom",
            "adapter": {
              "templateType": "react",
              "events": {
                "onDoAction": "doAction_uiControl4",
                "onGetTemplate": "getTemplate_uiControl4"
              }
            }
          }
        },
        {
          "id": "uiControl6",
          "controlId": "control5",
          "display": {
            "adapterId": "fragment",
            "type": "fragment",
            "class": "xiazai",
            "adapter": {
              "templateType": ""
            }
          }
        }
      ]
    }
  },
  "matchers": {
    "page/title": {
      "contexts": {
        "context1": [
          "现代教学管理信息系统"
        ]
      }
    },
    "page/urls": {
      "contexts": {
        "context1": [
          "117.35.118.209/ggsm.aspx?fbsj=2015-12-22%2015:12:15&yxqx=2018-12-31&xh=%26%23160%3B"
        ]
      }
    },
    "page/ids": {
      "contexts": {
        "context1": [
          [
            "Button",
            "DataGrid",
            "Form",
            "HyperLink",
            "Label",
            "Panel",
            "edui",
            "edui_body",
            "edui_bottombar",
            "edui_content",
            "edui_elementpath",
            "edui_fixedlayer",
            "edui_iframeholder",
            "edui_message_holder",
            "edui_scale",
            "edui_scalelayer",
            "edui_toolbarbox",
            "edui_toolbarmsg",
            "edui_toolbarmsg_label",
            "edui_upload_dialog",
            "edui_wordcount",
            "txtGGSM",
            "ueditor_"
          ],
          [
            "Button",
            "DataGrid",
            "Form",
            "HyperLink",
            "Label",
            "Panel",
            "txtGGSM"
          ]
        ]
      }
    },
    "page/classes": {
      "contexts": {
        "context1": [
          [
            "ageholder edui-default",
            "bar",
            "button",
            "cale edui-default",
            "divnr",
            "download",
            "e edui-default",
            "edui-",
            "edui-default",
            "edui-editor  edui-default",
            "edui-editor-",
            "edui-editor-bottomContainer edui-default",
            "edui-editor-bottombar edui-default",
            "edui-editor-icon edui-default",
            "edui-editor-iframeholder edui-default",
            "edui-editor-me",
            "edui-editor-toolbarbox edui-default",
            "edui-editor-toolbarm",
            "edui-editor-wordcount edui-default",
            "edui-popup  edui-bubble edui-default",
            "edui-popup-body edui-default",
            "edui-popup-content edui-default",
            "g edui-default",
            "g-clo",
            "g-label edui-default",
            "g-upload edui-default",
            "hadow edui-default",
            "new",
            "newcont",
            "page",
            "pagebg",
            "title"
          ],
          [
            "bar",
            "button",
            "divnr",
            "download",
            "new",
            "newcont",
            "page",
            "pagebg",
            "title"
          ]
        ]
      }
    },
    "page/tagTriplets": {
      "contexts": {
        "context1": [
          [
            "-/-/DIV",
            "-/-/FORM",
            "-/DIV/DIV",
            "-/FORM/DIV",
            "-/FORM/INPUT-hidden",
            "DIV/DIV/A",
            "DIV/DIV/DIV",
            "DIV/DIV/H3",
            "DIV/DIV/H4",
            "DIV/DIV/IFRAME",
            "DIV/DIV/INPUT-submit",
            "DIV/DIV/SPAN",
            "DIV/DIV/TABLE",
            "DIV/H3/SPAN",
            "DIV/SPAN/B",
            "DIV/TABLE/TBODY",
            "FORM/DIV/DIV",
            "TABLE/TBODY/TR",
            "TBODY/TR/TD",
            "TD/DIV/DIV",
            "TR/TD/DIV",
            "TR/TD/SCRIPT",
            "TR/TD/TEXTAREA"
          ],
          [
            "-/-/FORM",
            "-/FORM/DIV",
            "-/FORM/INPUT-hidden",
            "DIV/DIV/A",
            "DIV/DIV/DIV",
            "DIV/DIV/H3",
            "DIV/DIV/H4",
            "DIV/DIV/INPUT-submit",
            "DIV/DIV/SPAN",
            "DIV/DIV/TABLE",
            "DIV/H3/SPAN",
            "DIV/SPAN/B",
            "DIV/TABLE/TBODY",
            "FORM/DIV/DIV",
            "TABLE/TBODY/TR",
            "TBODY/TR/TD",
            "TR/TD/SCRIPT",
            "TR/TD/TEXTAREA"
          ],
          [
            "-/-/FORM",
            "-/-/SCRIPT",
            "-/FORM/DIV",
            "-/FORM/INPUT-hidden",
            "DIV/DIV/A",
            "DIV/DIV/DIV",
            "DIV/DIV/H3",
            "DIV/DIV/H4",
            "DIV/DIV/INPUT-submit",
            "DIV/DIV/SPAN",
            "DIV/DIV/TABLE",
            "DIV/H3/SPAN",
            "DIV/SPAN/B",
            "DIV/TABLE/TBODY",
            "FORM/DIV/DIV",
            "TABLE/TBODY/TR",
            "TBODY/TR/TD",
            "TR/TD/SCRIPT",
            "TR/TD/TEXTAREA"
          ],
          [
            "-/-/DIV",
            "-/-/FORM",
            "-/-/SCRIPT",
            "-/DIV/DIV",
            "-/FORM/DIV",
            "-/FORM/INPUT-hidden",
            "DIV/DIV/A",
            "DIV/DIV/DIV",
            "DIV/DIV/H3",
            "DIV/DIV/H4",
            "DIV/DIV/IFRAME",
            "DIV/DIV/INPUT-submit",
            "DIV/DIV/SPAN",
            "DIV/DIV/TABLE",
            "DIV/H3/SPAN",
            "DIV/SPAN/B",
            "DIV/TABLE/TBODY",
            "FORM/DIV/DIV",
            "TABLE/TBODY/TR",
            "TBODY/TR/TD",
            "TD/DIV/DIV",
            "TR/TD/DIV",
            "TR/TD/SCRIPT",
            "TR/TD/TEXTAREA"
          ]
        ]
      }
    }
  }
}