{
  "version": "0.1",
  "id": "q_apartment_statistics",
  "targetURL": "http://42.247.16.108/xgxt/gyglnew_xxtj_xxtj.do",
  "jsFile": "../../lib/base.js,../../lib/customTemplate.js,index.js",
  "cssFile": "../../lib/base.css,index.css",
  "requires": {
    "q_apartment_statistics_detail": "../q_apartment_statistics_detail/index.json"
  },
  "chineseName": "公寓管理-公寓住宿统计",
  "controls": {
    "control1": {
      "location": {
        "data": {
          "tagName": "DIV"
        },
        "locators": [
          {
            "id": "@class/word",
            "prob": 1,
            "value": "DIV.formbox"
          },
          {
            "id": "path/ordinal",
            "prob": 1,
            "value": "/HTML[1]/BODY[1]/FORM[1]/DIV[3]"
          },
          {
            "id": "shield",
            "value": {
              "zIndex": "auto",
              "width": 1125,
              "height": 768
            }
          }
        ]
      },
      "events": {
        "onGetData": "getData_control1"
      },
      "intendedRole": "custom",
      "roles": "element,custom",
      "monitored": false
    },
    "control3": {
      "location": {
        "data": {
          "tagName": "DIV"
        },
        "locators": [
          {
            "id": "button/text",
            "prob": 3,
            "value": {
              "text": [
                "您的当前位置:公寓管理-统计查询-公寓住宿统计"
              ],
              "visText": [
                "您的当前位置:公寓管理-统计查询-公寓住宿统计"
              ]
            }
          },
          {
            "id": "text",
            "prob": 3,
            "value": {
              "text": [
                "您的当前位置:公寓管理-统计查询-公寓住宿统计"
              ],
              "visText": [
                "您的当前位置:公寓管理-统计查询-公寓住宿统计"
              ]
            }
          },
          {
            "id": "@class/word",
            "prob": 1,
            "value": "DIV.tab_cur"
          },
          {
            "id": "path/ordinal",
            "prob": 1,
            "value": "/HTML[1]/BODY[1]/FORM[1]/DIV[1]"
          },
          {
            "id": "shield",
            "value": {
              "zIndex": "auto",
              "width": 1125,
              "height": 30
            }
          }
        ]
      },
      "roles": "element,link",
      "text": "\n\t\t\t\t<p style=\"white-space:normal\">\n\t\t\t\t\t<i>您的当前位置:</i>公寓管理-统计查询-公寓住宿统计\n\t\t\t\t</p>\n\t\t\t"
    },
    "control4": {
      "location": {
        "data": {
          "tagName": "DIV"
        },
        "locators": [
          {
            "id": "text",
            "prob": 3,
            "value": {
              "text": [
                "提示： 点击相应的寝室号可以查看详细的床位入住信息或者床位分配信息，寝室分配详细信息表中，若寝室号后跟随（混合）说明该寝室的床位有分配给其他学院。"
              ],
              "visText": [
                "点击相应的寝室号可以查看详细的床位入住信息或者床位分配信息，寝室分配详细信息表中，若寝室号后跟随（混合）说明该寝室的床位有分配给其他学院。"
              ]
            }
          },
          {
            "id": "@class/word",
            "prob": 1,
            "ordinal": [
              0,
              2
            ],
            "value": "DIV.prompt"
          },
          {
            "id": "path/ordinal",
            "prob": 1,
            "value": "/HTML[1]/BODY[1]/DIV[2]"
          },
          {
            "id": "shield",
            "value": {
              "zIndex": "auto",
              "width": 1007,
              "height": 32
            }
          }
        ]
      },
      "intendedRole": "modal",
      "roles": "element,modal",
      "monitored": false,
      "frameXPath": "//iframe[@name='parentDialog']<<IFRAME>>"
    }
  },
  "contexts": {
    "context1": {
      "controls": [
        "control1",
        "control4"
      ],
      "anchors": [
        "control3"
      ]
    }
  },
  "flows": {
    "flow0": {
      "toContexts": [
        {
          "toContextId": "context1"
        }
      ]
    },
    "flow1": {
      "fromContextId": "context1",
      "fromAction": "doAction",
      "fromControlId": "control1",
      "toContexts": [
        {
          "toContextId": "context1"
        },
        {
          "toContextId": "context2",
          "toModelId": "q_apartment_statistics_detail"
        }
      ]
    }
  },
  "pages": {
    "page1": {
      "contextId": "context1",
      "layout": [
        {
          "id": "uiControl0",
          "display": {
            "class": "navbar navbar-primary xg_header",
            "title": "公寓住宿统计",
            "type": "header",
            "adapterId": "header",
            "adapter": {
              "templateType": ""
            }
          },
          "layout": []
        },
        {
          "id": "uiControl1",
          "controlId": "control4",
          "display": {
            "adapterId": "modal",
            "type": "modal",
            "adapter": {
              "templateType": ""
            }
          },
          "layout": []
        },
        {
          "id": "uiControl3",
          "display": {
            "type": "card",
            "adapterId": "card",
            "class": "xg_body y_table_aa",
            "adapter": {
              "templateType": ""
            }
          },
          "layout": [
            {
              "id": "uiControl3body",
              "display": {
                "type": "cardBody",
                "adapterId": "cardBody",
                "adapter": {
                  "templateType": ""
                }
              },
              "layout": [
                {
                  "id": "uiControl4",
                  "controlId": "control1",
                  "display": {
                    "adapterId": "custom",
                    "type": "custom",
                    "adapter": {
                      "templateType": "react",
                      "events": {
                        "onDoAction": "doAction_uiControl4",
                        "onGetTemplate": "getTemplate_uiControl4"
                      }
                    }
                  }
                }
              ]
            }
          ]
        }
      ]
    }
  },
  "matchers": {
    "page/title": {
      "contexts": {
        "context1": [
          "学生工作管理信息系统"
        ]
      }
    },
    "page/urls": {
      "contexts": {
        "context1": [
          "42.247.16.108/xgxt/gyglnew_xxtj_xxtj.do"
        ]
      }
    },
    "page/ids": {
      "contexts": {
        "context1": [
          [
            "dgncz",
            "maskLevel",
            "page_loading",
            "prompt",
            "rsTable",
            "ym-bl",
            "ym-btnl",
            "ym-ml",
            "ym-tl",
            "ym-window",
            "女生数",
            "总数",
            "楼栋",
            "男生数"
          ],
          [
            "dgncz",
            "page_loading",
            "prompt",
            "rsTable",
            "女生数",
            "总数",
            "楼栋",
            "男生数"
          ],
          [
            "dgncz",
            "ldg_lockmask",
            "maskLevel",
            "page_loading",
            "prompt",
            "rsTable",
            "ym-bl",
            "ym-btnl",
            "ym-ml",
            "ym-tl",
            "ym-window",
            "女生数",
            "总数",
            "楼栋",
            "男生数"
          ]
        ]
      }
    },
    "page/classes": {
      "contexts": {
        "context1": [
          [
            "_b",
            "_t",
            "btn_cx",
            "btn_dc",
            "buttonbox",
            "dateline",
            "datetitle_",
            "e",
            "formbox",
            "load_con",
            "location",
            "page_loading",
            "pic",
            "tab_cur",
            "toolbox",
            "ui_b",
            "ui_border",
            "ui_button",
            "ui_c",
            "ui_clo",
            "ui_content",
            "ui_dialog",
            "ui_icon",
            "ui_inner",
            "ui_l",
            "ui_lb",
            "ui_lt",
            "ui_main",
            "ui_max",
            "ui_max_b",
            "ui_min",
            "ui_min_b",
            "ui_r",
            "ui_rb",
            "ui_re",
            "ui_rt",
            "ui_t",
            "ui_title",
            "ui_title_bar",
            "ui_title_button",
            "ym-bc",
            "ym-bl",
            "ym-body",
            "ym-br",
            "ym-btn",
            "ym-header-text",
            "ym-header-tool",
            "ym-mc",
            "ym-ml",
            "ym-mr",
            "ym-tc",
            "ym-tl",
            "ym-tr",
            "ymPrompt_clo",
            "ymPrompt_max",
            "ymPrompt_min"
          ],
          [
            "btn_cx",
            "btn_dc",
            "buttonbox",
            "dateline",
            "datetitle_",
            "formbox",
            "load_con",
            "location",
            "page_loading",
            "pic",
            "tab_cur",
            "toolbox"
          ],
          [
            " ui_",
            "_b",
            "_t",
            "btn_cx",
            "btn_dc",
            "buttonbox",
            "dateline",
            "datetitle_",
            "e",
            "formbox",
            "ible ui_",
            "load_con",
            "location",
            "page_loading",
            "pic",
            "tab_cur",
            "tate_focu",
            "tate_full",
            "tate_lock",
            "tate_vi",
            "toolbox",
            "ui_b",
            "ui_border",
            "ui_border ui_",
            "ui_button",
            "ui_c",
            "ui_clo",
            "ui_content",
            "ui_content ui_",
            "ui_dialog",
            "ui_icon",
            "ui_inner",
            "ui_l",
            "ui_lb",
            "ui_loading",
            "ui_lt",
            "ui_main",
            "ui_max",
            "ui_max_b",
            "ui_min",
            "ui_min_b",
            "ui_r",
            "ui_rb",
            "ui_re",
            "ui_rt",
            "ui_t",
            "ui_title",
            "ui_title_bar",
            "ui_title_button",
            "ym-bc",
            "ym-bl",
            "ym-body",
            "ym-br",
            "ym-btn",
            "ym-header-text",
            "ym-header-tool",
            "ym-mc",
            "ym-ml",
            "ym-mr",
            "ym-tc",
            "ym-tl",
            "ym-tr",
            "ymPrompt_clo",
            "ymPrompt_max",
            "ymPrompt_min"
          ],
          [
            " ui_",
            "_b",
            "_t",
            "btn_cx",
            "btn_dc",
            "buttonbox",
            "dateline",
            "datetitle_",
            "e",
            "formbox",
            "ible ui_",
            "load_con",
            "location",
            "page_loading",
            "pic",
            "tab_cur",
            "tate_focu",
            "tate_full",
            "tate_lock",
            "tate_vi",
            "toolbox",
            "ui_b",
            "ui_border ui_",
            "ui_button",
            "ui_c",
            "ui_clo",
            "ui_content ui_",
            "ui_dialog",
            "ui_icon",
            "ui_inner",
            "ui_l",
            "ui_lb",
            "ui_loading",
            "ui_lt",
            "ui_main",
            "ui_max",
            "ui_max_b",
            "ui_min",
            "ui_min_b",
            "ui_r",
            "ui_rb",
            "ui_re",
            "ui_rt",
            "ui_t",
            "ui_title",
            "ui_title_bar",
            "ui_title_button",
            "ym-bc",
            "ym-bl",
            "ym-body",
            "ym-br",
            "ym-btn",
            "ym-header-text",
            "ym-header-tool",
            "ym-mc",
            "ym-ml",
            "ym-mr",
            "ym-tc",
            "ym-tl",
            "ym-tr",
            "ymPrompt_clo",
            "ymPrompt_max",
            "ymPrompt_min"
          ]
        ]
      }
    },
    "page/tagTriplets": {
      "contexts": {
        "context1": [
          [
            "-/-/DIV",
            "-/-/FORM",
            "-/DIV/DIV",
            "-/DIV/IFRAME",
            "-/DIV/P",
            "-/DIV/TABLE",
            "-/FORM/DIV",
            "DIV/A/B",
            "DIV/DIV/A",
            "DIV/DIV/DIV",
            "DIV/DIV/STRONG",
            "DIV/DIV/UL",
            "DIV/H3/SPAN",
            "DIV/P/A",
            "DIV/P/EM",
            "DIV/TABLE/TBODY",
            "DIV/TABLE/THEAD",
            "DIV/UL/LI",
            "FORM/DIV/DIV",
            "FORM/DIV/H3",
            "FORM/DIV/P",
            "FORM/DIV/TABLE",
            "TABLE/TBODY/TR",
            "TABLE/THEAD/TR",
            "TBODY/TR/TD",
            "TD/DIV/DIV",
            "TD/DIV/TABLE",
            "THEAD/TR/TD",
            "TR/TD/DIV",
            "TR/TD/INPUT-hidden",
            "UL/LI/A"
          ],
          [
            "-/-/DIV",
            "-/-/FORM",
            "-/DIV/DIV",
            "-/DIV/P",
            "-/FORM/DIV",
            "DIV/DIV/DIV",
            "DIV/DIV/UL",
            "DIV/H3/SPAN",
            "DIV/P/A",
            "DIV/P/EM",
            "DIV/TABLE/TBODY",
            "DIV/TABLE/THEAD",
            "DIV/UL/LI",
            "FORM/DIV/DIV",
            "FORM/DIV/H3",
            "FORM/DIV/P",
            "FORM/DIV/TABLE",
            "TABLE/TBODY/TR",
            "TABLE/THEAD/TR",
            "TBODY/TR/TD",
            "THEAD/TR/TD",
            "TR/TD/INPUT-hidden",
            "UL/LI/A"
          ],
          [
            "-/-/DIV",
            "-/-/FORM",
            "-/DIV/DIV",
            "-/DIV/IFRAME",
            "-/DIV/P",
            "-/FORM/DIV",
            "DIV/DIV/DIV",
            "DIV/DIV/UL",
            "DIV/H3/SPAN",
            "DIV/P/A",
            "DIV/P/EM",
            "DIV/TABLE/TBODY",
            "DIV/TABLE/THEAD",
            "DIV/UL/LI",
            "FORM/DIV/DIV",
            "FORM/DIV/H3",
            "FORM/DIV/P",
            "FORM/DIV/TABLE",
            "TABLE/TBODY/TR",
            "TABLE/THEAD/TR",
            "TBODY/TR/TD",
            "THEAD/TR/TD",
            "TR/TD/INPUT-hidden",
            "UL/LI/A"
          ],
          [
            "-/-/DIV",
            "-/-/FORM",
            "-/DIV/DIV",
            "-/DIV/IFRAME",
            "-/DIV/P",
            "-/DIV/TABLE",
            "-/FORM/DIV",
            "DIV/A/B",
            "DIV/DIV/A",
            "DIV/DIV/DIV",
            "DIV/DIV/SPAN",
            "DIV/DIV/STRONG",
            "DIV/DIV/UL",
            "DIV/H3/SPAN",
            "DIV/P/A",
            "DIV/P/EM",
            "DIV/TABLE/TBODY",
            "DIV/TABLE/THEAD",
            "DIV/UL/LI",
            "FORM/DIV/DIV",
            "FORM/DIV/H3",
            "FORM/DIV/P",
            "FORM/DIV/TABLE",
            "TABLE/TBODY/TR",
            "TABLE/THEAD/TR",
            "TBODY/TR/TD",
            "TD/DIV/DIV",
            "TD/DIV/IFRAME",
            "TD/DIV/TABLE",
            "THEAD/TR/TD",
            "TR/TD/DIV",
            "TR/TD/INPUT-hidden",
            "UL/LI/A"
          ],
          [
            "-/-/DIV",
            "-/-/FORM",
            "-/-/SCRIPT",
            "-/DIV/DIV",
            "-/DIV/P",
            "-/FORM/DIV",
            "DIV/DIV/DIV",
            "DIV/DIV/UL",
            "DIV/H3/SPAN",
            "DIV/P/A",
            "DIV/P/EM",
            "DIV/TABLE/TBODY",
            "DIV/TABLE/THEAD",
            "DIV/UL/LI",
            "FORM/DIV/DIV",
            "FORM/DIV/H3",
            "FORM/DIV/P",
            "FORM/DIV/TABLE",
            "TABLE/TBODY/TR",
            "TABLE/THEAD/TR",
            "TBODY/TR/TD",
            "THEAD/TR/TD",
            "TR/TD/INPUT-hidden",
            "UL/LI/A"
          ],
          [
            "-/-/DIV",
            "-/-/FORM",
            "-/-/SCRIPT",
            "-/DIV/DIV",
            "-/DIV/IFRAME",
            "-/DIV/P",
            "-/FORM/DIV",
            "DIV/DIV/DIV",
            "DIV/DIV/UL",
            "DIV/H3/SPAN",
            "DIV/P/A",
            "DIV/P/EM",
            "DIV/TABLE/TBODY",
            "DIV/TABLE/THEAD",
            "DIV/UL/LI",
            "FORM/DIV/DIV",
            "FORM/DIV/H3",
            "FORM/DIV/P",
            "FORM/DIV/TABLE",
            "TABLE/TBODY/TR",
            "TABLE/THEAD/TR",
            "TBODY/TR/TD",
            "THEAD/TR/TD",
            "TR/TD/INPUT-hidden",
            "UL/LI/A"
          ]
        ]
      }
    }
  }
}