{
  "version": "0.1",
  "id": "Query_according_to_time_schedule",
  "targetURL": "http://117.35.118.209/bm_kbcx.aspx?zgh=150134&xm=%D0%EC%C0%DA&gnmkdm=N122311",
  "jsFile": "../../lib/base.js,../../lib/customTemplate.js,index.js",
  "cssFile": "../../lib/base.css,index.css",
  "chineseName": "按时间查询课表",
  "description": "按时间查询课表",
  "controls": {
    "control0": {
      "location": {
        "data": {
          "tagName": "SELECT"
        },
        "locators": [
          {
            "id": "elem/@name",
            "prob": 2,
            "value": "descendant::SELECT[@name=\"kssj\"]"
          },
          {
            "id": "@id/word",
            "prob": 3,
            "value": "descendant::SELECT[@id=\"kssj\"]"
          },
          {
            "id": "@id/partialWord",
            "prob": 1,
            "disabled": true,
            "value": {
              "elemId": "Form1",
              "tagName": "FORM",
              "prefix": "",
              "suffix": "/DIV[1]/DIV[2]/P[1]",
              "ratio": 0.993
            }
          },
          {
            "id": "@class/word",
            "prob": 1,
            "ordinal": [
              0,
              6
            ],
            "value": "DIV.toolbox DIV.searchbox P.search_con SELECT"
          },
          {
            "id": "path/ordinal",
            "prob": 1,
            "value": "/HTML[1]/BODY[1]/FORM[1]/DIV[1]/DIV[2]/P[1]/SELECT[1]"
          },
          {
            "id": "input/type",
            "verifyEnabled": true,
            "value": "select-one"
          },
          {
            "id": "shield",
            "value": {
              "zIndex": "auto",
              "width": 98,
              "height": 19
            }
          }
        ]
      },
      "intendedRole": "listbox",
      "roles": "element,listbox",
      "monitored": true
    },
    "control1": {
      "location": {
        "data": {
          "tagName": "SELECT"
        },
        "locators": [
          {
            "id": "elem/@name",
            "prob": 2,
            "value": "descendant::SELECT[@name=\"jssj\"]"
          },
          {
            "id": "@id/word",
            "prob": 3,
            "value": "descendant::SELECT[@id=\"jssj\"]"
          },
          {
            "id": "@id/partialWord",
            "prob": 1,
            "disabled": true,
            "value": {
              "elemId": "Form1",
              "tagName": "FORM",
              "prefix": "",
              "suffix": "/DIV[1]/DIV[2]/P[1]",
              "ratio": 0.993
            }
          },
          {
            "id": "@class/word",
            "prob": 1,
            "ordinal": [
              1,
              6
            ],
            "value": "DIV.toolbox DIV.searchbox P.search_con SELECT"
          },
          {
            "id": "path/ordinal",
            "prob": 1,
            "value": "/HTML[1]/BODY[1]/FORM[1]/DIV[1]/DIV[2]/P[1]/SELECT[2]"
          },
          {
            "id": "input/type",
            "verifyEnabled": true,
            "value": "select-one"
          },
          {
            "id": "shield",
            "value": {
              "zIndex": "auto",
              "width": 98,
              "height": 19
            }
          }
        ]
      },
      "intendedRole": "listbox",
      "roles": "element,listbox",
      "monitored": true
    },
    "control2": {
      "location": {
        "data": {
          "tagName": "SELECT"
        },
        "locators": [
          {
            "id": "button/text",
            "prob": 3,
            "value": {
              "text": [
                "一 二 三 四 五 六 日"
              ],
              "visText": [
                ""
              ]
            }
          },
          {
            "id": "text",
            "prob": 3,
            "value": {
              "text": [
                "一 二 三 四 五 六 日"
              ],
              "visText": [
                ""
              ]
            }
          },
          {
            "id": "elem/@name",
            "prob": 2,
            "value": "descendant::SELECT[@name=\"xqj\"]"
          },
          {
            "id": "@id/word",
            "prob": 3,
            "value": "descendant::SELECT[@id=\"xqj\"]"
          },
          {
            "id": "@id/partialWord",
            "prob": 1,
            "disabled": true,
            "value": {
              "elemId": "Form1",
              "tagName": "FORM",
              "prefix": "",
              "suffix": "/DIV[1]/DIV[2]/P[1]",
              "ratio": 0.993
            }
          },
          {
            "id": "@class/word",
            "prob": 1,
            "ordinal": [
              2,
              6
            ],
            "value": "DIV.toolbox DIV.searchbox P.search_con SELECT"
          },
          {
            "id": "path/ordinal",
            "prob": 1,
            "value": "/HTML[1]/BODY[1]/FORM[1]/DIV[1]/DIV[2]/P[1]/SELECT[3]"
          },
          {
            "id": "input/type",
            "verifyEnabled": true,
            "value": "select-one"
          },
          {
            "id": "shield",
            "value": {
              "zIndex": "auto",
              "width": 36,
              "height": 19
            }
          }
        ]
      },
      "intendedRole": "listbox",
      "roles": "element,listbox",
      "monitored": true
    },
    "control3": {
      "location": {
        "data": {
          "tagName": "SELECT"
        },
        "locators": [
          {
            "id": "text",
            "prob": 3,
            "value": {
              "text": [
                "第1,2节 整天 第3,4节 第5,6节 第7,8节 第9,10节 上午 下午 晚上 白天"
              ],
              "visText": [
                ""
              ]
            }
          },
          {
            "id": "elem/@name",
            "prob": 2,
            "value": "descendant::SELECT[@name=\"sjd\"]"
          },
          {
            "id": "@id/word",
            "prob": 3,
            "value": "descendant::SELECT[@id=\"sjd\"]"
          },
          {
            "id": "@id/partialWord",
            "prob": 1,
            "disabled": true,
            "value": {
              "elemId": "Form1",
              "tagName": "FORM",
              "prefix": "",
              "suffix": "/DIV[1]/DIV[2]/P[1]",
              "ratio": 0.993
            }
          },
          {
            "id": "@class/word",
            "prob": 1,
            "ordinal": [
              3,
              6
            ],
            "value": "DIV.toolbox DIV.searchbox P.search_con SELECT"
          },
          {
            "id": "path/ordinal",
            "prob": 1,
            "value": "/HTML[1]/BODY[1]/FORM[1]/DIV[1]/DIV[2]/P[1]/SELECT[4]"
          },
          {
            "id": "input/type",
            "verifyEnabled": true,
            "value": "select-one"
          },
          {
            "id": "shield",
            "value": {
              "zIndex": "auto",
              "width": 76,
              "height": 19
            }
          }
        ]
      },
      "intendedRole": "listbox",
      "roles": "element,listbox",
      "monitored": true
    },
    "control4": {
      "location": {
        "data": {
          "tagName": "SELECT"
        },
        "locators": [
          {
            "id": "elem/@name",
            "prob": 1,
            "value": "descendant::SELECT[@name=\"bm\"]"
          },
          {
            "id": "@id/partialWord",
            "prob": 1,
            "disabled": true,
            "value": {
              "elemId": "Form1",
              "tagName": "FORM",
              "prefix": "",
              "suffix": "/DIV[1]/DIV[2]/P[1]",
              "ratio": 0.993
            }
          },
          {
            "id": "@id/nonWord",
            "prob": 1,
            "disabled": true,
            "fact": "bm",
            "value": "descendant::SELECT[@id=\"bm\"]"
          },
          {
            "id": "@class/word",
            "prob": 1,
            "ordinal": [
              4,
              6
            ],
            "value": "DIV.toolbox DIV.searchbox P.search_con SELECT"
          },
          {
            "id": "path/ordinal",
            "prob": 1,
            "value": "/HTML[1]/BODY[1]/FORM[1]/DIV[1]/DIV[2]/P[1]/SELECT[5]"
          },
          {
            "id": "input/type",
            "verifyEnabled": true,
            "value": "select-one"
          },
          {
            "id": "shield",
            "value": {
              "zIndex": "auto",
              "width": 132,
              "height": 19
            }
          }
        ]
      },
      "intendedRole": "listbox",
      "roles": "element,listbox",
      "monitored": true
    },
    "control5": {
      "location": {
        "data": {
          "tagName": "SELECT"
        },
        "locators": [
          {
            "id": "elem/@name",
            "prob": 1,
            "value": "descendant::SELECT[@name=\"js\"]"
          },
          {
            "id": "@id/partialWord",
            "prob": 1,
            "disabled": true,
            "value": {
              "elemId": "Form1",
              "tagName": "FORM",
              "prefix": "",
              "suffix": "/DIV[1]/DIV[2]/P[1]",
              "ratio": 0.993
            }
          },
          {
            "id": "@id/nonWord",
            "prob": 1,
            "disabled": true,
            "fact": "js",
            "value": "descendant::SELECT[@id=\"js\"]"
          },
          {
            "id": "@class/word",
            "prob": 1,
            "ordinal": [
              5,
              6
            ],
            "value": "DIV.toolbox DIV.searchbox P.search_con SELECT"
          },
          {
            "id": "path/ordinal",
            "prob": 1,
            "value": "/HTML[1]/BODY[1]/FORM[1]/DIV[1]/DIV[2]/P[1]/SELECT[6]"
          },
          {
            "id": "input/type",
            "verifyEnabled": true,
            "value": "select-one"
          },
          {
            "id": "elderLevel",
            "value": {
              "level": 0
            }
          },
          {
            "id": "shield",
            "value": {
              "zIndex": "auto",
              "width": 24,
              "height": 19
            }
          }
        ]
      },
      "intendedRole": "listbox",
      "roles": "element,listbox",
      "monitored": true
    },
    "control7": {
      "location": {
        "data": {
          "tagName": "FIELDSET"
        },
        "locators": [
          {
            "id": "@id/partialWord",
            "prob": 1,
            "disabled": true,
            "value": {
              "elemId": "Form1",
              "tagName": "FORM",
              "prefix": "",
              "suffix": "/DIV[2]/DIV[1]/SPAN[1]",
              "ratio": 0.993
            }
          },
          {
            "id": "@class/word",
            "prob": 1,
            "value": "DIV.main_box DIV.mid_box SPAN.formbox FIELDSET"
          },
          {
            "id": "path/ordinal",
            "prob": 1,
            "value": "/HTML[1]/BODY[1]/FORM[1]/DIV[2]/DIV[1]/SPAN[1]/FIELDSET[1]"
          },
          {
            "id": "style/color",
            "value": [
              17,
              68,
              158
            ]
          },
          {
            "id": "input/type",
            "verifyEnabled": true,
            "value": "fieldset"
          },
          {
            "id": "shield",
            "value": {
              "zIndex": "auto",
              "width": 1176.96875,
              "height": 5340
            }
          }
        ]
      },
      "intendedRole": "fragment",
      "roles": "element,fragment",
      "monitored": true
    },
    "control8": {
      "location": {
        "data": {
          "tagName": "INPUT"
        },
        "locators": [
          {
            "id": "input/@value",
            "prob": 1,
            "value": {
              "text": [
                "查询课表"
              ]
            }
          },
          {
            "id": "input/button/@value",
            "prob": 3,
            "value": {
              "text": [
                "查询课表"
              ]
            }
          },
          {
            "id": "elem/@name",
            "prob": 1,
            "value": "descendant::INPUT[@name=\"Button2\"]"
          },
          {
            "id": "@id/partialWord",
            "prob": 1,
            "disabled": true,
            "value": {
              "elemId": "Form1",
              "tagName": "FORM",
              "prefix": "",
              "suffix": "/DIV[1]/DIV[2]/P[1]",
              "ratio": 0.958
            }
          },
          {
            "id": "@class/word",
            "prob": 1,
            "value": "DIV.searchbox P.search_con INPUT.button"
          },
          {
            "id": "path/ordinal",
            "prob": 1,
            "value": "/HTML[1]/BODY[1]/FORM[1]/DIV[1]/DIV[2]/P[1]/INPUT[1]"
          },
          {
            "id": "input/type",
            "verifyEnabled": true,
            "value": "submit"
          },
          {
            "id": "elderLevel",
            "value": {
              "level": 0
            }
          },
          {
            "id": "shield",
            "value": {
              "zIndex": "auto",
              "width": 67.609375,
              "height": 20
            }
          }
        ]
      },
      "events": {
        "onGetData": "getData_control8"
      },
      "intendedRole": "custom",
      "roles": "element,button,custom",
      "monitored": false
    },
    "control9": {
      "location": {
        "data": {
          "tagName": "BODY"
        },
        "locators": [
          {
            "id": "path/ordinal",
            "prob": 1,
            "value": "/HTML[1]/BODY[1]"
          },
          {
            "id": "style/color",
            "value": [
              17,
              68,
              158
            ]
          },
          {
            "id": "shield",
            "value": {
              "zIndex": "auto",
              "width": 898,
              "height": 644
            }
          }
        ]
      },
      "events": {
        "onGetData": "getData_control9"
      },
      "intendedRole": "custom",
      "roles": "element,custom",
      "monitored": false
    },
    "control10": {
      "location": {
        "data": {
          "tagName": "TABLE"
        },
        "locators": [
          {
            "id": "@class/word",
            "prob": 1,
            "value": "DIV.mid_box SPAN.formbox TABLE.datelist"
          },
          {
            "id": "path/ordinal",
            "prob": 1,
            "value": "/HTML[1]/BODY[1]/FORM[1]/DIV[2]/DIV[1]/SPAN[1]/FIELDSET[1]/TABLE[1]"
          },
          {
            "id": "style/color",
            "value": [
              17,
              68,
              158
            ]
          },
          {
            "id": "shield",
            "value": {
              "zIndex": "auto",
              "width": 1053,
              "height": 6526
            }
          }
        ]
      },
      "intendedRole": "fragment",
      "roles": "element,fragment",
      "monitored": false
    }
  },
  "contexts": {
    "context0": {
      "controls": [
        "control0",
        "control1",
        "control2",
        "control3",
        "control4",
        "control5",
        "control7",
        "control8",
        "control9",
        "control10"
      ],
      "anchors": []
    }
  },
  "flows": {
    "flow0": {
      "toContexts": [
        {
          "toContextId": "context0"
        }
      ]
    },
    "flow1": {
      "fromContextId": "context0",
      "fromAction": "click",
      "fromControlId": "control4",
      "toContexts": [
        {
          "toContextId": "context0"
        }
      ]
    },
    "flow2": {
      "fromContextId": "context0",
      "fromAction": "click",
      "fromControlId": "control5",
      "toContexts": [
        {
          "toContextId": "context0"
        }
      ]
    }
  },
  "pages": {
    "page0": {
      "contextId": "context0",
      "layout": [
        {
          "id": "uiControl0",
          "display": {
            "class": "header",
            "title": "按时间查询课表",
            "type": "header",
            "adapterId": "header",
            "adapter": {
              "templateType": ""
            }
          },
          "layout": []
        },
        {
          "id": "uiControl18",
          "controlId": "control9",
          "display": {
            "adapterId": "custom",
            "type": "custom",
            "adapter": {
              "templateType": "react",
              "events": {
                "onDoAction": "doAction_uiControl18",
                "onGetTemplate": "getTemplate_uiControl18"
              }
            }
          }
        },
        {
          "id": "uiControl227",
          "display": {
            "type": "accordion",
            "adapterId": "accordion",
            "adapter": {
              "templateType": ""
            }
          },
          "layout": [
            {
              "id": "uiControl227item",
              "display": {
                "title": "查询条件",
                "type": "accordionItem",
                "adapterId": "accordionItem",
                "adapter": {
                  "templateType": ""
                }
              },
              "layout": [
                {
                  "id": "uiControl1",
                  "display": {
                    "type": "card",
                    "adapterId": "card",
                    "class": "time_year",
                    "adapter": {
                      "templateType": ""
                    }
                  },
                  "layout": [
                    {
                      "id": "uiControl1body",
                      "display": {
                        "type": "cardBody",
                        "adapterId": "cardBody",
                        "adapter": {
                          "templateType": ""
                        }
                      },
                      "layout": [
                        {
                          "id": "uiControl2",
                          "controlId": "control0",
                          "display": {
                            "adapterId": "listbox",
                            "type": "listbox",
                            "adapter": {
                              "templateType": ""
                            }
                          }
                        },
                        {
                          "id": "uiControl3",
                          "display": {
                            "text": "至",
                            "type": "content",
                            "adapterId": "staticContent",
                            "class": "zhi",
                            "adapter": {
                              "templateType": ""
                            }
                          }
                        },
                        {
                          "id": "uiControl4",
                          "controlId": "control1",
                          "display": {
                            "adapterId": "listbox",
                            "type": "listbox",
                            "adapter": {
                              "templateType": ""
                            }
                          }
                        }
                      ]
                    }
                  ]
                },
                {
                  "id": "uiControl5",
                  "display": {
                    "type": "card",
                    "adapterId": "card",
                    "class": "time_week",
                    "adapter": {
                      "templateType": ""
                    }
                  },
                  "layout": [
                    {
                      "id": "uiControl5body",
                      "display": {
                        "type": "cardBody",
                        "adapterId": "cardBody",
                        "adapter": {
                          "templateType": ""
                        }
                      },
                      "layout": [
                        {
                          "id": "uiControl6",
                          "display": {
                            "text": "时间范围内：星期",
                            "type": "content",
                            "adapterId": "staticContent",
                            "class": "time_week1",
                            "adapter": {
                              "templateType": ""
                            }
                          }
                        },
                        {
                          "id": "uiControl7",
                          "controlId": "control2",
                          "display": {
                            "adapterId": "listbox",
                            "type": "listbox",
                            "adapter": {
                              "templateType": ""
                            }
                          }
                        },
                        {
                          "id": "uiControl8",
                          "controlId": "control3",
                          "display": {
                            "adapterId": "listbox",
                            "type": "listbox",
                            "adapter": {
                              "templateType": ""
                            }
                          }
                        }
                      ]
                    }
                  ]
                },
                {
                  "id": "uiControl9",
                  "display": {
                    "type": "card",
                    "adapterId": "card",
                    "class": "time_department",
                    "adapter": {
                      "templateType": ""
                    }
                  },
                  "layout": [
                    {
                      "id": "uiControl9body",
                      "display": {
                        "type": "cardBody",
                        "adapterId": "cardBody",
                        "adapter": {
                          "templateType": ""
                        }
                      },
                      "layout": [
                        {
                          "id": "uiControl10",
                          "display": {
                            "text": "教学部门：",
                            "type": "content",
                            "adapterId": "staticContent",
                            "adapter": {
                              "templateType": ""
                            }
                          }
                        },
                        {
                          "id": "uiControl11",
                          "controlId": "control4",
                          "display": {
                            "adapterId": "listbox",
                            "type": "listbox",
                            "adapter": {
                              "templateType": ""
                            }
                          }
                        },
                        {
                          "id": "uiControl12",
                          "display": {
                            "text": "教师姓名：",
                            "type": "content",
                            "adapterId": "staticContent",
                            "adapter": {
                              "templateType": ""
                            }
                          }
                        },
                        {
                          "id": "uiControl13",
                          "controlId": "control5",
                          "display": {
                            "adapterId": "listbox",
                            "type": "listbox",
                            "adapter": {
                              "templateType": ""
                            }
                          }
                        }
                      ]
                    }
                  ]
                },
                {
                  "id": "uiControl14",
                  "display": {
                    "type": "card",
                    "adapterId": "card",
                    "class": "time_button",
                    "adapter": {
                      "templateType": ""
                    }
                  },
                  "layout": [
                    {
                      "id": "uiControl14body",
                      "display": {
                        "type": "cardBody",
                        "adapterId": "cardBody",
                        "adapter": {
                          "templateType": ""
                        }
                      },
                      "layout": [
                        {
                          "id": "uiControl17",
                          "controlId": "control8",
                          "display": {
                            "adapterId": "custom",
                            "type": "custom",
                            "class": "time_button",
                            "adapter": {
                              "templateType": "react",
                              "events": {
                                "onDoAction": "doAction_uiControl17",
                                "onGetTemplate": "getTemplate_uiControl17"
                              }
                            }
                          }
                        }
                      ]
                    }
                  ]
                }
              ]
            }
          ]
        },
        {
          "id": "uiControl15",
          "display": {
            "type": "card",
            "adapterId": "card",
            "class": "table-a",
            "adapter": {
              "templateType": ""
            }
          },
          "layout": [
            {
              "id": "uiControl15body",
              "display": {
                "type": "cardBody",
                "adapterId": "cardBody",
                "adapter": {
                  "templateType": ""
                }
              },
              "layout": [
                {
                  "id": "uiControl16",
                  "controlId": "control10",
                  "display": {
                    "adapterId": "fragment",
                    "type": "fragment",
                    "adapter": {
                      "templateType": ""
                    }
                  }
                }
              ]
            }
          ]
        }
      ]
    }
  },
  "matchers": {
    "page/title": {
      "contexts": {
        "context0": [
          "现代教学管理信息系统"
        ]
      }
    },
    "page/urls": {
      "contexts": {
        "context0": [
          "117.35.118.209/bm_kbcx.aspx?zgh=150134&xm=%D0%EC%C0%DA&gnmkdm=N122311",
          "117.35.118.209/bm_kbcx.aspx?zgh=150528&xm=%CD%F5%C0%F2&gnmkdm=N122311"
        ]
      }
    },
    "page/ids": {
      "contexts": {
        "context0": [
          [
            "Button",
            "Datagrid",
            "Form",
            "Label",
            "bm",
            "bt",
            "js",
            "jssj",
            "kssj",
            "sjd",
            "xqj"
          ],
          [
            "Button",
            "Form",
            "Label",
            "bm",
            "bt",
            "js",
            "jssj",
            "kssj",
            "sjd",
            "xqj"
          ]
        ]
      }
    },
    "page/classes": {
      "contexts": {
        "context0": [
          [
            "alt",
            "button",
            "buttonbox",
            "dateli",
            "earch_con",
            "earch_title",
            "earchbox",
            "footbox",
            "footbox_con",
            "footbutton",
            "formbox",
            "main_box",
            "mid_box",
            "pagination",
            "t",
            "thead",
            "title",
            "toolbox",
            "toolbox_fot",
            "wordbreak"
          ],
          [
            "button",
            "buttonbox",
            "earch_con",
            "earch_title",
            "earchbox",
            "footbox",
            "footbox_con",
            "footbutton",
            "formbox",
            "main_box",
            "mid_box",
            "pagination",
            "title",
            "toolbox",
            "toolbox_fot"
          ]
        ]
      }
    },
    "page/tagTriplets": {
      "contexts": {
        "context0": [
          [
            "-/-/FORM",
            "-/FORM/DIV",
            "-/FORM/INPUT-hidden",
            "-/FORM/SCRIPT",
            "DIV/DIV/DIV",
            "DIV/DIV/EM",
            "DIV/DIV/P",
            "DIV/DIV/SPAN",
            "DIV/EM/SPAN",
            "DIV/P/EM",
            "DIV/P/INPUT-submit",
            "DIV/P/SELECT",
            "DIV/P/SPAN",
            "DIV/SPAN/FIELDSET",
            "FIELDSET/LEGEND/SPAN",
            "FIELDSET/TABLE/TBODY",
            "FORM/DIV/DIV",
            "FORM/DIV/P",
            "LEGEND/SPAN/B",
            "P/SELECT/OPTION",
            "SPAN/B/FONT",
            "SPAN/FIELDSET/LEGEND",
            "SPAN/FIELDSET/TABLE",
            "TABLE/TBODY/TR",
            "TBODY/TR/TD"
          ],
          [
            "-/-/FORM",
            "-/FORM/DIV",
            "-/FORM/INPUT-hidden",
            "-/FORM/SCRIPT",
            "DIV/DIV/DIV",
            "DIV/DIV/EM",
            "DIV/DIV/P",
            "DIV/DIV/SPAN",
            "DIV/EM/SPAN",
            "DIV/P/EM",
            "DIV/P/INPUT-submit",
            "DIV/P/SELECT",
            "DIV/P/SPAN",
            "DIV/SPAN/FIELDSET",
            "FIELDSET/LEGEND/SPAN",
            "FORM/DIV/DIV",
            "FORM/DIV/P",
            "LEGEND/SPAN/B",
            "P/SELECT/OPTION",
            "SPAN/B/FONT",
            "SPAN/FIELDSET/LEGEND"
          ],
          [
            "-/-/FORM",
            "-/-/SCRIPT",
            "-/FORM/DIV",
            "-/FORM/INPUT-hidden",
            "-/FORM/SCRIPT",
            "DIV/DIV/DIV",
            "DIV/DIV/EM",
            "DIV/DIV/P",
            "DIV/DIV/SPAN",
            "DIV/EM/SPAN",
            "DIV/P/EM",
            "DIV/P/INPUT-submit",
            "DIV/P/SELECT",
            "DIV/P/SPAN",
            "DIV/SPAN/FIELDSET",
            "FIELDSET/LEGEND/SPAN",
            "FORM/DIV/DIV",
            "FORM/DIV/P",
            "LEGEND/SPAN/B",
            "P/SELECT/OPTION",
            "SPAN/B/FONT",
            "SPAN/FIELDSET/LEGEND"
          ]
        ]
      }
    }
  }
}