{
  "version": "0.1",
  "id": "y_PapersResults_info",
  "targetURL": "http://42.247.16.108/xgxt/rcsw_xszbb_bbjg.do",
  "jsFile": "../../lib/base.js,../../lib/customTemplate.js,index.js",
  "cssFile": "../../lib/base.css",
  "requires": {
    "login": "../login/index.json",
    "y_DormitoryMoveApplication_info_xh": "../y_DormitoryMoveApplication_info_xh/index.json"
  },
  "chineseName": "证件补办结果_信息",
  "controls": {
    "control0": {
      "location": {
        "data": {
          "tagName": "THEAD"
        },
        "locators": [
          {
            "id": "button/text",
            "prob": 3,
            "value": {
              "text": [
                "学生基本信息"
              ],
              "visText": [
                "学生基本信息"
              ]
            }
          },
          {
            "id": "text",
            "prob": 3,
            "value": {
              "text": [
                "学生基本信息"
              ],
              "visText": [
                "学生基本信息"
              ]
            }
          },
          {
            "id": "@id/word",
            "prob": 2,
            "value": [
              "descendant::FORM[@id=\"rcxwxxwhForm\"]/DIV[1]/TABLE[1]/THEAD[1]",
              "descendant::FORM[@id=\"rcxwxxwhForm\"]//THEAD"
            ]
          },
          {
            "id": "@class/word",
            "prob": 1,
            "ordinal": [
              0,
              4
            ],
            "value": "TABLE.formlist THEAD"
          },
          {
            "id": "path/ordinal",
            "prob": 1,
            "value": "/HTML[1]/BODY[1]/FORM[1]/DIV[1]/TABLE[1]/THEAD[1]"
          },
          {
            "id": "shield",
            "value": {
              "zIndex": "auto",
              "width": 719,
              "height": 33
            }
          }
        ]
      },
      "intendedRole": "fragment",
      "roles": "element,fragment",
      "monitored": false,
      "frameXPath": "//iframe[@name='parentDialog']<<IFRAME>>"
    },
    "control1": {
      "location": {
        "data": {
          "tagName": "TBODY"
        },
        "locators": [
          {
            "id": "text",
            "prob": 3,
            "value": {
              "text": [
                "学号 姓名 性别 身份证号 年级 学院 专业 班级 政治面貌 联系电话 学生导师 医保编号"
              ],
              "visText": [
                "学号 姓名 性别 身份证号 年级 学院 专业 班级 政治面貌 联系电话 学生导师 医保编号"
              ]
            }
          },
          {
            "id": "@id/word",
            "prob": 2,
            "value": [
              "descendant::FORM[@id=\"rcxwxxwhForm\"]/DIV[1]/TABLE[1]/TBODY[1]",
              "descendant::FORM[@id=\"rcxwxxwhForm\"]//TBODY"
            ]
          },
          {
            "id": "@class/word",
            "prob": 1,
            "ordinal": [
              0,
              4
            ],
            "value": "TABLE.formlist TBODY"
          },
          {
            "id": "path/ordinal",
            "prob": 1,
            "value": "/HTML[1]/BODY[1]/FORM[1]/DIV[1]/TABLE[1]/TBODY[1]"
          },
          {
            "id": "shield",
            "value": {
              "zIndex": "auto",
              "width": 719,
              "height": 168
            }
          }
        ]
      },
      "events": {
        "onGetData": "getData_control1"
      },
      "intendedRole": "custom",
      "roles": "element,link,custom",
      "monitored": true,
      "frameXPath": "//iframe[@name='parentDialog']<<IFRAME>>"
    },
    "control2": {
      "location": {
        "data": {
          "tagName": "THEAD"
        },
        "locators": [
          {
            "id": "button/text",
            "prob": 3,
            "value": {
              "text": [
                "申请信息"
              ],
              "visText": [
                "申请信息"
              ]
            }
          },
          {
            "id": "text",
            "prob": 3,
            "value": {
              "text": [
                "申请信息"
              ],
              "visText": [
                "申请信息"
              ]
            }
          },
          {
            "id": "@id/word",
            "prob": 2,
            "value": [
              "descendant::FORM[@id=\"rcxwxxwhForm\"]/DIV[1]/TABLE[1]/THEAD[2]",
              "descendant::FORM[@id=\"rcxwxxwhForm\"]//THEAD"
            ]
          },
          {
            "id": "@class/word",
            "prob": 1,
            "ordinal": [
              1,
              4
            ],
            "value": "TABLE.formlist THEAD"
          },
          {
            "id": "path/ordinal",
            "prob": 1,
            "value": "/HTML[1]/BODY[1]/FORM[1]/DIV[1]/TABLE[1]/THEAD[2]"
          },
          {
            "id": "shield",
            "value": {
              "zIndex": "auto",
              "width": 719,
              "height": 33
            }
          }
        ]
      },
      "intendedRole": "fragment",
      "roles": "element,fragment",
      "monitored": false,
      "frameXPath": "//iframe[@name='parentDialog']<<IFRAME>>"
    },
    "control3": {
      "location": {
        "data": {
          "tagName": "TBODY"
        },
        "locators": [
          {
            "id": "text",
            "prob": 3,
            "value": {
              "text": [
                "补办证件 学生证 申请补办时间 2016-09-12 09:53:28 申请补办理由 1223 附件信息 无 //调用附件 jQuery(function(){ var gid = \"\"; jQuery.MultiUploader_q({ gid : gid, targetEl : 'commonfileupload-list-0' }); }); 是否领取 否 领取时间 备注"
              ],
              "visText": [
                "补办证件 学生证 申请补办时间 2016-09-12 09:53:28 申请补办理由 1223 附件信息 无 是否领取 否 领取时间 备注"
              ]
            }
          },
          {
            "id": "@id/word",
            "prob": 2,
            "value": [
              "descendant::FORM[@id=\"rcxwxxwhForm\"]/DIV[1]/TABLE[1]/TBODY[2]",
              "descendant::FORM[@id=\"rcxwxxwhForm\"]//TBODY"
            ]
          },
          {
            "id": "@class/word",
            "prob": 1,
            "ordinal": [
              1,
              4
            ],
            "value": "TABLE.formlist TBODY"
          },
          {
            "id": "path/ordinal",
            "prob": 1,
            "value": "/HTML[1]/BODY[1]/FORM[1]/DIV[1]/TABLE[1]/TBODY[2]"
          },
          {
            "id": "shield",
            "value": {
              "zIndex": "auto",
              "width": 719,
              "height": 178
            }
          }
        ]
      },
      "events": {
        "onGetData": "getData_control3"
      },
      "intendedRole": "custom",
      "roles": "element,custom",
      "monitored": true,
      "frameXPath": "//iframe[@name='parentDialog']<<IFRAME>>"
    },
    "control4": {
      "location": {
        "data": {
          "tagName": "BUTTON"
        },
        "locators": [
          {
            "id": "button/text",
            "prob": 3,
            "value": {
              "text": [
                "关 闭"
              ],
              "visText": [
                "关 闭"
              ]
            }
          },
          {
            "id": "text",
            "prob": 3,
            "value": {
              "text": [
                "关 闭"
              ],
              "visText": [
                "关 闭"
              ]
            }
          },
          {
            "id": "@class/word",
            "prob": 1,
            "ordinal": [
              0,
              2
            ],
            "value": "TABLE.formlist DIV.btn BUTTON"
          },
          {
            "id": "path/ordinal",
            "prob": 1,
            "value": "/HTML[1]/BODY[1]/FORM[1]/TABLE[1]/TFOOT[1]/TR[1]/TD[1]/DIV[1]/BUTTON[1]"
          },
          {
            "id": "input/type",
            "verifyEnabled": true,
            "value": "button"
          },
          {
            "id": "elderLevel",
            "value": {
              "level": 0
            }
          },
          {
            "id": "shield",
            "value": {
              "zIndex": "auto",
              "width": 52.609375,
              "height": 19
            }
          }
        ]
      },
      "intendedRole": "button",
      "roles": "element,button",
      "monitored": false,
      "frameXPath": "//iframe[@name='parentDialog']<<IFRAME>>"
    },
    "control141": {
      "location": {
        "data": {
          "tagName": "DIV"
        },
        "locators": [
          {
            "id": "text",
            "prob": 3,
            "value": {
              "text": [
                "刘姣 （学号： 221872） 温馨提醒： 点击下面的类别， 可以快速定位到您所要查看的信息 学生信息基本信息联系方式家庭成员信息其他信息报到注册信息思政信息辅导员信息班主任信息学生干部信息学籍异动学籍异动信息评奖评优获奖情况综测分数勤工助学岗位录用情况酬金发放情况学生资助困难生认定信息资助项目信息违纪处分违纪处分更多公寓管理日常事务课程成绩党团信息"
              ],
              "visText": [
                "刘姣 （学号： 221872）温馨提醒： 点击下面的类别， 可以快速定位到您所要查看的信息 学生信息思政信息学籍异动评奖评优勤工助学学生资助违纪处分更多"
              ]
            }
          },
          {
            "id": "@id/word",
            "prob": 3,
            "value": "descendant::DIV[@id=\"navigation\"]"
          },
          {
            "id": "path/ordinal",
            "prob": 1,
            "value": "/HTML[1]/BODY[1]/FORM[1]/DIV[1]/DIV[1]"
          },
          {
            "id": "shield",
            "value": {
              "zIndex": "0",
              "width": 733,
              "height": 70
            }
          }
        ]
      },
      "intendedRole": "modal",
      "roles": "element,modal",
      "monitored": false,
      "frameXPath": "//iframe[@name='childDialog']<<IFRAME>>"
    },
    "control226": {
      "location": {
        "data": {
          "tagName": "BUTTON"
        },
        "locators": [
          {
            "id": "button/text",
            "prob": 3,
            "value": {
              "text": [
                "关 闭"
              ],
              "visText": [
                "关 闭"
              ]
            }
          },
          {
            "id": "text",
            "prob": 3,
            "value": {
              "text": [
                "关 闭"
              ],
              "visText": [
                "关 闭"
              ]
            }
          },
          {
            "id": "@class/word",
            "prob": 1,
            "ordinal": [
              0,
              2
            ],
            "value": "TABLE.formlist DIV.btn BUTTON"
          },
          {
            "id": "path/ordinal",
            "prob": 1,
            "value": "/HTML[1]/BODY[1]/FORM[1]/TABLE[1]/TFOOT[1]/TR[1]/TD[1]/DIV[1]/BUTTON[1]"
          },
          {
            "id": "input/type",
            "verifyEnabled": true,
            "value": "button"
          },
          {
            "id": "elderLevel",
            "value": {
              "level": 0
            }
          },
          {
            "id": "shield",
            "value": {
              "zIndex": "auto",
              "width": 52.609375,
              "height": 19
            }
          }
        ]
      },
      "intendedRole": "button",
      "roles": "element,button",
      "monitored": false,
      "frameXPath": "//iframe[@name='parentDialog']<<IFRAME>>"
    }
  },
  "contexts": {
    "context2": {
      "controls": [
        "control0",
        "control1",
        "control2",
        "control3",
        "control4",
        "control141",
        "control226"
      ],
      "anchors": []
    }
  },
  "flows": {
    "flow0": {
      "toContexts": [
        {
          "toContextId": "context2"
        }
      ]
    },
    "flow52": {
      "fromContextId": "context2",
      "fromAction": "doAction",
      "fromControlId": "control1",
      "toContexts": [
        {
          "toContextId": "context2"
        },
        {
          "toContextId": "context3",
          "toModelId": "y_DormitoryMoveApplication_info_xh"
        }
      ]
    }
  },
  "pages": {
    "page2": {
      "contextId": "context2",
      "layout": [
        {
          "id": "uiControl0",
          "display": {
            "class": "xg_header",
            "title": "证件补办结果查询",
            "type": "header",
            "adapterId": "header",
            "adapter": {
              "templateType": ""
            }
          },
          "layout": []
        },
        {
          "id": "uiControl243",
          "controlId": "control226",
          "display": {
            "adapterId": "clickable",
            "type": "button",
            "text": "返回\t\t\t\t\t\t\t\t",
            "class": "xg_back",
            "adapter": {
              "templateType": ""
            }
          }
        },
        {
          "id": "uiControl171",
          "controlId": "control141",
          "display": {
            "adapterId": "modal",
            "type": "modal",
            "adapter": {
              "templateType": ""
            }
          },
          "layout": []
        },
        {
          "id": "uiControl1",
          "display": {
            "type": "card",
            "adapterId": "card",
            "class": "xg_body",
            "adapter": {
              "templateType": ""
            }
          },
          "layout": [
            {
              "id": "uiControl1body",
              "display": {
                "type": "cardBody",
                "adapterId": "cardBody",
                "adapter": {
                  "templateType": ""
                }
              },
              "layout": [
                {
                  "id": "uiControl2",
                  "controlId": "control0",
                  "display": {
                    "adapterId": "fragment",
                    "type": "fragment",
                    "class": "y_header",
                    "adapter": {
                      "templateType": ""
                    }
                  }
                },
                {
                  "id": "uiControl8",
                  "display": {
                    "type": "card",
                    "adapterId": "card",
                    "class": "y_table",
                    "adapter": {
                      "templateType": ""
                    }
                  },
                  "layout": [
                    {
                      "id": "uiControl8body",
                      "display": {
                        "type": "cardBody",
                        "adapterId": "cardBody",
                        "adapter": {
                          "templateType": ""
                        }
                      },
                      "layout": [
                        {
                          "id": "uiControl3",
                          "controlId": "control1",
                          "display": {
                            "adapterId": "custom",
                            "type": "custom",
                            "adapter": {
                              "templateType": "react",
                              "events": {
                                "onDoAction": "doAction_uiControl3",
                                "onGetTemplate": "getTemplate_uiControl3"
                              }
                            }
                          }
                        }
                      ]
                    }
                  ]
                },
                {
                  "id": "uiControl4",
                  "controlId": "control2",
                  "display": {
                    "adapterId": "fragment",
                    "type": "fragment",
                    "class": "y_header",
                    "adapter": {
                      "templateType": ""
                    }
                  }
                },
                {
                  "id": "uiControl9",
                  "display": {
                    "type": "card",
                    "adapterId": "card",
                    "class": "y_table",
                    "adapter": {
                      "templateType": ""
                    }
                  },
                  "layout": [
                    {
                      "id": "uiControl9body",
                      "display": {
                        "type": "cardBody",
                        "adapterId": "cardBody",
                        "adapter": {
                          "templateType": ""
                        }
                      },
                      "layout": [
                        {
                          "id": "uiControl6",
                          "controlId": "control3",
                          "display": {
                            "adapterId": "custom",
                            "type": "custom",
                            "adapter": {
                              "templateType": "react",
                              "events": {
                                "onDoAction": "doAction_uiControl6",
                                "onGetTemplate": "getTemplate_uiControl6"
                              }
                            }
                          }
                        }
                      ]
                    }
                  ]
                },
                {
                  "id": "uiControl7",
                  "controlId": "control4",
                  "display": {
                    "adapterId": "clickable",
                    "type": "button",
                    "class": "xg_one_btn",
                    "adapter": {
                      "templateType": ""
                    }
                  }
                }
              ]
            }
          ]
        }
      ]
    }
  },
  "matchers": {
    "page/title": {
      "contexts": {
        "context2": [
          ""
        ]
      }
    },
    "page/urls": {
      "contexts": {
        "context2": [
          "42.247.16.108/xgxt/rcsw_xszbb_bbjg.do"
        ],
        "context3": [
          "42.247.16.108/xgxt/ydsqbase.do",
          "42.247.16.108/xgxt/rcsw_hcyhk_hcccqjjg.do",
          "42.247.16.108/xgxt/rcsw_hcyhk_hcccqjsh.do",
          "42.247.16.108/xgxt/rcsw_xszbb_bbsh.do",
          "42.247.16.108/xgxt/rcsw_xszbb_bbjg.do"
        ]
      }
    },
    "page/ids": {
      "contexts": {
        "context2": [
          [
            "commonfileupload-list-",
            "xszbblxdm"
          ],
          []
        ]
      }
    },
    "page/classes": {
      "contexts": {
        "context2": [
          [
            "btn",
            "formli",
            "name",
            "t"
          ],
          [
            "name"
          ]
        ]
      }
    },
    "page/tagTriplets": {
      "contexts": {
        "context2": [
          [
            "-/-/DIV",
            "-/-/INPUT-hidden",
            "-/-/TABLE",
            "-/DIV/TABLE",
            "-/TABLE/TFOOT",
            "DIV/TABLE/TBODY",
            "DIV/TABLE/THEAD",
            "TABLE/TBODY/TR",
            "TABLE/TFOOT/TR",
            "TABLE/THEAD/TR",
            "TBODY/TR/TD",
            "TBODY/TR/TH",
            "TD/DIV/BUTTON",
            "TD/DIV/SPAN",
            "TFOOT/TR/TD",
            "THEAD/TR/TH",
            "TR/TD/A",
            "TR/TD/DIV",
            "TR/TD/SCRIPT",
            "TR/TH/SPAN"
          ],
          [
            "-/-/TD",
            "-/-/TH",
            "-/TD/A"
          ]
        ]
      }
    }
  }
}