{
  "version": "0.1",
  "id": "y_HolidayStayResults_selectbed",
  "targetURL": "http://42.247.16.108/xgxt/rcsw_jqlxjg.do",
  "jsFile": "../../lib/base.js,../../lib/customTemplate.js,index.js",
  "cssFile": "../../lib/base.css",
  "requires": {
    "login": "../login/index.json"
  },
  "chineseName": "假期留校结果_选择床位",
  "controls": {
    "control0": {
      "location": {
        "data": {
          "tagName": "DIV"
        },
        "locators": [
          {
            "id": "button/text",
            "prob": 3,
            "value": {
              "text": [
                "全部 楼栋名称 寝室号"
              ],
              "visText": [
                ""
              ]
            }
          },
          {
            "id": "text",
            "prob": 3,
            "value": {
              "text": [
                "全部 楼栋名称 寝室号"
              ],
              "visText": [
                ""
              ]
            }
          },
          {
            "id": "@id/word",
            "prob": 3,
            "value": "descendant::DIV[@id=\"options\"]"
          },
          {
            "id": "@class/word",
            "prob": 1,
            "ordinal": [
              0,
              2
            ],
            "value": "DIV.search_advanced DIV.adv_filter DIV.options_type1"
          },
          {
            "id": "path/ordinal",
            "prob": 1,
            "value": "/HTML[1]/BODY[1]/FORM[1]/DIV[1]/DIV[1]/DIV[1]/TABLE[1]/TBODY[1]/TR[1]/TD[1]/DIV[1]"
          },
          {
            "id": "shield",
            "value": {
              "zIndex": "auto",
              "width": 81,
              "height": 25
            }
          }
        ]
      },
      "events": {
        "onGetData": "getData_control0"
      },
      "intendedRole": "custom",
      "roles": "element,custom",
      "monitored": true,
      "frameXPath": "//iframe[@name='childDialog']<<IFRAME>>"
    },
    "control1": {
      "location": {
        "data": {
          "tagName": "INPUT"
        },
        "locators": [
          {
            "id": "elem/@name",
            "prob": 2,
            "value": [
              "descendant::form[@name=\"jqlxModel\"]//INPUT[@name=\"searchModel.input_mhcx\"]",
              "descendant::INPUT[@name=\"searchModel.input_mhcx\"]"
            ]
          },
          {
            "id": "@id/word",
            "prob": 3,
            "value": "descendant::INPUT[@id=\"input_mhcx\"]"
          },
          {
            "id": "@class/word",
            "prob": 1,
            "ordinal": [
              3,
              12
            ],
            "value": "DIV.toolbox DIV.search_advanced DIV.adv_filter TABLE TBODY TR TD INPUT"
          },
          {
            "id": "path/ordinal",
            "prob": 1,
            "value": "/HTML[1]/BODY[1]/FORM[1]/DIV[1]/DIV[1]/DIV[1]/TABLE[1]/TBODY[1]/TR[1]/TD[1]/INPUT[1]"
          },
          {
            "id": "input/type",
            "verifyEnabled": true,
            "value": "text"
          },
          {
            "id": "elderLevel",
            "value": {
              "level": 0
            }
          },
          {
            "id": "shield",
            "value": {
              "zIndex": "auto",
              "width": 383,
              "height": 24
            }
          }
        ]
      },
      "intendedRole": "textbox",
      "roles": "element,textbox",
      "monitored": true,
      "frameXPath": "//iframe[@name='childDialog']<<IFRAME>>"
    },
    "control2": {
      "location": {
        "data": {
          "tagName": "BUTTON"
        },
        "locators": [
          {
            "id": "button/text",
            "prob": 3,
            "value": {
              "text": [
                "查 询"
              ],
              "visText": [
                "查 询"
              ]
            }
          },
          {
            "id": "text",
            "prob": 3,
            "value": {
              "text": [
                "查 询"
              ],
              "visText": [
                "查 询"
              ]
            }
          },
          {
            "id": "@id/word",
            "prob": 3,
            "value": "descendant::BUTTON[@id=\"search_go\"]"
          },
          {
            "id": "@class/word",
            "prob": 1,
            "ordinal": [
              0,
              2
            ],
            "value": "DIV.search_advanced DIV.adv_filter BUTTON.btn_cx"
          },
          {
            "id": "path/ordinal",
            "prob": 1,
            "value": "/HTML[1]/BODY[1]/FORM[1]/DIV[1]/DIV[1]/DIV[1]/TABLE[1]/TBODY[1]/TR[1]/TD[1]/BUTTON[1]"
          },
          {
            "id": "input/type",
            "verifyEnabled": true,
            "value": "button"
          },
          {
            "id": "elderLevel",
            "value": {
              "level": 0
            }
          },
          {
            "id": "shield",
            "value": {
              "zIndex": "auto",
              "width": 52.609375,
              "height": 19
            }
          }
        ]
      },
      "intendedRole": "button",
      "roles": "element,button",
      "monitored": false,
      "frameXPath": "//iframe[@name='childDialog']<<IFRAME>>"
    },
    "control3": {
      "location": {
        "data": {
          "tagName": "BUTTON"
        },
        "locators": [
          {
            "id": "button/text",
            "prob": 3,
            "value": {
              "text": [
                "重 置"
              ],
              "visText": [
                "重 置"
              ]
            }
          },
          {
            "id": "text",
            "prob": 3,
            "value": {
              "text": [
                "重 置"
              ],
              "visText": [
                "重 置"
              ]
            }
          },
          {
            "id": "@class/word",
            "prob": 1,
            "ordinal": [
              0,
              2
            ],
            "value": "DIV.search_advanced DIV.adv_filter BUTTON.btn_cz"
          },
          {
            "id": "path/ordinal",
            "prob": 1,
            "value": "/HTML[1]/BODY[1]/FORM[1]/DIV[1]/DIV[1]/DIV[1]/TABLE[1]/TBODY[1]/TR[1]/TD[1]/BUTTON[2]"
          },
          {
            "id": "input/type",
            "verifyEnabled": true,
            "value": "button"
          },
          {
            "id": "elderLevel",
            "value": {
              "level": 0
            }
          },
          {
            "id": "shield",
            "value": {
              "zIndex": "auto",
              "width": 52.609375,
              "height": 19
            }
          }
        ]
      },
      "intendedRole": "button",
      "roles": "element,button",
      "monitored": false,
      "frameXPath": "//iframe[@name='childDialog']<<IFRAME>>"
    },
    "control4": {
      "location": {
        "data": {
          "tagName": "TBODY"
        },
        "locators": [
          {
            "id": "@id/word",
            "prob": 2,
            "value": [
              "descendant::TABLE[@id=\"dataTable\"]/TBODY[1]",
              "descendant::TABLE[@id=\"dataTable\"]//TBODY"
            ]
          },
          {
            "id": "@class/word",
            "prob": 1,
            "ordinal": [
              0,
              2
            ],
            "value": "DIV.formbox TABLE.dateline TBODY"
          },
          {
            "id": "path/ordinal",
            "prob": 1,
            "value": "/HTML[1]/BODY[1]/DIV[3]/TABLE[1]/TBODY[1]"
          },
          {
            "id": "shield",
            "value": {
              "zIndex": "auto",
              "width": 799,
              "height": 280
            }
          }
        ]
      },
      "events": {
        "onGetData": "getData_control4"
      },
      "intendedRole": "custom",
      "roles": "element,custom",
      "monitored": true,
      "frameXPath": "//iframe[@name='childDialog']<<IFRAME>>"
    },
    "control5": {
      "location": {
        "data": {
          "tagName": "DIV"
        },
        "locators": [
          {
            "id": "text",
            "prob": 3,
            "value": {
              "text": [
                "第/1750页，每页显示102050100200条 / 共17491条记录"
              ],
              "visText": [
                "第/1750页，每页显示条 / 共17491条记录"
              ]
            }
          },
          {
            "id": "@id/word",
            "prob": 2,
            "value": [
              "descendant::DIV[@id=\"pager\"]/DIV[1]",
              "descendant::DIV[@id=\"pager\"]//DIV"
            ]
          },
          {
            "id": "@class/word",
            "prob": 1,
            "ordinal": [
              0,
              2
            ],
            "value": "DIV.pagination DIV.pageleft"
          },
          {
            "id": "path/ordinal",
            "prob": 1,
            "value": "/HTML[1]/BODY[1]/DIV[4]/DIV[1]"
          },
          {
            "id": "shield",
            "value": {
              "zIndex": "auto",
              "width": 322,
              "height": 19
            }
          }
        ]
      },
      "events": {
        "onGetData": "getData_control5"
      },
      "intendedRole": "custom",
      "roles": "element,custom",
      "monitored": true,
      "frameXPath": "//iframe[@name='childDialog']<<IFRAME>>"
    },
    "control6": {
      "location": {
        "data": {
          "tagName": "A"
        },
        "locators": [
          {
            "id": "button/text",
            "prob": 3,
            "value": {
              "text": [
                "首 页"
              ],
              "visText": [
                "首 页"
              ]
            }
          },
          {
            "id": "text",
            "prob": 3,
            "value": {
              "text": [
                "首 页"
              ],
              "visText": [
                "首 页"
              ]
            }
          },
          {
            "id": "@title",
            "prob": 2,
            "value": {
              "text": [
                "首页"
              ]
            }
          },
          {
            "id": "@id/word",
            "prob": 3,
            "value": [
              "descendant::DIV[@id=\"pager\"]//A[@id=\"first\"]",
              "descendant::A[@id=\"first\"]"
            ]
          },
          {
            "id": "@class/word",
            "prob": 1,
            "ordinal": [
              0,
              2
            ],
            "value": "DIV.pageright DIV.paging A.first.pointer"
          },
          {
            "id": "path/ordinal",
            "prob": 1,
            "value": "/HTML[1]/BODY[1]/DIV[4]/DIV[2]/DIV[1]/A[1]"
          },
          {
            "id": "elderLevel",
            "value": {
              "level": 0
            }
          },
          {
            "id": "shield",
            "value": {
              "zIndex": "auto",
              "width": 46,
              "height": 19
            }
          }
        ]
      },
      "intendedRole": "button",
      "roles": "element,button,link",
      "monitored": false,
      "frameXPath": "//iframe[@name='childDialog']<<IFRAME>>"
    },
    "control7": {
      "location": {
        "data": {
          "tagName": "A"
        },
        "locators": [
          {
            "id": "button/text",
            "prob": 3,
            "value": {
              "text": [
                "上一页"
              ],
              "visText": [
                "上一页"
              ]
            }
          },
          {
            "id": "text",
            "prob": 3,
            "value": {
              "text": [
                "上一页"
              ],
              "visText": [
                "上一页"
              ]
            }
          },
          {
            "id": "@title",
            "prob": 2,
            "value": {
              "text": [
                "上一页"
              ]
            }
          },
          {
            "id": "@id/word",
            "prob": 3,
            "value": [
              "descendant::DIV[@id=\"pager\"]//A[@id=\"back\"]",
              "descendant::A[@id=\"back\"]"
            ]
          },
          {
            "id": "@class/word",
            "prob": 1,
            "ordinal": [
              0,
              2
            ],
            "value": "DIV.pageright DIV.paging A.prev.pointer"
          },
          {
            "id": "path/ordinal",
            "prob": 1,
            "value": "/HTML[1]/BODY[1]/DIV[4]/DIV[2]/DIV[1]/A[2]"
          },
          {
            "id": "elderLevel",
            "value": {
              "level": 0
            }
          },
          {
            "id": "shield",
            "value": {
              "zIndex": "auto",
              "width": 54,
              "height": 19
            }
          }
        ]
      },
      "intendedRole": "button",
      "roles": "element,button,link",
      "monitored": false,
      "frameXPath": "//iframe[@name='childDialog']<<IFRAME>>"
    },
    "control8": {
      "location": {
        "data": {
          "tagName": "A"
        },
        "locators": [
          {
            "id": "button/text",
            "prob": 3,
            "value": {
              "text": [
                "下一页"
              ],
              "visText": [
                "下一页"
              ]
            }
          },
          {
            "id": "text",
            "prob": 3,
            "value": {
              "text": [
                "下一页"
              ],
              "visText": [
                "下一页"
              ]
            }
          },
          {
            "id": "@title",
            "prob": 2,
            "value": {
              "text": [
                "下一页"
              ]
            }
          },
          {
            "id": "@id/word",
            "prob": 3,
            "value": [
              "descendant::DIV[@id=\"pager\"]//A[@id=\"next\"]",
              "descendant::A[@id=\"next\"]"
            ]
          },
          {
            "id": "@class/word",
            "prob": 1,
            "ordinal": [
              0,
              2
            ],
            "value": "DIV.pageright DIV.paging A.next.pointer"
          },
          {
            "id": "path/ordinal",
            "prob": 1,
            "value": "/HTML[1]/BODY[1]/DIV[4]/DIV[2]/DIV[1]/A[3]"
          },
          {
            "id": "elderLevel",
            "value": {
              "level": 0
            }
          },
          {
            "id": "shield",
            "value": {
              "zIndex": "auto",
              "width": 54,
              "height": 19
            }
          }
        ]
      },
      "intendedRole": "button",
      "roles": "element,button,link",
      "monitored": false,
      "frameXPath": "//iframe[@name='childDialog']<<IFRAME>>"
    },
    "control9": {
      "location": {
        "data": {
          "tagName": "A"
        },
        "locators": [
          {
            "id": "button/text",
            "prob": 3,
            "value": {
              "text": [
                "末 页"
              ],
              "visText": [
                "末 页"
              ]
            }
          },
          {
            "id": "text",
            "prob": 3,
            "value": {
              "text": [
                "末 页"
              ],
              "visText": [
                "末 页"
              ]
            }
          },
          {
            "id": "@title",
            "prob": 2,
            "value": {
              "text": [
                "末页"
              ]
            }
          },
          {
            "id": "@id/word",
            "prob": 3,
            "value": [
              "descendant::DIV[@id=\"pager\"]//A[@id=\"last\"]",
              "descendant::A[@id=\"last\"]"
            ]
          },
          {
            "id": "@class/word",
            "prob": 1,
            "ordinal": [
              0,
              2
            ],
            "value": "DIV.pageright DIV.paging A.last.pointer"
          },
          {
            "id": "path/ordinal",
            "prob": 1,
            "value": "/HTML[1]/BODY[1]/DIV[4]/DIV[2]/DIV[1]/A[4]"
          },
          {
            "id": "elderLevel",
            "value": {
              "level": 0
            }
          },
          {
            "id": "shield",
            "value": {
              "zIndex": "auto",
              "width": 46,
              "height": 19
            }
          }
        ]
      },
      "intendedRole": "button",
      "roles": "element,button,link",
      "monitored": false,
      "frameXPath": "//iframe[@name='childDialog']<<IFRAME>>"
    },
    "control193": {
      "location": {
        "data": {
          "tagName": "DIV"
        },
        "locators": [
          {
            "id": "button/text",
            "prob": 3,
            "ordinal": [
              1,
              2
            ],
            "value": {
              "text": [
                "确认内容01r确定要删除所有的过滤条件?"
              ],
              "visText": [
                "确认内容确定要删除所有的过滤条件?"
              ]
            }
          },
          {
            "id": "text",
            "prob": 3,
            "value": {
              "text": [
                "确认内容01r确定要删除所有的过滤条件?"
              ],
              "visText": [
                "确认内容 确定要删除所有的过滤条件?"
              ]
            }
          },
          {
            "id": "@id/partialWord",
            "prob": 3,
            "value": {
              "elemId": "ym-window",
              "tagName": "DIV",
              "prefix": "",
              "suffix": "",
              "ratio": 0
            }
          },
          {
            "id": "path/ordinal",
            "prob": 1,
            "value": "/HTML[1]/BODY[1]/DIV[6]/DIV[2]"
          },
          {
            "id": "shield",
            "value": {
              "zIndex": "10001",
              "width": 302,
              "height": 186
            }
          }
        ]
      },
      "intendedRole": "dialog",
      "roles": "element,dialog",
      "monitored": false,
      "frameXPath": "//iframe[@name='childDialog']<<IFRAME>>"
    },
    "control194": {
      "location": {
        "data": {
          "tagName": "DIV"
        },
        "locators": [
          {
            "id": "button/text",
            "prob": 3,
            "ordinal": [
              1,
              2
            ],
            "value": {
              "text": [
                "确认内容01r确定要删除所有的过滤条件?"
              ],
              "visText": [
                "确认内容确定要删除所有的过滤条件?"
              ]
            }
          },
          {
            "id": "text",
            "prob": 3,
            "value": {
              "text": [
                "确认内容01r确定要删除所有的过滤条件?"
              ],
              "visText": [
                "确认内容 确定要删除所有的过滤条件?"
              ]
            }
          },
          {
            "id": "@id/partialWord",
            "prob": 3,
            "value": {
              "elemId": "ym-window",
              "tagName": "DIV",
              "prefix": "",
              "suffix": "",
              "ratio": 0
            }
          },
          {
            "id": "path/ordinal",
            "prob": 1,
            "value": "/HTML[1]/BODY[1]/DIV[6]/DIV[2]"
          },
          {
            "id": "shield",
            "value": {
              "zIndex": "10001",
              "width": 302,
              "height": 186
            }
          }
        ]
      },
      "events": {
        "onGetData": "getData_control194"
      },
      "intendedRole": "custom",
      "roles": "element,custom",
      "monitored": true,
      "frameXPath": "//iframe[@name='childDialog']<<IFRAME>>"
    },
    "control195": {
      "location": {
        "data": {
          "tagName": "SPAN"
        },
        "locators": [
          {
            "id": "button/text",
            "prob": 3,
            "value": {
              "text": [
                "床位信息列表"
              ],
              "visText": [
                "床位信息列表"
              ]
            }
          },
          {
            "id": "text",
            "prob": 3,
            "value": {
              "text": [
                "床位信息列表"
              ],
              "visText": [
                "床位信息列表"
              ]
            }
          },
          {
            "id": "@class/word",
            "prob": 1,
            "ordinal": [
              0,
              2
            ],
            "value": "H3.datetitle_01 SPAN"
          },
          {
            "id": "path/ordinal",
            "prob": 1,
            "value": "/HTML[1]/BODY[1]/DIV[2]/H3[1]/SPAN[1]"
          },
          {
            "id": "elderLevel",
            "value": {
              "level": 0
            }
          },
          {
            "id": "shield",
            "value": {
              "zIndex": "auto",
              "width": 97,
              "height": 26
            }
          }
        ]
      },
      "roles": "element",
      "text": " 床位信息列表\n\t\t\t\t ",
      "frameXPath": "//iframe[@name='childDialog']<<IFRAME>>"
    },
    "control196": {
      "location": {
        "data": {
          "tagName": "SPAN"
        },
        "locators": [
          {
            "id": "button/text",
            "prob": 3,
            "value": {
              "text": [
                "查询条件:"
              ],
              "visText": [
                "查询条件:"
              ]
            }
          },
          {
            "id": "text",
            "prob": 3,
            "value": {
              "text": [
                "查询条件:"
              ],
              "visText": [
                "查询条件:"
              ]
            }
          },
          {
            "id": "@class/word",
            "prob": 1,
            "ordinal": [
              0,
              2
            ],
            "value": "DIV.toolbox DIV.search_advanced DIV.adv_filter TABLE TBODY TR TD SPAN"
          },
          {
            "id": "path/ordinal",
            "prob": 1,
            "value": "/HTML[1]/BODY[1]/FORM[1]/DIV[1]/DIV[1]/DIV[1]/TABLE[1]/TBODY[1]/TR[1]/TD[1]/SPAN[1]"
          },
          {
            "id": "elderLevel",
            "value": {
              "level": 0
            }
          },
          {
            "id": "shield",
            "value": {
              "zIndex": "auto",
              "width": 69.65625,
              "height": 25
            }
          }
        ]
      },
      "roles": "element",
      "text": "查询条件:",
      "frameXPath": "//iframe[@name='childDialog']<<IFRAME>>"
    },
    "control197": {
      "location": {
        "data": {
          "tagName": "DIV"
        },
        "locators": [
          {
            "id": "button/text",
            "prob": 3,
            "value": {
              "text": [
                "请选择一个床位"
              ],
              "visText": [
                "请选择一个床位"
              ]
            }
          },
          {
            "id": "text",
            "prob": 3,
            "value": {
              "text": [
                "请选择一个床位"
              ],
              "visText": [
                "请选择一个床位"
              ]
            }
          },
          {
            "id": "@class/word",
            "prob": 1,
            "ordinal": [
              0,
              6
            ],
            "value": "TABLE.ui_dialog DIV.ui_title_bar DIV.ui_title"
          },
          {
            "id": "path/ordinal",
            "prob": 1,
            "ordinal": [
              0,
              3
            ],
            "value": "/HTML[1]/BODY[1]/DIV[1]/TABLE[1]/TBODY[1]/TR[2]/TD[2]/DIV[1]/TABLE[1]/TBODY[1]/TR[1]/TD[1]/DIV[1]/DIV[1]"
          },
          {
            "id": "elderLevel",
            "value": {
              "level": 0
            }
          },
          {
            "id": "shield",
            "value": {
              "zIndex": "auto",
              "width": 800,
              "height": 22
            }
          }
        ]
      },
      "roles": "element",
      "text": "请选择一个床位"
    }
  },
  "contexts": {
    "context3": {
      "controls": [
        "control0",
        "control1",
        "control2",
        "control3",
        "control4",
        "control5",
        "control6",
        "control7",
        "control8",
        "control9",
        "control193",
        "control194"
      ],
      "anchors": [
        "control195",
        "control196",
        "control197"
      ]
    }
  },
  "flows": {
    "flow0": {
      "toContexts": [
        {
          "toContextId": "context3"
        }
      ]
    },
    "flow60": {
      "fromContextId": "context3",
      "fromAction": "doAction",
      "fromControlId": "control4",
      "toContexts": [
        {
          "toContextId": "context3"
        }
      ]
    },
    "flow131": {
      "fromContextId": "context3",
      "fromAction": "click",
      "fromControlId": "control3",
      "toContexts": [
        {
          "toContextId": "context3"
        }
      ]
    },
    "flow132": {
      "fromContextId": "context3",
      "fromAction": "click",
      "fromControlId": "control193",
      "toContexts": [
        {
          "toContextId": "context3"
        }
      ]
    }
  },
  "pages": {
    "page3": {
      "contextId": "context3",
      "layout": [
        {
          "id": "uiControl6",
          "display": {
            "class": "xg_header",
            "title": "请选择一个床位",
            "type": "header",
            "adapterId": "header",
            "adapter": {
              "templateType": ""
            }
          },
          "layout": []
        },
        {
          "id": "uiControl218",
          "controlId": "control193",
          "display": {
            "adapterId": "dialog",
            "type": "dialog",
            "class": "xg_alert",
            "adapter": {
              "templateType": ""
            }
          },
          "layout": [
            {
              "id": "uiControl218body",
              "display": {
                "type": "dialogBody",
                "adapterId": "dialogBody",
                "adapter": {
                  "templateType": ""
                }
              },
              "layout": [
                {
                  "id": "uiControl219",
                  "controlId": "control194",
                  "display": {
                    "adapterId": "custom",
                    "type": "custom",
                    "adapter": {
                      "templateType": "react",
                      "events": {
                        "onDoAction": "doAction_uiControl219",
                        "onGetTemplate": "getTemplate_uiControl219"
                      }
                    }
                  }
                }
              ]
            },
            {
              "id": "uiControl218footer",
              "display": {
                "type": "dialogFooter",
                "adapterId": "dialogFooter",
                "adapter": {
                  "templateType": ""
                }
              },
              "layout": []
            }
          ]
        },
        {
          "id": "uiControl7",
          "display": {
            "type": "card",
            "adapterId": "card",
            "class": "xg_body",
            "adapter": {
              "templateType": ""
            }
          },
          "layout": [
            {
              "id": "uiControl7body",
              "display": {
                "type": "cardBody",
                "adapterId": "cardBody",
                "adapter": {
                  "templateType": ""
                }
              },
              "layout": [
                {
                  "id": "uiControl8",
                  "display": {
                    "type": "card",
                    "adapterId": "card",
                    "class": "search-select",
                    "adapter": {
                      "templateType": ""
                    }
                  },
                  "layout": [
                    {
                      "id": "uiControl8body",
                      "display": {
                        "type": "cardBody",
                        "adapterId": "cardBody",
                        "adapter": {
                          "templateType": ""
                        }
                      },
                      "layout": [
                        {
                          "id": "uiControl9",
                          "controlId": "control0",
                          "display": {
                            "adapterId": "custom",
                            "type": "custom",
                            "adapter": {
                              "templateType": "react",
                              "events": {
                                "onDoAction": "doAction_uiControl9",
                                "onGetTemplate": "getTemplate_uiControl9"
                              }
                            }
                          }
                        },
                        {
                          "id": "uiControl38",
                          "controlId": "control1",
                          "display": {
                            "adapterId": "textbox",
                            "type": "textbox",
                            "adapter": {
                              "templateType": ""
                            }
                          }
                        },
                        {
                          "id": "uiControl39",
                          "controlId": "control2",
                          "display": {
                            "adapterId": "clickable",
                            "type": "button",
                            "adapter": {
                              "templateType": ""
                            }
                          }
                        },
                        {
                          "id": "uiControl40",
                          "controlId": "control3",
                          "display": {
                            "adapterId": "clickable",
                            "type": "button",
                            "adapter": {
                              "templateType": ""
                            }
                          }
                        }
                      ]
                    }
                  ]
                },
                {
                  "id": "uiControl41",
                  "controlId": "control4",
                  "display": {
                    "adapterId": "custom",
                    "type": "custom",
                    "adapter": {
                      "templateType": "react",
                      "events": {
                        "onDoAction": "doAction_uiControl41",
                        "onGetTemplate": "getTemplate_uiControl41"
                      }
                    }
                  }
                },
                {
                  "id": "uiControl42",
                  "controlId": "control5",
                  "display": {
                    "adapterId": "custom",
                    "type": "custom",
                    "adapter": {
                      "templateType": "react",
                      "events": {
                        "onDoAction": "doAction_uiControl42",
                        "onGetTemplate": "getTemplate_uiControl42"
                      }
                    }
                  }
                },
                {
                  "id": "uiControl43",
                  "display": {
                    "type": "card",
                    "adapterId": "card",
                    "class": "xg_four_btn",
                    "adapter": {
                      "templateType": ""
                    }
                  },
                  "layout": [
                    {
                      "id": "uiControl43body",
                      "display": {
                        "type": "cardBody",
                        "adapterId": "cardBody",
                        "adapter": {
                          "templateType": ""
                        }
                      },
                      "layout": [
                        {
                          "id": "uiControl44",
                          "controlId": "control6",
                          "display": {
                            "adapterId": "clickable",
                            "type": "button",
                            "adapter": {
                              "templateType": ""
                            }
                          }
                        },
                        {
                          "id": "uiControl45",
                          "controlId": "control7",
                          "display": {
                            "adapterId": "clickable",
                            "type": "button",
                            "adapter": {
                              "templateType": ""
                            }
                          }
                        },
                        {
                          "id": "uiControl46",
                          "controlId": "control8",
                          "display": {
                            "adapterId": "clickable",
                            "type": "button",
                            "adapter": {
                              "templateType": ""
                            }
                          }
                        },
                        {
                          "id": "uiControl47",
                          "controlId": "control9",
                          "display": {
                            "adapterId": "clickable",
                            "type": "button",
                            "adapter": {
                              "templateType": ""
                            }
                          }
                        }
                      ]
                    }
                  ]
                }
              ]
            }
          ]
        }
      ]
    }
  },
  "matchers": {
    "page/title": {
      "contexts": {
        "context3": [
          ""
        ]
      }
    },
    "page/urls": {
      "contexts": {
        "context3": [
          "42.247.16.108/xgxt/rcsw_jqlxjg.do"
        ]
      }
    },
    "page/ids": {
      "contexts": {
        "context3": [
          [],
          [
            "all",
            "ch_ul",
            "gjcx_div",
            "input_mhcx",
            "input_mhcx_msg",
            "ld_mc_xs_",
            "ld_mc_yc_",
            "ld_more",
            "ld_ul",
            "mhcx_ldmc",
            "mhcx_lx",
            "mhcx_lxHid",
            "mhcx_qsh",
            "options",
            "plcx_xh",
            "plcx_xm",
            "qsh_hidv_qt_",
            "qsh_hidv_qt_qsh_",
            "qsh_hidv_yc_",
            "qsh_hidv_yc_qsh_",
            "qsh_mc_xs_",
            "qsh_mc_yc_",
            "qsh_more",
            "qsh_num",
            "qsh_py_num",
            "qsh_py_xs_",
            "qsh_py_yc_",
            "qsh_qt_qsh_",
            "qsh_ul",
            "searchPath",
            "search_go",
            "text",
            "tj_ch_",
            "ts_msg",
            "tsxx_span",
            "userStatus",
            "yhlx",
            "yxtj_div",
            "yxtj_dl"
          ],
          [
            "all",
            "gjcx_div",
            "input_mhcx",
            "input_mhcx_msg",
            "mhcx_ldmc",
            "mhcx_lx",
            "mhcx_lxHid",
            "mhcx_qsh",
            "options",
            "plcx_xh",
            "plcx_xm",
            "searchPath",
            "search_go",
            "text",
            "ts_msg",
            "tsxx_span",
            "userStatus",
            "yhlx",
            "yxtj_div",
            "yxtj_dl"
          ]
        ]
      }
    },
    "page/classes": {
      "contexts": {
        "context3": [
          [
            "_b",
            "_t",
            "e",
            "tate_full",
            "ui_b",
            "ui_button",
            "ui_c",
            "ui_clo",
            "ui_content ui_",
            "ui_dialog",
            "ui_icon",
            "ui_inner",
            "ui_l",
            "ui_lb",
            "ui_loading",
            "ui_lt",
            "ui_main",
            "ui_max",
            "ui_max_b",
            "ui_min",
            "ui_min_b",
            "ui_r",
            "ui_rb",
            "ui_re",
            "ui_rt",
            "ui_t",
            "ui_title",
            "ui_title_bar",
            "ui_title_button"
          ],
          [
            "datetitle_"
          ],
          [
            "adv_filter",
            "btn_cx",
            "btn_cz",
            "hide",
            "hover",
            "moreValue_click",
            "more_down",
            "options_type",
            "prompcon",
            "prop-item",
            "selected-attr"
          ],
          [
            "adv_filter",
            "btn_cx",
            "btn_cz",
            "hide",
            "hover",
            "options_type",
            "prompcon",
            "prop-item",
            "selected-attr"
          ],
          [
            "nowrap"
          ]
        ]
      }
    },
    "page/tagTriplets": {
      "contexts": {
        "context3": [
          [
            "-/-/TBODY",
            "-/TBODY/TR",
            "DIV/A/B",
            "DIV/DIV/A",
            "DIV/DIV/SPAN",
            "DIV/TABLE/TBODY",
            "TABLE/TBODY/TR",
            "TBODY/TR/TD",
            "TD/DIV/DIV",
            "TD/DIV/IFRAME",
            "TD/DIV/TABLE",
            "TR/TD/DIV"
          ],
          [
            "-/-/H3",
            "-/H3/SPAN"
          ],
          [
            "-/-/DIV",
            "-/-/INPUT-hidden",
            "-/DIV/DL",
            "-/DIV/H3",
            "-/DIV/TABLE",
            "DD/UL/INPUT-hidden",
            "DD/UL/LI",
            "DIV/DIV/P",
            "DIV/DL/DD",
            "DIV/DL/DT",
            "DIV/TABLE/TBODY",
            "DL/DD/A",
            "DL/DD/DIV",
            "DL/DD/UL",
            "DL/DT/B",
            "DL/DT/INPUT-hidden",
            "DL/DT/INPUT-text",
            "LI/H5/IMG",
            "TABLE/TBODY/TR",
            "TBODY/TR/TD",
            "TD/DIV/DIV",
            "TD/DIV/DL",
            "TR/TD/BR",
            "TR/TD/BUTTON",
            "TR/TD/DIV",
            "TR/TD/INPUT-hidden",
            "TR/TD/INPUT-text",
            "TR/TD/SPAN",
            "UL/LI/A",
            "UL/LI/H5",
            "UL/LI/INPUT-hidden"
          ],
          [
            "-/-/DIV",
            "-/-/INPUT-hidden",
            "-/DIV/DL",
            "-/DIV/H3",
            "-/DIV/TABLE",
            "DIV/DIV/P",
            "DIV/DL/DD",
            "DIV/DL/DT",
            "DIV/TABLE/TBODY",
            "DL/DD/DIV",
            "DL/DT/B",
            "DL/DT/INPUT-hidden",
            "DL/DT/INPUT-text",
            "TABLE/TBODY/TR",
            "TBODY/TR/TD",
            "TD/DIV/DIV",
            "TD/DIV/DL",
            "TR/TD/BR",
            "TR/TD/BUTTON",
            "TR/TD/DIV",
            "TR/TD/INPUT-hidden",
            "TR/TD/INPUT-text",
            "TR/TD/SPAN"
          ],
          [
            "-/-/TR",
            "-/TR/TH"
          ]
        ]
      }
    }
  }
}