{
  "version": "0.1",
  "id": "q_party_result_info",
  "targetURL": "http://42.247.16.108/xgxt/dtxxjgbase.do",
  "jsFile": "../../lib/base.js,../../lib/customTemplate.js,index.js",
  "cssFile": "../../lib/base.css,index.css",
  "requires": {
    "q_student_detail": "../q_student_detail/index.json",
    "q_party_result_processEdit": "../q_party_result_processEdit/index.json",
    "q_party_result_info_stu_detail": "../q_party_result_info_stu_detail/index.json"
  },
  "chineseName": "党团建设-党团信息结果-详情",
  "controls": {
    "control0": {
      "location": {
        "data": {
          "tagName": "DIV"
        },
        "locators": [
          {
            "id": "text",
            "prob": 3,
            "value": {
              "text": [
                "提示： 深颜色为已有党团阶段， 浅颜色为尚未申请的党团阶段。"
              ],
              "visText": [
                "深颜色为已有党团阶段， 浅颜色为尚未申请的党团阶段。"
              ]
            }
          },
          {
            "id": "@id/word",
            "prob": 3,
            "value": [
              "descendant::FORM[@id=\"form\"]//DIV[@id=\"div_help\"]",
              "descendant::DIV[@id=\"div_help\"]"
            ]
          },
          {
            "id": "@class/word",
            "prob": 1,
            "ordinal": [
              0,
              2
            ],
            "value": "DIV.prompt"
          },
          {
            "id": "path/ordinal",
            "prob": 1,
            "value": "/HTML[1]/BODY[1]/FORM[1]/DIV[1]"
          },
          {
            "id": "shield",
            "value": {
              "zIndex": "auto",
              "width": 800,
              "height": 32
            }
          }
        ]
      },
      "events": {
        "onGetData": "getData_control0"
      },
      "intendedRole": "custom",
      "roles": "element,link,custom",
      "monitored": false,
      "frameXPath": "//iframe[@name='parentDialog']<<IFRAME>>"
    },
    "control1": {
      "location": {
        "data": {
          "tagName": "TBODY"
        },
        "locators": [
          {
            "id": "text",
            "prob": 3,
            "value": {
              "text": [
                "学号 104003 姓名 蔡东达 年级 2013 学院 商学院 专业 国际经济与贸易 班级 国际经济与贸易1302 出生日期 1992-06-22 性别 男 民族 汉族 政治面貌 中国共产主义青年团团员"
              ],
              "visText": [
                "学号 104003 姓名 蔡东达 年级 2013 学院 商学院 专业 国际经济与贸易 班级 国际经济与贸易1302 出生日期 1992-06-22 性别 男 民族 汉族 政治面貌 中国共产主义青年团团员"
              ]
            }
          },
          {
            "id": "@id/word",
            "prob": 2,
            "value": [
              "descendant::FORM[@id=\"form\"]/DIV[2]/TABLE[1]/TBODY[1]",
              "descendant::FORM[@id=\"form\"]//TBODY"
            ]
          },
          {
            "id": "@class/word",
            "prob": 1,
            "ordinal": [
              0,
              4
            ],
            "value": "TABLE.formlist TBODY"
          },
          {
            "id": "path/ordinal",
            "prob": 1,
            "value": "/HTML[1]/BODY[1]/FORM[1]/DIV[2]/TABLE[1]/TBODY[1]"
          },
          {
            "id": "shield",
            "value": {
              "zIndex": "auto",
              "width": 799,
              "height": 140
            }
          }
        ]
      },
      "events": {
        "onGetData": "getData_control1"
      },
      "intendedRole": "custom",
      "roles": "element,link,custom",
      "monitored": false,
      "frameXPath": "//iframe[@name='parentDialog']<<IFRAME>>"
    },
    "control2": {
      "location": {
        "data": {
          "tagName": "TH"
        },
        "locators": [
          {
            "id": "button/text",
            "prob": 3,
            "value": {
              "text": [
                "学生基本信息"
              ],
              "visText": [
                "学生基本信息"
              ]
            }
          },
          {
            "id": "text",
            "prob": 3,
            "value": {
              "text": [
                "学生基本信息"
              ],
              "visText": [
                "学生基本信息"
              ]
            }
          },
          {
            "id": "@class/word",
            "prob": 1,
            "ordinal": [
              0,
              4
            ],
            "value": "TABLE.formlist THEAD TR TH"
          },
          {
            "id": "path/ordinal",
            "prob": 1,
            "value": "/HTML[1]/BODY[1]/FORM[1]/DIV[2]/TABLE[1]/THEAD[1]/TR[1]/TH[1]"
          },
          {
            "id": "style/color",
            "value": [
              0,
              87,
              156
            ]
          },
          {
            "id": "shield",
            "value": {
              "zIndex": "auto",
              "width": 799,
              "height": 33
            }
          }
        ]
      },
      "intendedRole": "fragment",
      "roles": "element,fragment",
      "monitored": false,
      "frameXPath": "//iframe[@name='parentDialog']<<IFRAME>>"
    },
    "control3": {
      "location": {
        "data": {
          "tagName": "TH"
        },
        "locators": [
          {
            "id": "button/text",
            "prob": 3,
            "value": {
              "text": [
                "学生党团发展进程"
              ],
              "visText": [
                "学生党团发展进程"
              ]
            }
          },
          {
            "id": "text",
            "prob": 3,
            "value": {
              "text": [
                "学生党团发展进程"
              ],
              "visText": [
                "学生党团发展进程"
              ]
            }
          },
          {
            "id": "@class/word",
            "prob": 1,
            "ordinal": [
              1,
              4
            ],
            "value": "TABLE.formlist THEAD TR TH"
          },
          {
            "id": "path/ordinal",
            "prob": 1,
            "value": "/HTML[1]/BODY[1]/FORM[1]/DIV[2]/TABLE[1]/THEAD[2]/TR[1]/TH[1]"
          },
          {
            "id": "style/color",
            "value": [
              0,
              87,
              156
            ]
          },
          {
            "id": "shield",
            "value": {
              "zIndex": "auto",
              "width": 799,
              "height": 33
            }
          }
        ]
      },
      "intendedRole": "fragment",
      "roles": "element,fragment",
      "monitored": false,
      "frameXPath": "//iframe[@name='parentDialog']<<IFRAME>>"
    },
    "control4": {
      "location": {
        "data": {
          "tagName": "TD"
        },
        "locators": [
          {
            "id": "text",
            "prob": 3,
            "value": {
              "text": [
                "入团申请 2016-10-13 团员 入党申请 入党积极分子 推优 发展对象 党校结业时间 预备党员 正式党员"
              ],
              "visText": [
                "入团申请 2016-10-13 团员 入党申请 入党积极分子 推优 发展对象 党校结业时间 预备党员 正式党员"
              ]
            }
          },
          {
            "id": "@class/word",
            "prob": 1,
            "ordinal": [
              10,
              22
            ],
            "value": "TABLE.formlist TBODY TR TD"
          },
          {
            "id": "path/ordinal",
            "prob": 1,
            "value": "/HTML[1]/BODY[1]/FORM[1]/DIV[2]/TABLE[1]/TBODY[2]/TR[1]/TD[1]"
          },
          {
            "id": "shield",
            "value": {
              "zIndex": "auto",
              "width": 799,
              "height": 147
            }
          }
        ]
      },
      "events": {
        "onGetData": "getData_control4"
      },
      "intendedRole": "custom",
      "roles": "element,custom",
      "monitored": false,
      "frameXPath": "//iframe[@name='parentDialog']<<IFRAME>>"
    },
    "control5": {
      "location": {
        "data": {
          "tagName": "BUTTON"
        },
        "locators": [
          {
            "id": "button/text",
            "prob": 3,
            "value": {
              "text": [
                "关 闭"
              ],
              "visText": [
                "关 闭"
              ]
            }
          },
          {
            "id": "text",
            "prob": 3,
            "value": {
              "text": [
                "关 闭"
              ],
              "visText": [
                "关 闭"
              ]
            }
          },
          {
            "id": "@id/word",
            "prob": 3,
            "value": [
              "descendant::FORM[@id=\"form\"]//BUTTON[@id=\"buttonClose\"]",
              "descendant::BUTTON[@id=\"buttonClose\"]"
            ]
          },
          {
            "id": "@class/word",
            "prob": 1,
            "ordinal": [
              0,
              2
            ],
            "value": "TABLE.formlist DIV.btn BUTTON"
          },
          {
            "id": "path/ordinal",
            "prob": 1,
            "value": "/HTML[1]/BODY[1]/FORM[1]/DIV[3]/TABLE[1]/TFOOT[1]/TR[1]/TD[1]/DIV[1]/BUTTON[1]"
          },
          {
            "id": "input/type",
            "verifyEnabled": true,
            "value": "button"
          },
          {
            "id": "elderLevel",
            "value": {
              "level": 0
            }
          },
          {
            "id": "shield",
            "value": {
              "zIndex": "auto",
              "width": 52.609375,
              "height": 19
            }
          }
        ]
      },
      "intendedRole": "button",
      "roles": "element,button",
      "monitored": false,
      "frameXPath": "//iframe[@name='parentDialog']<<IFRAME>>"
    },
    "control6": {
      "location": {
        "data": {
          "tagName": "DIV"
        },
        "locators": [
          {
            "id": "button/text",
            "prob": 3,
            "value": {
              "text": [
                "保 存 关 闭"
              ],
              "visText": [
                "保 存 关 闭"
              ]
            }
          },
          {
            "id": "text",
            "prob": 3,
            "value": {
              "text": [
                "保 存 关 闭"
              ],
              "visText": [
                "保 存 关 闭"
              ]
            }
          },
          {
            "id": "@class/word",
            "prob": 1,
            "ordinal": [
              0,
              2
            ],
            "value": "TABLE.formlist DIV.btn"
          },
          {
            "id": "path/ordinal",
            "prob": 1,
            "value": "/HTML[1]/BODY[1]/FORM[1]/DIV[3]/TABLE[1]/TFOOT[1]/TR[1]/TD[1]/DIV[2]"
          },
          {
            "id": "shield",
            "value": {
              "zIndex": "auto",
              "width": 121.21875,
              "height": 19
            }
          }
        ]
      },
      "events": {
        "onGetData": "getData_control6"
      },
      "intendedRole": "custom",
      "roles": "element,custom",
      "monitored": false,
      "frameXPath": "//iframe[@name='parentDialog']<<IFRAME>>"
    },
    "control7": {
      "location": {
        "data": {
          "tagName": "BUTTON"
        },
        "locators": [
          {
            "id": "button/text",
            "prob": 3,
            "value": {
              "text": [
                "关 闭"
              ],
              "visText": [
                "关 闭"
              ]
            }
          },
          {
            "id": "text",
            "prob": 3,
            "value": {
              "text": [
                "关 闭"
              ],
              "visText": [
                "关 闭"
              ]
            }
          },
          {
            "id": "@id/word",
            "prob": 3,
            "value": [
              "descendant::FORM[@id=\"form\"]//BUTTON[@id=\"buttonClose\"]",
              "descendant::BUTTON[@id=\"buttonClose\"]"
            ]
          },
          {
            "id": "@class/word",
            "prob": 1,
            "ordinal": [
              1,
              4
            ],
            "value": "TABLE.formlist DIV.btn BUTTON"
          },
          {
            "id": "path/ordinal",
            "prob": 1,
            "value": "/HTML[1]/BODY[1]/FORM[1]/DIV[3]/TABLE[1]/TFOOT[1]/TR[1]/TD[1]/DIV[2]/BUTTON[2]"
          },
          {
            "id": "input/type",
            "verifyEnabled": true,
            "value": "button"
          },
          {
            "id": "elderLevel",
            "value": {
              "level": 0
            }
          },
          {
            "id": "shield",
            "value": {
              "zIndex": "auto",
              "width": 52.609375,
              "height": 19
            }
          }
        ]
      },
      "intendedRole": "button",
      "roles": "element,button",
      "monitored": false,
      "frameXPath": "//iframe[@name='parentDialog']<<IFRAME>>"
    },
    "control8": {
      "location": {
        "data": {
          "tagName": "TH"
        },
        "locators": [
          {
            "id": "button/text",
            "prob": 3,
            "value": {
              "text": [
                "申请阶段名称"
              ],
              "visText": [
                "申请阶段名称"
              ]
            }
          },
          {
            "id": "text",
            "prob": 3,
            "value": {
              "text": [
                "申请阶段名称"
              ],
              "visText": [
                "申请阶段名称"
              ]
            }
          },
          {
            "id": "@class/word",
            "prob": 1,
            "ordinal": [
              0,
              14
            ],
            "value": "TABLE.formlist TBODY TR TH"
          },
          {
            "id": "path/ordinal",
            "prob": 1,
            "value": "/HTML[1]/BODY[1]/FORM[1]/DIV[1]/TABLE[1]/TBODY[1]/TR[1]/TH[1]"
          },
          {
            "id": "elderLevel",
            "value": {
              "level": 0
            }
          },
          {
            "id": "shield",
            "value": {
              "zIndex": "auto",
              "width": 119,
              "height": 28
            }
          }
        ]
      },
      "roles": "element",
      "text": "\n\t\t\t\t\t\t\t\t申请阶段名称\n\t\t\t\t\t\t\t",
      "frameXPath": "//iframe[@name='childDialog']<<IFRAME>>"
    },
    "control9": {
      "location": {
        "data": {
          "tagName": "TH"
        },
        "locators": [
          {
            "id": "button/text",
            "prob": 3,
            "value": {
              "text": [
                "开始时间"
              ],
              "visText": [
                "开始时间"
              ]
            }
          },
          {
            "id": "text",
            "prob": 3,
            "value": {
              "text": [
                "开始时间"
              ],
              "visText": [
                "开始时间"
              ]
            }
          },
          {
            "id": "@class/word",
            "prob": 1,
            "ordinal": [
              1,
              14
            ],
            "value": "TABLE.formlist TBODY TR TH"
          },
          {
            "id": "path/ordinal",
            "prob": 1,
            "value": "/HTML[1]/BODY[1]/FORM[1]/DIV[1]/TABLE[1]/TBODY[1]/TR[2]/TH[1]"
          },
          {
            "id": "elderLevel",
            "value": {
              "level": 0
            }
          },
          {
            "id": "shield",
            "value": {
              "zIndex": "auto",
              "width": 119,
              "height": 34
            }
          }
        ]
      },
      "roles": "element",
      "text": "\n\t\t\t\t\t\t\t\t开始时间\n\t\t\t\t\t\t\t",
      "frameXPath": "//iframe[@name='childDialog']<<IFRAME>>"
    },
    "control308": {
      "location": {
        "data": {
          "tagName": "TH"
        },
        "locators": [
          {
            "id": "button/text",
            "prob": 3,
            "value": {
              "text": [
                "基本信息"
              ],
              "visText": [
                "基本信息"
              ]
            }
          },
          {
            "id": "text",
            "prob": 3,
            "value": {
              "text": [
                "基本信息"
              ],
              "visText": [
                "基本信息"
              ]
            }
          },
          {
            "id": "@id/word",
            "prob": 2,
            "value": [
              "descendant::DIV[@id=\"content\"]//DIV[@id=\"zdybdfl_xsxx_query_xsxx\"]//DIV[@id=\"zdybdfl_xsxx_query_xsxx_jbxx\"]/TABLE[1]/THEAD[1]/TR[1]/TH[1]",
              "descendant::DIV[@id=\"zdybdfl_xsxx_query_xsxx\"]//DIV[@id=\"zdybdfl_xsxx_query_xsxx_jbxx\"]/TABLE[1]/THEAD[1]/TR[1]/TH[1]",
              "descendant::DIV[@id=\"zdybdfl_xsxx_query_xsxx_jbxx\"]/TABLE[1]/THEAD[1]/TR[1]/TH[1]"
            ]
          },
          {
            "id": "path/ordinal",
            "prob": 1,
            "value": "/HTML[1]/BODY[1]/FORM[1]/DIV[2]/DIV[1]/DIV[1]/TABLE[1]/THEAD[1]/TR[1]/TH[1]"
          },
          {
            "id": "style/color",
            "value": [
              0,
              87,
              156
            ]
          },
          {
            "id": "shield",
            "value": {
              "zIndex": "auto",
              "width": 732,
              "height": 33
            }
          }
        ]
      },
      "intendedRole": "modal",
      "roles": "element,modal",
      "monitored": false,
      "frameXPath": "//iframe[@name='childDialog']<<IFRAME>>"
    },
    "control295": {
      "location": {
        "data": {
          "tagName": "TBODY"
        },
        "locators": [
          {
            "id": "button/text",
            "prob": 3,
            "value": {
              "text": [
                "申请阶段名称 入团申请 开始时间 个人小结 (限2000字)"
              ],
              "visText": [
                "申请阶段名称 入团申请 开始时间 个人小结 (限2000字)"
              ]
            }
          },
          {
            "id": "text",
            "prob": 3,
            "value": {
              "text": [
                "申请阶段名称 入团申请 开始时间 个人小结 (限2000字)"
              ],
              "visText": [
                "申请阶段名称 入团申请 开始时间 个人小结 (限2000字)"
              ]
            }
          },
          {
            "id": "@id/word",
            "prob": 2,
            "value": [
              "descendant::FORM[@id=\"form\"]/DIV[1]/TABLE[1]/TBODY[1]",
              "descendant::FORM[@id=\"form\"]//TBODY"
            ]
          },
          {
            "id": "@class/word",
            "prob": 1,
            "ordinal": [
              0,
              4
            ],
            "value": "TABLE.formlist TBODY"
          },
          {
            "id": "path/ordinal",
            "prob": 1,
            "value": "/HTML[1]/BODY[1]/FORM[1]/DIV[1]/TABLE[1]/TBODY[1]"
          },
          {
            "id": "shield",
            "value": {
              "zIndex": "auto",
              "width": 599,
              "height": 165
            }
          }
        ]
      },
      "intendedRole": "modal",
      "roles": "element,modal",
      "monitored": false,
      "frameXPath": "//iframe[@name='childDialog']<<IFRAME>>"
    },
    "control296": {
      "location": {
        "data": {
          "tagName": "THEAD"
        },
        "locators": [
          {
            "id": "button/text",
            "prob": 3,
            "value": {
              "text": [
                "基本信息"
              ],
              "visText": [
                "基本信息"
              ]
            }
          },
          {
            "id": "text",
            "prob": 3,
            "value": {
              "text": [
                "基本信息"
              ],
              "visText": [
                "基本信息"
              ]
            }
          },
          {
            "id": "@id/word",
            "prob": 2,
            "value": [
              "descendant::DIV[@id=\"content\"]//DIV[@id=\"zdybdfl_xsxx_query_xsxx\"]//DIV[@id=\"zdybdfl_xsxx_query_xsxx_jbxx\"]/TABLE[1]/THEAD[1]",
              "descendant::DIV[@id=\"content\"]//DIV[@id=\"zdybdfl_xsxx_query_xsxx\"]//DIV[@id=\"zdybdfl_xsxx_query_xsxx_jbxx\"]//THEAD",
              "descendant::DIV[@id=\"zdybdfl_xsxx_query_xsxx\"]//DIV[@id=\"zdybdfl_xsxx_query_xsxx_jbxx\"]//THEAD",
              "descendant::DIV[@id=\"zdybdfl_xsxx_query_xsxx_jbxx\"]//THEAD"
            ]
          },
          {
            "id": "path/ordinal",
            "prob": 1,
            "value": "/HTML[1]/BODY[1]/FORM[1]/DIV[2]/DIV[1]/DIV[1]/TABLE[1]/THEAD[1]"
          },
          {
            "id": "shield",
            "value": {
              "zIndex": "auto",
              "width": 732,
              "height": 33
            }
          }
        ]
      },
      "intendedRole": "modal",
      "roles": "element,modal",
      "monitored": false,
      "frameXPath": "//iframe[@name='childDialog']<<IFRAME>>"
    }
  },
  "contexts": {
    "context2": {
      "controls": [
        "control0",
        "control1",
        "control2",
        "control3",
        "control4",
        "control5",
        "control6",
        "control7",
        "control308",
        "control295",
        "control296"
      ],
      "anchors": []
    }
  },
  "flows": {
    "flow0": {
      "toContexts": [
        {
          "toContextId": "context2"
        }
      ]
    },
    "flow9": {
      "fromContextId": "context2",
      "fromAction": "doAction",
      "fromControlId": "control1",
      "toContexts": [
        {
          "toContextId": "context2"
        },
        {
          "toContextId": "context2",
          "toModelId": "q_student_detail"
        },
        {
          "toContextId": "context21",
          "toModelId": "q_party_result_info_stu_detail"
        }
      ]
    },
    "flow10": {
      "fromContextId": "context2",
      "fromAction": "click",
      "fromControlId": "control7",
      "toContexts": [
        {
          "toContextId": "context2"
        }
      ]
    },
    "flow98": {
      "fromContextId": "context2",
      "fromAction": "doAction",
      "fromControlId": "control4",
      "toContexts": [
        {
          "toContextId": "context2"
        },
        {
          "toContextId": "context3",
          "toModelId": "q_party_result_processEdit"
        }
      ]
    }
  },
  "pages": {
    "page2": {
      "contextId": "context2",
      "layout": [
        {
          "id": "uiControl0",
          "display": {
            "class": "navbar navbar-primary xg_header",
            "title": "党团申请信息",
            "type": "header",
            "adapterId": "header",
            "adapter": {
              "templateType": ""
            }
          },
          "layout": []
        },
        {
          "id": "uiControl4",
          "controlId": "control7",
          "display": {
            "adapterId": "clickable",
            "type": "button",
            "text": "返回",
            "class": "xg_back",
            "adapter": {
              "templateType": ""
            }
          }
        },
        {
          "id": "uiControl401",
          "controlId": "control308",
          "display": {
            "adapterId": "modal",
            "type": "modal",
            "adapter": {
              "templateType": ""
            }
          },
          "layout": []
        },
        {
          "id": "uiControl1",
          "display": {
            "type": "card",
            "adapterId": "card",
            "class": "xg_body",
            "adapter": {
              "templateType": ""
            }
          },
          "layout": [
            {
              "id": "uiControl1body",
              "display": {
                "type": "cardBody",
                "adapterId": "cardBody",
                "adapter": {
                  "templateType": ""
                }
              },
              "layout": [
                {
                  "id": "uiControl2",
                  "display": {
                    "type": "card",
                    "adapterId": "card",
                    "adapter": {
                      "templateType": ""
                    }
                  },
                  "layout": [
                    {
                      "id": "uiControl2body",
                      "display": {
                        "type": "cardBody",
                        "adapterId": "cardBody",
                        "adapter": {
                          "templateType": ""
                        }
                      },
                      "layout": [
                        {
                          "id": "uiControl3",
                          "controlId": "control0",
                          "display": {
                            "adapterId": "custom",
                            "type": "custom",
                            "adapter": {
                              "templateType": "react",
                              "events": {
                                "onDoAction": "doAction_uiControl3",
                                "onGetTemplate": "getTemplate_uiControl3"
                              }
                            }
                          }
                        }
                      ]
                    }
                  ]
                },
                {
                  "id": "uiControl8",
                  "controlId": "control2",
                  "display": {
                    "adapterId": "fragment",
                    "type": "fragment",
                    "class": "y_header",
                    "adapter": {
                      "templateType": ""
                    }
                  }
                },
                {
                  "id": "uiControl383",
                  "controlId": "control296",
                  "display": {
                    "adapterId": "modal",
                    "type": "modal",
                    "adapter": {
                      "templateType": ""
                    }
                  },
                  "layout": []
                },
                {
                  "id": "uiControl6",
                  "display": {
                    "type": "card",
                    "adapterId": "card",
                    "class": "y_info",
                    "adapter": {
                      "templateType": ""
                    }
                  },
                  "layout": [
                    {
                      "id": "uiControl6body",
                      "display": {
                        "type": "cardBody",
                        "adapterId": "cardBody",
                        "adapter": {
                          "templateType": ""
                        }
                      },
                      "layout": [
                        {
                          "id": "uiControl7",
                          "controlId": "control1",
                          "display": {
                            "adapterId": "custom",
                            "type": "custom",
                            "adapter": {
                              "templateType": "react",
                              "events": {
                                "onDoAction": "doAction_uiControl7",
                                "onGetTemplate": "getTemplate_uiControl7"
                              }
                            }
                          }
                        }
                      ]
                    }
                  ]
                },
                {
                  "id": "uiControl9",
                  "controlId": "control3",
                  "display": {
                    "adapterId": "fragment",
                    "type": "fragment",
                    "class": "y_header",
                    "adapter": {
                      "templateType": ""
                    }
                  }
                },
                {
                  "id": "uiControl423",
                  "controlId": "control295",
                  "display": {
                    "adapterId": "modal",
                    "type": "modal",
                    "adapter": {
                      "templateType": ""
                    }
                  },
                  "layout": []
                },
                {
                  "id": "uiControl10",
                  "controlId": "control4",
                  "display": {
                    "adapterId": "custom",
                    "type": "custom",
                    "adapter": {
                      "templateType": "react",
                      "events": {
                        "onDoAction": "doAction_uiControl10",
                        "onGetTemplate": "getTemplate_uiControl10"
                      }
                    }
                  }
                },
                {
                  "id": "uiControl5",
                  "controlId": "control6",
                  "display": {
                    "adapterId": "custom",
                    "type": "custom",
                    "adapter": {
                      "templateType": "react",
                      "events": {
                        "onDoAction": "doAction_uiControl5",
                        "onGetTemplate": "getTemplate_uiControl5"
                      }
                    }
                  }
                }
              ]
            }
          ]
        }
      ]
    }
  },
  "matchers": {
    "page/title": {
      "contexts": {
        "context2": [
          ""
        ]
      }
    },
    "page/urls": {
      "contexts": {
        "context2": [
          "42.247.16.108/xgxt/gyglnew_xszsgl_xszsgl.do",
          "42.247.16.108/xgxt/dtxxjgbase.do"
        ]
      }
    },
    "page/ids": {
      "contexts": {
        "context2": [
          [
            "zdybdfl_li_more",
            "zdybdfl_li_xsxx_query_pjpy",
            "zdybdfl_li_xsxx_query_qgzx",
            "zdybdfl_li_xsxx_query_szxx",
            "zdybdfl_li_xsxx_query_wjcf",
            "zdybdfl_li_xsxx_query_xjyd",
            "zdybdfl_li_xsxx_query_xsxx",
            "zdybdfl_li_xsxx_query_xszz",
            "zdybdfl_ul_"
          ],
          [
            "navigation",
            "xmView",
            "zdybdfl_li_more",
            "zdybdfl_li_xsxx_query_pjpy",
            "zdybdfl_li_xsxx_query_qgzx",
            "zdybdfl_li_xsxx_query_szxx",
            "zdybdfl_li_xsxx_query_wjcf",
            "zdybdfl_li_xsxx_query_xjyd",
            "zdybdfl_li_xsxx_query_xsxx",
            "zdybdfl_li_xsxx_query_xszz",
            "zdybdfl_ul_"
          ],
          [],
          [
            "buttonClose",
            "div_help",
            "xh"
          ],
          [
            "buttonClose",
            "buttonSave",
            "div_help",
            "dtxxjgid",
            "xh"
          ]
        ],
        "context3": [
          [
            "buttonClose",
            "buttonSave",
            "grxj",
            "jdmc",
            "kssj"
          ],
          [
            "buttonClose",
            "buttonSave",
            "jdmc",
            "kssj"
          ],
          [
            "grxj",
            "jdmc",
            "kssj"
          ]
        ]
      }
    },
    "page/classes": {
      "contexts": {
        "context2": [
          [
            "li",
            "mooth",
            "t_xxxx",
            "t_xxxx_downmenu"
          ],
          [
            "ition_xxxx after",
            "li",
            "mooth",
            "people_xx",
            "po",
            "t_xxxx",
            "t_xxxx_downmenu",
            "title_xxxx",
            "wxt"
          ],
          [
            "list_xxxx",
            "list_xxxx_downmenu",
            "smooth"
          ],
          [
            "Arrow",
            "Join_party",
            "Process",
            "btn",
            "close",
            "current",
            "dtxxglnewColorWZDX",
            "formlist",
            "lc_bg",
            "name",
            "prompt",
            "text"
          ],
          [
            "Arrow",
            "Join_party",
            "Process",
            "btn",
            "bz",
            "close",
            "current",
            "dtxxglnewColorWZDX",
            "formlist",
            "i",
            "lc_bg",
            "name",
            "prompt",
            "red",
            "text"
          ],
          [],
          [
            "Arrow",
            "Join_party",
            "Process",
            "btn",
            "bz",
            "close",
            "current",
            "dtxxglnewColorWZDX",
            "edit",
            "formlist",
            "i",
            "lc_bg",
            "name",
            "prompt",
            "red",
            "text"
          ],
          [
            "Arrow",
            "Join_party",
            "Process",
            "btn",
            "bz",
            "close",
            "current",
            "dtxxglnewColorWZDX",
            "finish",
            "formlist",
            "i",
            "lc_bg",
            "name",
            "prompt",
            "red",
            "text"
          ]
        ],
        "context1": [
          [
            "Sort_up",
            "_type hover",
            "adv_filter",
            "btn_",
            "btn_cx",
            "btn_cz",
            "btn_dc",
            "btn_dr",
            "btn_xg",
            "btn_zj",
            "buttonbox",
            "c",
            "dateline",
            "datetitle_",
            "down",
            "e",
            "earch_advanced",
            "elected-attr",
            "fir",
            "hide",
            "la",
            "location",
            "more--item_bottom",
            "moreValue_click",
            "more_down",
            "next pointer",
            "nowrap",
            "option",
            "pageleft",
            "pagenum",
            "pageright",
            "pagination",
            "paging",
            "prev pointer",
            "prompcon",
            "prop-item",
            "red",
            "t pointer",
            "tab_cur",
            "toolbox",
            "x",
            "ym-bc",
            "ym-bl",
            "ym-body",
            "ym-br",
            "ym-btn",
            "ym-header-text",
            "ym-header-tool",
            "ym-mc",
            "ym-ml",
            "ym-mr",
            "ym-tc",
            "ym-tl",
            "ym-tr",
            "ymPrompt_clo",
            "ymPrompt_max",
            "ymPrompt_min"
          ],
          [
            "Sort_up",
            "_type",
            "adv_filter",
            "btn_",
            "btn_cx",
            "btn_cz",
            "btn_dc",
            "btn_dr",
            "btn_xg",
            "btn_zj",
            "buttonbox",
            "c",
            "dateline",
            "datetitle_",
            "down",
            "e",
            "earch_advanced",
            "elected-attr",
            "fir",
            "hide",
            "la",
            "location",
            "more--item_bottom",
            "moreValue_click",
            "more_down",
            "next pointer",
            "nowrap",
            "option",
            "pageleft",
            "pagenum",
            "pageright",
            "pagination",
            "paging",
            "prev pointer",
            "prompcon",
            "prop-item",
            "red",
            "t pointer",
            "tab_cur",
            "toolbox",
            "x",
            "ym-bc",
            "ym-bl",
            "ym-body",
            "ym-br",
            "ym-btn",
            "ym-header-text",
            "ym-header-tool",
            "ym-mc",
            "ym-ml",
            "ym-mr",
            "ym-tc",
            "ym-tl",
            "ym-tr",
            "ymPrompt_clo",
            "ymPrompt_max",
            "ymPrompt_min"
          ],
          [
            "Sort_up",
            "_type",
            "adv_filter",
            "btnStyle handler",
            "btn_",
            "btn_cx",
            "btn_cz",
            "btn_dc",
            "btn_dr",
            "btn_xg",
            "btn_zj",
            "buttonbox",
            "c",
            "dateline",
            "datetitle_",
            "down",
            "e",
            "earch_advanced",
            "elected-attr",
            "fir",
            "hide",
            "la",
            "location",
            "more--item_bottom",
            "moreValue_click",
            "more_down",
            "next pointer",
            "nowrap",
            "option",
            "pageleft",
            "pagenum",
            "pageright",
            "pagination",
            "paging",
            "prev pointer",
            "prompcon",
            "prop-item",
            "red",
            "t pointer",
            "tab_cur",
            "toolbox",
            "x",
            "ym-bc",
            "ym-bl",
            "ym-body ymPrompt_alert",
            "ym-br",
            "ym-btn",
            "ym-content",
            "ym-header-text",
            "ym-header-tool",
            "ym-mc",
            "ym-ml",
            "ym-mr",
            "ym-tc",
            "ym-tl",
            "ym-tr",
            "ymPrompt_clo",
            "ymPrompt_max",
            "ymPrompt_min"
          ],
          [
            "Sort_up",
            "_type hover",
            "adv_filter",
            "btn_",
            "btn_cx",
            "btn_cz",
            "btn_dc",
            "btn_dr",
            "btn_xg",
            "btn_zj",
            "buttonbox",
            "c",
            "dateline",
            "datetitle_",
            "down",
            "earch_advanced",
            "elected-attr",
            "fir",
            "hide",
            "la",
            "location",
            "more--item_bottom",
            "next pointer",
            "nowrap",
            "option",
            "pageleft",
            "pagenum",
            "pageright",
            "pagination",
            "paging",
            "prev pointer",
            "prompcon",
            "prop-item",
            "red",
            "t pointer",
            "tab_cur",
            "toolbox",
            "x"
          ],
          [
            "_type hover",
            "adv_filter",
            "btn_",
            "btn_cx",
            "btn_cz",
            "btn_dc",
            "btn_dr",
            "btn_xg",
            "btn_zj",
            "buttonbox",
            "c",
            "datetitle_",
            "down",
            "earch_advanced",
            "elected-attr",
            "hide",
            "location",
            "more--item_bottom",
            "option",
            "prompcon",
            "prop-item",
            "tab_cur",
            "toolbox",
            "x"
          ],
          [
            " ui_",
            "Sort_up",
            "_b",
            "_t",
            "_type hover",
            "adv_filter",
            "btn_",
            "btn_cx",
            "btn_cz",
            "btn_dc",
            "btn_dr",
            "btn_xg",
            "btn_zj",
            "buttonbox",
            "c",
            "dateline",
            "datetitle_",
            "down",
            "e",
            "earch_advanced",
            "elected-attr",
            "fir",
            "hide",
            "ible ui_",
            "la",
            "location",
            "more--item_bottom",
            "moreValue_click",
            "more_down",
            "next pointer",
            "nowrap",
            "option",
            "pageleft",
            "pagenum",
            "pageright",
            "pagination",
            "paging",
            "prev pointer",
            "prompcon",
            "prop-item",
            "red",
            "t pointer",
            "tab_cur",
            "tate_focu",
            "tate_full",
            "tate_lock",
            "tate_lock ui_",
            "tate_tip",
            "tate_vi",
            "toolbox",
            "ui_b",
            "ui_border ui_",
            "ui_button",
            "ui_c",
            "ui_clo",
            "ui_content",
            "ui_content ui_",
            "ui_dialog",
            "ui_icon",
            "ui_icon_bg",
            "ui_inner",
            "ui_l",
            "ui_lb",
            "ui_loading",
            "ui_lt",
            "ui_main",
            "ui_max",
            "ui_max_b",
            "ui_min",
            "ui_min_b",
            "ui_r",
            "ui_rb",
            "ui_re",
            "ui_rt",
            "ui_t",
            "ui_title",
            "ui_title_bar",
            "ui_title_button",
            "x",
            "ym-bc",
            "ym-bl",
            "ym-body",
            "ym-br",
            "ym-btn",
            "ym-header-text",
            "ym-header-tool",
            "ym-mc",
            "ym-ml",
            "ym-mr",
            "ym-tc",
            "ym-tl",
            "ym-tr",
            "ymPrompt_clo",
            "ymPrompt_max",
            "ymPrompt_min"
          ],
          [
            " ui_",
            "Sort_up",
            "_b",
            "_t",
            "_type hover",
            "adv_filter",
            "btn_",
            "btn_cx",
            "btn_cz",
            "btn_dc",
            "btn_dr",
            "btn_xg",
            "btn_zj",
            "buttonbox",
            "c",
            "dateline",
            "datetitle_",
            "down",
            "e",
            "earch_advanced",
            "elected-attr",
            "fir",
            "hide",
            "la",
            "location",
            "more--item_bottom",
            "moreValue_click",
            "more_down",
            "name",
            "next pointer",
            "nowrap",
            "option",
            "pageleft",
            "pagenum",
            "pageright",
            "pagination",
            "paging",
            "prev pointer",
            "prompcon",
            "prop-item",
            "red",
            "t pointer",
            "tab_cur",
            "tate_focu",
            "tate_lock ui_",
            "tate_tip",
            "toolbox",
            "ui_b",
            "ui_border",
            "ui_border ui_",
            "ui_button",
            "ui_c",
            "ui_clo",
            "ui_content",
            "ui_dialog",
            "ui_icon",
            "ui_icon_bg",
            "ui_inner",
            "ui_l",
            "ui_lb",
            "ui_lt",
            "ui_main",
            "ui_max",
            "ui_max_b",
            "ui_min",
            "ui_min_b",
            "ui_r",
            "ui_rb",
            "ui_re",
            "ui_rt",
            "ui_t",
            "ui_title",
            "ui_title_bar",
            "ui_title_button",
            "x",
            "ym-bc",
            "ym-bl",
            "ym-body",
            "ym-br",
            "ym-btn",
            "ym-header-text",
            "ym-header-tool",
            "ym-mc",
            "ym-ml",
            "ym-mr",
            "ym-tc",
            "ym-tl",
            "ym-tr",
            "ymPrompt_clo",
            "ymPrompt_max",
            "ymPrompt_min"
          ]
        ],
        "context3": [
          [
            "btn"
          ],
          []
        ]
      }
    },
    "page/tagTriplets": {
      "contexts": {
        "context2": [
          [
            "-/-/UL",
            "-/UL/LI",
            "DIV/DL/DD",
            "DL/DD/A",
            "LI/DIV/DL",
            "UL/LI/A",
            "UL/LI/DIV"
          ],
          [
            "-/-/DIV",
            "-/DIV/DIV",
            "DIV/DIV/SPAN",
            "DIV/DIV/UL",
            "DIV/DL/DD",
            "DIV/SPAN/SPAN",
            "DIV/UL/LI",
            "DL/DD/A",
            "LI/DIV/DL",
            "UL/LI/A",
            "UL/LI/DIV"
          ],
          [],
          [
            "-/-/DIV",
            "-/-/INPUT-hidden",
            "-/-/INPUT-text",
            "-/DIV/A",
            "-/DIV/H3",
            "-/DIV/P",
            "-/DIV/TABLE",
            "DIV/DIV/P",
            "DIV/H3/SPAN",
            "DIV/P/A",
            "DIV/P/BR",
            "DIV/P/SPAN",
            "DIV/TABLE/TBODY",
            "DIV/TABLE/TFOOT",
            "DIV/TABLE/THEAD",
            "DIV/UL/LI",
            "LI/DIV/DIV",
            "P/SPAN/IMG",
            "TABLE/TBODY/TR",
            "TABLE/TFOOT/TR",
            "TABLE/THEAD/TR",
            "TBODY/TR/TD",
            "TBODY/TR/TH",
            "TD/DIV/BUTTON",
            "TD/DIV/UL",
            "TFOOT/TR/TD",
            "THEAD/TR/TH",
            "TR/TD/A",
            "TR/TD/DIV",
            "TR/TH/SPAN",
            "UL/LI/DIV",
            "UL/LI/INPUT-hidden",
            "UL/LI/SPAN"
          ],
          [
            "-/-/DIV",
            "-/-/INPUT-hidden",
            "-/-/INPUT-text",
            "-/DIV/A",
            "-/DIV/H3",
            "-/DIV/P",
            "-/DIV/TABLE",
            "DIV/DIV/P",
            "DIV/H3/SPAN",
            "DIV/P/A",
            "DIV/P/BR",
            "DIV/P/SPAN",
            "DIV/TABLE/TBODY",
            "DIV/TABLE/TFOOT",
            "DIV/TABLE/THEAD",
            "DIV/UL/LI",
            "LI/DIV/DIV",
            "P/A/I",
            "P/SPAN/IMG",
            "TABLE/TBODY/TR",
            "TABLE/TFOOT/TR",
            "TABLE/THEAD/TR",
            "TBODY/TR/TD",
            "TBODY/TR/TH",
            "TD/DIV/BUTTON",
            "TD/DIV/SPAN",
            "TD/DIV/UL",
            "TFOOT/TR/TD",
            "THEAD/TR/TH",
            "TR/TD/A",
            "TR/TD/DIV",
            "TR/TH/SPAN",
            "UL/LI/DIV",
            "UL/LI/INPUT-hidden",
            "UL/LI/SPAN"
          ]
        ],
        "context1": [
          [
            "-/-/DIV",
            "-/-/FORM",
            "-/DIV/DIV",
            "-/DIV/H3",
            "-/DIV/IFRAME",
            "-/DIV/P",
            "-/DIV/TABLE",
            "-/FORM/BUTTON",
            "-/FORM/DIV",
            "-/FORM/INPUT-hidden",
            "DD/UL/INPUT-hidden",
            "DD/UL/LI",
            "DIV/DIV/A",
            "DIV/DIV/DIV",
            "DIV/DIV/DL",
            "DIV/DIV/H3",
            "DIV/DIV/INPUT-hidden",
            "DIV/DIV/P",
            "DIV/DIV/STRONG",
            "DIV/DIV/TABLE",
            "DIV/DIV/UL",
            "DIV/DL/DD",
            "DIV/DL/DT",
            "DIV/H3/SPAN",
            "DIV/P/A",
            "DIV/P/EM",
            "DIV/P/INPUT-text",
            "DIV/P/SELECT",
            "DIV/P/SPAN",
            "DIV/TABLE/TBODY",
            "DIV/TABLE/THEAD",
            "DIV/UL/LI",
            "DL/DD/A",
            "DL/DD/DIV",
            "DL/DD/UL",
            "DL/DT/B",
            "DL/DT/INPUT-hidden",
            "DL/DT/INPUT-text",
            "FORM/DIV/DIV",
            "FORM/DIV/SCRIPT",
            "LI/H5/IMG",
            "P/SELECT/OPTION",
            "TABLE/TBODY/TR",
            "TABLE/THEAD/TR",
            "TBODY/TR/TD",
            "TD/DIV/DIV",
            "TD/DIV/DL",
            "THEAD/TR/TD",
            "THEAD/TR/TH",
            "TR/TD/BR",
            "TR/TD/BUTTON",
            "TR/TD/DIV",
            "TR/TD/INPUT-checkbox",
            "TR/TD/INPUT-hidden",
            "TR/TD/INPUT-text",
            "TR/TD/SPAN",
            "TR/TH/A",
            "UL/LI/A",
            "UL/LI/H5",
            "UL/LI/INPUT-hidden"
          ],
          [
            "-/-/DIV",
            "-/-/FORM",
            "-/DIV/DIV",
            "-/DIV/H3",
            "-/DIV/IFRAME",
            "-/DIV/P",
            "-/DIV/TABLE",
            "-/FORM/BUTTON",
            "-/FORM/DIV",
            "-/FORM/INPUT-hidden",
            "DD/UL/INPUT-hidden",
            "DD/UL/LI",
            "DIV/DIV/A",
            "DIV/DIV/DIV",
            "DIV/DIV/DL",
            "DIV/DIV/H3",
            "DIV/DIV/INPUT-hidden",
            "DIV/DIV/P",
            "DIV/DIV/STRONG",
            "DIV/DIV/TABLE",
            "DIV/DIV/UL",
            "DIV/DL/DD",
            "DIV/DL/DT",
            "DIV/H3/SPAN",
            "DIV/P/A",
            "DIV/P/EM",
            "DIV/P/FONT",
            "DIV/P/INPUT-text",
            "DIV/P/SELECT",
            "DIV/P/SPAN",
            "DIV/TABLE/TBODY",
            "DIV/TABLE/THEAD",
            "DIV/UL/LI",
            "DL/DD/A",
            "DL/DD/DIV",
            "DL/DD/UL",
            "DL/DT/B",
            "DL/DT/INPUT-hidden",
            "DL/DT/INPUT-text",
            "FORM/DIV/DIV",
            "FORM/DIV/SCRIPT",
            "LI/H5/IMG",
            "P/SELECT/OPTION",
            "TABLE/TBODY/TR",
            "TABLE/THEAD/TR",
            "TBODY/TR/TD",
            "TD/DIV/DIV",
            "TD/DIV/DL",
            "THEAD/TR/TD",
            "THEAD/TR/TH",
            "TR/TD/BR",
            "TR/TD/BUTTON",
            "TR/TD/DIV",
            "TR/TD/INPUT-checkbox",
            "TR/TD/INPUT-hidden",
            "TR/TD/INPUT-text",
            "TR/TD/SPAN",
            "TR/TH/A",
            "UL/LI/A",
            "UL/LI/H5",
            "UL/LI/INPUT-hidden"
          ],
          [
            "-/-/DIV",
            "-/-/FORM",
            "-/DIV/DIV",
            "-/DIV/H3",
            "-/DIV/IFRAME",
            "-/DIV/P",
            "-/DIV/TABLE",
            "-/FORM/BUTTON",
            "-/FORM/DIV",
            "-/FORM/INPUT-hidden",
            "DD/UL/INPUT-hidden",
            "DD/UL/LI",
            "DIV/DIV/A",
            "DIV/DIV/DIV",
            "DIV/DIV/DL",
            "DIV/DIV/H3",
            "DIV/DIV/INPUT-button",
            "DIV/DIV/INPUT-hidden",
            "DIV/DIV/P",
            "DIV/DIV/STRONG",
            "DIV/DIV/TABLE",
            "DIV/DIV/UL",
            "DIV/DL/DD",
            "DIV/DL/DT",
            "DIV/H3/SPAN",
            "DIV/P/A",
            "DIV/P/EM",
            "DIV/P/FONT",
            "DIV/P/INPUT-text",
            "DIV/P/SELECT",
            "DIV/P/SPAN",
            "DIV/TABLE/TBODY",
            "DIV/TABLE/THEAD",
            "DIV/UL/LI",
            "DL/DD/A",
            "DL/DD/DIV",
            "DL/DD/UL",
            "DL/DT/B",
            "DL/DT/INPUT-hidden",
            "DL/DT/INPUT-text",
            "FORM/DIV/DIV",
            "FORM/DIV/SCRIPT",
            "LI/H5/IMG",
            "P/SELECT/OPTION",
            "TABLE/TBODY/TR",
            "TABLE/THEAD/TR",
            "TBODY/TR/TD",
            "TD/DIV/DIV",
            "TD/DIV/DL",
            "THEAD/TR/TD",
            "THEAD/TR/TH",
            "TR/TD/BR",
            "TR/TD/BUTTON",
            "TR/TD/DIV",
            "TR/TD/INPUT-checkbox",
            "TR/TD/INPUT-hidden",
            "TR/TD/INPUT-text",
            "TR/TD/SPAN",
            "TR/TH/A",
            "UL/LI/A",
            "UL/LI/H5",
            "UL/LI/INPUT-hidden"
          ],
          [
            "-/-/DIV",
            "-/-/FORM",
            "-/DIV/DIV",
            "-/DIV/H3",
            "-/DIV/IFRAME",
            "-/DIV/P",
            "-/DIV/TABLE",
            "-/FORM/BUTTON",
            "-/FORM/DIV",
            "-/FORM/INPUT-hidden",
            "DIV/DIV/A",
            "DIV/DIV/DIV",
            "DIV/DIV/DL",
            "DIV/DIV/H3",
            "DIV/DIV/INPUT-hidden",
            "DIV/DIV/P",
            "DIV/DIV/TABLE",
            "DIV/DIV/UL",
            "DIV/DL/DD",
            "DIV/DL/DT",
            "DIV/H3/SPAN",
            "DIV/P/A",
            "DIV/P/EM",
            "DIV/P/INPUT-text",
            "DIV/P/SELECT",
            "DIV/P/SPAN",
            "DIV/TABLE/TBODY",
            "DIV/TABLE/THEAD",
            "DIV/UL/LI",
            "DL/DD/DIV",
            "DL/DT/B",
            "DL/DT/INPUT-hidden",
            "DL/DT/INPUT-text",
            "FORM/DIV/DIV",
            "FORM/DIV/SCRIPT",
            "P/SELECT/OPTION",
            "TABLE/TBODY/TR",
            "TABLE/THEAD/TR",
            "TBODY/TR/TD",
            "TD/DIV/DIV",
            "TD/DIV/DL",
            "THEAD/TR/TD",
            "THEAD/TR/TH",
            "TR/TD/BR",
            "TR/TD/BUTTON",
            "TR/TD/DIV",
            "TR/TD/INPUT-checkbox",
            "TR/TD/INPUT-hidden",
            "TR/TD/INPUT-text",
            "TR/TD/SPAN",
            "TR/TH/A",
            "UL/LI/A"
          ],
          [
            "-/-/DIV",
            "-/-/FORM",
            "-/DIV/DIV",
            "-/DIV/H3",
            "-/DIV/P",
            "-/DIV/TABLE",
            "-/FORM/BUTTON",
            "-/FORM/DIV",
            "-/FORM/INPUT-hidden",
            "DIV/DIV/DIV",
            "DIV/DIV/DL",
            "DIV/DIV/H3",
            "DIV/DIV/INPUT-hidden",
            "DIV/DIV/P",
            "DIV/DIV/TABLE",
            "DIV/DIV/UL",
            "DIV/DL/DD",
            "DIV/DL/DT",
            "DIV/H3/SPAN",
            "DIV/P/A",
            "DIV/P/EM",
            "DIV/TABLE/TBODY",
            "DIV/UL/LI",
            "DL/DD/DIV",
            "DL/DT/B",
            "DL/DT/INPUT-hidden",
            "DL/DT/INPUT-text",
            "FORM/DIV/DIV",
            "FORM/DIV/SCRIPT",
            "TABLE/TBODY/TR",
            "TBODY/TR/TD",
            "TD/DIV/DIV",
            "TD/DIV/DL",
            "TR/TD/BR",
            "TR/TD/BUTTON",
            "TR/TD/DIV",
            "TR/TD/INPUT-hidden",
            "TR/TD/INPUT-text",
            "TR/TD/SPAN",
            "UL/LI/A"
          ],
          [
            "-/-/DIV",
            "-/-/FORM",
            "-/DIV/DIV",
            "-/DIV/H3",
            "-/DIV/IFRAME",
            "-/DIV/P",
            "-/DIV/TABLE",
            "-/FORM/BUTTON",
            "-/FORM/DIV",
            "-/FORM/INPUT-hidden",
            "DD/UL/INPUT-hidden",
            "DD/UL/LI",
            "DIV/A/B",
            "DIV/DIV/A",
            "DIV/DIV/DIV",
            "DIV/DIV/DL",
            "DIV/DIV/H3",
            "DIV/DIV/INPUT-hidden",
            "DIV/DIV/P",
            "DIV/DIV/SPAN",
            "DIV/DIV/STRONG",
            "DIV/DIV/TABLE",
            "DIV/DIV/UL",
            "DIV/DL/DD",
            "DIV/DL/DT",
            "DIV/H3/SPAN",
            "DIV/P/A",
            "DIV/P/EM",
            "DIV/P/INPUT-text",
            "DIV/P/SELECT",
            "DIV/P/SPAN",
            "DIV/TABLE/TBODY",
            "DIV/TABLE/THEAD",
            "DIV/UL/LI",
            "DL/DD/A",
            "DL/DD/DIV",
            "DL/DD/UL",
            "DL/DT/B",
            "DL/DT/INPUT-hidden",
            "DL/DT/INPUT-text",
            "FORM/DIV/DIV",
            "FORM/DIV/SCRIPT",
            "LI/H5/IMG",
            "P/SELECT/OPTION",
            "TABLE/TBODY/TR",
            "TABLE/THEAD/TR",
            "TBODY/TR/TD",
            "TD/DIV/DIV",
            "TD/DIV/DL",
            "TD/DIV/IFRAME",
            "TD/DIV/TABLE",
            "THEAD/TR/TD",
            "THEAD/TR/TH",
            "TR/TD/BR",
            "TR/TD/BUTTON",
            "TR/TD/DIV",
            "TR/TD/IMG",
            "TR/TD/INPUT-checkbox",
            "TR/TD/INPUT-hidden",
            "TR/TD/INPUT-text",
            "TR/TD/SPAN",
            "TR/TH/A",
            "UL/LI/A",
            "UL/LI/H5",
            "UL/LI/INPUT-hidden"
          ],
          [
            "-/-/DIV",
            "-/-/FORM",
            "-/DIV/DIV",
            "-/DIV/H3",
            "-/DIV/IFRAME",
            "-/DIV/P",
            "-/DIV/TABLE",
            "-/FORM/BUTTON",
            "-/FORM/DIV",
            "-/FORM/INPUT-hidden",
            "DD/UL/INPUT-hidden",
            "DD/UL/LI",
            "DIV/A/B",
            "DIV/DIV/A",
            "DIV/DIV/DIV",
            "DIV/DIV/DL",
            "DIV/DIV/H3",
            "DIV/DIV/INPUT-hidden",
            "DIV/DIV/P",
            "DIV/DIV/STRONG",
            "DIV/DIV/TABLE",
            "DIV/DIV/UL",
            "DIV/DL/DD",
            "DIV/DL/DT",
            "DIV/H3/SPAN",
            "DIV/P/A",
            "DIV/P/EM",
            "DIV/P/INPUT-text",
            "DIV/P/SELECT",
            "DIV/P/SPAN",
            "DIV/TABLE/TBODY",
            "DIV/TABLE/THEAD",
            "DIV/UL/LI",
            "DL/DD/A",
            "DL/DD/DIV",
            "DL/DD/UL",
            "DL/DT/B",
            "DL/DT/INPUT-hidden",
            "DL/DT/INPUT-text",
            "FORM/DIV/DIV",
            "FORM/DIV/SCRIPT",
            "LI/H5/IMG",
            "P/SELECT/OPTION",
            "TABLE/TBODY/TR",
            "TABLE/THEAD/TR",
            "TBODY/TR/TD",
            "TD/DIV/DIV",
            "TD/DIV/DL",
            "TD/DIV/TABLE",
            "THEAD/TR/TD",
            "THEAD/TR/TH",
            "TR/TD/A",
            "TR/TD/BR",
            "TR/TD/BUTTON",
            "TR/TD/DIV",
            "TR/TD/IMG",
            "TR/TD/INPUT-checkbox",
            "TR/TD/INPUT-hidden",
            "TR/TD/INPUT-text",
            "TR/TD/SPAN",
            "TR/TH/A",
            "UL/LI/A",
            "UL/LI/H5",
            "UL/LI/INPUT-hidden"
          ]
        ],
        "context3": [
          [
            "-/-/TBODY",
            "-/-/TFOOT",
            "-/TBODY/TR",
            "-/TFOOT/TR",
            "TBODY/TR/TD",
            "TBODY/TR/TH",
            "TD/DIV/BUTTON",
            "TFOOT/TR/TD",
            "TR/TD/DIV",
            "TR/TD/INPUT-text",
            "TR/TD/LABEL",
            "TR/TD/TEXTAREA",
            "TR/TH/BR",
            "TR/TH/FONT"
          ],
          [
            "-/-/TBODY",
            "-/-/TFOOT",
            "-/TBODY/TR",
            "-/TFOOT/TR",
            "TBODY/TR/TD",
            "TBODY/TR/TH",
            "TD/DIV/BUTTON",
            "TFOOT/TR/TD",
            "TR/TD/DIV",
            "TR/TD/INPUT-text",
            "TR/TD/LABEL"
          ],
          [
            "-/-/TR",
            "-/TR/TD",
            "-/TR/TH",
            "TR/TD/INPUT-text",
            "TR/TD/LABEL",
            "TR/TD/TEXTAREA",
            "TR/TH/BR",
            "TR/TH/FONT"
          ]
        ]
      }
    }
  }
}