{
  "version": "0.1",
  "id": "w_punishmentReport_chooseStu",
  "targetURL": "http://42.247.16.108/xgxt/wjcf_cfsbgl.do?method=cxCfsbList",
  "jsFile": "../../lib/base.js,../../lib/customTemplate.js,index.js",
  "cssFile": "../../lib/base.css",
  "requires": {
    "login": "../login/index.json",
    "w_punishmentReport_addStu": "../w_punishmentReport_addStu/index.json",
    "w_awardResults_addStu": "../w_awardResults_addStu/index.json"
  },
  "chineseName": "违纪处分_处分上报_选择学生",
  "controls": {
    "control0": {
      "location": {
        "data": {
          "tagName": "A"
        },
        "locators": [
          {
            "id": "@title",
            "prob": 2,
            "ordinal": [
              0,
              5
            ],
            "value": {
              "text": [
                "关闭(esc键)"
              ]
            }
          },
          {
            "id": "@class/word",
            "prob": 1,
            "ordinal": [
              0,
              5
            ],
            "value": "DIV.ui_title_bar DIV.ui_title_buttons A.ui_close"
          },
          {
            "id": "path/ordinal",
            "prob": 1,
            "ordinal": [
              0,
              3
            ],
            "value": "/HTML[1]/BODY[1]/DIV[1]/TABLE[1]/TBODY[1]/TR[2]/TD[2]/DIV[1]/TABLE[1]/TBODY[1]/TR[1]/TD[1]/DIV[1]/DIV[2]/A[4]"
          },
          {
            "id": "elderLevel",
            "value": {
              "level": 0
            }
          },
          {
            "id": "shield",
            "value": {
              "zIndex": "auto",
              "width": 22,
              "height": 22
            }
          }
        ]
      },
      "events": {
        "onGetData": "getData_control0"
      },
      "intendedRole": "custom",
      "roles": "element,link,custom",
      "monitored": false
    },
    "control1": {
      "location": {
        "data": {
          "tagName": "DIV"
        },
        "locators": [
          {
            "id": "button/text",
            "prob": 3,
            "value": {
              "text": [
                "全部 学号 姓名"
              ],
              "visText": [
                ""
              ]
            }
          },
          {
            "id": "text",
            "prob": 3,
            "value": {
              "text": [
                "全部 学号 姓名"
              ],
              "visText": [
                ""
              ]
            }
          },
          {
            "id": "@id/word",
            "prob": 3,
            "value": "descendant::DIV[@id=\"options\"]"
          },
          {
            "id": "@class/word",
            "prob": 1,
            "ordinal": [
              0,
              2
            ],
            "value": "DIV.search_advanced DIV.adv_filter DIV.options_type1"
          },
          {
            "id": "path/ordinal",
            "prob": 1,
            "value": "/HTML[1]/BODY[1]/FORM[1]/DIV[1]/DIV[1]/DIV[1]/TABLE[1]/TBODY[1]/TR[1]/TD[1]/DIV[1]"
          },
          {
            "id": "shield",
            "value": {
              "zIndex": "auto",
              "width": 81,
              "height": 25
            }
          }
        ]
      },
      "events": {
        "onGetData": "getData_control1"
      },
      "intendedRole": "custom",
      "roles": "element,custom",
      "monitored": true,
      "frameXPath": "//iframe[@name='childDialog']<<IFRAME>>"
    },
    "control2": {
      "location": {
        "data": {
          "tagName": "INPUT"
        },
        "locators": [
          {
            "id": "elem/@name",
            "prob": 2,
            "value": [
              "descendant::form[@name=\"xsxxForm\"]//INPUT[@name=\"searchModel.input_mhcx\"]",
              "descendant::INPUT[@name=\"searchModel.input_mhcx\"]"
            ]
          },
          {
            "id": "@id/word",
            "prob": 3,
            "value": "descendant::INPUT[@id=\"input_mhcx\"]"
          },
          {
            "id": "@class/word",
            "prob": 1,
            "ordinal": [
              3,
              12
            ],
            "value": "DIV.toolbox DIV.search_advanced DIV.adv_filter TABLE TBODY TR TD INPUT"
          },
          {
            "id": "path/ordinal",
            "prob": 1,
            "value": "/HTML[1]/BODY[1]/FORM[1]/DIV[1]/DIV[1]/DIV[1]/TABLE[1]/TBODY[1]/TR[1]/TD[1]/INPUT[1]"
          },
          {
            "id": "input/type",
            "verifyEnabled": true,
            "value": "text"
          },
          {
            "id": "elderLevel",
            "value": {
              "level": 0
            }
          },
          {
            "id": "shield",
            "value": {
              "zIndex": "auto",
              "width": 383,
              "height": 24
            }
          }
        ]
      },
      "intendedRole": "textbox",
      "roles": "element,textbox",
      "monitored": true,
      "frameXPath": "//iframe[@name='childDialog']<<IFRAME>>"
    },
    "control3": {
      "location": {
        "data": {
          "tagName": "BUTTON"
        },
        "locators": [
          {
            "id": "button/text",
            "prob": 3,
            "value": {
              "text": [
                "查 询"
              ],
              "visText": [
                "查 询"
              ]
            }
          },
          {
            "id": "text",
            "prob": 3,
            "value": {
              "text": [
                "查 询"
              ],
              "visText": [
                "查 询"
              ]
            }
          },
          {
            "id": "@id/word",
            "prob": 3,
            "value": "descendant::BUTTON[@id=\"search_go\"]"
          },
          {
            "id": "@class/word",
            "prob": 1,
            "ordinal": [
              0,
              2
            ],
            "value": "DIV.search_advanced DIV.adv_filter BUTTON.btn_cx"
          },
          {
            "id": "path/ordinal",
            "prob": 1,
            "value": "/HTML[1]/BODY[1]/FORM[1]/DIV[1]/DIV[1]/DIV[1]/TABLE[1]/TBODY[1]/TR[1]/TD[1]/BUTTON[1]"
          },
          {
            "id": "input/type",
            "verifyEnabled": true,
            "value": "button"
          },
          {
            "id": "elderLevel",
            "value": {
              "level": 0
            }
          },
          {
            "id": "shield",
            "value": {
              "zIndex": "auto",
              "width": 52.609375,
              "height": 19
            }
          }
        ]
      },
      "intendedRole": "button",
      "roles": "element,button",
      "monitored": false,
      "frameXPath": "//iframe[@name='childDialog']<<IFRAME>>"
    },
    "control4": {
      "location": {
        "data": {
          "tagName": "BUTTON"
        },
        "locators": [
          {
            "id": "button/text",
            "prob": 3,
            "value": {
              "text": [
                "重 置"
              ],
              "visText": [
                "重 置"
              ]
            }
          },
          {
            "id": "text",
            "prob": 3,
            "value": {
              "text": [
                "重 置"
              ],
              "visText": [
                "重 置"
              ]
            }
          },
          {
            "id": "@class/word",
            "prob": 1,
            "ordinal": [
              0,
              2
            ],
            "value": "DIV.search_advanced DIV.adv_filter BUTTON.btn_cz"
          },
          {
            "id": "path/ordinal",
            "prob": 1,
            "value": "/HTML[1]/BODY[1]/FORM[1]/DIV[1]/DIV[1]/DIV[1]/TABLE[1]/TBODY[1]/TR[1]/TD[1]/BUTTON[2]"
          },
          {
            "id": "input/type",
            "verifyEnabled": true,
            "value": "button"
          },
          {
            "id": "elderLevel",
            "value": {
              "level": 0
            }
          },
          {
            "id": "shield",
            "value": {
              "zIndex": "auto",
              "width": 52.609375,
              "height": 19
            }
          }
        ]
      },
      "intendedRole": "button",
      "roles": "element,button",
      "monitored": false,
      "frameXPath": "//iframe[@name='childDialog']<<IFRAME>>"
    },
    "control5": {
      "location": {
        "data": {
          "tagName": "TBODY"
        },
        "locators": [
          {
            "id": "@id/word",
            "prob": 2,
            "value": [
              "descendant::TABLE[@id=\"dataTable\"]/TBODY[1]",
              "descendant::TABLE[@id=\"dataTable\"]//TBODY"
            ]
          },
          {
            "id": "@class/word",
            "prob": 1,
            "ordinal": [
              0,
              2
            ],
            "value": "DIV.formbox TABLE.dateline TBODY"
          },
          {
            "id": "path/ordinal",
            "prob": 1,
            "value": "/HTML[1]/BODY[1]/DIV[3]/TABLE[1]/TBODY[1]"
          },
          {
            "id": "shield",
            "value": {
              "zIndex": "auto",
              "width": 645,
              "height": 318
            }
          }
        ]
      },
      "events": {
        "onGetData": "getData_control5"
      },
      "intendedRole": "custom",
      "roles": "element,custom",
      "monitored": true,
      "frameXPath": "//iframe[@name='childDialog']<<IFRAME>>"
    },
    "control6": {
      "location": {
        "data": {
          "tagName": "DIV"
        },
        "locators": [
          {
            "id": "text",
            "prob": 3,
            "value": {
              "text": [
                "第/2472页，每页显示102050100200条 / 共24714条记录"
              ],
              "visText": [
                "第/2472页，每页显示条 / 共24714条记录"
              ]
            }
          },
          {
            "id": "@id/word",
            "prob": 2,
            "value": [
              "descendant::DIV[@id=\"pager\"]/DIV[1]",
              "descendant::DIV[@id=\"pager\"]//DIV"
            ]
          },
          {
            "id": "@class/word",
            "prob": 1,
            "ordinal": [
              0,
              2
            ],
            "value": "DIV.pagination DIV.pageleft"
          },
          {
            "id": "path/ordinal",
            "prob": 1,
            "value": "/HTML[1]/BODY[1]/DIV[4]/DIV[1]"
          },
          {
            "id": "shield",
            "value": {
              "zIndex": "auto",
              "width": 322,
              "height": 19
            }
          }
        ]
      },
      "events": {
        "onGetData": "getData_control6"
      },
      "intendedRole": "custom",
      "roles": "element,custom",
      "monitored": true,
      "frameXPath": "//iframe[@name='childDialog']<<IFRAME>>"
    },
    "control7": {
      "location": {
        "data": {
          "tagName": "A"
        },
        "locators": [
          {
            "id": "button/text",
            "prob": 3,
            "value": {
              "text": [
                "首 页"
              ],
              "visText": [
                "首 页"
              ]
            }
          },
          {
            "id": "text",
            "prob": 3,
            "value": {
              "text": [
                "首 页"
              ],
              "visText": [
                "首 页"
              ]
            }
          },
          {
            "id": "@title",
            "prob": 2,
            "value": {
              "text": [
                "首页"
              ]
            }
          },
          {
            "id": "@id/word",
            "prob": 3,
            "value": [
              "descendant::DIV[@id=\"pager\"]//A[@id=\"first\"]",
              "descendant::A[@id=\"first\"]"
            ]
          },
          {
            "id": "@class/word",
            "prob": 1,
            "ordinal": [
              0,
              2
            ],
            "value": "DIV.pageright DIV.paging A.first.pointer"
          },
          {
            "id": "path/ordinal",
            "prob": 1,
            "value": "/HTML[1]/BODY[1]/DIV[4]/DIV[2]/DIV[1]/A[1]"
          },
          {
            "id": "elderLevel",
            "value": {
              "level": 0
            }
          },
          {
            "id": "shield",
            "value": {
              "zIndex": "auto",
              "width": 46,
              "height": 19
            }
          }
        ]
      },
      "intendedRole": "button",
      "roles": "element,button,link",
      "monitored": false,
      "frameXPath": "//iframe[@name='childDialog']<<IFRAME>>"
    },
    "control8": {
      "location": {
        "data": {
          "tagName": "A"
        },
        "locators": [
          {
            "id": "button/text",
            "prob": 3,
            "value": {
              "text": [
                "上一页"
              ],
              "visText": [
                "上一页"
              ]
            }
          },
          {
            "id": "text",
            "prob": 3,
            "value": {
              "text": [
                "上一页"
              ],
              "visText": [
                "上一页"
              ]
            }
          },
          {
            "id": "@title",
            "prob": 2,
            "value": {
              "text": [
                "上一页"
              ]
            }
          },
          {
            "id": "@id/word",
            "prob": 3,
            "value": [
              "descendant::DIV[@id=\"pager\"]//A[@id=\"back\"]",
              "descendant::A[@id=\"back\"]"
            ]
          },
          {
            "id": "@class/word",
            "prob": 1,
            "ordinal": [
              0,
              2
            ],
            "value": "DIV.pageright DIV.paging A.prev.pointer"
          },
          {
            "id": "path/ordinal",
            "prob": 1,
            "value": "/HTML[1]/BODY[1]/DIV[4]/DIV[2]/DIV[1]/A[2]"
          },
          {
            "id": "elderLevel",
            "value": {
              "level": 0
            }
          },
          {
            "id": "shield",
            "value": {
              "zIndex": "auto",
              "width": 54,
              "height": 19
            }
          }
        ]
      },
      "intendedRole": "button",
      "roles": "element,button,link",
      "monitored": false,
      "frameXPath": "//iframe[@name='childDialog']<<IFRAME>>"
    },
    "control9": {
      "location": {
        "data": {
          "tagName": "A"
        },
        "locators": [
          {
            "id": "button/text",
            "prob": 3,
            "value": {
              "text": [
                "下一页"
              ],
              "visText": [
                "下一页"
              ]
            }
          },
          {
            "id": "text",
            "prob": 3,
            "value": {
              "text": [
                "下一页"
              ],
              "visText": [
                "下一页"
              ]
            }
          },
          {
            "id": "@title",
            "prob": 2,
            "value": {
              "text": [
                "下一页"
              ]
            }
          },
          {
            "id": "@id/word",
            "prob": 3,
            "value": [
              "descendant::DIV[@id=\"pager\"]//A[@id=\"next\"]",
              "descendant::A[@id=\"next\"]"
            ]
          },
          {
            "id": "@class/word",
            "prob": 1,
            "ordinal": [
              0,
              2
            ],
            "value": "DIV.pageright DIV.paging A.next.pointer"
          },
          {
            "id": "path/ordinal",
            "prob": 1,
            "value": "/HTML[1]/BODY[1]/DIV[4]/DIV[2]/DIV[1]/A[3]"
          },
          {
            "id": "elderLevel",
            "value": {
              "level": 0
            }
          },
          {
            "id": "shield",
            "value": {
              "zIndex": "auto",
              "width": 54,
              "height": 19
            }
          }
        ]
      },
      "intendedRole": "button",
      "roles": "element,button,link",
      "monitored": false,
      "frameXPath": "//iframe[@name='childDialog']<<IFRAME>>"
    },
    "control10": {
      "location": {
        "data": {
          "tagName": "A"
        },
        "locators": [
          {
            "id": "button/text",
            "prob": 3,
            "value": {
              "text": [
                "末 页"
              ],
              "visText": [
                "末 页"
              ]
            }
          },
          {
            "id": "text",
            "prob": 3,
            "value": {
              "text": [
                "末 页"
              ],
              "visText": [
                "末 页"
              ]
            }
          },
          {
            "id": "@title",
            "prob": 2,
            "value": {
              "text": [
                "末页"
              ]
            }
          },
          {
            "id": "@id/word",
            "prob": 3,
            "value": [
              "descendant::DIV[@id=\"pager\"]//A[@id=\"last\"]",
              "descendant::A[@id=\"last\"]"
            ]
          },
          {
            "id": "@class/word",
            "prob": 1,
            "ordinal": [
              0,
              2
            ],
            "value": "DIV.pageright DIV.paging A.last.pointer"
          },
          {
            "id": "path/ordinal",
            "prob": 1,
            "value": "/HTML[1]/BODY[1]/DIV[4]/DIV[2]/DIV[1]/A[4]"
          },
          {
            "id": "elderLevel",
            "value": {
              "level": 0
            }
          },
          {
            "id": "shield",
            "value": {
              "zIndex": "auto",
              "width": 46,
              "height": 19
            }
          }
        ]
      },
      "intendedRole": "button",
      "roles": "element,button,link",
      "monitored": false,
      "frameXPath": "//iframe[@name='childDialog']<<IFRAME>>"
    },
    "control11": {
      "location": {
        "data": {
          "tagName": "DIV"
        },
        "locators": [
          {
            "id": "button/text",
            "prob": 3,
            "ordinal": [
              1,
              2
            ],
            "value": {
              "text": [
                "确认内容01r确定要删除所有的过滤条件?"
              ],
              "visText": [
                "确认内容确定要删除所有的过滤条件?"
              ]
            }
          },
          {
            "id": "text",
            "prob": 3,
            "value": {
              "text": [
                "确认内容01r确定要删除所有的过滤条件?"
              ],
              "visText": [
                "确认内容 确定要删除所有的过滤条件?"
              ]
            }
          },
          {
            "id": "@id/partialWord",
            "prob": 3,
            "value": {
              "elemId": "ym-window",
              "tagName": "DIV",
              "prefix": "",
              "suffix": "",
              "ratio": 0
            }
          },
          {
            "id": "path/ordinal",
            "prob": 1,
            "value": "/HTML[1]/BODY[1]/DIV[6]/DIV[2]"
          },
          {
            "id": "shield",
            "value": {
              "zIndex": "10001",
              "width": 302,
              "height": 186
            }
          }
        ]
      },
      "intendedRole": "dialog",
      "roles": "element,dialog",
      "monitored": false,
      "frameXPath": "//iframe[@name='childDialog']<<IFRAME>>"
    },
    "control12": {
      "location": {
        "data": {
          "tagName": "DIV"
        },
        "locators": [
          {
            "id": "button/text",
            "prob": 3,
            "ordinal": [
              1,
              2
            ],
            "value": {
              "text": [
                "确认内容01r确定要删除所有的过滤条件?"
              ],
              "visText": [
                "确认内容确定要删除所有的过滤条件?"
              ]
            }
          },
          {
            "id": "text",
            "prob": 3,
            "value": {
              "text": [
                "确认内容01r确定要删除所有的过滤条件?"
              ],
              "visText": [
                "确认内容 确定要删除所有的过滤条件?"
              ]
            }
          },
          {
            "id": "@id/partialWord",
            "prob": 3,
            "value": {
              "elemId": "ym-window",
              "tagName": "DIV",
              "prefix": "",
              "suffix": "",
              "ratio": 0
            }
          },
          {
            "id": "path/ordinal",
            "prob": 1,
            "value": "/HTML[1]/BODY[1]/DIV[6]/DIV[2]"
          },
          {
            "id": "shield",
            "value": {
              "zIndex": "10001",
              "width": 302,
              "height": 186
            }
          }
        ]
      },
      "events": {
        "onGetData": "getData_control12"
      },
      "intendedRole": "custom",
      "roles": "element,custom",
      "monitored": true,
      "frameXPath": "//iframe[@name='childDialog']<<IFRAME>>"
    },
    "control13": {
      "location": {
        "data": {
          "tagName": "DIV"
        },
        "locators": [
          {
            "id": "button/text",
            "prob": 3,
            "value": {
              "text": [
                "请选择一个学生"
              ],
              "visText": [
                "请选择一个学生"
              ]
            }
          },
          {
            "id": "text",
            "prob": 3,
            "value": {
              "text": [
                "请选择一个学生"
              ],
              "visText": [
                "请选择一个学生"
              ]
            }
          },
          {
            "id": "@class/word",
            "prob": 1,
            "ordinal": [
              0,
              5
            ],
            "value": "TABLE.ui_dialog DIV.ui_title_bar DIV.ui_title"
          },
          {
            "id": "path/ordinal",
            "prob": 1,
            "ordinal": [
              0,
              3
            ],
            "value": "/HTML[1]/BODY[1]/DIV[1]/TABLE[1]/TBODY[1]/TR[2]/TD[2]/DIV[1]/TABLE[1]/TBODY[1]/TR[1]/TD[1]/DIV[1]/DIV[1]"
          },
          {
            "id": "elderLevel",
            "value": {
              "level": 0
            }
          },
          {
            "id": "shield",
            "value": {
              "zIndex": "auto",
              "width": 680,
              "height": 22
            }
          }
        ]
      },
      "roles": "element",
      "text": "请选择一个学生"
    }
  },
  "contexts": {
    "context3": {
      "controls": [
        "control0",
        "control1",
        "control2",
        "control3",
        "control4",
        "control5",
        "control6",
        "control7",
        "control8",
        "control9",
        "control10",
        "control11",
        "control12"
      ],
      "anchors": [
        "control13"
      ]
    }
  },
  "flows": {
    "flow0": {
      "toContexts": [
        {
          "toContextId": "context3"
        }
      ]
    },
    "flow1": {
      "fromContextId": "context3",
      "fromAction": "click",
      "fromControlId": "control7",
      "toContexts": [
        {
          "toContextId": "context3"
        }
      ]
    },
    "flow2": {
      "fromContextId": "context3",
      "fromAction": "click",
      "fromControlId": "control9",
      "toContexts": [
        {
          "toContextId": "context3"
        }
      ]
    },
    "flow3": {
      "fromContextId": "context3",
      "fromAction": "click",
      "fromControlId": "control10",
      "toContexts": [
        {
          "toContextId": "context3"
        }
      ]
    },
    "flow4": {
      "fromContextId": "context3",
      "fromAction": "click",
      "fromControlId": "control8",
      "toContexts": [
        {
          "toContextId": "context3"
        }
      ]
    },
    "flow5": {
      "fromContextId": "context3",
      "fromAction": "click",
      "fromControlId": "control3",
      "toContexts": [
        {
          "toContextId": "context3"
        }
      ]
    },
    "flow6": {
      "fromContextId": "context3",
      "fromAction": "click",
      "fromControlId": "control4",
      "toContexts": [
        {
          "toContextId": "context3"
        }
      ]
    },
    "flow7": {
      "fromContextId": "context3",
      "fromAction": "click",
      "fromControlId": "control11",
      "toContexts": [
        {
          "toContextId": "context3"
        }
      ]
    },
    "flow8": {
      "fromContextId": "context3",
      "fromAction": "click",
      "fromControlId": "control0",
      "toContexts": [
        {
          "toContextId": "context3"
        },
        {
          "toContextId": "context2"
        },
        {
          "toContextId": "context2",
          "toModelId": "w_punishmentReport_addStu"
        }
      ]
    },
    "flow9": {
      "fromContextId": "context3",
      "fromAction": "click",
      "fromControlId": "control5",
      "toContexts": [
        {
          "toContextId": "context3"
        },
        {
          "toContextId": "context2"
        },
        {
          "toContextId": "context2",
          "toModelId": "w_punishmentReport_addStu"
        }
      ]
    },
    "flow10": {
      "fromContextId": "context3",
      "fromAction": "click",
      "fromControlId": "control2",
      "toContexts": [
        {
          "toContextId": "context3"
        }
      ]
    },
    "flow11": {
      "fromContextId": "context3",
      "fromAction": "click",
      "fromControlId": "control0",
      "toContexts": [
        {
          "toContextId": "context2",
          "toModelId": "w_awardResults_addStu"
        }
      ]
    },
    "flow12": {
      "fromContextId": "context3",
      "fromAction": "click",
      "fromControlId": "control5",
      "toContexts": [
        {
          "toContextId": "context2",
          "toModelId": "w_awardResults_addStu"
        }
      ]
    }
  },
  "pages": {
    "page3": {
      "contextId": "context3",
      "layout": [
        {
          "id": "uiControl57",
          "display": {
            "class": "xg_header",
            "title": "请选择一个学生",
            "type": "header",
            "adapterId": "header",
            "adapter": {
              "templateType": ""
            }
          },
          "layout": []
        },
        {
          "id": "uiControl0",
          "controlId": "control0",
          "display": {
            "adapterId": "custom",
            "type": "custom",
            "adapter": {
              "templateType": "react",
              "events": {
                "onDoAction": "doAction_uiControl0",
                "onGetTemplate": "getTemplate_uiControl0"
              }
            }
          }
        },
        {
          "id": "uiControl1",
          "display": {
            "type": "card",
            "adapterId": "card",
            "class": "xg_body",
            "adapter": {
              "templateType": ""
            }
          },
          "layout": [
            {
              "id": "uiControl1body",
              "display": {
                "type": "cardBody",
                "adapterId": "cardBody",
                "adapter": {
                  "templateType": ""
                }
              },
              "layout": [
                {
                  "id": "uiControl2",
                  "display": {
                    "type": "card",
                    "adapterId": "card",
                    "class": "search-select",
                    "adapter": {
                      "templateType": ""
                    }
                  },
                  "layout": [
                    {
                      "id": "uiControl2body",
                      "display": {
                        "type": "cardBody",
                        "adapterId": "cardBody",
                        "adapter": {
                          "templateType": ""
                        }
                      },
                      "layout": [
                        {
                          "id": "uiControl3",
                          "controlId": "control1",
                          "display": {
                            "adapterId": "custom",
                            "type": "custom",
                            "adapter": {
                              "templateType": "react",
                              "events": {
                                "onDoAction": "doAction_uiControl3",
                                "onGetTemplate": "getTemplate_uiControl3"
                              }
                            }
                          }
                        },
                        {
                          "id": "uiControl4",
                          "controlId": "control2",
                          "display": {
                            "adapterId": "textbox",
                            "type": "textbox",
                            "adapter": {
                              "templateType": ""
                            }
                          }
                        },
                        {
                          "id": "uiControl5",
                          "controlId": "control3",
                          "display": {
                            "adapterId": "clickable",
                            "type": "button",
                            "adapter": {
                              "templateType": ""
                            }
                          }
                        },
                        {
                          "id": "uiControl6",
                          "controlId": "control4",
                          "display": {
                            "adapterId": "clickable",
                            "type": "button",
                            "adapter": {
                              "templateType": ""
                            }
                          }
                        }
                      ]
                    }
                  ]
                },
                {
                  "id": "uiControl7",
                  "controlId": "control5",
                  "display": {
                    "adapterId": "custom",
                    "type": "custom",
                    "adapter": {
                      "templateType": "react",
                      "events": {
                        "onDoAction": "doAction_uiControl7",
                        "onGetTemplate": "getTemplate_uiControl7"
                      }
                    }
                  }
                },
                {
                  "id": "uiControl8",
                  "controlId": "control6",
                  "display": {
                    "adapterId": "custom",
                    "type": "custom",
                    "adapter": {
                      "templateType": "react",
                      "events": {
                        "onDoAction": "doAction_uiControl8",
                        "onGetTemplate": "getTemplate_uiControl8"
                      }
                    }
                  }
                },
                {
                  "id": "uiControl9",
                  "display": {
                    "type": "card",
                    "adapterId": "card",
                    "class": "xg_four_btn",
                    "adapter": {
                      "templateType": ""
                    }
                  },
                  "layout": [
                    {
                      "id": "uiControl9body",
                      "display": {
                        "type": "cardBody",
                        "adapterId": "cardBody",
                        "adapter": {
                          "templateType": ""
                        }
                      },
                      "layout": [
                        {
                          "id": "uiControl10",
                          "controlId": "control7",
                          "display": {
                            "adapterId": "clickable",
                            "type": "button",
                            "adapter": {
                              "templateType": ""
                            }
                          }
                        },
                        {
                          "id": "uiControl11",
                          "controlId": "control8",
                          "display": {
                            "adapterId": "clickable",
                            "type": "button",
                            "adapter": {
                              "templateType": ""
                            }
                          }
                        },
                        {
                          "id": "uiControl12",
                          "controlId": "control9",
                          "display": {
                            "adapterId": "clickable",
                            "type": "button",
                            "adapter": {
                              "templateType": ""
                            }
                          }
                        },
                        {
                          "id": "uiControl13",
                          "controlId": "control10",
                          "display": {
                            "adapterId": "clickable",
                            "type": "button",
                            "adapter": {
                              "templateType": ""
                            }
                          }
                        }
                      ]
                    }
                  ]
                }
              ]
            }
          ]
        },
        {
          "id": "uiControl14",
          "controlId": "control11",
          "display": {
            "presentation": "confirm",
            "adapterId": "dialog",
            "type": "dialog",
            "class": "xg_alert",
            "adapter": {
              "templateType": ""
            }
          },
          "layout": [
            {
              "id": "uiControl14body",
              "display": {
                "type": "dialogBody",
                "adapterId": "dialogBody",
                "adapter": {
                  "templateType": ""
                }
              },
              "layout": [
                {
                  "id": "uiControl15",
                  "controlId": "control12",
                  "display": {
                    "adapterId": "custom",
                    "type": "custom",
                    "adapter": {
                      "templateType": "react",
                      "events": {
                        "onDoAction": "doAction_uiControl15",
                        "onGetTemplate": "getTemplate_uiControl15"
                      }
                    }
                  }
                }
              ]
            },
            {
              "id": "uiControl14footer",
              "display": {
                "type": "dialogFooter",
                "adapterId": "dialogFooter",
                "adapter": {
                  "templateType": ""
                }
              },
              "layout": []
            }
          ]
        }
      ]
    }
  },
  "matchers": {
    "page/title": {
      "contexts": {
        "context3": [
          "",
          "学生工作管理信息系统"
        ]
      }
    },
    "page/urls": {
      "contexts": {
        "context3": [
          "42.247.16.108/xgxt/wjcf_cfsbgl.do?method=cxCfsbList",
          "42.247.16.108/xgxt/pj_jxsq.do",
          "42.247.16.108/xgxt/pj_pjjg.do"
        ]
      }
    },
    "page/ids": {
      "contexts": {
        "context3": [
          [],
          [
            "-_xn_yxtj_dd",
            "_xq_yxtj_dd",
            "a_id_",
            "a_id_-",
            "a_id_more",
            "all",
            "arrange",
            "back",
            "bjV",
            "bj_hidv_qt_bj_-",
            "bj_mc_xs_B",
            "bj_num",
            "bj_py_num",
            "bj_py_xs_",
            "bj_ul",
            "btn_cs",
            "btn_setXsxx",
            "dataTable",
            "doType",
            "editPageSize",
            "fashion",
            "first",
            "gjcx_div",
            "gyglyQx",
            "input_mhcx",
            "input_mhcx_msg",
            "isBzr",
            "isFdy",
            "lable_confirm_cx",
            "lable_confirm_sc",
            "lable_confirm_tj",
            "lable_dqwkfsq",
            "lable_jcszwcsh",
            "lable_one_cx",
            "lable_one_lcgz",
            "lable_one_tj",
            "lable_one_xg",
            "lable_shz_cx",
            "lable_some_sc",
            "lable_some_tj",
            "lable_wjt_sc",
            "lable_wjt_yth_sc",
            "lable_wjt_yth_tj",
            "lable_wjt_yth_xg",
            "lable_wxglcxx",
            "last",
            "ldg_lockmask",
            "maskLevel",
            "message",
            "mhcx_lx",
            "mhcx_lxHid",
            "mhcx_xh",
            "mhcx_xm",
            "mklx",
            "next",
            "njV",
            "nj_ul",
            "numList",
            "options",
            "pageCount",
            "pageNum",
            "pager",
            "path",
            "pk",
            "pkValue",
            "plcx_xh",
            "plcx_xm",
            "realTable",
            "rowConut",
            "ryfw",
            "searchPath",
            "searchTjDiv",
            "searchType",
            "search_go",
            "tableName",
            "text",
            "tj_cflb_AEECE",
            "tj_cfyy_",
            "tj_nj_",
            "tj_shjg_不通过",
            "tj_shjg_审核中",
            "tj_shjg_未审核",
            "tj_shjg_退回",
            "tj_shjg_通过",
            "tj_xn_-",
            "tj_xq_",
            "ts_msg",
            "tsxx_span",
            "userDep",
            "userName",
            "userStatus",
            "userType",
            "xhV",
            "xmV",
            "xxdm",
            "xyV",
            "xy_hidv_yc_",
            "xy_mc_xs_",
            "xy_mc_yc_",
            "xy_more",
            "xy_num",
            "xy_py_num",
            "xy_py_xs_",
            "xy_ul",
            "xzxsKey",
            "yhlx",
            "ym-bl",
            "ym-btnl",
            "ym-ml",
            "ym-tl",
            "ym-window",
            "yxtj_div",
            "yxtj_dl",
            "yxzxss",
            "zyV",
            "zy_hidv_qt_zy_-",
            "zy_mc_xs_B",
            "zy_num",
            "zy_py_num",
            "zy_py_xs_",
            "zy_ul"
          ]
        ]
      }
    },
    "page/classes": {
      "contexts": {
        "context3": [
          [
            "_b",
            "_t",
            "e",
            "ible ui_",
            "tate_focu",
            "tate_full",
            "tate_lock ui_",
            "tate_vi",
            "ui_b",
            "ui_border ui_",
            "ui_button",
            "ui_c",
            "ui_clo",
            "ui_content ui_",
            "ui_dialog",
            "ui_icon",
            "ui_inner",
            "ui_l",
            "ui_lb",
            "ui_loading",
            "ui_lt",
            "ui_main",
            "ui_max",
            "ui_max_b",
            "ui_min",
            "ui_min_b",
            "ui_r",
            "ui_rb",
            "ui_re",
            "ui_rt",
            "ui_t",
            "ui_title",
            "ui_title_bar",
            "ui_title_button"
          ],
          [
            "_b",
            "_t",
            "e",
            "ible ui_",
            "tate_full",
            "tate_lock",
            "tate_vi",
            "ui_b",
            "ui_border ui_",
            "ui_button",
            "ui_c",
            "ui_clo",
            "ui_content ui_",
            "ui_dialog",
            "ui_icon",
            "ui_inner",
            "ui_l",
            "ui_lb",
            "ui_loading",
            "ui_lt",
            "ui_main",
            "ui_max",
            "ui_max_b",
            "ui_min",
            "ui_min_b",
            "ui_r",
            "ui_rb",
            "ui_re",
            "ui_rt",
            "ui_t",
            "ui_title",
            "ui_title_bar",
            "ui_title_button"
          ],
          [
            " ui_",
            "Sort_up",
            "_b",
            "_t",
            "_type hover",
            "adv_filter",
            "btn_",
            "btn_c",
            "btn_cx",
            "btn_cz",
            "btn_dc",
            "btn_xg",
            "btn_zj",
            "buttonbox",
            "c",
            "clo",
            "dateline",
            "datetitle_",
            "down",
            "e",
            "e-icon",
            "earch_advanced",
            "elected-attr",
            "electedValue",
            "fir",
            "formbox",
            "hide",
            "huc",
            "ible ui_",
            "la",
            "location",
            "more--item_bottom",
            "moreValue_click",
            "more_down",
            "name",
            "next pointer",
            "nowrap",
            "option",
            "pageleft",
            "pagenum",
            "pageright",
            "pagination",
            "paging",
            "prev pointer",
            "prompcon",
            "prop-item",
            "r",
            "red",
            "t pointer",
            "tab_cur",
            "tate_focu",
            "tate_full",
            "tate_lock",
            "tate_tip",
            "tate_vi",
            "toolbox",
            "ui_b",
            "ui_border ui_",
            "ui_button",
            "ui_c",
            "ui_clo",
            "ui_content",
            "ui_content ui_",
            "ui_dialog",
            "ui_icon",
            "ui_icon_bg",
            "ui_inner",
            "ui_l",
            "ui_lb",
            "ui_loading",
            "ui_lt",
            "ui_main",
            "ui_max",
            "ui_max_b",
            "ui_min",
            "ui_min_b",
            "ui_r",
            "ui_rb",
            "ui_re",
            "ui_rt",
            "ui_t",
            "ui_title",
            "ui_title_bar",
            "ui_title_button",
            "ym-bc",
            "ym-bl",
            "ym-body",
            "ym-br",
            "ym-btn",
            "ym-header-text",
            "ym-header-tool",
            "ym-mc",
            "ym-ml",
            "ym-mr",
            "ym-tc",
            "ym-tl",
            "ym-tr",
            "ymPrompt_clo",
            "ymPrompt_max",
            "ymPrompt_min"
          ],
          [
            " ui_",
            "_b",
            "_t",
            "e",
            "ible ui_",
            "tate_focu",
            "tate_full",
            "tate_lock",
            "tate_vi",
            "ui_b",
            "ui_border ui_",
            "ui_button",
            "ui_c",
            "ui_clo",
            "ui_content ui_",
            "ui_dialog",
            "ui_icon",
            "ui_inner",
            "ui_l",
            "ui_lb",
            "ui_loading",
            "ui_lt",
            "ui_main",
            "ui_max",
            "ui_max_b",
            "ui_min",
            "ui_min_b",
            "ui_r",
            "ui_rb",
            "ui_re",
            "ui_rt",
            "ui_t",
            "ui_title",
            "ui_title_bar",
            "ui_title_button"
          ],
          [
            "Sort_up",
            "btn_",
            "nowrap"
          ],
          [
            "ui_buttons",
            "ui_close",
            "ui_content",
            "ui_dialog",
            "ui_icon",
            "ui_loading",
            "ui_main",
            "ui_max",
            "ui_max_b",
            "ui_min",
            "ui_min_b",
            "ui_res",
            "ui_res_b",
            "ui_res_t",
            "ui_state_full",
            "ui_title",
            "ui_title_bar",
            "ui_title_buttons"
          ]
        ]
      }
    },
    "page/tagTriplets": {
      "contexts": {
        "context3": [
          [
            "-/-/TABLE",
            "-/TABLE/TBODY",
            "DIV/A/B",
            "DIV/DIV/A",
            "DIV/DIV/SPAN",
            "DIV/TABLE/TBODY",
            "TABLE/TBODY/TR",
            "TBODY/TR/TD",
            "TD/DIV/DIV",
            "TD/DIV/IFRAME",
            "TD/DIV/TABLE",
            "TR/TD/DIV"
          ],
          [
            "-/-/DIV",
            "-/-/FORM",
            "-/DIV/DIV",
            "-/DIV/H3",
            "-/DIV/P",
            "-/DIV/TABLE",
            "-/FORM/BUTTON",
            "-/FORM/DIV",
            "-/FORM/INPUT-hidden",
            "DD/A/H5",
            "DD/A/SPAN",
            "DD/UL/INPUT-hidden",
            "DD/UL/LI",
            "DIV/A/B",
            "DIV/DIV/A",
            "DIV/DIV/DIV",
            "DIV/DIV/DL",
            "DIV/DIV/H3",
            "DIV/DIV/INPUT-hidden",
            "DIV/DIV/P",
            "DIV/DIV/SCRIPT",
            "DIV/DIV/SPAN",
            "DIV/DIV/STRONG",
            "DIV/DIV/TABLE",
            "DIV/DIV/UL",
            "DIV/DL/DD",
            "DIV/DL/DT",
            "DIV/H3/SPAN",
            "DIV/P/A",
            "DIV/P/EM",
            "DIV/P/INPUT-text",
            "DIV/P/SELECT",
            "DIV/P/SPAN",
            "DIV/TABLE/TBODY",
            "DIV/TABLE/THEAD",
            "DIV/UL/LI",
            "DL/DD/A",
            "DL/DD/DIV",
            "DL/DD/UL",
            "DL/DT/B",
            "DL/DT/INPUT-hidden",
            "DL/DT/INPUT-text",
            "FORM/DIV/DIV",
            "FORM/DIV/SCRIPT",
            "LI/H5/IMG",
            "P/SELECT/OPTION",
            "TABLE/TBODY/TR",
            "TABLE/THEAD/TR",
            "TBODY/TR/TD",
            "TD/DIV/DIV",
            "TD/DIV/DL",
            "TD/DIV/IFRAME",
            "TD/DIV/TABLE",
            "THEAD/TR/TD",
            "THEAD/TR/TH",
            "TR/TD/A",
            "TR/TD/BR",
            "TR/TD/BUTTON",
            "TR/TD/DIV",
            "TR/TD/IMG",
            "TR/TD/INPUT-checkbox",
            "TR/TD/INPUT-hidden",
            "TR/TD/INPUT-text",
            "TR/TD/SPAN",
            "TR/TH/A",
            "UL/LI/A",
            "UL/LI/H5",
            "UL/LI/INPUT-hidden"
          ],
          [
            "-/-/TBODY",
            "-/-/THEAD",
            "-/TBODY/TR",
            "-/THEAD/TR",
            "TBODY/TR/TD",
            "THEAD/TR/TH",
            "TR/TD/LABEL",
            "TR/TH/A"
          ],
          [
            "-/-/TABLE",
            "-/TABLE/TBODY",
            "DIV/A/B",
            "DIV/DIV/A",
            "DIV/DIV/SPAN",
            "TABLE/TBODY/TR",
            "TBODY/TR/TD",
            "TD/DIV/DIV",
            "TD/DIV/IFRAME",
            "TR/TD/DIV"
          ]
        ]
      }
    }
  }
}