{
  "version": "0.1",
  "id": "trainplan_info",
  "targetURL": "http://117.35.118.209/kcxx.aspx?xh=150159&kcdm=070006201631B1x",
  "jsFile": "../../lib/base.js,../../lib/customTemplate.js,index.js",
  "cssFile": "../../lib/base.css,index.css",
  "requires": {
    "login": "../login/index.json"
  },
  "chineseName": "培养计划--查看介绍",
  "controls": {
    "control2": {
      "location": {
        "data": {
          "tagName": "TD"
        },
        "userData": {
          "data": [],
          "force": false
        },
        "locators": [
          {
            "id": "button/text",
            "prob": 3,
            "value": {
              "text": [
                "课程中文名称"
              ],
              "visText": [
                "课程中文名称"
              ]
            }
          },
          {
            "id": "text",
            "prob": 3,
            "value": {
              "text": [
                "课程中文名称"
              ],
              "visText": [
                "课程中文名称"
              ]
            }
          },
          {
            "id": "@id/partialWord",
            "prob": 1,
            "disabled": true,
            "value": {
              "elemId": "Table1",
              "tagName": "TABLE",
              "prefix": "",
              "suffix": "/TBODY[1]/TR[2]/TD[1]",
              "ratio": 0.754
            }
          },
          {
            "id": "@class/word",
            "prob": 1,
            "ordinal": [
              2,
              37
            ],
            "value": "DIV.mid_box SPAN.formbox TABLE.formlist TBODY TR TD"
          },
          {
            "id": "path/ordinal",
            "prob": 1,
            "value": "/HTML[1]/BODY[1]/FORM[1]/DIV[1]/DIV[1]/SPAN[1]/TABLE[1]/TBODY[1]/TR[2]/TD[1]"
          },
          {
            "id": "style/color",
            "value": [
              95,
              116,
              133
            ]
          },
          {
            "id": "shield",
            "value": {
              "zIndex": "auto",
              "width": 372,
              "height": 28
            }
          }
        ]
      },
      "roles": "element",
      "content": true,
      "monitored": false
    },
    "control3": {
      "location": {
        "data": {
          "tagName": "TD"
        },
        "userData": {
          "data": [],
          "force": false
        },
        "locators": [
          {
            "id": "button/text",
            "prob": 3,
            "value": {
              "text": [
                "军训（含军事理论）"
              ],
              "visText": [
                "军训（含军事理论）"
              ]
            }
          },
          {
            "id": "text",
            "prob": 3,
            "value": {
              "text": [
                "军训（含军事理论）"
              ],
              "visText": [
                "军训（含军事理论）"
              ]
            }
          },
          {
            "id": "@id/partialWord",
            "prob": 1,
            "disabled": true,
            "value": {
              "elemId": "Table1",
              "tagName": "TABLE",
              "prefix": "",
              "suffix": "/TBODY[1]/TR[2]/TD[2]",
              "ratio": 0.754
            }
          },
          {
            "id": "@class/word",
            "prob": 1,
            "ordinal": [
              3,
              37
            ],
            "value": "DIV.mid_box SPAN.formbox TABLE.formlist TBODY TR TD"
          },
          {
            "id": "path/ordinal",
            "prob": 1,
            "value": "/HTML[1]/BODY[1]/FORM[1]/DIV[1]/DIV[1]/SPAN[1]/TABLE[1]/TBODY[1]/TR[2]/TD[2]"
          },
          {
            "id": "style/color",
            "value": [
              95,
              116,
              133
            ]
          },
          {
            "id": "shield",
            "value": {
              "zIndex": "auto",
              "width": 690,
              "height": 28
            }
          }
        ]
      },
      "roles": "element",
      "content": true,
      "monitored": false
    },
    "control30": {
      "location": {
        "data": {
          "tagName": "TD"
        },
        "userData": {
          "data": [],
          "force": false
        },
        "locators": [
          {
            "id": "button/text",
            "prob": 3,
            "value": {
              "text": [
                "课程简介"
              ],
              "visText": [
                "课程简介"
              ]
            }
          },
          {
            "id": "text",
            "prob": 3,
            "value": {
              "text": [
                "课程简介"
              ],
              "visText": [
                "课程简介"
              ]
            }
          },
          {
            "id": "@id/partialWord",
            "prob": 1,
            "disabled": true,
            "value": {
              "elemId": "Table1",
              "tagName": "TABLE",
              "prefix": "",
              "suffix": "/TBODY[1]/TR[14]/TD[1]",
              "ratio": 0.754
            }
          },
          {
            "id": "@class/word",
            "prob": 1,
            "ordinal": [
              12,
              17
            ],
            "value": "SPAN.formbox TABLE.formlist TR.trbg1 TD"
          },
          {
            "id": "path/ordinal",
            "prob": 1,
            "value": "/HTML[1]/BODY[1]/FORM[1]/DIV[1]/DIV[1]/SPAN[1]/TABLE[1]/TBODY[1]/TR[14]/TD[1]"
          },
          {
            "id": "style/color",
            "value": [
              95,
              116,
              133
            ]
          },
          {
            "id": "shield",
            "value": {
              "zIndex": "auto",
              "width": 372,
              "height": 143
            }
          }
        ]
      },
      "roles": "element",
      "content": true,
      "monitored": false
    },
    "control31": {
      "location": {
        "data": {
          "tagName": "TEXTAREA"
        },
        "userData": {
          "data": [],
          "force": false
        },
        "locators": [
          {
            "id": "elem/@name",
            "prob": 2,
            "value": "descendant::TEXTAREA[@name=\"kcjj\"]"
          },
          {
            "id": "@id/word",
            "prob": 3,
            "value": "descendant::TEXTAREA[@id=\"kcjj\"]"
          },
          {
            "id": "@class/word",
            "prob": 1,
            "ordinal": [
              0,
              2
            ],
            "value": "TABLE.formlist TR.trbg1 TEXTAREA.mutiTxt2"
          },
          {
            "id": "path/ordinal",
            "prob": 1,
            "value": "/HTML[1]/BODY[1]/FORM[1]/DIV[1]/DIV[1]/SPAN[1]/TABLE[1]/TBODY[1]/TR[14]/TD[2]/TEXTAREA[1]"
          },
          {
            "id": "input/type",
            "verifyEnabled": true,
            "value": "textarea"
          },
          {
            "id": "elderLevel",
            "value": {
              "level": 0
            }
          },
          {
            "id": "shield",
            "value": {
              "zIndex": "auto",
              "width": 675,
              "height": 130
            }
          }
        ]
      },
      "intendedRole": "textbox",
      "roles": "element,textbox",
      "monitored": true
    },
    "control32": {
      "location": {
        "data": {
          "tagName": "TD"
        },
        "userData": {
          "data": [],
          "force": false
        },
        "locators": [
          {
            "id": "button/text",
            "prob": 3,
            "value": {
              "text": [
                "教材用书"
              ],
              "visText": [
                "教材用书"
              ]
            }
          },
          {
            "id": "text",
            "prob": 3,
            "value": {
              "text": [
                "教材用书"
              ],
              "visText": [
                "教材用书"
              ]
            }
          },
          {
            "id": "@id/partialWord",
            "prob": 1,
            "disabled": true,
            "value": {
              "elemId": "Table1",
              "tagName": "TABLE",
              "prefix": "",
              "suffix": "/TBODY[1]/TR[15]/TD[1]",
              "ratio": 0.754
            }
          },
          {
            "id": "@class/word",
            "prob": 1,
            "ordinal": [
              28,
              37
            ],
            "value": "DIV.mid_box SPAN.formbox TABLE.formlist TBODY TR TD"
          },
          {
            "id": "path/ordinal",
            "prob": 1,
            "value": "/HTML[1]/BODY[1]/FORM[1]/DIV[1]/DIV[1]/SPAN[1]/TABLE[1]/TBODY[1]/TR[15]/TD[1]"
          },
          {
            "id": "style/color",
            "value": [
              95,
              116,
              133
            ]
          },
          {
            "id": "shield",
            "value": {
              "zIndex": "auto",
              "width": 372,
              "height": 143
            }
          }
        ]
      },
      "roles": "element",
      "content": true,
      "monitored": false
    },
    "control33": {
      "location": {
        "data": {
          "tagName": "TEXTAREA"
        },
        "userData": {
          "data": [],
          "force": false
        },
        "locators": [
          {
            "id": "elem/@name",
            "prob": 1,
            "value": "descendant::TEXTAREA[@name=\"Textbox1\"]"
          },
          {
            "id": "@class/word",
            "prob": 1,
            "ordinal": [
              1,
              4
            ],
            "value": "SPAN.formbox TABLE.formlist TEXTAREA.mutiTxt2"
          },
          {
            "id": "path/ordinal",
            "prob": 1,
            "value": "/HTML[1]/BODY[1]/FORM[1]/DIV[1]/DIV[1]/SPAN[1]/TABLE[1]/TBODY[1]/TR[15]/TD[2]/TEXTAREA[1]"
          },
          {
            "id": "input/type",
            "verifyEnabled": true,
            "value": "textarea"
          },
          {
            "id": "elderLevel",
            "value": {
              "level": 0
            }
          },
          {
            "id": "shield",
            "value": {
              "zIndex": "auto",
              "width": 675,
              "height": 130
            }
          }
        ]
      },
      "intendedRole": "textbox",
      "roles": "element,textbox",
      "monitored": true
    },
    "control34": {
      "location": {
        "data": {
          "tagName": "TD"
        },
        "userData": {
          "data": [],
          "force": false
        },
        "locators": [
          {
            "id": "button/text",
            "prob": 3,
            "value": {
              "text": [
                "主要参考书"
              ],
              "visText": [
                "主要参考书"
              ]
            }
          },
          {
            "id": "text",
            "prob": 3,
            "value": {
              "text": [
                "主要参考书"
              ],
              "visText": [
                "主要参考书"
              ]
            }
          },
          {
            "id": "@id/partialWord",
            "prob": 1,
            "disabled": true,
            "value": {
              "elemId": "Table1",
              "tagName": "TABLE",
              "prefix": "",
              "suffix": "/TBODY[1]/TR[16]/TD[1]",
              "ratio": 0.754
            }
          },
          {
            "id": "@class/word",
            "prob": 1,
            "ordinal": [
              14,
              17
            ],
            "value": "SPAN.formbox TABLE.formlist TR.trbg1 TD"
          },
          {
            "id": "path/ordinal",
            "prob": 1,
            "value": "/HTML[1]/BODY[1]/FORM[1]/DIV[1]/DIV[1]/SPAN[1]/TABLE[1]/TBODY[1]/TR[16]/TD[1]"
          },
          {
            "id": "style/color",
            "value": [
              95,
              116,
              133
            ]
          },
          {
            "id": "shield",
            "value": {
              "zIndex": "auto",
              "width": 372,
              "height": 143
            }
          }
        ]
      },
      "roles": "element",
      "content": true,
      "monitored": false
    },
    "control35": {
      "location": {
        "data": {
          "tagName": "TEXTAREA"
        },
        "userData": {
          "data": [],
          "force": false
        },
        "locators": [
          {
            "id": "elem/@name",
            "prob": 1,
            "value": "descendant::TEXTAREA[@name=\"Textbox2\"]"
          },
          {
            "id": "@class/word",
            "prob": 1,
            "ordinal": [
              1,
              2
            ],
            "value": "TABLE.formlist TR.trbg1 TEXTAREA.mutiTxt2"
          },
          {
            "id": "path/ordinal",
            "prob": 1,
            "value": "/HTML[1]/BODY[1]/FORM[1]/DIV[1]/DIV[1]/SPAN[1]/TABLE[1]/TBODY[1]/TR[16]/TD[2]/TEXTAREA[1]"
          },
          {
            "id": "input/type",
            "verifyEnabled": true,
            "value": "textarea"
          },
          {
            "id": "elderLevel",
            "value": {
              "level": 0
            }
          },
          {
            "id": "shield",
            "value": {
              "zIndex": "auto",
              "width": 675,
              "height": 130
            }
          }
        ]
      },
      "intendedRole": "textbox",
      "roles": "element,textbox",
      "monitored": true
    },
    "control36": {
      "location": {
        "data": {
          "tagName": "TD"
        },
        "userData": {
          "data": [],
          "force": false
        },
        "locators": [
          {
            "id": "button/text",
            "prob": 3,
            "value": {
              "text": [
                "教学大纲"
              ],
              "visText": [
                "教学大纲"
              ]
            }
          },
          {
            "id": "text",
            "prob": 3,
            "value": {
              "text": [
                "教学大纲"
              ],
              "visText": [
                "教学大纲"
              ]
            }
          },
          {
            "id": "@id/partialWord",
            "prob": 1,
            "disabled": true,
            "value": {
              "elemId": "Table1",
              "tagName": "TABLE",
              "prefix": "",
              "suffix": "/TBODY[1]/TR[17]/TD[1]",
              "ratio": 0.754
            }
          },
          {
            "id": "@class/word",
            "prob": 1,
            "ordinal": [
              32,
              37
            ],
            "value": "DIV.mid_box SPAN.formbox TABLE.formlist TBODY TR TD"
          },
          {
            "id": "path/ordinal",
            "prob": 1,
            "value": "/HTML[1]/BODY[1]/FORM[1]/DIV[1]/DIV[1]/SPAN[1]/TABLE[1]/TBODY[1]/TR[17]/TD[1]"
          },
          {
            "id": "style/color",
            "value": [
              95,
              116,
              133
            ]
          },
          {
            "id": "shield",
            "value": {
              "zIndex": "auto",
              "width": 372,
              "height": 167
            }
          }
        ]
      },
      "roles": "element",
      "content": true,
      "monitored": false
    },
    "control37": {
      "location": {
        "data": {
          "tagName": "TEXTAREA"
        },
        "userData": {
          "data": [],
          "force": false
        },
        "locators": [
          {
            "id": "elem/@name",
            "prob": 2,
            "value": "descendant::TEXTAREA[@name=\"jxdg\"]"
          },
          {
            "id": "@id/word",
            "prob": 3,
            "value": "descendant::TEXTAREA[@id=\"jxdg\"]"
          },
          {
            "id": "@class/word",
            "prob": 1,
            "ordinal": [
              3,
              4
            ],
            "value": "SPAN.formbox TABLE.formlist TEXTAREA.mutiTxt2"
          },
          {
            "id": "path/ordinal",
            "prob": 1,
            "value": "/HTML[1]/BODY[1]/FORM[1]/DIV[1]/DIV[1]/SPAN[1]/TABLE[1]/TBODY[1]/TR[17]/TD[2]/TEXTAREA[1]"
          },
          {
            "id": "input/type",
            "verifyEnabled": true,
            "value": "textarea"
          },
          {
            "id": "elderLevel",
            "value": {
              "level": 0
            }
          },
          {
            "id": "shield",
            "value": {
              "zIndex": "auto",
              "width": 675,
              "height": 130
            }
          }
        ]
      },
      "intendedRole": "textbox",
      "roles": "element,textbox",
      "monitored": true
    },
    "control38": {
      "location": {
        "data": {
          "tagName": "INPUT"
        },
        "userData": {
          "data": [],
          "force": false
        },
        "locators": [
          {
            "id": "input/@value",
            "prob": 1,
            "value": {
              "text": [
                " 关 闭 "
              ]
            }
          },
          {
            "id": "input/button/@value",
            "prob": 3,
            "value": {
              "text": [
                " 关 闭 "
              ]
            }
          },
          {
            "id": "elem/@name",
            "prob": 1,
            "value": "descendant::INPUT[@name=\"Button1\"]"
          },
          {
            "id": "@class/word",
            "prob": 1,
            "value": "TABLE.formlist TR.trbg1 INPUT.button"
          },
          {
            "id": "path/ordinal",
            "prob": 1,
            "value": "/HTML[1]/BODY[1]/FORM[1]/DIV[1]/DIV[1]/SPAN[1]/TABLE[1]/TBODY[1]/TR[19]/TD[1]/INPUT[1]"
          },
          {
            "id": "input/type",
            "verifyEnabled": true,
            "value": "submit"
          },
          {
            "id": "elderLevel",
            "value": {
              "level": 0
            }
          },
          {
            "id": "shield",
            "value": {
              "zIndex": "auto",
              "width": 58,
              "height": 20
            }
          }
        ]
      },
      "intendedRole": "button",
      "roles": "element,button",
      "monitored": false
    },
    "control39": {
      "location": {
        "data": {
          "tagName": "BODY"
        },
        "userData": {
          "data": [],
          "force": false
        },
        "locators": [
          {
            "id": "text",
            "prob": 3,
            "value": {
              "text": [
                "课程代码 360038 课程中文名称 现代汉语 课程英文名称 学分 周学时 总学时 56 课程类别 课程性质 开课学院 人文学院 先修课程 适用对象 课程归属 主要目的及作用 课程简介 教材用书 主要参考书 教学大纲"
              ],
              "visText": [
                "课程代码 360038 课程中文名称 现代汉语 课程英文名称 学分 周学时 总学时 56 课程类别 课程性质 开课学院 人文学院 先修课程 适用对象 课程归属 主要目的及作用 课程简介 教材用书 主要参考书 教学大纲"
              ]
            }
          },
          {
            "id": "path/ordinal",
            "prob": 1,
            "value": "/HTML[1]/BODY[1]"
          },
          {
            "id": "style/color",
            "value": [
              17,
              68,
              158
            ]
          },
          {
            "id": "shield",
            "value": {
              "zIndex": "auto",
              "width": 1085,
              "height": 1039
            }
          }
        ]
      },
      "events": {
        "onGetData": "getData_control39"
      },
      "intendedRole": "custom",
      "roles": "element,custom",
      "monitored": false
    },
    "control40": {
      "location": {
        "data": {
          "tagName": "TABLE"
        },
        "userData": {
          "data": [],
          "force": false
        },
        "locators": [
          {
            "id": "text",
            "prob": 3,
            "value": {
              "text": [
                "课程代码 070001 课程中文名称 毕业实习及总结 课程英文名称 学分 周学时 总学时 208 课程类别 课程性质 开课学院 教务管理中心 先修课程 适用对象 课程归属 主要目的及作用 课程简介 教材用书 主要参考书 教学大纲"
              ],
              "visText": [
                "课程代码 070001 课程中文名称 毕业实习及总结 课程英文名称 学分 周学时 总学时 208 课程类别 课程性质 开课学院 教务管理中心 先修课程 适用对象 课程归属 主要目的及作用 课程简介 教材用书 主要参考书 教学大纲"
              ]
            }
          },
          {
            "id": "@class/word",
            "prob": 1,
            "value": "DIV.mid_box SPAN.formbox TABLE.formlist"
          },
          {
            "id": "path/ordinal",
            "prob": 1,
            "value": "/HTML[1]/BODY[1]/FORM[1]/DIV[1]/DIV[1]/SPAN[1]/TABLE[1]"
          },
          {
            "id": "style/color",
            "value": [
              17,
              68,
              158
            ]
          },
          {
            "id": "shield",
            "value": {
              "zIndex": "auto",
              "width": 1063,
              "height": 1006
            }
          }
        ]
      },
      "events": {
        "onGetData": "getData_control40"
      },
      "intendedRole": "custom",
      "roles": "element,custom",
      "monitored": true
    }
  },
  "contexts": {
    "context1": {
      "controls": [
        "control2",
        "control3",
        "control30",
        "control31",
        "control32",
        "control33",
        "control34",
        "control35",
        "control36",
        "control37",
        "control38",
        "control39",
        "control40"
      ],
      "anchors": [],
      "urlAnchor": []
    }
  },
  "flows": {
    "flow0": {
      "toContexts": [
        {
          "toContextId": "context1"
        }
      ]
    }
  },
  "pages": {
    "page2": {
      "contextId": "context1",
      "layout": [
        {
          "id": "uiControl0",
          "display": {
            "class": "header",
            "title": "课程介绍",
            "type": "header",
            "adapterId": "header",
            "adapter": {
              "templateType": ""
            }
          },
          "layout": []
        },
        {
          "id": "uiControl1",
          "controlId": "control39",
          "display": {
            "adapterId": "custom",
            "type": "custom",
            "adapter": {
              "templateType": "react",
              "events": {
                "onDoAction": "doAction_uiControl1",
                "onGetTemplate": "getTemplate_uiControl1"
              }
            }
          }
        },
        {
          "id": "uiControl2",
          "controlId": "control40",
          "display": {
            "adapterId": "custom",
            "type": "custom",
            "adapter": {
              "templateType": "react",
              "events": {
                "onDoAction": "doAction_uiControl2",
                "onGetTemplate": "getTemplate_uiControl2"
              }
            }
          }
        },
        {
          "id": "uiControl50",
          "controlId": "control30",
          "display": {
            "adapterId": "content",
            "type": "content",
            "class": "left",
            "adapter": {
              "templateType": ""
            }
          }
        },
        {
          "id": "uiControl51",
          "controlId": "control31",
          "display": {
            "adapterId": "textbox",
            "type": "textbox",
            "adapter": {
              "templateType": ""
            }
          }
        },
        {
          "id": "uiControl52",
          "controlId": "control32",
          "display": {
            "adapterId": "content",
            "type": "content",
            "class": "left",
            "adapter": {
              "templateType": ""
            }
          }
        },
        {
          "id": "uiControl53",
          "controlId": "control33",
          "display": {
            "adapterId": "textbox",
            "type": "textbox",
            "adapter": {
              "templateType": ""
            }
          }
        },
        {
          "id": "uiControl54",
          "controlId": "control34",
          "display": {
            "adapterId": "content",
            "type": "content",
            "class": "left",
            "adapter": {
              "templateType": ""
            }
          }
        },
        {
          "id": "uiControl55",
          "controlId": "control35",
          "display": {
            "adapterId": "textbox",
            "type": "textbox",
            "adapter": {
              "templateType": ""
            }
          }
        },
        {
          "id": "uiControl56",
          "controlId": "control36",
          "display": {
            "adapterId": "content",
            "type": "content",
            "class": "left",
            "adapter": {
              "templateType": ""
            }
          }
        },
        {
          "id": "uiControl57",
          "controlId": "control37",
          "display": {
            "adapterId": "textbox",
            "type": "textbox",
            "adapter": {
              "templateType": ""
            }
          }
        },
        {
          "id": "uiControl58",
          "controlId": "control38",
          "display": {
            "adapterId": "clickable",
            "type": "button",
            "class": "yl_button",
            "adapter": {
              "templateType": ""
            }
          }
        }
      ]
    }
  },
  "matchers": {
    "page/title": {
      "contexts": {
        "context1": [
          "现代教学管理信息系统"
        ]
      }
    },
    "page/urls": {
      "contexts": {
        "context1": [
          "117.35.118.209/kcxx.aspx?xh=150159&kcdm=070006201631B1x",
          "117.35.118.209/kcxx.aspx?xh=150159&kcdm=450021201631B1x",
          "117.35.118.209/kcxx.aspx?xh=150528&kcdm=070006201636B1x",
          "117.35.118.209/kcxx.aspx?xh=150528&kcdm=360038201636B1x",
          "117.35.118.209/kcxx.aspx?xh=121111&kcdm=070001201231B4x",
          "117.35.118.209/kcxx.aspx?xh=121111&kcdm=310058201231B4x",
          "117.35.118.209/kcxx.aspx?xh=150528&kcdm=450076201636B1x"
        ]
      }
    },
    "page/ids": {
      "contexts": {
        "context1": [
          [
            "Button",
            "Form",
            "Label",
            "Table",
            "Textbox",
            "jxdg",
            "kcdm",
            "kcgs",
            "kcjj",
            "kclb",
            "kcxz",
            "kcywmc",
            "kczwmc",
            "kkxy",
            "mdzy",
            "xf",
            "xkdx",
            "yxyq",
            "zhxs",
            "zxs"
          ]
        ]
      }
    },
    "page/classes": {
      "contexts": {
        "context1": [
          [
            "button",
            "footbox",
            "footbox_con",
            "footbutton",
            "formbox",
            "formli",
            "main_box",
            "mid_box",
            "mutiTxt",
            "pagination",
            "t",
            "title",
            "trbg"
          ],
          [
            "button",
            "footbox",
            "footbox_con",
            "footbutton",
            "formbox",
            "formlist",
            "main_box",
            "mid_box",
            "mutiTxt",
            "pagination",
            "title",
            "trbg"
          ]
        ]
      }
    },
    "page/tagTriplets": {
      "contexts": {
        "context1": [
          [
            "-/-/FORM",
            "-/FORM/DIV",
            "-/FORM/INPUT-hidden",
            "DIV/DIV/DIV",
            "DIV/DIV/EM",
            "DIV/DIV/P",
            "DIV/DIV/SPAN",
            "DIV/EM/SPAN",
            "DIV/SPAN/TABLE",
            "FORM/DIV/DIV",
            "SPAN/TABLE/TBODY",
            "TABLE/TBODY/TR",
            "TBODY/TR/TD",
            "TR/TD/FONT",
            "TR/TD/INPUT-submit",
            "TR/TD/SPAN",
            "TR/TD/TEXTAREA"
          ],
          [
            "-/-/FORM",
            "-/-/SCRIPT",
            "-/FORM/DIV",
            "-/FORM/INPUT-hidden",
            "DIV/DIV/DIV",
            "DIV/DIV/EM",
            "DIV/DIV/P",
            "DIV/DIV/SPAN",
            "DIV/EM/SPAN",
            "DIV/SPAN/TABLE",
            "FORM/DIV/DIV",
            "SPAN/TABLE/TBODY",
            "TABLE/TBODY/TR",
            "TBODY/TR/TD",
            "TR/TD/FONT",
            "TR/TD/INPUT-submit",
            "TR/TD/SPAN",
            "TR/TD/TEXTAREA"
          ]
        ]
      }
    }
  }
}