{
  "version": "0.1",
  "id": "ksap",
  "targetURL": "http://117.35.118.209/js_jkjscxxx.aspx?zgh=150528&xm=%CD%F5%C0%F2&gnmkdm=N122306",
  "jsFile": "../../lib/base.js,../../lib/customTemplate.js,index.js",
  "cssFile": "../../lib/base.css,index.css",
  "requires": {
    "login": "../login/index.json",
    "t_index": "../t_index/index.json"
  },
  "chineseName": "考试安排",
  "controls": {
    "control0": {
      "location": {
        "data": {
          "tagName": "SELECT"
        },
        "locators": [
          {
            "id": "button/text",
            "prob": 3,
            "value": {
              "text": [
                "2015-2016"
              ],
              "visText": [
                ""
              ]
            }
          },
          {
            "id": "text",
            "prob": 3,
            "value": {
              "text": [
                "2015-2016"
              ],
              "visText": [
                ""
              ]
            }
          },
          {
            "id": "elem/@name",
            "prob": 1,
            "value": "descendant::SELECT[@name=\"xn\"]"
          },
          {
            "id": "@id/partialWord",
            "prob": 1,
            "disabled": true,
            "value": {
              "elemId": "Table1",
              "tagName": "TABLE",
              "prefix": "",
              "suffix": "/TBODY[1]/TR[1]/TD[1]/SELECT[1]",
              "ratio": 0.153
            }
          },
          {
            "id": "@id/nonWord",
            "prob": 1,
            "disabled": true,
            "fact": "xn",
            "value": "descendant::SELECT[@id=\"xn\"]"
          },
          {
            "id": "@class/word",
            "prob": 1,
            "ordinal": [
              0,
              3
            ],
            "value": "DIV.toolbox DIV.searchbox TABLE TBODY TR TD SELECT"
          },
          {
            "id": "path/ordinal",
            "prob": 1,
            "value": "/HTML[1]/BODY[1]/FORM[1]/DIV[1]/DIV[2]/TABLE[1]/TBODY[1]/TR[1]/TD[1]/SELECT[1]"
          },
          {
            "id": "input/type",
            "verifyEnabled": true,
            "value": "select-one"
          },
          {
            "id": "shield",
            "value": {
              "zIndex": "auto",
              "width": 93,
              "height": 19
            }
          }
        ]
      },
      "intendedRole": "listbox",
      "roles": "element,listbox",
      "monitored": true
    },
    "control1": {
      "location": {
        "data": {
          "tagName": "SELECT"
        },
        "locators": [
          {
            "id": "elem/@name",
            "prob": 1,
            "value": "descendant::SELECT[@name=\"xq\"]"
          },
          {
            "id": "@id/partialWord",
            "prob": 1,
            "disabled": true,
            "value": {
              "elemId": "Table1",
              "tagName": "TABLE",
              "prefix": "",
              "suffix": "/TBODY[1]/TR[1]/TD[2]/SELECT[1]",
              "ratio": 0.153
            }
          },
          {
            "id": "@id/nonWord",
            "prob": 1,
            "disabled": true,
            "fact": "xq",
            "value": "descendant::SELECT[@id=\"xq\"]"
          },
          {
            "id": "@class/word",
            "prob": 1,
            "ordinal": [
              1,
              3
            ],
            "value": "DIV.toolbox DIV.searchbox TABLE TBODY TR TD SELECT"
          },
          {
            "id": "path/ordinal",
            "prob": 1,
            "value": "/HTML[1]/BODY[1]/FORM[1]/DIV[1]/DIV[2]/TABLE[1]/TBODY[1]/TR[1]/TD[2]/SELECT[1]"
          },
          {
            "id": "input/type",
            "verifyEnabled": true,
            "value": "select-one"
          },
          {
            "id": "shield",
            "value": {
              "zIndex": "auto",
              "width": 32,
              "height": 19
            }
          }
        ]
      },
      "intendedRole": "listbox",
      "roles": "element,listbox",
      "monitored": true
    },
    "control2": {
      "location": {
        "data": {
          "tagName": "SELECT"
        },
        "locators": [
          {
            "id": "elem/@name",
            "prob": 2,
            "value": "descendant::SELECT[@name=\"ddl_sjdd\"]"
          },
          {
            "id": "@id/word",
            "prob": 3,
            "value": "descendant::SELECT[@id=\"ddl_sjdd\"]"
          },
          {
            "id": "@class/word",
            "prob": 1,
            "ordinal": [
              2,
              3
            ],
            "value": "DIV.toolbox DIV.searchbox TABLE TBODY TR TD SELECT"
          },
          {
            "id": "path/ordinal",
            "prob": 1,
            "value": "/HTML[1]/BODY[1]/FORM[1]/DIV[1]/DIV[2]/TABLE[1]/TBODY[1]/TR[1]/TD[3]/SELECT[1]"
          },
          {
            "id": "input/type",
            "verifyEnabled": true,
            "value": "select-one"
          },
          {
            "id": "shield",
            "value": {
              "zIndex": "auto",
              "width": 24,
              "height": 19
            }
          }
        ]
      },
      "intendedRole": "listbox",
      "roles": "element,listbox",
      "monitored": true
    },
    "control3": {
      "location": {
        "data": {
          "tagName": "TABLE"
        },
        "locators": [
          {
            "id": "text",
            "prob": 3,
            "value": {
              "text": [
                "课程名称考试时间任课教师监考教室监考教师1乘车地点1监考教师2乘车地点2监考教师3乘车地点3监考教师4乘车地点4"
              ],
              "visText": [
                "课程名称 考试时间 任课教师 监考教室 监考教师1 乘车地点1 监考教师2 乘车地点2 监考教师3 乘车地点3 监考教师4 乘车地点4"
              ]
            }
          },
          {
            "id": "@id/word",
            "prob": 3,
            "value": "descendant::TABLE[@id=\"grid_kcxx\"]"
          },
          {
            "id": "@class/word",
            "prob": 1,
            "value": "DIV.mid_box SPAN.formbox TABLE.datelist"
          },
          {
            "id": "path/ordinal",
            "prob": 1,
            "value": "/HTML[1]/BODY[1]/FORM[1]/DIV[2]/DIV[1]/SPAN[1]/TABLE[1]"
          },
          {
            "id": "style/color",
            "value": [
              17,
              68,
              158
            ]
          },
          {
            "id": "shield",
            "value": {
              "zIndex": "auto",
              "width": 1079,
              "height": 26
            }
          }
        ]
      },
      "intendedRole": "fragment",
      "roles": "element,fragment",
      "monitored": false
    },
    "control4": {
      "location": {
        "data": {
          "tagName": "TR"
        },
        "locators": [
          {
            "id": "text",
            "prob": 3,
            "value": {
              "text": [
                "课程名称考试时间任课教师监考教室监考教师1乘车地点1监考教师2乘车地点2监考教师3乘车地点3监考教师4乘车地点4"
              ],
              "visText": [
                "课程名称 考试时间 任课教师 监考教室 监考教师1 乘车地点1 监考教师2 乘车地点2 监考教师3 乘车地点3 监考教师4 乘车地点4"
              ]
            }
          },
          {
            "id": "@id/word",
            "prob": 2,
            "value": [
              "descendant::TABLE[@id=\"grid_kcxx\"]/TBODY[1]/TR[1]",
              "descendant::TABLE[@id=\"grid_kcxx\"]//TR"
            ]
          },
          {
            "id": "@class/word",
            "prob": 1,
            "value": "SPAN.formbox TABLE.datelist TR.datelisthead"
          },
          {
            "id": "path/ordinal",
            "prob": 1,
            "value": "/HTML[1]/BODY[1]/FORM[1]/DIV[2]/DIV[1]/SPAN[1]/TABLE[1]/TBODY[1]/TR[1]"
          },
          {
            "id": "style/color",
            "value": [
              17,
              68,
              158
            ]
          },
          {
            "id": "shield",
            "value": {
              "zIndex": "auto",
              "width": 1078,
              "height": 25
            }
          }
        ]
      },
      "roles": "element",
      "text": "\n\t\t课程名称考试时间任课教师监考教室监考教师1乘车地点1监考教师2乘车地点2监考教师3乘车地点3监考教师4乘车地点4 \n\t"
    },
    "control5": {
      "location": {
        "data": {
          "tagName": "TR"
        },
        "locators": [
          {
            "id": "text",
            "prob": 3,
            "value": {
              "text": [
                "课程名称考试时间任课教师监考教室监考教师1乘车地点1监考教师2乘车地点2监考教师3乘车地点3监考教师4乘车地点4"
              ],
              "visText": [
                "课程名称 考试时间 任课教师 监考教室 监考教师1 乘车地点1 监考教师2 乘车地点2 监考教师3 乘车地点3 监考教师4 乘车地点4"
              ]
            }
          },
          {
            "id": "@id/word",
            "prob": 2,
            "value": [
              "descendant::TABLE[@id=\"grid_kcxx\"]/TBODY[1]/TR[1]",
              "descendant::TABLE[@id=\"grid_kcxx\"]//TR"
            ]
          },
          {
            "id": "@class/word",
            "prob": 1,
            "value": "SPAN.formbox TABLE.datelist TR.datelisthead"
          },
          {
            "id": "path/ordinal",
            "prob": 1,
            "value": "/HTML[1]/BODY[1]/FORM[1]/DIV[2]/DIV[1]/SPAN[1]/TABLE[1]/TBODY[1]/TR[1]"
          },
          {
            "id": "style/color",
            "value": [
              17,
              68,
              158
            ]
          },
          {
            "id": "shield",
            "value": {
              "zIndex": "auto",
              "width": 1078,
              "height": 25
            }
          }
        ]
      },
      "events": {
        "onGetData": "getData_control5"
      },
      "intendedRole": "custom",
      "roles": "element,custom",
      "monitored": false
    }
  },
  "contexts": {
    "context1": {
      "controls": [
        "control0",
        "control1",
        "control2",
        "control3",
        "control5"
      ],
      "anchors": [
        "control4"
      ]
    }
  },
  "flows": {
    "flow0": {
      "toContexts": [
        {
          "toContextId": "context1"
        },
        {
          "toContextId": "context0",
          "toModelId": "t_index"
        }
      ]
    }
  },
  "pages": {
    "page1": {
      "contextId": "context1",
      "layout": [
        {
          "id": "uiControl0",
          "display": {
            "class": "navbar navbar-primary header",
            "title": "考试安排",
            "type": "header",
            "adapterId": "header",
            "adapter": {
              "templateType": ""
            }
          },
          "layout": []
        },
        {
          "id": "uiControl225",
          "display": {
            "type": "accordion",
            "adapterId": "accordion",
            "adapter": {
              "templateType": ""
            }
          },
          "layout": [
            {
              "id": "uiControl225item",
              "display": {
                "title": "查询条件",
                "type": "accordionItem",
                "adapterId": "accordionItem",
                "adapter": {
                  "templateType": ""
                }
              },
              "layout": [
                {
                  "id": "uiControl220",
                  "display": {
                    "type": "card",
                    "adapterId": "card",
                    "class": "cstj",
                    "adapter": {
                      "templateType": ""
                    }
                  },
                  "layout": [
                    {
                      "id": "uiControl220body",
                      "display": {
                        "type": "cardBody",
                        "adapterId": "cardBody",
                        "adapter": {
                          "templateType": ""
                        }
                      },
                      "layout": [
                        {
                          "id": "uiControl2",
                          "display": {
                            "text": "学年：",
                            "type": "content",
                            "adapterId": "staticContent",
                            "adapter": {
                              "templateType": ""
                            }
                          }
                        },
                        {
                          "id": "uiControl3",
                          "controlId": "control0",
                          "display": {
                            "adapterId": "listbox",
                            "type": "listbox",
                            "adapter": {
                              "templateType": ""
                            }
                          }
                        },
                        {
                          "id": "uiControl4",
                          "display": {
                            "text": "学期：",
                            "type": "content",
                            "adapterId": "staticContent",
                            "adapter": {
                              "templateType": ""
                            }
                          }
                        },
                        {
                          "id": "uiControl5",
                          "controlId": "control1",
                          "display": {
                            "adapterId": "listbox",
                            "type": "listbox",
                            "adapter": {
                              "templateType": ""
                            }
                          }
                        },
                        {
                          "id": "uiControl6",
                          "display": {
                            "text": "考试时间 || 地点（编号+名称）：",
                            "type": "content",
                            "adapterId": "staticContent",
                            "adapter": {
                              "templateType": ""
                            }
                          }
                        },
                        {
                          "id": "uiControl7",
                          "controlId": "control2",
                          "display": {
                            "adapterId": "listbox",
                            "type": "listbox",
                            "adapter": {
                              "templateType": ""
                            }
                          }
                        }
                      ]
                    }
                  ]
                }
              ]
            }
          ]
        },
        {
          "id": "uiControl10",
          "controlId": "control5",
          "display": {
            "adapterId": "custom",
            "type": "custom",
            "adapter": {
              "templateType": "react",
              "events": {
                "onDoAction": "doAction_uiControl10",
                "onGetTemplate": "getTemplate_uiControl10"
              }
            }
          }
        },
        {
          "id": "uiControl8",
          "display": {
            "type": "card",
            "adapterId": "card",
            "class": "table-a",
            "adapter": {
              "templateType": ""
            }
          },
          "layout": [
            {
              "id": "uiControl8body",
              "display": {
                "type": "cardBody",
                "adapterId": "cardBody",
                "adapter": {
                  "templateType": ""
                }
              },
              "layout": [
                {
                  "id": "uiControl9",
                  "controlId": "control3",
                  "display": {
                    "adapterId": "fragment",
                    "type": "fragment",
                    "adapter": {
                      "templateType": ""
                    }
                  }
                }
              ]
            }
          ]
        }
      ]
    }
  },
  "matchers": {
    "page/title": {
      "contexts": {
        "context1": [
          "现代教学管理信息系统"
        ]
      }
    },
    "page/urls": {
      "contexts": {
        "context1": [
          "117.35.118.209/js_jkjscxxx.aspx?zgh=150528&xm=%CD%F5%C0%F2&gnmkdm=N122306"
        ]
      }
    },
    "page/ids": {
      "contexts": {
        "context1": [
          [
            "Form",
            "Label",
            "Table",
            "ddl_sjdd",
            "grid_kcxx",
            "xn",
            "xq"
          ]
        ]
      }
    },
    "page/classes": {
      "contexts": {
        "context1": [
          [
            "buttonbox",
            "dateli",
            "earch_con",
            "earch_title",
            "earchbox",
            "footbox",
            "footbox_con",
            "footbutton",
            "formbox",
            "main_box",
            "mid_box",
            "pagination",
            "t",
            "thead",
            "title",
            "toolbox",
            "toolbox_fot"
          ]
        ]
      }
    },
    "page/tagTriplets": {
      "contexts": {
        "context1": [
          [
            "-/-/FORM",
            "-/FORM/DIV",
            "-/FORM/INPUT-hidden",
            "-/FORM/SCRIPT",
            "DIV/DIV/DIV",
            "DIV/DIV/EM",
            "DIV/DIV/P",
            "DIV/DIV/SPAN",
            "DIV/DIV/TABLE",
            "DIV/EM/SPAN",
            "DIV/P/EM",
            "DIV/SPAN/FIELDSET",
            "DIV/SPAN/TABLE",
            "DIV/TABLE/TBODY",
            "FIELDSET/LEGEND/SPAN",
            "FORM/DIV/DIV",
            "FORM/DIV/P",
            "LEGEND/SPAN/FONT",
            "SPAN/FIELDSET/LEGEND",
            "SPAN/TABLE/TBODY",
            "TABLE/TBODY/TR",
            "TBODY/TR/TD",
            "TD/SELECT/OPTION",
            "TR/TD/SELECT"
          ],
          [
            "-/-/FORM",
            "-/-/SCRIPT",
            "-/FORM/DIV",
            "-/FORM/INPUT-hidden",
            "-/FORM/SCRIPT",
            "DIV/DIV/DIV",
            "DIV/DIV/EM",
            "DIV/DIV/P",
            "DIV/DIV/SPAN",
            "DIV/EM/SPAN",
            "DIV/P/EM",
            "DIV/P/TABLE",
            "DIV/SPAN/FIELDSET",
            "DIV/SPAN/TABLE",
            "FIELDSET/LEGEND/SPAN",
            "FORM/DIV/DIV",
            "FORM/DIV/P",
            "LEGEND/SPAN/FONT",
            "P/TABLE/TBODY",
            "SPAN/FIELDSET/LEGEND",
            "SPAN/TABLE/TBODY",
            "TABLE/TBODY/TR",
            "TBODY/TR/TD",
            "TD/SELECT/OPTION",
            "TR/TD/SELECT"
          ]
        ]
      }
    }
  }
}