{
  "version": "0.1",
  "id": "y_InforView",
  "targetURL": "http://42.247.16.108/xgxt/xsxx_xsxxgl_xxck.do",
  "jsFile": "index.js",
   "requires": {
    "login": "../login/index.json"
  },
  "cssFile": "../../lib/base.css,index.css",
  "chineseName": "信息查看",
  "description": "",
  "controls": {
    "control342": {
      "location": {
        "data": {
          "tagName": "DIV"
        },
        "locators": [
          {
            "id": "text",
            "prob": 3,
            "value": {
              "text": [
                "测试学生 （学号： 999999） 温馨提醒： 点击下面的类别， 可以快速定位到您所要查看的信息"
              ],
              "visText": [
                "测试学生 （学号： 999999）温馨提醒： 点击下面的类别， 可以快速定位到您所要查看的信息"
              ]
            }
          },
          {
            "id": "@id/word",
            "prob": 2,
            "value": [
              "descendant::DIV[@id=\"navigation\"]/DIV[1]",
              "descendant::DIV[@id=\"navigation\"]//DIV"
            ]
          },
          {
            "id": "@class/word",
            "prob": 1,
            "value": "DIV.title_xxxx"
          },
          {
            "id": "path/ordinal",
            "prob": 1,
            "value": "/HTML[1]/BODY[1]/FORM[1]/DIV[1]/DIV[1]/DIV[1]"
          },
          {
            "id": "shield",
            "value": {
              "zIndex": "auto",
              "width": 1445,
              "height": 24
            }
          }
        ]
      },
      "intendedRole": "fragment",
      "roles": "element,fragment",
      "monitored": true
    },
    "control343": {
      "location": {
        "data": {
          "tagName": "DIV"
        },
        "locators": [
          {
            "id": "@id/word",
            "prob": 3,
            "value": "descendant::DIV[@id=\"content\"]"
          },
          {
            "id": "@class/word",
            "prob": 1,
            "value": "DIV.demo_xxxx"
          },
          {
            "id": "path/ordinal",
            "prob": 1,
            "value": "/HTML[1]/BODY[1]/FORM[1]/DIV[2]"
          },
          {
            "id": "shield",
            "value": {
              "zIndex": "auto",
              "width": 1445,
              "height": 4660
            }
          }
        ]
      },
      "intendedRole": "fragment",
      "roles": "element,fragment",
      "monitored": true
    },
    "control502": {
      "location": {
        "data": {
          "tagName": "BODY"
        },
        "locators": [
          {
            "id": "path/ordinal",
            "prob": 1,
            "value": "/HTML[1]/BODY[1]"
          },
          {
            "id": "shield",
            "value": {
              "zIndex": "auto",
              "width": 1445,
              "height": 4730
            }
          }
        ]
      },
      "events": {
        "onGetData": "getData_control502"
      },
      "intendedRole": "custom",
      "roles": "element,custom",
      "monitored": false
    }
  },
  "contexts": {
    "context19": {
      "controls": [
        "control342",
        "control343",
        "control502"
      ],
      "anchors": []
    }
  },
  "flows": {
    "flow88": {
      "toContexts": [
        {
          "toContextId": "context19"
        }
      ]
    }
  },
  "pages": {
    "page19": {
      "contextId": "context19",
      "layout": [
        {
          "id": "uiControl462",
          "display": {
            "class": "xg_header",
            "title": "信息查看",
            "type": "header",
            "adapterId": "header",
            "adapter": {
              "templateType": ""
            }
          },
          "layout": [
            {
              "id": "uiControl462headerLeft",
              "display": {
                "type": "headerLeft",
                "adapterId": "headerLeft",
                "adapter": {
                  "templateType": ""
                }
              },
              "layout": []
            }
          ]
        },
        {
          "id": "uiControl525",
          "controlId": "control502",
          "display": {
            "adapterId": "custom",
            "type": "custom",
            "adapter": {
              "templateType": "react",
              "events": {
                "onDoAction": "doAction_uiControl525",
                "onGetTemplate": "getTemplate_uiControl525"
              }
            }
          }
        },
        {
          "id": "uiControl463",
          "display": {
            "type": "card",
            "adapterId": "card",
            "class": "xg_body",
            "adapter": {
              "templateType": ""
            }
          },
          "layout": [
            {
              "id": "uiControl463body",
              "display": {
                "type": "cardBody",
                "adapterId": "cardBody",
                "adapter": {
                  "templateType": ""
                }
              },
              "layout": [
                {
                  "id": "uiControl464",
                  "controlId": "control342",
                  "display": {
                    "adapterId": "fragment",
                    "type": "fragment",
                    "class": "lv_info_header",
                    "adapter": {
                      "templateType": ""
                    }
                  }
                },
                {
                  "id": "uiControl465",
                  "controlId": "control343",
                  "display": {
                    "adapterId": "fragment",
                    "type": "fragment",
                    "class": "lv_stuinfo",
                    "adapter": {
                      "templateType": ""
                    }
                  }
                }
              ]
            }
          ]
        }
      ]
    }
  },
  "matchers": {
    "page/title": {
      "contexts": {
        "context19": [
          "学生工作管理信息系统"
        ]
      }
    },
    "page/urls": {
      "contexts": {
        "context19": [
          "42.247.16.108/xgxt/xsxx_xsxxgl_xxck.do"
        ]
      }
    },
    "page/ids": {
      "contexts": {
        "context19": [
          [
            "arrange",
            "bjV",
            "btn_dy",
            "btn_setXsxx",
            "content",
            "doType",
            "dySpan",
            "editPageSize",
            "fashion",
            "gyglyQx",
            "hi_rcxw",
            "hi_szxx",
            "isBzr",
            "isFdy",
            "lable_confirm_cx",
            "lable_confirm_sc",
            "lable_confirm_tj",
            "lable_dqwkfsq",
            "lable_jcszwcsh",
            "lable_one_cx",
            "lable_one_lcgz",
            "lable_one_tj",
            "lable_one_xg",
            "lable_shz_cx",
            "lable_some_sc",
            "lable_some_tj",
            "lable_wjt_sc",
            "lable_wjt_yth_sc",
            "lable_wjt_yth_tj",
            "lable_wjt_yth_xg",
            "lable_wxglcxx",
            "maskLevel",
            "message",
            "mklx",
            "navigation",
            "njV",
            "path",
            "pk",
            "pkValue",
            "rcxwHidDiv",
            "realTable",
            "ryfw",
            "searchType",
            "sfxsgban",
            "stuGkImg",
            "stuImg",
            "szxxHidDiv",
            "tab_rcxw",
            "tab_szxx",
            "tableName",
            "userDep",
            "userName",
            "userStatus",
            "userType",
            "xh",
            "xhV",
            "xmV",
            "xmView",
            "xsgkzp",
            "xxdm",
            "xyV",
            "xzxsKey",
            "ym-bl",
            "ym-btnl",
            "ym-ml",
            "ym-tl",
            "ym-window",
            "yxzxss",
            "zdybdcon_table_xsxx_query_xsxx_jbxx",
            "zdybdcon_table_xsxx_query_xsxx_lxfs",
            "zdybdcon_table_xsxx_query_xsxx_qtxx",
            "zdybdfl_li_more",
            "zdybdfl_li_xsxx_query_pjpy",
            "zdybdfl_li_xsxx_query_qgzx",
            "zdybdfl_li_xsxx_query_szxx",
            "zdybdfl_li_xsxx_query_wjcf",
            "zdybdfl_li_xsxx_query_xjyd",
            "zdybdfl_li_xsxx_query_xsxx",
            "zdybdfl_li_xsxx_query_xszz",
            "zdybdfl_ul_",
            "zdybdfl_xsxx_query_gygl",
            "zdybdfl_xsxx_query_kccj",
            "zdybdfl_xsxx_query_kccj_djkscj",
            "zdybdfl_xsxx_query_kccj_kckscj",
            "zdybdfl_xsxx_query_pjpy",
            "zdybdfl_xsxx_query_pjpy_hjqk",
            "zdybdfl_xsxx_query_pjpy_zcfs",
            "zdybdfl_xsxx_query_qgzx",
            "zdybdfl_xsxx_query_qgzx_gwluqk",
            "zdybdfl_xsxx_query_qgzx_xjffqk",
            "zdybdfl_xsxx_query_rcsw",
            "zdybdfl_xsxx_query_rcsw_rcxwjl",
            "zdybdfl_xsxx_query_szxx",
            "zdybdfl_xsxx_query_szxx_bzr",
            "zdybdfl_xsxx_query_szxx_fdy",
            "zdybdfl_xsxx_query_tdxx",
            "zdybdfl_xsxx_query_tdxx_grjdxx",
            "zdybdfl_xsxx_query_wjcf",
            "zdybdfl_xsxx_query_wjcf_wjcf",
            "zdybdfl_xsxx_query_xjyd",
            "zdybdfl_xsxx_query_xjyd_xjydxx",
            "zdybdfl_xsxx_query_xsxx",
            "zdybdfl_xsxx_query_xsxx_fyffxx",
            "zdybdfl_xsxx_query_xsxx_gyjlclxx",
            "zdybdfl_xsxx_query_xsxx_gywjxx",
            "zdybdfl_xsxx_query_xsxx_gywsfxxall",
            "zdybdfl_xsxx_query_xsxx_gyxx",
            "zdybdfl_xsxx_query_xsxx_gyydxx",
            "zdybdfl_xsxx_query_xsxx_hcyhkxx",
            "zdybdfl_xsxx_query_xsxx_jbxx",
            "zdybdfl_xsxx_query_xsxx_jqlxxx",
            "zdybdfl_xsxx_query_xsxx_jtcyxx",
            "zdybdfl_xsxx_query_xsxx_lxfs",
            "zdybdfl_xsxx_query_xsxx_qjxx",
            "zdybdfl_xsxx_query_xsxx_qswpxx",
            "zdybdfl_xsxx_query_xsxx_qtxx",
            "zdybdfl_xsxx_query_xsxx_xqzcbdxx",
            "zdybdfl_xsxx_query_xsxx_xsgbxx",
            "zdybdfl_xsxx_query_xsxx_zjbbxx",
            "zdybdfl_xsxx_query_xszz",
            "zdybdfl_xsxx_query_xszz_knsrdxx",
            "zdybdfl_xsxx_query_xszz_zzxmxx",
            "zq",
            "zyV",
            "zzxmsl",
            "zzxmzje"
          ],
          [
            "arrange",
            "bjV",
            "btn_dy",
            "btn_setXsxx",
            "content",
            "doType",
            "dySpan",
            "editPageSize",
            "fashion",
            "gyglyQx",
            "hi_rcxw",
            "hi_szxx",
            "isBzr",
            "isFdy",
            "lable_confirm_cx",
            "lable_confirm_sc",
            "lable_confirm_tj",
            "lable_dqwkfsq",
            "lable_jcszwcsh",
            "lable_one_cx",
            "lable_one_lcgz",
            "lable_one_tj",
            "lable_one_xg",
            "lable_shz_cx",
            "lable_some_sc",
            "lable_some_tj",
            "lable_wjt_sc",
            "lable_wjt_yth_sc",
            "lable_wjt_yth_tj",
            "lable_wjt_yth_xg",
            "lable_wxglcxx",
            "message",
            "mklx",
            "navigation",
            "njV",
            "path",
            "pk",
            "pkValue",
            "rcxwHidDiv",
            "realTable",
            "ryfw",
            "searchType",
            "sfxsgban",
            "stuGkImg",
            "stuImg",
            "szxxHidDiv",
            "tab_rcxw",
            "tab_szxx",
            "tableName",
            "userDep",
            "userName",
            "userStatus",
            "userType",
            "xh",
            "xhV",
            "xmV",
            "xmView",
            "xsgkzp",
            "xxdm",
            "xyV",
            "xzxsKey",
            "yxzxss",
            "zdybdcon_table_xsxx_query_xsxx_jbxx",
            "zdybdcon_table_xsxx_query_xsxx_lxfs",
            "zdybdcon_table_xsxx_query_xsxx_qtxx",
            "zdybdfl_li_more",
            "zdybdfl_li_xsxx_query_pjpy",
            "zdybdfl_li_xsxx_query_qgzx",
            "zdybdfl_li_xsxx_query_szxx",
            "zdybdfl_li_xsxx_query_wjcf",
            "zdybdfl_li_xsxx_query_xjyd",
            "zdybdfl_li_xsxx_query_xsxx",
            "zdybdfl_li_xsxx_query_xszz",
            "zdybdfl_ul_",
            "zdybdfl_xsxx_query_gygl",
            "zdybdfl_xsxx_query_kccj",
            "zdybdfl_xsxx_query_kccj_djkscj",
            "zdybdfl_xsxx_query_kccj_kckscj",
            "zdybdfl_xsxx_query_pjpy",
            "zdybdfl_xsxx_query_pjpy_hjqk",
            "zdybdfl_xsxx_query_pjpy_zcfs",
            "zdybdfl_xsxx_query_qgzx",
            "zdybdfl_xsxx_query_qgzx_gwluqk",
            "zdybdfl_xsxx_query_qgzx_xjffqk",
            "zdybdfl_xsxx_query_rcsw",
            "zdybdfl_xsxx_query_rcsw_rcxwjl",
            "zdybdfl_xsxx_query_szxx",
            "zdybdfl_xsxx_query_szxx_bzr",
            "zdybdfl_xsxx_query_szxx_fdy",
            "zdybdfl_xsxx_query_tdxx",
            "zdybdfl_xsxx_query_tdxx_grjdxx",
            "zdybdfl_xsxx_query_wjcf",
            "zdybdfl_xsxx_query_wjcf_wjcf",
            "zdybdfl_xsxx_query_xjyd",
            "zdybdfl_xsxx_query_xjyd_xjydxx",
            "zdybdfl_xsxx_query_xsxx",
            "zdybdfl_xsxx_query_xsxx_fyffxx",
            "zdybdfl_xsxx_query_xsxx_gyjlclxx",
            "zdybdfl_xsxx_query_xsxx_gywjxx",
            "zdybdfl_xsxx_query_xsxx_gywsfxxall",
            "zdybdfl_xsxx_query_xsxx_gyxx",
            "zdybdfl_xsxx_query_xsxx_gyydxx",
            "zdybdfl_xsxx_query_xsxx_hcyhkxx",
            "zdybdfl_xsxx_query_xsxx_jbxx",
            "zdybdfl_xsxx_query_xsxx_jqlxxx",
            "zdybdfl_xsxx_query_xsxx_jtcyxx",
            "zdybdfl_xsxx_query_xsxx_lxfs",
            "zdybdfl_xsxx_query_xsxx_qjxx",
            "zdybdfl_xsxx_query_xsxx_qswpxx",
            "zdybdfl_xsxx_query_xsxx_qtxx",
            "zdybdfl_xsxx_query_xsxx_xqzcbdxx",
            "zdybdfl_xsxx_query_xsxx_xsgbxx",
            "zdybdfl_xsxx_query_xsxx_zjbbxx",
            "zdybdfl_xsxx_query_xszz",
            "zdybdfl_xsxx_query_xszz_knsrdxx",
            "zdybdfl_xsxx_query_xszz_zzxmxx",
            "zq",
            "zyV",
            "zzxmsl",
            "zzxmzje"
          ],
          [
            "arrange",
            "bjV",
            "btn_dy",
            "btn_setXsxx",
            "content",
            "doType",
            "dySpan",
            "editPageSize",
            "fashion",
            "gyglyQx",
            "hi_rcxw",
            "hi_szxx",
            "isBzr",
            "isFdy",
            "lable_confirm_cx",
            "lable_confirm_sc",
            "lable_confirm_tj",
            "lable_dqwkfsq",
            "lable_jcszwcsh",
            "lable_one_cx",
            "lable_one_lcgz",
            "lable_one_tj",
            "lable_one_xg",
            "lable_shz_cx",
            "lable_some_sc",
            "lable_some_tj",
            "lable_wjt_sc",
            "lable_wjt_yth_sc",
            "lable_wjt_yth_tj",
            "lable_wjt_yth_xg",
            "lable_wxglcxx",
            "message",
            "mklx",
            "navigation",
            "njV",
            "path",
            "pk",
            "pkValue",
            "rcxwHidDiv",
            "realTable",
            "ryfw",
            "searchType",
            "sfxsgban",
            "stuGkImg",
            "stuImg",
            "szxxHidDiv",
            "tab_rcxw",
            "tab_szxx",
            "tableName",
            "userDep",
            "userName",
            "userStatus",
            "userType",
            "xh",
            "xhV",
            "xmV",
            "xmView",
            "xsgkzp",
            "xxdm",
            "xyV",
            "xzxsKey",
            "yxzxss",
            "zpHidDiv",
            "zq",
            "zyV",
            "zzxmsl",
            "zzxmzje"
          ]
        ]
      }
    },
    "page/classes": {
      "contexts": {
        "context19": [
          [
            "after",
            "btn",
            "college_title",
            "demo_xxxx",
            "formlist",
            "list_xxxx",
            "list_xxxx_downmenu",
            "open_img",
            "people_xx",
            "position_xxxx",
            "smooth",
            "title_name",
            "title_xxxx",
            "ui_b",
            "ui_border",
            "ui_buttons",
            "ui_c",
            "ui_close",
            "ui_content",
            "ui_dialog",
            "ui_icon",
            "ui_inner",
            "ui_l",
            "ui_lb",
            "ui_lt",
            "ui_main",
            "ui_max",
            "ui_max_b",
            "ui_min",
            "ui_min_b",
            "ui_r",
            "ui_rb",
            "ui_res",
            "ui_res_b",
            "ui_res_t",
            "ui_rt",
            "ui_t",
            "ui_title",
            "ui_title_bar",
            "ui_title_buttons",
            "wxts",
            "ym-bc",
            "ym-bl",
            "ym-body",
            "ym-br",
            "ym-btn",
            "ym-header-text",
            "ym-header-tools",
            "ym-mc",
            "ym-ml",
            "ym-mr",
            "ym-tc",
            "ym-tl",
            "ym-tr",
            "ymPrompt_close",
            "ymPrompt_max",
            "ymPrompt_min"
          ],
          [
            "after",
            "btn",
            "college_title",
            "demo_xxxx",
            "formlist",
            "list_xxxx",
            "list_xxxx_downmenu",
            "open_img",
            "people_xx",
            "position_xxxx",
            "smooth",
            "title_name",
            "title_xxxx",
            "ui_b",
            "ui_border",
            "ui_buttons",
            "ui_c",
            "ui_close",
            "ui_content",
            "ui_dialog",
            "ui_icon",
            "ui_inner",
            "ui_l",
            "ui_lb",
            "ui_loading",
            "ui_lt",
            "ui_main",
            "ui_max",
            "ui_max_b",
            "ui_min",
            "ui_min_b",
            "ui_r",
            "ui_rb",
            "ui_res",
            "ui_res_b",
            "ui_res_t",
            "ui_rt",
            "ui_state_focus",
            "ui_state_visible",
            "ui_t",
            "ui_title",
            "ui_title_bar",
            "ui_title_buttons",
            "wxts"
          ],
          [
            "btn",
            "demo_xxxx",
            "formlist",
            "open_img",
            "people_xx",
            "title_xxxx",
            "wxts"
          ]
        ]
      }
    },
    "page/tagTriplets": {
      "contexts": {
        "context19": [
          [
            "-/-/DIV",
            "-/-/FORM",
            "-/-/SCRIPT",
            "-/-/SPAN",
            "-/DIV/DIV",
            "-/DIV/TABLE",
            "-/FORM/BUTTON",
            "-/FORM/DIV",
            "-/FORM/INPUT-hidden",
            "-/SPAN/DIV",
            "-/SPAN/TABLE",
            "DIV/A/B",
            "DIV/DIV/A",
            "DIV/DIV/DIV",
            "DIV/DIV/H3",
            "DIV/DIV/SPAN",
            "DIV/DIV/STRONG",
            "DIV/DIV/TABLE",
            "DIV/DIV/UL",
            "DIV/DL/DD",
            "DIV/H3/SPAN",
            "DIV/SPAN/SPAN",
            "DIV/TABLE/TBODY",
            "DIV/TABLE/THEAD",
            "DIV/UL/LI",
            "DL/DD/A",
            "FORM/DIV/DIV",
            "LI/DIV/DL",
            "SPAN/TABLE/TFOOT",
            "TABLE/TBODY/TR",
            "TABLE/TFOOT/TR",
            "TABLE/THEAD/TR",
            "TBODY/TR/TD",
            "TBODY/TR/TH",
            "TD/DIV/BUTTON",
            "TD/DIV/DIV",
            "TD/DIV/IMG",
            "TD/DIV/TABLE",
            "TFOOT/TR/TD",
            "TH/SPAN/FONT",
            "THEAD/TR/TH",
            "TR/TD/DIV",
            "TR/TH/DIV",
            "TR/TH/SPAN",
            "UL/LI/A",
            "UL/LI/DIV"
          ],
          [
            "-/-/DIV",
            "-/-/FORM",
            "-/-/SCRIPT",
            "-/-/SPAN",
            "-/DIV/TABLE",
            "-/FORM/BUTTON",
            "-/FORM/DIV",
            "-/FORM/INPUT-hidden",
            "-/SPAN/DIV",
            "-/SPAN/TABLE",
            "DIV/A/B",
            "DIV/DIV/A",
            "DIV/DIV/DIV",
            "DIV/DIV/H3",
            "DIV/DIV/SPAN",
            "DIV/DIV/TABLE",
            "DIV/DIV/UL",
            "DIV/DL/DD",
            "DIV/H3/SPAN",
            "DIV/SPAN/SPAN",
            "DIV/TABLE/TBODY",
            "DIV/TABLE/THEAD",
            "DIV/UL/LI",
            "DL/DD/A",
            "FORM/DIV/DIV",
            "LI/DIV/DL",
            "SPAN/TABLE/TFOOT",
            "TABLE/TBODY/TR",
            "TABLE/TFOOT/TR",
            "TABLE/THEAD/TR",
            "TBODY/TR/TD",
            "TBODY/TR/TH",
            "TD/DIV/BUTTON",
            "TD/DIV/DIV",
            "TD/DIV/IMG",
            "TD/DIV/TABLE",
            "TFOOT/TR/TD",
            "TH/SPAN/FONT",
            "THEAD/TR/TH",
            "TR/TD/DIV",
            "TR/TH/DIV",
            "TR/TH/SPAN",
            "UL/LI/A",
            "UL/LI/DIV"
          ],
          [
            "-/-/DIV",
            "-/-/FORM",
            "-/-/SCRIPT",
            "-/-/SPAN",
            "-/DIV/DIV",
            "-/DIV/TABLE",
            "-/FORM/BUTTON",
            "-/FORM/DIV",
            "-/FORM/INPUT-hidden",
            "-/SPAN/DIV",
            "-/SPAN/TABLE",
            "DIV/DIV/DIV",
            "DIV/DIV/IMG",
            "DIV/DIV/SPAN",
            "DIV/SPAN/SPAN",
            "DIV/TABLE/TBODY",
            "FORM/DIV/DIV",
            "SPAN/TABLE/TFOOT",
            "TABLE/TBODY/TR",
            "TABLE/TFOOT/TR",
            "TBODY/TR/TD",
            "TBODY/TR/TH",
            "TD/DIV/BUTTON",
            "TFOOT/TR/TD",
            "TR/TD/DIV",
            "TR/TH/DIV"
          ]
        ]
      }
    }
  }
}