{
  "version": "0.1",
  "id": "y_PapersResults_update",
  "targetURL": "http://42.247.16.108/xgxt/rcsw_xszbb_bbjg.do",
  "jsFile": "../../lib/base.js,../../lib/customTemplate.js,index.js",
  "cssFile": "../../lib/base.css",
  "requires": {
    "login": "../login/index.json"
  },
  "chineseName": "证件补办结果_修改",
  "controls": {
    "control0": {
      "location": {
        "data": {
          "tagName": "THEAD"
        },
        "locators": [
          {
            "id": "button/text",
            "prob": 3,
            "value": {
              "text": [
                "学生基本信息"
              ],
              "visText": [
                "学生基本信息"
              ]
            }
          },
          {
            "id": "text",
            "prob": 3,
            "value": {
              "text": [
                "学生基本信息"
              ],
              "visText": [
                "学生基本信息"
              ]
            }
          },
          {
            "id": "@id/word",
            "prob": 2,
            "value": [
              "descendant::FORM[@id=\"xszbbjgForm\"]/DIV[1]/TABLE[1]/THEAD[1]",
              "descendant::FORM[@id=\"xszbbjgForm\"]//THEAD"
            ]
          },
          {
            "id": "@class/word",
            "prob": 1,
            "ordinal": [
              0,
              4
            ],
            "value": "FORM.MultiFile-intercepted TABLE.formlist THEAD"
          },
          {
            "id": "path/ordinal",
            "prob": 1,
            "value": "/HTML[1]/BODY[1]/FORM[1]/DIV[1]/TABLE[1]/THEAD[1]"
          },
          {
            "id": "shield",
            "value": {
              "zIndex": "auto",
              "width": 719,
              "height": 33
            }
          }
        ]
      },
      "intendedRole": "fragment",
      "roles": "element,fragment",
      "monitored": false,
      "frameXPath": "//iframe[@name='parentDialog']<<IFRAME>>"
    },
    "control1": {
      "location": {
        "data": {
          "tagName": "TBODY"
        },
        "locators": [
          {
            "id": "text",
            "prob": 3,
            "value": {
              "text": [
                "学号 姓名 性别 身份证号 年级 学院 专业 班级 政治面貌 联系电话 学生导师 医保编号"
              ],
              "visText": [
                "学号 姓名 性别 身份证号 年级 学院 专业 班级 政治面貌 联系电话 学生导师 医保编号"
              ]
            }
          },
          {
            "id": "@id/word",
            "prob": 2,
            "value": [
              "descendant::FORM[@id=\"xszbbjgForm\"]/DIV[1]/TABLE[1]/TBODY[1]",
              "descendant::FORM[@id=\"xszbbjgForm\"]//TBODY"
            ]
          },
          {
            "id": "@class/word",
            "prob": 1,
            "ordinal": [
              0,
              4
            ],
            "value": "FORM.MultiFile-intercepted TABLE.formlist TBODY"
          },
          {
            "id": "path/ordinal",
            "prob": 1,
            "value": "/HTML[1]/BODY[1]/FORM[1]/DIV[1]/TABLE[1]/TBODY[1]"
          },
          {
            "id": "shield",
            "value": {
              "zIndex": "auto",
              "width": 719,
              "height": 168
            }
          }
        ]
      },
      "events": {
        "onGetData": "getData_control1"
      },
      "intendedRole": "custom",
      "roles": "element,link,custom",
      "monitored": true,
      "frameXPath": "//iframe[@name='parentDialog']<<IFRAME>>"
    },
    "control2": {
      "location": {
        "data": {
          "tagName": "THEAD"
        },
        "locators": [
          {
            "id": "button/text",
            "prob": 3,
            "value": {
              "text": [
                "申请信息"
              ],
              "visText": [
                "申请信息"
              ]
            }
          },
          {
            "id": "text",
            "prob": 3,
            "value": {
              "text": [
                "申请信息"
              ],
              "visText": [
                "申请信息"
              ]
            }
          },
          {
            "id": "@id/word",
            "prob": 2,
            "value": [
              "descendant::FORM[@id=\"xszbbjgForm\"]/DIV[1]/TABLE[1]/THEAD[2]",
              "descendant::FORM[@id=\"xszbbjgForm\"]//THEAD"
            ]
          },
          {
            "id": "@class/word",
            "prob": 1,
            "ordinal": [
              1,
              4
            ],
            "value": "FORM.MultiFile-intercepted TABLE.formlist THEAD"
          },
          {
            "id": "path/ordinal",
            "prob": 1,
            "value": "/HTML[1]/BODY[1]/FORM[1]/DIV[1]/TABLE[1]/THEAD[2]"
          },
          {
            "id": "shield",
            "value": {
              "zIndex": "auto",
              "width": 719,
              "height": 33
            }
          }
        ]
      },
      "intendedRole": "fragment",
      "roles": "element,fragment",
      "monitored": false,
      "frameXPath": "//iframe[@name='parentDialog']<<IFRAME>>"
    },
    "control3": {
      "location": {
        "data": {
          "tagName": "TH"
        },
        "locators": [
          {
            "id": "button/text",
            "prob": 3,
            "value": {
              "text": [
                "*补办证件"
              ],
              "visText": [
                "*补办证件"
              ]
            }
          },
          {
            "id": "text",
            "prob": 3,
            "value": {
              "text": [
                "*补办证件"
              ],
              "visText": [
                "*补办证件"
              ]
            }
          },
          {
            "id": "@class/word",
            "prob": 1,
            "ordinal": [
              12,
              34
            ],
            "value": "FORM.MultiFile-intercepted TABLE.formlist TBODY TR TH"
          },
          {
            "id": "path/ordinal",
            "prob": 1,
            "value": "/HTML[1]/BODY[1]/FORM[1]/DIV[1]/TABLE[1]/TBODY[2]/TR[1]/TH[1]"
          },
          {
            "id": "shield",
            "value": {
              "zIndex": "auto",
              "width": 144,
              "height": 32
            }
          }
        ]
      },
      "intendedRole": "fragment",
      "roles": "element,fragment",
      "monitored": false,
      "frameXPath": "//iframe[@name='parentDialog']<<IFRAME>>"
    },
    "control4": {
      "location": {
        "data": {
          "tagName": "SELECT"
        },
        "locators": [
          {
            "id": "button/text",
            "prob": 3,
            "value": {
              "text": [
                "学生证 西安市大学生基本医疗保险证"
              ],
              "visText": [
                ""
              ]
            }
          },
          {
            "id": "text",
            "prob": 3,
            "value": {
              "text": [
                "学生证 西安市大学生基本医疗保险证"
              ],
              "visText": [
                ""
              ]
            }
          },
          {
            "id": "elem/@name",
            "prob": 2,
            "value": [
              "descendant::form[@name=\"xszbbjgForm\"]//SELECT[@name=\"xszbblxdm\"]",
              "descendant::SELECT[@name=\"xszbblxdm\"]"
            ]
          },
          {
            "id": "@id/word",
            "prob": 3,
            "value": [
              "descendant::FORM[@id=\"xszbbjgForm\"]//SELECT[@id=\"xszbblxdm\"]",
              "descendant::SELECT[@id=\"xszbblxdm\"]"
            ]
          },
          {
            "id": "@class/word",
            "prob": 1,
            "ordinal": [
              0,
              2
            ],
            "value": "FORM.MultiFile-intercepted TABLE.formlist TBODY TR TD SELECT"
          },
          {
            "id": "path/ordinal",
            "prob": 1,
            "value": "/HTML[1]/BODY[1]/FORM[1]/DIV[1]/TABLE[1]/TBODY[2]/TR[1]/TD[1]/SELECT[1]"
          },
          {
            "id": "input/type",
            "verifyEnabled": true,
            "value": "select-one"
          },
          {
            "id": "shield",
            "value": {
              "zIndex": "auto",
              "width": 130,
              "height": 19
            }
          }
        ]
      },
      "intendedRole": "listbox",
      "roles": "element,listbox",
      "monitored": true,
      "frameXPath": "//iframe[@name='parentDialog']<<IFRAME>>"
    },
    "control5": {
      "location": {
        "data": {
          "tagName": "TH"
        },
        "locators": [
          {
            "id": "button/text",
            "prob": 3,
            "value": {
              "text": [
                "*申请补办时间"
              ],
              "visText": [
                "*申请补办时间"
              ]
            }
          },
          {
            "id": "text",
            "prob": 3,
            "value": {
              "text": [
                "*申请补办时间"
              ],
              "visText": [
                "*申请补办时间"
              ]
            }
          },
          {
            "id": "@class/word",
            "prob": 1,
            "ordinal": [
              14,
              34
            ],
            "value": "FORM.MultiFile-intercepted TABLE.formlist TBODY TR TH"
          },
          {
            "id": "path/ordinal",
            "prob": 1,
            "value": "/HTML[1]/BODY[1]/FORM[1]/DIV[1]/TABLE[1]/TBODY[2]/TR[2]/TH[1]"
          },
          {
            "id": "shield",
            "value": {
              "zIndex": "auto",
              "width": 144,
              "height": 28
            }
          }
        ]
      },
      "intendedRole": "fragment",
      "roles": "element,fragment",
      "monitored": false,
      "frameXPath": "//iframe[@name='parentDialog']<<IFRAME>>"
    },
    "control6": {
      "location": {
        "data": {
          "tagName": "TD"
        },
        "locators": [
          {
            "id": "button/text",
            "prob": 3,
            "value": {
              "text": [
                "2016-09-12 09:53:28"
              ],
              "visText": [
                "2016-09-12 09:53:28"
              ]
            }
          },
          {
            "id": "text",
            "prob": 3,
            "value": {
              "text": [
                "2016-09-12 09:53:28"
              ],
              "visText": [
                "2016-09-12 09:53:28"
              ]
            }
          },
          {
            "id": "@class/word",
            "prob": 1,
            "ordinal": [
              14,
              34
            ],
            "value": "FORM.MultiFile-intercepted TABLE.formlist TBODY TR TD"
          },
          {
            "id": "path/ordinal",
            "prob": 1,
            "value": "/HTML[1]/BODY[1]/FORM[1]/DIV[1]/TABLE[1]/TBODY[2]/TR[2]/TD[1]"
          },
          {
            "id": "shield",
            "value": {
              "zIndex": "auto",
              "width": 575,
              "height": 28
            }
          }
        ]
      },
      "intendedRole": "fragment",
      "roles": "element,fragment",
      "monitored": false,
      "frameXPath": "//iframe[@name='parentDialog']<<IFRAME>>"
    },
    "control7": {
      "location": {
        "data": {
          "tagName": "TH"
        },
        "locators": [
          {
            "id": "button/text",
            "prob": 3,
            "value": {
              "text": [
                "*申请补办理由 (限1000字)"
              ],
              "visText": [
                "*申请补办理由 (限1000字)"
              ]
            }
          },
          {
            "id": "text",
            "prob": 3,
            "value": {
              "text": [
                "*申请补办理由 (限1000字)"
              ],
              "visText": [
                "*申请补办理由 (限1000字)"
              ]
            }
          },
          {
            "id": "@class/word",
            "prob": 1,
            "ordinal": [
              15,
              34
            ],
            "value": "FORM.MultiFile-intercepted TABLE.formlist TBODY TR TH"
          },
          {
            "id": "path/ordinal",
            "prob": 1,
            "value": "/HTML[1]/BODY[1]/FORM[1]/DIV[1]/TABLE[1]/TBODY[2]/TR[3]/TH[1]"
          },
          {
            "id": "shield",
            "value": {
              "zIndex": "auto",
              "width": 144,
              "height": 99
            }
          }
        ]
      },
      "intendedRole": "fragment",
      "roles": "element,fragment",
      "monitored": false,
      "frameXPath": "//iframe[@name='parentDialog']<<IFRAME>>"
    },
    "control9": {
      "location": {
        "data": {
          "tagName": "TH"
        },
        "locators": [
          {
            "id": "button/text",
            "prob": 3,
            "value": {
              "text": [
                "附件信息"
              ],
              "visText": [
                "附件信息"
              ]
            }
          },
          {
            "id": "text",
            "prob": 3,
            "value": {
              "text": [
                "附件信息"
              ],
              "visText": [
                "附件信息"
              ]
            }
          },
          {
            "id": "@class/word",
            "prob": 1,
            "ordinal": [
              16,
              34
            ],
            "value": "FORM.MultiFile-intercepted TABLE.formlist TBODY TR TH"
          },
          {
            "id": "path/ordinal",
            "prob": 1,
            "value": "/HTML[1]/BODY[1]/FORM[1]/DIV[1]/TABLE[1]/TBODY[2]/TR[4]/TH[1]"
          },
          {
            "id": "elderLevel",
            "value": {
              "level": 0
            }
          },
          {
            "id": "shield",
            "value": {
              "zIndex": "auto",
              "width": 144,
              "height": 89
            }
          }
        ]
      },
      "intendedRole": "fragment",
      "roles": "element,fragment",
      "monitored": false,
      "frameXPath": "//iframe[@name='parentDialog']<<IFRAME>>"
    },
    "control11": {
      "location": {
        "data": {
          "tagName": "SPAN"
        },
        "locators": [
          {
            "id": "text",
            "prob": 3,
            "value": {
              "text": [
                "提示：1.请选择 png,gif,jpg,zip,rar,doc,docx 格式的文件！ 2.请上传不超过 10 M的文件！ 3.上传文件数不超过 3 个！"
              ],
              "visText": [
                "提示：1.请选择 png,gif,jpg,zip,rar,doc,docx 格式的文件！ 2.请上传不超过 10 M的文件！ 3.上传文件数不超过 3 个！"
              ]
            }
          },
          {
            "id": "@id/word",
            "prob": 3,
            "value": [
              "descendant::FORM[@id=\"xszbbjgForm\"]//SPAN[@id=\"tipsfilepath_f\"]",
              "descendant::SPAN[@id=\"tipsfilepath_f\"]"
            ]
          },
          {
            "id": "@class/word",
            "prob": 1,
            "ordinal": [
              0,
              4
            ],
            "value": "FORM.MultiFile-intercepted TABLE.formlist TBODY TR TD SPAN"
          },
          {
            "id": "path/ordinal",
            "prob": 1,
            "value": "/HTML[1]/BODY[1]/FORM[1]/DIV[1]/TABLE[1]/TBODY[2]/TR[4]/TD[1]/SPAN[1]"
          },
          {
            "id": "style/color",
            "value": [
              255,
              0,
              0
            ]
          },
          {
            "id": "shield",
            "value": {
              "zIndex": "auto",
              "width": 314,
              "height": 44
            }
          }
        ]
      },
      "intendedRole": "fragment",
      "roles": "element,fragment",
      "monitored": false,
      "frameXPath": "//iframe[@name='parentDialog']<<IFRAME>>"
    },
    "control12": {
      "location": {
        "data": {
          "tagName": "DIV"
        },
        "locators": [
          {
            "id": "button/text",
            "prob": 3,
            "value": {
              "text": [
                "\"*\"为必填项"
              ],
              "visText": [
                "\"*\"为必填项"
              ]
            }
          },
          {
            "id": "text",
            "prob": 3,
            "value": {
              "text": [
                "\"*\"为必填项"
              ],
              "visText": [
                "\"*\"为必填项"
              ]
            }
          },
          {
            "id": "@class/word",
            "prob": 1,
            "ordinal": [
              0,
              2
            ],
            "value": "FORM.MultiFile-intercepted TABLE.formlist DIV.bz"
          },
          {
            "id": "path/ordinal",
            "prob": 1,
            "value": "/HTML[1]/BODY[1]/FORM[1]/TABLE[1]/TFOOT[1]/TR[1]/TD[1]/DIV[1]"
          },
          {
            "id": "shield",
            "value": {
              "zIndex": "auto",
              "width": 74,
              "height": 15
            }
          }
        ]
      },
      "intendedRole": "fragment",
      "roles": "element,fragment",
      "monitored": false,
      "frameXPath": "//iframe[@name='parentDialog']<<IFRAME>>"
    },
    "control13": {
      "location": {
        "data": {
          "tagName": "BUTTON"
        },
        "locators": [
          {
            "id": "button/text",
            "prob": 3,
            "value": {
              "text": [
                "保 存"
              ],
              "visText": [
                "保 存"
              ]
            }
          },
          {
            "id": "text",
            "prob": 3,
            "value": {
              "text": [
                "保 存"
              ],
              "visText": [
                "保 存"
              ]
            }
          },
          {
            "id": "@class/word",
            "prob": 1,
            "ordinal": [
              0,
              4
            ],
            "value": "FORM.MultiFile-intercepted TABLE.formlist DIV.btn BUTTON"
          },
          {
            "id": "path/ordinal",
            "prob": 1,
            "value": "/HTML[1]/BODY[1]/FORM[1]/TABLE[1]/TFOOT[1]/TR[1]/TD[1]/DIV[2]/BUTTON[1]"
          },
          {
            "id": "input/type",
            "verifyEnabled": true,
            "value": "button"
          },
          {
            "id": "elderLevel",
            "value": {
              "level": 0
            }
          },
          {
            "id": "shield",
            "value": {
              "zIndex": "auto",
              "width": 52.609375,
              "height": 19
            }
          }
        ]
      },
      "intendedRole": "button",
      "roles": "element,button",
      "monitored": false,
      "frameXPath": "//iframe[@name='parentDialog']<<IFRAME>>"
    },
    "control14": {
      "location": {
        "data": {
          "tagName": "BUTTON"
        },
        "locators": [
          {
            "id": "button/text",
            "prob": 3,
            "value": {
              "text": [
                "关 闭"
              ],
              "visText": [
                "关 闭"
              ]
            }
          },
          {
            "id": "text",
            "prob": 3,
            "value": {
              "text": [
                "关 闭"
              ],
              "visText": [
                "关 闭"
              ]
            }
          },
          {
            "id": "@class/word",
            "prob": 1,
            "ordinal": [
              1,
              4
            ],
            "value": "FORM.MultiFile-intercepted TABLE.formlist DIV.btn BUTTON"
          },
          {
            "id": "path/ordinal",
            "prob": 1,
            "value": "/HTML[1]/BODY[1]/FORM[1]/TABLE[1]/TFOOT[1]/TR[1]/TD[1]/DIV[2]/BUTTON[2]"
          },
          {
            "id": "input/type",
            "verifyEnabled": true,
            "value": "button"
          },
          {
            "id": "elderLevel",
            "value": {
              "level": 0
            }
          },
          {
            "id": "shield",
            "value": {
              "zIndex": "auto",
              "width": 52.609375,
              "height": 19
            }
          }
        ]
      },
      "intendedRole": "button",
      "roles": "element,button",
      "monitored": false,
      "frameXPath": "//iframe[@name='parentDialog']<<IFRAME>>"
    },
    "control15": {
      "location": {
        "data": {
          "tagName": "BUTTON"
        },
        "locators": [
          {
            "id": "button/text",
            "prob": 3,
            "value": {
              "text": [
                "选择"
              ],
              "visText": [
                "选择"
              ]
            }
          },
          {
            "id": "text",
            "prob": 3,
            "value": {
              "text": [
                "选择"
              ],
              "visText": [
                "选择"
              ]
            }
          },
          {
            "id": "@class/word",
            "prob": 1,
            "ordinal": [
              0,
              2
            ],
            "value": "FORM.MultiFile-intercepted TABLE.formlist BUTTON.btn_01"
          },
          {
            "id": "path/ordinal",
            "prob": 1,
            "value": "/HTML[1]/BODY[1]/FORM[1]/DIV[1]/TABLE[1]/TBODY[1]/TR[1]/TD[1]/BUTTON[1]"
          },
          {
            "id": "style/color",
            "value": [
              1,
              87,
              160
            ]
          },
          {
            "id": "input/type",
            "verifyEnabled": true,
            "value": "button"
          },
          {
            "id": "elderLevel",
            "value": {
              "level": 0
            }
          },
          {
            "id": "shield",
            "value": {
              "zIndex": "auto",
              "width": 46.40625,
              "height": 21
            }
          }
        ]
      },
      "roles": "element,button",
      "text": "选择",
      "frameXPath": "//iframe[@name='parentDialog']<<IFRAME>>"
    },
    "control16": {
      "location": {
        "data": {
          "tagName": "BUTTON"
        },
        "locators": [
          {
            "id": "button/text",
            "prob": 3,
            "value": {
              "text": [
                "选择"
              ],
              "visText": [
                "选择"
              ]
            }
          },
          {
            "id": "text",
            "prob": 3,
            "value": {
              "text": [
                "选择"
              ],
              "visText": [
                "选择"
              ]
            }
          },
          {
            "id": "@class/word",
            "prob": 1,
            "ordinal": [
              0,
              2
            ],
            "value": "FORM.MultiFile-intercepted TABLE.formlist BUTTON.btn_01"
          },
          {
            "id": "path/ordinal",
            "prob": 1,
            "value": "/HTML[1]/BODY[1]/FORM[1]/DIV[1]/TABLE[1]/TBODY[1]/TR[1]/TD[1]/BUTTON[1]"
          },
          {
            "id": "style/color",
            "value": [
              1,
              87,
              160
            ]
          },
          {
            "id": "input/type",
            "verifyEnabled": true,
            "value": "button"
          },
          {
            "id": "elderLevel",
            "value": {
              "level": 0
            }
          },
          {
            "id": "shield",
            "value": {
              "zIndex": "auto",
              "width": 46.40625,
              "height": 21
            }
          }
        ]
      },
      "roles": "element,button",
      "text": "选择",
      "frameXPath": "//iframe[@name='parentDialog']<<IFRAME>>"
    },
    "control17": {
      "location": {
        "data": {
          "tagName": "INPUT"
        },
        "locators": [
          {
            "id": "elem/@name",
            "prob": 2,
            "value": [
              "descendant::form[@name=\"xszbbjgForm\"]//INPUT[@name=\"uploadFile\"]",
              "descendant::INPUT[@name=\"uploadFile\"]"
            ]
          },
          {
            "id": "@id/word",
            "prob": 4,
            "value": [
              "descendant::FORM[@id=\"xszbbjgForm\"]//DIV[@id=\"commonfileuploadfilepath_f_wrap\"]//INPUT[@id=\"commonfileuploadfilepath_f\"]",
              "descendant::DIV[@id=\"commonfileuploadfilepath_f_wrap\"]//INPUT[@id=\"commonfileuploadfilepath_f\"]",
              "descendant::INPUT[@id=\"commonfileuploadfilepath_f\"]"
            ]
          },
          {
            "id": "@class/word",
            "prob": 1,
            "ordinal": [
              0,
              2
            ],
            "value": "TABLE.formlist DIV.MultiFile-wrap INPUT.MultiFile-applied"
          },
          {
            "id": "path/ordinal",
            "prob": 1,
            "value": "/HTML[1]/BODY[1]/FORM[1]/DIV[1]/TABLE[1]/TBODY[2]/TR[4]/TD[1]/DIV[1]/INPUT[1]"
          },
          {
            "id": "input/type",
            "verifyEnabled": true,
            "value": "file"
          },
          {
            "id": "elderLevel",
            "value": {
              "level": 0
            }
          },
          {
            "id": "shield",
            "value": {
              "zIndex": "auto",
              "width": 238,
              "height": 21
            }
          }
        ]
      },
      "roles": "element,file",
      "monitored": false,
      "frameXPath": "//iframe[@name='parentDialog']<<IFRAME>>"
    },
    "control18": {
      "location": {
        "data": {
          "tagName": "TH"
        },
        "locators": [
          {
            "id": "button/text",
            "prob": 3,
            "value": {
              "text": [
                "附件信息"
              ],
              "visText": [
                "附件信息"
              ]
            }
          },
          {
            "id": "text",
            "prob": 3,
            "value": {
              "text": [
                "附件信息"
              ],
              "visText": [
                "附件信息"
              ]
            }
          },
          {
            "id": "@class/word",
            "prob": 1,
            "ordinal": [
              16,
              34
            ],
            "value": "FORM.MultiFile-intercepted TABLE.formlist TBODY TR TH"
          },
          {
            "id": "path/ordinal",
            "prob": 1,
            "value": "/HTML[1]/BODY[1]/FORM[1]/DIV[1]/TABLE[1]/TBODY[2]/TR[4]/TH[1]"
          },
          {
            "id": "elderLevel",
            "value": {
              "level": 0
            }
          },
          {
            "id": "shield",
            "value": {
              "zIndex": "auto",
              "width": 144,
              "height": 89
            }
          }
        ]
      },
      "intendedRole": "fragment",
      "roles": "element,fragment",
      "monitored": false,
      "frameXPath": "//iframe[@name='parentDialog']<<IFRAME>>"
    },
    "control19": {
      "location": {
        "data": {
          "tagName": "TEXTAREA"
        },
        "locators": [
          {
            "id": "button/text",
            "prob": 3,
            "value": {
              "text": [
                "1223"
              ],
              "visText": [
                ""
              ]
            }
          },
          {
            "id": "text",
            "prob": 3,
            "value": {
              "text": [
                "1223"
              ],
              "visText": [
                ""
              ]
            }
          },
          {
            "id": "elem/@name",
            "prob": 2,
            "value": [
              "descendant::form[@name=\"xszbbjgForm\"]//TEXTAREA[@name=\"sqly\"]",
              "descendant::TEXTAREA[@name=\"sqly\"]"
            ]
          },
          {
            "id": "@id/word",
            "prob": 3,
            "value": [
              "descendant::FORM[@id=\"xszbbjgForm\"]//TEXTAREA[@id=\"sqly\"]",
              "descendant::TEXTAREA[@id=\"sqly\"]"
            ]
          },
          {
            "id": "@class/word",
            "prob": 1,
            "ordinal": [
              0,
              2
            ],
            "value": "FORM.MultiFile-intercepted TABLE.formlist TBODY TR TD TEXTAREA"
          },
          {
            "id": "path/ordinal",
            "prob": 1,
            "value": "/HTML[1]/BODY[1]/FORM[1]/DIV[1]/TABLE[1]/TBODY[2]/TR[3]/TD[1]/TEXTAREA[1]"
          },
          {
            "id": "input/type",
            "verifyEnabled": true,
            "value": "textarea"
          },
          {
            "id": "elderLevel",
            "value": {
              "level": 0
            }
          },
          {
            "id": "shield",
            "value": {
              "zIndex": "auto",
              "width": 554.796875,
              "height": 86
            }
          }
        ]
      },
      "intendedRole": "textbox",
      "roles": "element,textbox",
      "monitored": true,
      "frameXPath": "//iframe[@name='parentDialog']<<IFRAME>>"
    },
    "control20": {
      "location": {
        "data": {
          "tagName": "TH"
        },
        "locators": [
          {
            "id": "button/text",
            "prob": 3,
            "value": {
              "text": [
                "*申请补办理由 (限1000字)"
              ],
              "visText": [
                "*申请补办理由 (限1000字)"
              ]
            }
          },
          {
            "id": "text",
            "prob": 3,
            "value": {
              "text": [
                "*申请补办理由 (限1000字)"
              ],
              "visText": [
                "*申请补办理由 (限1000字)"
              ]
            }
          },
          {
            "id": "@class/word",
            "prob": 1,
            "ordinal": [
              15,
              34
            ],
            "value": "FORM.MultiFile-intercepted TABLE.formlist TBODY TR TH"
          },
          {
            "id": "path/ordinal",
            "prob": 1,
            "value": "/HTML[1]/BODY[1]/FORM[1]/DIV[1]/TABLE[1]/TBODY[2]/TR[3]/TH[1]"
          },
          {
            "id": "shield",
            "value": {
              "zIndex": "auto",
              "width": 144,
              "height": 99
            }
          }
        ]
      },
      "intendedRole": "fragment",
      "roles": "element,fragment",
      "monitored": false,
      "frameXPath": "//iframe[@name='parentDialog']<<IFRAME>>"
    },
    "control21": {
      "location": {
        "data": {
          "tagName": "TD"
        },
        "locators": [
          {
            "id": "button/text",
            "prob": 3,
            "value": {
              "text": [
                "2016-09-12 09:53:28"
              ],
              "visText": [
                "2016-09-12 09:53:28"
              ]
            }
          },
          {
            "id": "text",
            "prob": 3,
            "value": {
              "text": [
                "2016-09-12 09:53:28"
              ],
              "visText": [
                "2016-09-12 09:53:28"
              ]
            }
          },
          {
            "id": "@class/word",
            "prob": 1,
            "ordinal": [
              14,
              34
            ],
            "value": "FORM.MultiFile-intercepted TABLE.formlist TBODY TR TD"
          },
          {
            "id": "path/ordinal",
            "prob": 1,
            "value": "/HTML[1]/BODY[1]/FORM[1]/DIV[1]/TABLE[1]/TBODY[2]/TR[2]/TD[1]"
          },
          {
            "id": "shield",
            "value": {
              "zIndex": "auto",
              "width": 575,
              "height": 28
            }
          }
        ]
      },
      "intendedRole": "fragment",
      "roles": "element,fragment",
      "monitored": false,
      "frameXPath": "//iframe[@name='parentDialog']<<IFRAME>>"
    },
    "control22": {
      "location": {
        "data": {
          "tagName": "TH"
        },
        "locators": [
          {
            "id": "button/text",
            "prob": 3,
            "value": {
              "text": [
                "*申请补办时间"
              ],
              "visText": [
                "*申请补办时间"
              ]
            }
          },
          {
            "id": "text",
            "prob": 3,
            "value": {
              "text": [
                "*申请补办时间"
              ],
              "visText": [
                "*申请补办时间"
              ]
            }
          },
          {
            "id": "@class/word",
            "prob": 1,
            "ordinal": [
              14,
              34
            ],
            "value": "FORM.MultiFile-intercepted TABLE.formlist TBODY TR TH"
          },
          {
            "id": "path/ordinal",
            "prob": 1,
            "value": "/HTML[1]/BODY[1]/FORM[1]/DIV[1]/TABLE[1]/TBODY[2]/TR[2]/TH[1]"
          },
          {
            "id": "shield",
            "value": {
              "zIndex": "auto",
              "width": 144,
              "height": 28
            }
          }
        ]
      },
      "intendedRole": "fragment",
      "roles": "element,fragment",
      "monitored": false,
      "frameXPath": "//iframe[@name='parentDialog']<<IFRAME>>"
    },
    "control23": {
      "location": {
        "data": {
          "tagName": "SELECT"
        },
        "locators": [
          {
            "id": "button/text",
            "prob": 3,
            "value": {
              "text": [
                "学生证 西安市大学生基本医疗保险证"
              ],
              "visText": [
                ""
              ]
            }
          },
          {
            "id": "text",
            "prob": 3,
            "value": {
              "text": [
                "学生证 西安市大学生基本医疗保险证"
              ],
              "visText": [
                ""
              ]
            }
          },
          {
            "id": "elem/@name",
            "prob": 2,
            "value": [
              "descendant::form[@name=\"xszbbjgForm\"]//SELECT[@name=\"xszbblxdm\"]",
              "descendant::SELECT[@name=\"xszbblxdm\"]"
            ]
          },
          {
            "id": "@id/word",
            "prob": 3,
            "value": [
              "descendant::FORM[@id=\"xszbbjgForm\"]//SELECT[@id=\"xszbblxdm\"]",
              "descendant::SELECT[@id=\"xszbblxdm\"]"
            ]
          },
          {
            "id": "@class/word",
            "prob": 1,
            "ordinal": [
              0,
              2
            ],
            "value": "FORM.MultiFile-intercepted TABLE.formlist TBODY TR TD SELECT"
          },
          {
            "id": "path/ordinal",
            "prob": 1,
            "value": "/HTML[1]/BODY[1]/FORM[1]/DIV[1]/TABLE[1]/TBODY[2]/TR[1]/TD[1]/SELECT[1]"
          },
          {
            "id": "input/type",
            "verifyEnabled": true,
            "value": "select-one"
          },
          {
            "id": "shield",
            "value": {
              "zIndex": "auto",
              "width": 130,
              "height": 19
            }
          }
        ]
      },
      "intendedRole": "listbox",
      "roles": "element,listbox",
      "monitored": true,
      "frameXPath": "//iframe[@name='parentDialog']<<IFRAME>>"
    },
    "control24": {
      "location": {
        "data": {
          "tagName": "TH"
        },
        "locators": [
          {
            "id": "button/text",
            "prob": 3,
            "value": {
              "text": [
                "*补办证件"
              ],
              "visText": [
                "*补办证件"
              ]
            }
          },
          {
            "id": "text",
            "prob": 3,
            "value": {
              "text": [
                "*补办证件"
              ],
              "visText": [
                "*补办证件"
              ]
            }
          },
          {
            "id": "@class/word",
            "prob": 1,
            "ordinal": [
              12,
              34
            ],
            "value": "FORM.MultiFile-intercepted TABLE.formlist TBODY TR TH"
          },
          {
            "id": "path/ordinal",
            "prob": 1,
            "value": "/HTML[1]/BODY[1]/FORM[1]/DIV[1]/TABLE[1]/TBODY[2]/TR[1]/TH[1]"
          },
          {
            "id": "shield",
            "value": {
              "zIndex": "auto",
              "width": 144,
              "height": 32
            }
          }
        ]
      },
      "intendedRole": "fragment",
      "roles": "element,fragment",
      "monitored": false,
      "frameXPath": "//iframe[@name='parentDialog']<<IFRAME>>"
    },
    "control228": {
      "location": {
        "data": {
          "tagName": "BUTTON"
        },
        "locators": [
          {
            "id": "button/text",
            "prob": 3,
            "value": {
              "text": [
                "关 闭"
              ],
              "visText": [
                "关 闭"
              ]
            }
          },
          {
            "id": "text",
            "prob": 3,
            "value": {
              "text": [
                "关 闭"
              ],
              "visText": [
                "关 闭"
              ]
            }
          },
          {
            "id": "@class/word",
            "prob": 1,
            "ordinal": [
              1,
              4
            ],
            "value": "FORM.MultiFile-intercepted TABLE.formlist DIV.btn BUTTON"
          },
          {
            "id": "path/ordinal",
            "prob": 1,
            "value": "/HTML[1]/BODY[1]/FORM[1]/TABLE[1]/TFOOT[1]/TR[1]/TD[1]/DIV[2]/BUTTON[2]"
          },
          {
            "id": "input/type",
            "verifyEnabled": true,
            "value": "button"
          },
          {
            "id": "elderLevel",
            "value": {
              "level": 0
            }
          },
          {
            "id": "shield",
            "value": {
              "zIndex": "auto",
              "width": 52.609375,
              "height": 19
            }
          }
        ]
      },
      "intendedRole": "button",
      "roles": "element,button",
      "monitored": false,
      "frameXPath": "//iframe[@name='parentDialog']<<IFRAME>>"
    },
    "control229": {
      "location": {
        "data": {
          "tagName": "SPAN"
        },
        "locators": [
          {
            "id": "button/text",
            "prob": 3,
            "value": {
              "text": [
                "学生基本信息"
              ],
              "visText": [
                "学生基本信息"
              ]
            }
          },
          {
            "id": "text",
            "prob": 3,
            "value": {
              "text": [
                "学生基本信息"
              ],
              "visText": [
                "学生基本信息"
              ]
            }
          },
          {
            "id": "@class/word",
            "prob": 1,
            "ordinal": [
              0,
              4
            ],
            "value": "FORM.MultiFile-intercepted TABLE.formlist THEAD TR TH SPAN"
          },
          {
            "id": "path/ordinal",
            "prob": 1,
            "value": "/HTML[1]/BODY[1]/FORM[1]/DIV[1]/TABLE[1]/THEAD[1]/TR[1]/TH[1]/SPAN[1]"
          },
          {
            "id": "elderLevel",
            "value": {
              "level": 0
            }
          },
          {
            "id": "shield",
            "value": {
              "zIndex": "auto",
              "width": 117.875,
              "height": 22
            }
          }
        ]
      },
      "roles": "element",
      "text": "学生基本信息",
      "frameXPath": "//iframe[@name='parentDialog']<<IFRAME>>"
    },
    "control231": {
      "location": {
        "data": {
          "tagName": "DIV"
        },
        "locators": [
          {
            "id": "button/text",
            "prob": 3,
            "ordinal": [
              1,
              2
            ],
            "value": {
              "text": [
                "系统提示01r保存成功！"
              ],
              "visText": [
                "系统提示保存成功！"
              ]
            }
          },
          {
            "id": "text",
            "prob": 3,
            "value": {
              "text": [
                "系统提示01r保存成功！"
              ],
              "visText": [
                "系统提示 保存成功！"
              ]
            }
          },
          {
            "id": "@id/partialWord",
            "prob": 3,
            "value": {
              "elemId": "ym-window",
              "tagName": "DIV",
              "prefix": "",
              "suffix": "",
              "ratio": 0
            }
          },
          {
            "id": "path/ordinal",
            "prob": 1,
            "value": "/HTML[1]/BODY[1]/DIV[4]/DIV[2]"
          },
          {
            "id": "shield",
            "value": {
              "zIndex": "10001",
              "width": 342,
              "height": 161
            }
          }
        ]
      },
      "events": {
        "onGetData": "getData_control231"
      },
      "intendedRole": "custom",
      "roles": "element,custom",
      "monitored": true,
      "frameXPath": "//iframe[@name='parentDialog']<<IFRAME>>"
    },
    "control232": {
      "location": {
        "data": {
          "tagName": "DIV"
        },
        "locators": [
          {
            "id": "button/text",
            "prob": 3,
            "ordinal": [
              1,
              2
            ],
            "value": {
              "text": [
                "系统提示01r保存成功！"
              ],
              "visText": [
                "系统提示保存成功！"
              ]
            }
          },
          {
            "id": "text",
            "prob": 3,
            "value": {
              "text": [
                "系统提示01r保存成功！"
              ],
              "visText": [
                "系统提示 保存成功！"
              ]
            }
          },
          {
            "id": "@id/partialWord",
            "prob": 3,
            "value": {
              "elemId": "ym-window",
              "tagName": "DIV",
              "prefix": "",
              "suffix": "",
              "ratio": 0
            }
          },
          {
            "id": "path/ordinal",
            "prob": 1,
            "value": "/HTML[1]/BODY[1]/DIV[4]/DIV[2]"
          },
          {
            "id": "shield",
            "value": {
              "zIndex": "10001",
              "width": 342,
              "height": 161
            }
          }
        ]
      },
      "intendedRole": "dialog",
      "roles": "element,dialog",
      "monitored": false,
      "frameXPath": "//iframe[@name='parentDialog']<<IFRAME>>"
    },
    "control233": {
      "location": {
        "data": {
          "tagName": "DIV"
        },
        "locators": [
          {
            "id": "button/text",
            "prob": 3,
            "ordinal": [
              1,
              2
            ],
            "value": {
              "text": [
                "系统提示01r保存成功！"
              ],
              "visText": [
                "系统提示保存成功！"
              ]
            }
          },
          {
            "id": "text",
            "prob": 3,
            "value": {
              "text": [
                "系统提示01r保存成功！"
              ],
              "visText": [
                "系统提示 保存成功！"
              ]
            }
          },
          {
            "id": "@id/partialWord",
            "prob": 3,
            "value": {
              "elemId": "ym-window",
              "tagName": "DIV",
              "prefix": "",
              "suffix": "",
              "ratio": 0
            }
          },
          {
            "id": "path/ordinal",
            "prob": 1,
            "value": "/HTML[1]/BODY[1]/DIV[4]/DIV[2]"
          },
          {
            "id": "shield",
            "value": {
              "zIndex": "10001",
              "width": 342,
              "height": 161
            }
          }
        ]
      },
      "events": {
        "onGetData": "getData_control233"
      },
      "intendedRole": "custom",
      "roles": "element,custom",
      "monitored": true,
      "frameXPath": "//iframe[@name='parentDialog']<<IFRAME>>"
    }
  },
  "contexts": {
    "context3": {
      "controls": [
        "control0",
        "control1",
        "control2",
        "control3",
        "control4",
        "control5",
        "control6",
        "control7",
        "control9",
        "control11",
        "control12",
        "control13",
        "control14",
        "control17",
        "control18",
        "control19",
        "control20",
        "control21",
        "control22",
        "control23",
        "control24",
        "control228",
        "control231",
        "control232",
        "control233"
      ],
      "anchors": [
        "control229"
      ]
    }
  },
  "flows": {
    "flow0": {
      "toContexts": [
        {
          "toContextId": "context3"
        }
      ]
    },
    "flow156": {
      "fromContextId": "context3",
      "fromAction": "click",
      "fromControlId": "control228",
      "toContexts": [
        {
          "toContextId": "context3"
        }
      ]
    },
    "flow157": {
      "fromContextId": "context3",
      "fromAction": "click",
      "fromControlId": "control13",
      "toContexts": [
        {
          "toContextId": "context3"
        }
      ]
    },
    "flow158": {
      "fromContextId": "context3",
      "fromAction": "click",
      "fromControlId": "control232",
      "toContexts": [
        {
          "toContextId": "context3"
        }
      ]
    }
  },
  "pages": {
    "page3": {
      "contextId": "context3",
      "layout": [
        {
          "id": "uiControl0",
          "display": {
            "class": "xg_header",
            "title": "修改证件补办结果信息",
            "type": "header",
            "adapterId": "header",
            "adapter": {
              "templateType": ""
            }
          },
          "layout": []
        },
        {
          "id": "uiControl244",
          "controlId": "control228",
          "display": {
            "adapterId": "clickable",
            "type": "button",
            "text": "返回\t\t\t\t\t\t\t\t\t",
            "class": "xg_back",
            "adapter": {
              "templateType": ""
            }
          }
        },
        {
          "id": "uiControl1",
          "display": {
            "type": "card",
            "adapterId": "card",
            "class": "xg_body",
            "adapter": {
              "templateType": ""
            }
          },
          "layout": [
            {
              "id": "uiControl1body",
              "display": {
                "type": "cardBody",
                "adapterId": "cardBody",
                "adapter": {
                  "templateType": ""
                }
              },
              "layout": [
                {
                  "id": "uiControl2",
                  "controlId": "control0",
                  "display": {
                    "adapterId": "fragment",
                    "type": "fragment",
                    "class": "y_header",
                    "adapter": {
                      "templateType": ""
                    }
                  }
                },
                {
                  "id": "uiControl3",
                  "controlId": "control1",
                  "display": {
                    "adapterId": "custom",
                    "type": "custom",
                    "adapter": {
                      "templateType": "react",
                      "events": {
                        "onDoAction": "doAction_uiControl3",
                        "onGetTemplate": "getTemplate_uiControl3"
                      }
                    }
                  }
                },
                {
                  "id": "uiControl4",
                  "controlId": "control2",
                  "display": {
                    "adapterId": "fragment",
                    "type": "fragment",
                    "class": "y_header",
                    "adapter": {
                      "templateType": ""
                    }
                  }
                },
                {
                  "id": "uiControl21",
                  "display": {
                    "type": "card",
                    "adapterId": "card",
                    "class": "y_dor_info",
                    "adapter": {
                      "templateType": ""
                    }
                  },
                  "layout": [
                    {
                      "id": "uiControl21body",
                      "display": {
                        "type": "cardBody",
                        "adapterId": "cardBody",
                        "adapter": {
                          "templateType": ""
                        }
                      },
                      "layout": [
                        {
                          "id": "uiControl33",
                          "controlId": "control24",
                          "display": {
                            "adapterId": "fragment",
                            "type": "fragment",
                            "adapter": {
                              "templateType": ""
                            }
                          }
                        },
                        {
                          "id": "uiControl31",
                          "display": {
                            "type": "card",
                            "adapterId": "card",
                            "adapter": {
                              "templateType": ""
                            }
                          },
                          "layout": [
                            {
                              "id": "uiControl31body",
                              "display": {
                                "type": "cardBody",
                                "adapterId": "cardBody",
                                "adapter": {
                                  "templateType": ""
                                }
                              },
                              "layout": [
                                {
                                  "id": "uiControl32",
                                  "controlId": "control23",
                                  "display": {
                                    "adapterId": "listbox",
                                    "type": "listbox",
                                    "adapter": {
                                      "templateType": ""
                                    }
                                  }
                                }
                              ]
                            }
                          ]
                        },
                        {
                          "id": "uiControl30",
                          "controlId": "control22",
                          "display": {
                            "adapterId": "fragment",
                            "type": "fragment",
                            "adapter": {
                              "templateType": ""
                            }
                          }
                        },
                        {
                          "id": "uiControl28",
                          "display": {
                            "type": "card",
                            "adapterId": "card",
                            "adapter": {
                              "templateType": ""
                            }
                          },
                          "layout": [
                            {
                              "id": "uiControl28body",
                              "display": {
                                "type": "cardBody",
                                "adapterId": "cardBody",
                                "adapter": {
                                  "templateType": ""
                                }
                              },
                              "layout": [
                                {
                                  "id": "uiControl29",
                                  "controlId": "control21",
                                  "display": {
                                    "adapterId": "fragment",
                                    "type": "fragment",
                                    "class": "y_dor_time",
                                    "adapter": {
                                      "templateType": ""
                                    }
                                  }
                                }
                              ]
                            }
                          ]
                        },
                        {
                          "id": "uiControl27",
                          "controlId": "control20",
                          "display": {
                            "adapterId": "fragment",
                            "type": "fragment",
                            "class": "y_dor_none",
                            "adapter": {
                              "templateType": ""
                            }
                          }
                        },
                        {
                          "id": "uiControl25",
                          "display": {
                            "type": "card",
                            "adapterId": "card",
                            "class": "y_dor_textarea",
                            "adapter": {
                              "templateType": ""
                            }
                          },
                          "layout": [
                            {
                              "id": "uiControl25body",
                              "display": {
                                "type": "cardBody",
                                "adapterId": "cardBody",
                                "adapter": {
                                  "templateType": ""
                                }
                              },
                              "layout": [
                                {
                                  "id": "uiControl26",
                                  "controlId": "control19",
                                  "display": {
                                    "adapterId": "textbox",
                                    "type": "textbox",
                                    "placeholder": "限1000字",
                                    "adapter": {
                                      "templateType": ""
                                    }
                                  }
                                }
                              ]
                            }
                          ]
                        },
                        {
                          "id": "uiControl24",
                          "controlId": "control18",
                          "display": {
                            "adapterId": "fragment",
                            "type": "fragment",
                            "adapter": {
                              "templateType": ""
                            }
                          }
                        },
                        {
                          "id": "uiControl22",
                          "display": {
                            "type": "card",
                            "adapterId": "card",
                            "class": "y_dor_up",
                            "adapter": {
                              "templateType": ""
                            }
                          },
                          "layout": [
                            {
                              "id": "uiControl22body",
                              "display": {
                                "type": "cardBody",
                                "adapterId": "cardBody",
                                "adapter": {
                                  "templateType": ""
                                }
                              },
                              "layout": [
                                {
                                  "id": "uiControl23",
                                  "controlId": "control17",
                                  "display": {
                                    "adapterId": "clickable",
                                    "type": "fileUpload",
                                    "adapter": {
                                      "templateType": ""
                                    }
                                  }
                                }
                              ]
                            }
                          ]
                        },
                        {
                          "id": "uiControl17",
                          "controlId": "control11",
                          "display": {
                            "adapterId": "fragment",
                            "type": "fragment",
                            "class": "y_dor_red",
                            "adapter": {
                              "templateType": ""
                            }
                          }
                        },
                        {
                          "id": "uiControl18",
                          "controlId": "control12",
                          "display": {
                            "adapterId": "fragment",
                            "type": "fragment",
                            "class": "y_note",
                            "adapter": {
                              "templateType": ""
                            }
                          }
                        }
                      ]
                    }
                  ]
                },
                {
                  "id": "uiControl19",
                  "controlId": "control13",
                  "display": {
                    "adapterId": "clickable",
                    "type": "button",
                    "class": "xg_two_btn",
                    "adapter": {
                      "templateType": ""
                    }
                  }
                },
                {
                  "id": "uiControl20",
                  "controlId": "control14",
                  "display": {
                    "adapterId": "clickable",
                    "type": "button",
                    "class": "xg_two_btn1",
                    "adapter": {
                      "templateType": ""
                    }
                  }
                }
              ]
            }
          ]
        },
        {
          "id": "uiControl246",
          "controlId": "control232",
          "display": {
            "adapterId": "dialog",
            "type": "dialog",
            "class": "xg_alert",
            "adapter": {
              "templateType": ""
            }
          },
          "layout": [
            {
              "id": "uiControl246body",
              "display": {
                "type": "dialogBody",
                "adapterId": "dialogBody",
                "adapter": {
                  "templateType": ""
                }
              },
              "layout": [
                {
                  "id": "uiControl247",
                  "controlId": "control233",
                  "display": {
                    "adapterId": "custom",
                    "type": "custom",
                    "adapter": {
                      "templateType": "react",
                      "events": {
                        "onDoAction": "doAction_uiControl247",
                        "onGetTemplate": "getTemplate_uiControl247"
                      }
                    }
                  }
                }
              ]
            },
            {
              "id": "uiControl246footer",
              "display": {
                "type": "dialogFooter",
                "adapterId": "dialogFooter",
                "adapter": {
                  "templateType": ""
                }
              },
              "layout": []
            }
          ]
        }
      ]
    }
  },
  "matchers": {
    "page/title": {
      "contexts": {
        "context3": [
          ""
        ]
      }
    },
    "page/urls": {
      "contexts": {
        "context3": [
          "42.247.16.108/xgxt/rcsw_xszbb_bbjg.do"
        ]
      }
    },
    "page/ids": {
      "contexts": {
        "context3": [
          [
            " loadingfilepath_f",
            "bbjgid",
            "commonfileupload-listfilepath_f",
            "commonfileuploadfilepath_f",
            "commonfileuploadfilepath_f_wrap",
            "filepath",
            "sqly",
            "tipsfilepath_f",
            "xszbblxdm"
          ],
          [
            " loadingfilepath_f",
            "commonfileupload-listfilepath_f",
            "commonfileuploadfilepath_f",
            "commonfileuploadfilepath_f_wrap",
            "filepath",
            "sqly",
            "tipsfilepath_f",
            "xh",
            "xszbblxdm"
          ],
          []
        ]
      }
    },
    "page/classes": {
      "contexts": {
        "context3": [
          [
            "MultiFile-applied",
            "MultiFile-wrap",
            "btn",
            "bz",
            "formli",
            "loading",
            "name",
            "red",
            "t"
          ],
          [
            "MultiFile-applied",
            "MultiFile-wrap",
            "btn",
            "btn_",
            "bz",
            "formli",
            "loading",
            "red",
            "t"
          ],
          [
            "name"
          ]
        ]
      }
    },
    "page/tagTriplets": {
      "contexts": {
        "context3": [
          [
            "-/-/DIV",
            "-/-/INPUT-hidden",
            "-/-/TABLE",
            "-/DIV/TABLE",
            "-/TABLE/TFOOT",
            "DIV/TABLE/TBODY",
            "DIV/TABLE/THEAD",
            "TABLE/TBODY/TR",
            "TABLE/TFOOT/TR",
            "TABLE/THEAD/TR",
            "TBODY/TR/TD",
            "TBODY/TR/TH",
            "TD/DIV/BUTTON",
            "TD/DIV/INPUT-file",
            "TD/DIV/SPAN",
            "TD/SELECT/OPTION",
            "TD/SPAN/BR",
            "TFOOT/TR/TD",
            "THEAD/TR/TH",
            "TR/TD/A",
            "TR/TD/DIV",
            "TR/TD/INPUT-hidden",
            "TR/TD/SCRIPT",
            "TR/TD/SELECT",
            "TR/TD/SPAN",
            "TR/TD/TEXTAREA",
            "TR/TH/BR",
            "TR/TH/FONT",
            "TR/TH/SPAN"
          ],
          [
            "-/-/DIV",
            "-/-/TABLE",
            "-/DIV/TABLE",
            "-/TABLE/TFOOT",
            "DIV/TABLE/TBODY",
            "DIV/TABLE/THEAD",
            "TABLE/TBODY/TR",
            "TABLE/TFOOT/TR",
            "TABLE/THEAD/TR",
            "TBODY/TR/TD",
            "TBODY/TR/TH",
            "TD/DIV/BUTTON",
            "TD/DIV/INPUT-file",
            "TD/DIV/SPAN",
            "TD/SELECT/OPTION",
            "TD/SPAN/BR",
            "TFOOT/TR/TD",
            "THEAD/TR/TH",
            "TR/TD/BUTTON",
            "TR/TD/DIV",
            "TR/TD/INPUT-hidden",
            "TR/TD/INPUT-text",
            "TR/TD/SCRIPT",
            "TR/TD/SELECT",
            "TR/TD/SPAN",
            "TR/TD/TEXTAREA",
            "TR/TH/BR",
            "TR/TH/FONT",
            "TR/TH/SPAN"
          ],
          [
            "-/-/TD",
            "-/-/TH",
            "-/TD/A"
          ]
        ]
      }
    }
  }
}