{
  "version": "0.1",
  "id": "lv_poorStuRes_query",
  "targetURL": "http://42.247.16.108/xgxt/xszz_knsjg_cx.do",
  "jsFile": "../../lib/base.js,../../lib/customTemplate.js,index.js",
  "cssFile": "../../lib/base.css",
  "requires": {
    "login": "../login/index.json",
    "lv_poorStuResult": "../lv_poorStuResult/index.json",
    "lv_pooeStuRes_stuInfo": "../lv_pooeStuRes_stuInfo/index.json"
  },
  "chineseName": "困难生查询",
  "description": "困难生查询",
  "controls": {
    "control1": {
      "location": {
        "data": {
          "tagName": "BUTTON"
        },
        "locators": [
          {
            "id": "button/text",
            "prob": 3,
            "value": {
              "text": [
                "关 闭"
              ],
              "visText": [
                "关 闭"
              ]
            }
          },
          {
            "id": "text",
            "prob": 3,
            "value": {
              "text": [
                "关 闭"
              ],
              "visText": [
                "关 闭"
              ]
            }
          },
          {
            "id": "@class/word",
            "prob": 1,
            "ordinal": [
              0,
              2
            ],
            "value": "TABLE.formlist DIV.btn BUTTON"
          },
          {
            "id": "path/ordinal",
            "prob": 1,
            "value": "/HTML[1]/BODY[1]/FORM[1]/DIV[2]/TABLE[1]/TFOOT[1]/TR[1]/TD[1]/DIV[1]/BUTTON[1]"
          },
          {
            "id": "input/type",
            "verifyEnabled": true,
            "value": "button"
          },
          {
            "id": "elderLevel",
            "value": {
              "level": 0
            }
          },
          {
            "id": "shield",
            "value": {
              "zIndex": "auto",
              "width": 52.609375,
              "height": 19
            }
          }
        ]
      },
      "intendedRole": "button",
      "roles": "element,button",
      "monitored": false,
      "frameXPath": "//iframe[@name='parentDialog']<<IFRAME>>"
    },
    "control3": {
      "location": {
        "data": {
          "tagName": "TH"
        },
        "locators": [
          {
            "id": "button/text",
            "prob": 3,
            "value": {
              "text": [
                "学生基本信息"
              ],
              "visText": [
                "学生基本信息"
              ]
            }
          },
          {
            "id": "text",
            "prob": 3,
            "value": {
              "text": [
                "学生基本信息"
              ],
              "visText": [
                "学生基本信息"
              ]
            }
          },
          {
            "id": "@class/word",
            "prob": 1,
            "ordinal": [
              0,
              4
            ],
            "value": "TABLE.formlist THEAD TR TH"
          },
          {
            "id": "path/ordinal",
            "prob": 1,
            "value": "/HTML[1]/BODY[1]/FORM[1]/DIV[1]/TABLE[1]/THEAD[1]/TR[1]/TH[1]"
          },
          {
            "id": "style/color",
            "value": [
              0,
              87,
              156
            ]
          },
          {
            "id": "shield",
            "value": {
              "zIndex": "auto",
              "width": 699,
              "height": 33
            }
          }
        ]
      },
      "intendedRole": "fragment",
      "roles": "element,fragment",
      "monitored": false,
      "frameXPath": "//iframe[@name='parentDialog']<<IFRAME>>"
    },
    "control4": {
      "location": {
        "data": {
          "tagName": "TH"
        },
        "locators": [
          {
            "id": "button/text",
            "prob": 3,
            "value": {
              "text": [
                "学号"
              ],
              "visText": [
                "学号"
              ]
            }
          },
          {
            "id": "text",
            "prob": 3,
            "value": {
              "text": [
                "学号"
              ],
              "visText": [
                "学号"
              ]
            }
          },
          {
            "id": "@class/word",
            "prob": 1,
            "ordinal": [
              0,
              30
            ],
            "value": "TABLE.formlist TBODY TR TH"
          },
          {
            "id": "path/ordinal",
            "prob": 1,
            "value": "/HTML[1]/BODY[1]/FORM[1]/DIV[1]/TABLE[1]/TBODY[1]/TR[1]/TH[1]"
          },
          {
            "id": "elderLevel",
            "value": {
              "level": 0
            }
          },
          {
            "id": "shield",
            "value": {
              "zIndex": "auto",
              "width": 112,
              "height": 28
            }
          }
        ]
      },
      "intendedRole": "fragment",
      "roles": "element,fragment",
      "monitored": false,
      "frameXPath": "//iframe[@name='parentDialog']<<IFRAME>>"
    },
    "control8": {
      "location": {
        "data": {
          "tagName": "A"
        },
        "locators": [
          {
            "id": "button/text",
            "prob": 3,
            "value": {
              "text": [
                "128322"
              ],
              "visText": [
                "128322"
              ]
            }
          },
          {
            "id": "text",
            "prob": 3,
            "value": {
              "text": [
                "128322"
              ],
              "visText": [
                "128322"
              ]
            }
          },
          {
            "id": "@class/word",
            "prob": 1,
            "ordinal": [
              0,
              2
            ],
            "value": "TABLE.formlist A.name"
          },
          {
            "id": "path/ordinal",
            "prob": 1,
            "value": "/HTML[1]/BODY[1]/FORM[1]/DIV[1]/TABLE[1]/TBODY[1]/TR[1]/TD[1]/A[1]"
          },
          {
            "id": "style/color",
            "value": [
              15,
              93,
              194
            ]
          },
          {
            "id": "elderLevel",
            "value": {
              "level": 0
            }
          },
          {
            "id": "shield",
            "value": {
              "zIndex": "auto",
              "width": 52.40625,
              "height": 19
            }
          }
        ]
      },
      "intendedRole": "link",
      "roles": "element,link",
      "monitored": false,
      "frameXPath": "//iframe[@name='parentDialog']<<IFRAME>>"
    },
    "control470": {
      "location": {
        "data": {
          "tagName": "TABLE"
        },
        "locators": [
          {
            "id": "@id/word",
            "prob": 2,
            "value": [
              "descendant::FORM[@id=\"knsjgForm\"]/DIV[1]/TABLE[1]",
              "descendant::FORM[@id=\"knsjgForm\"]//TABLE"
            ]
          },
          {
            "id": "@class/word",
            "prob": 1,
            "ordinal": [
              0,
              4
            ],
            "value": "TABLE.formlist"
          },
          {
            "id": "path/ordinal",
            "prob": 1,
            "value": "/HTML[1]/BODY[1]/FORM[1]/DIV[1]/TABLE[1]"
          },
          {
            "id": "shield",
            "value": {
              "zIndex": "auto",
              "width": 683,
              "height": 365
            }
          }
        ]
      },
      "intendedRole": "fragment",
      "roles": "element,link,fragment",
      "monitored": false,
      "frameXPath": "//iframe[@name='parentDialog']<<IFRAME>>"
    },
    "control471": {
      "location": {
        "data": {
          "tagName": "THEAD"
        },
        "locators": [
          {
            "id": "button/text",
            "prob": 3,
            "value": {
              "text": [
                "困难生认定信息"
              ],
              "visText": [
                "困难生认定信息"
              ]
            }
          },
          {
            "id": "text",
            "prob": 3,
            "value": {
              "text": [
                "困难生认定信息"
              ],
              "visText": [
                "困难生认定信息"
              ]
            }
          },
          {
            "id": "@id/word",
            "prob": 2,
            "value": [
              "descendant::FORM[@id=\"knsjgForm\"]/DIV[1]/TABLE[1]/THEAD[2]",
              "descendant::FORM[@id=\"knsjgForm\"]//THEAD"
            ]
          },
          {
            "id": "@class/word",
            "prob": 1,
            "ordinal": [
              1,
              4
            ],
            "value": "TABLE.formlist THEAD"
          },
          {
            "id": "path/ordinal",
            "prob": 1,
            "value": "/HTML[1]/BODY[1]/FORM[1]/DIV[1]/TABLE[1]/THEAD[2]"
          },
          {
            "id": "shield",
            "value": {
              "zIndex": "auto",
              "width": 682,
              "height": 33
            }
          }
        ]
      },
      "intendedRole": "fragment",
      "roles": "element,fragment",
      "monitored": false,
      "frameXPath": "//iframe[@name='parentDialog']<<IFRAME>>"
    },
    "control472": {
      "location": {
        "data": {
          "tagName": "TBODY"
        },
        "locators": [
          {
            "id": "text",
            "prob": 3,
            "value": {
              "text": [
                "学年 2016-2017 申请时间 2016-10-19 11:47:10 认定档次 一般困难 认定理由 ysp_test_测试信息 附件信息 无 //调用附件 jQuery(function(){ var gid = \"\"; jQuery.MultiUploader_q({ gid : gid }); });"
              ],
              "visText": [
                "学年 2016-2017 申请时间 2016-10-19 11:47:10 认定档次 一般困难 认定理由 ysp_test_测试信息 附件信息 无"
              ]
            }
          },
          {
            "id": "@id/word",
            "prob": 2,
            "value": [
              "descendant::FORM[@id=\"knsjgForm\"]/DIV[1]/TABLE[1]/TBODY[2]",
              "descendant::FORM[@id=\"knsjgForm\"]//TBODY"
            ]
          },
          {
            "id": "@class/word",
            "prob": 1,
            "ordinal": [
              1,
              4
            ],
            "value": "TABLE.formlist TBODY"
          },
          {
            "id": "path/ordinal",
            "prob": 1,
            "value": "/HTML[1]/BODY[1]/FORM[1]/DIV[1]/TABLE[1]/TBODY[2]"
          },
          {
            "id": "shield",
            "value": {
              "zIndex": "auto",
              "width": 682,
              "height": 138
            }
          }
        ]
      },
      "events": {
        "onGetData": "getData_control472"
      },
      "intendedRole": "custom",
      "roles": "element,custom",
      "monitored": false,
      "frameXPath": "//iframe[@name='parentDialog']<<IFRAME>>"
    },
    "control474": {
      "location": {
        "data": {
          "tagName": "TD"
        },
        "locators": [
          {
            "id": "button/text",
            "prob": 3,
            "value": {
              "text": [
                "关 闭"
              ],
              "visText": [
                "关 闭"
              ]
            }
          },
          {
            "id": "text",
            "prob": 3,
            "value": {
              "text": [
                "关 闭"
              ],
              "visText": [
                "关 闭"
              ]
            }
          },
          {
            "id": "@class/word",
            "prob": 1,
            "ordinal": [
              0,
              2
            ],
            "value": "TABLE.formlist TFOOT TR TD"
          },
          {
            "id": "path/ordinal",
            "prob": 1,
            "value": "/HTML[1]/BODY[1]/FORM[1]/DIV[2]/TABLE[1]/TFOOT[1]/TR[1]/TD[1]"
          },
          {
            "id": "shield",
            "value": {
              "zIndex": "auto",
              "width": 682,
              "height": 36
            }
          }
        ]
      },
      "roles": "element",
      "text": "\n\t\t\t\t\t\t\t\t\n\t\t\t\t\t\t\t\t\n\t\t\t\t\t\t\t\t\t\n\t\t\t\t\t\t\t\t\t\n\t\t\t\t\t\t\t\t\t\t关 闭\n\t\t\t\t\t\t\t\t\t\n\t\t\t\t\t\t\t\t\n\t\t\t\t\t\t\t",
      "frameXPath": "//iframe[@name='parentDialog']<<IFRAME>>"
    }
  },
  "contexts": {
    "context2": {
      "controls": [
        "control1",
        "control3",
        "control4",
        "control8",
        "control470",
        "control471",
        "control472"
      ],
      "anchors": [
        "control474"
      ]
    }
  },
  "flows": {
    "flow0": {
      "toContexts": [
        {
          "toContextId": "context2"
        },
        {
          "toContextId": "context1",
          "toModelId": "lv_poorStuResult"
        }
      ]
    },
    "flow1": {
      "fromContextId": "context2",
      "fromAction": "click",
      "fromControlId": "control1",
      "toContexts": [
        {
          "toContextId": "context2"
        },
        {
          "toContextId": "context1",
          "toModelId": "lv_poorStuResult"
        }
      ]
    },
    "flow2": {
      "fromContextId": "context2",
      "fromAction": "click",
      "fromControlId": "control5",
      "toContexts": [
        {
          "toContextId": "context2"
        }
      ]
    },
    "flow3": {
      "fromContextId": "context2",
      "fromAction": "click",
      "fromControlId": "control8",
      "toContexts": [
        {
          "toContextId": "context2"
        },
        {
          "toContextId": "context3",
          "toModelId": "lv_pooeStuRes_stuInfo"
        }
      ]
    },
    "flow174": {
      "fromContextId": "context2",
      "fromAction": "click",
      "fromControlId": "control470",
      "toContexts": [
        {
          "toContextId": "context2"
        }
      ]
    }
  },
  "pages": {
    "page2": {
      "contextId": "context2",
      "layout": [
        {
          "id": "uiControl327",
          "display": {
            "class": "xg_header",
            "title": "困难生查询",
            "type": "header",
            "adapterId": "header",
            "adapter": {
              "templateType": ""
            }
          },
          "layout": [
            {
              "id": "uiControl327headerLeft",
              "display": {
                "type": "headerLeft",
                "adapterId": "headerLeft",
                "adapter": {
                  "templateType": ""
                }
              },
              "layout": []
            }
          ]
        },
        {
          "id": "uiControl35",
          "controlId": "control1",
          "display": {
            "adapterId": "clickable",
            "type": "button",
            "class": "xg_back",
            "text": "\t返回",
            "adapter": {
              "templateType": ""
            }
          }
        },
        {
          "id": "uiControl36",
          "display": {
            "type": "card",
            "adapterId": "card",
            "class": "xg_body",
            "adapter": {
              "templateType": ""
            }
          },
          "layout": [
            {
              "id": "uiControl36body",
              "display": {
                "type": "cardBody",
                "adapterId": "cardBody",
                "adapter": {
                  "templateType": ""
                }
              },
              "layout": [
                {
                  "id": "uiControl38",
                  "controlId": "control3",
                  "display": {
                    "adapterId": "fragment",
                    "type": "fragment",
                    "class": "lv_ps_reth",
                    "adapter": {
                      "templateType": ""
                    }
                  }
                },
                {
                  "id": "uiControl39",
                  "controlId": "control4",
                  "display": {
                    "adapterId": "fragment",
                    "type": "fragment",
                    "class": "w_jxsq_xh",
                    "adapter": {
                      "templateType": ""
                    }
                  }
                },
                {
                  "id": "uiControl41",
                  "display": {
                    "type": "card",
                    "adapterId": "card",
                    "class": "w_jxsq_xhRight",
                    "adapter": {
                      "templateType": ""
                    }
                  },
                  "layout": [
                    {
                      "id": "uiControl41body",
                      "display": {
                        "type": "cardBody",
                        "adapterId": "cardBody",
                        "adapter": {
                          "templateType": ""
                        }
                      },
                      "layout": [
                        {
                          "id": "uiControl2",
                          "controlId": "control8",
                          "display": {
                            "adapterId": "clickable",
                            "type": "link",
                            "adapter": {
                              "templateType": ""
                            }
                          }
                        }
                      ]
                    }
                  ]
                },
                {
                  "id": "uiControl324",
                  "controlId": "control470",
                  "display": {
                    "adapterId": "fragment",
                    "type": "fragment",
                    "class": "y_info",
                    "adapter": {
                      "templateType": ""
                    }
                  }
                },
                {
                  "id": "uiControl325",
                  "controlId": "control471",
                  "display": {
                    "adapterId": "fragment",
                    "type": "fragment",
                    "class": "y_header",
                    "adapter": {
                      "templateType": ""
                    }
                  }
                },
                {
                  "id": "uiControl326",
                  "controlId": "control472",
                  "display": {
                    "adapterId": "custom",
                    "type": "custom",
                    "adapter": {
                      "templateType": "react",
                      "events": {
                        "onDoAction": "doAction_uiControl326",
                        "onGetTemplate": "getTemplate_uiControl326"
                      }
                    }
                  }
                }
              ]
            }
          ]
        }
      ]
    }
  },
  "matchers": {
    "page/title": {
      "contexts": {
        "context2": [
          ""
        ],
        "context1": [
          "学生工作管理信息系统",
          ""
        ]
      }
    },
    "page/urls": {
      "contexts": {
        "context2": [
          "42.247.16.108/xgxt/xszz_knsjg_cx.do"
        ]
      }
    },
    "page/ids": {
      "contexts": {
        "context2": [
          []
        ],
        "context1": [
          [
            "-_xn_yxtj_dd",
            "a_id_-",
            "a_id_more",
            "all",
            "arrange",
            "back",
            "bjV",
            "bj_hidv_qt_bj_-",
            "bj_mc_xs_B",
            "bj_num",
            "bj_py_num",
            "bj_py_xs_",
            "bj_ul",
            "btn_setXsxx",
            "dataTable",
            "div_help",
            "doType",
            "editPageSize",
            "fashion",
            "first",
            "gjcx_div",
            "gyglyQx",
            "input_mhcx",
            "input_mhcx_msg",
            "isBzr",
            "isFdy",
            "iscanCopy",
            "lable_confirm_cx",
            "lable_confirm_sc",
            "lable_confirm_tj",
            "lable_dqwkfsq",
            "lable_jcszwcsh",
            "lable_one_cx",
            "lable_one_lcgz",
            "lable_one_tj",
            "lable_one_xg",
            "lable_shz_cx",
            "lable_some_sc",
            "lable_some_tj",
            "lable_wjt_sc",
            "lable_wjt_yth_sc",
            "lable_wjt_yth_tj",
            "lable_wjt_yth_xg",
            "lable_wxglcxx",
            "last",
            "ldg_lockmask",
            "maskLevel",
            "message",
            "mhcx_lx",
            "mhcx_lxHid",
            "mhcx_xh",
            "mhcx_xm",
            "mklx",
            "next",
            "njV",
            "nj_ul",
            "numList",
            "options",
            "pageCount",
            "pageNum",
            "pager",
            "path",
            "pk",
            "pkValue",
            "plcx_xh",
            "plcx_xm",
            "realTable",
            "rowConut",
            "ryfw",
            "searchPath",
            "searchTjDiv",
            "searchType",
            "search_go",
            "sqzq",
            "tableName",
            "text",
            "tj_nj_",
            "tj_rddc_",
            "tj_xb_女",
            "tj_xb_男",
            "tj_xn_-",
            "tj_xq_",
            "ts_msg",
            "tsxx_span",
            "userDep",
            "userName",
            "userStatus",
            "userType",
            "xhV",
            "xmV",
            "xxdm",
            "xyV",
            "xy_hidv_yc_",
            "xy_mc_xs_",
            "xy_mc_yc_",
            "xy_more",
            "xy_num",
            "xy_py_num",
            "xy_py_xs_",
            "xy_ul",
            "xzxsKey",
            "yhlx",
            "ym-bl",
            "ym-btnl",
            "ym-ml",
            "ym-tl",
            "ym-window",
            "yxtj_div",
            "yxtj_dl",
            "yxzxss",
            "zyV",
            "zy_hidv_qt_zy_-",
            "zy_mc_xs_B",
            "zy_num",
            "zy_py_num",
            "zy_py_xs_",
            "zy_ul"
          ],
          [
            "a_id_more",
            "all",
            "arrange",
            "bjV",
            "btn_setXsxx",
            "dataTable",
            "div_help",
            "doType",
            "editPageSize",
            "fashion",
            "gjcx_div",
            "gyglyQx",
            "input_mhcx",
            "input_mhcx_msg",
            "isBzr",
            "isFdy",
            "iscanCopy",
            "lable_confirm_cx",
            "lable_confirm_sc",
            "lable_confirm_tj",
            "lable_dqwkfsq",
            "lable_jcszwcsh",
            "lable_one_cx",
            "lable_one_lcgz",
            "lable_one_tj",
            "lable_one_xg",
            "lable_shz_cx",
            "lable_some_sc",
            "lable_some_tj",
            "lable_wjt_sc",
            "lable_wjt_yth_sc",
            "lable_wjt_yth_tj",
            "lable_wjt_yth_xg",
            "lable_wxglcxx",
            "message",
            "mhcx_lx",
            "mhcx_lxHid",
            "mhcx_xh",
            "mhcx_xm",
            "mklx",
            "njV",
            "options",
            "pager",
            "path",
            "pk",
            "pkValue",
            "plcx_xh",
            "plcx_xm",
            "realTable",
            "ryfw",
            "searchPath",
            "searchTjDiv",
            "searchType",
            "search_go",
            "sqzq",
            "tableName",
            "text",
            "ts_msg",
            "tsxx_span",
            "userDep",
            "userName",
            "userStatus",
            "userType",
            "xhV",
            "xmV",
            "xxdm",
            "xyV",
            "xzxsKey",
            "yhlx",
            "yxtj_div",
            "yxtj_dl",
            "yxzxss",
            "zyV"
          ],
          [
            "a_id_more",
            "all",
            "arrange",
            "back",
            "bjV",
            "btn_setXsxx",
            "dataTable",
            "div_help",
            "doType",
            "editPageSize",
            "fashion",
            "first",
            "gjcx_div",
            "gyglyQx",
            "input_mhcx",
            "input_mhcx_msg",
            "isBzr",
            "isFdy",
            "iscanCopy",
            "lable_confirm_cx",
            "lable_confirm_sc",
            "lable_confirm_tj",
            "lable_dqwkfsq",
            "lable_jcszwcsh",
            "lable_one_cx",
            "lable_one_lcgz",
            "lable_one_tj",
            "lable_one_xg",
            "lable_shz_cx",
            "lable_some_sc",
            "lable_some_tj",
            "lable_wjt_sc",
            "lable_wjt_yth_sc",
            "lable_wjt_yth_tj",
            "lable_wjt_yth_xg",
            "lable_wxglcxx",
            "last",
            "ldg_lockmask",
            "message",
            "mhcx_lx",
            "mhcx_lxHid",
            "mhcx_xh",
            "mhcx_xm",
            "mklx",
            "next",
            "njV",
            "numList",
            "options",
            "pageCount",
            "pageNum",
            "pager",
            "path",
            "pk",
            "pkValue",
            "plcx_xh",
            "plcx_xm",
            "realTable",
            "rowConut",
            "ryfw",
            "searchPath",
            "searchTjDiv",
            "searchType",
            "search_go",
            "sqzq",
            "tableName",
            "text",
            "ts_msg",
            "tsxx_span",
            "userDep",
            "userName",
            "userStatus",
            "userType",
            "xhV",
            "xmV",
            "xxdm",
            "xyV",
            "xzxsKey",
            "yhlx",
            "yxtj_div",
            "yxtj_dl",
            "yxzxss",
            "zyV"
          ],
          [
            "-_xn_yxtj_dd",
            "a_id_-",
            "a_id_more",
            "all",
            "arrange",
            "back",
            "bjV",
            "bj_hidv_qt_bj_-",
            "bj_mc_xs_B",
            "bj_num",
            "bj_py_num",
            "bj_py_xs_",
            "bj_ul",
            "btn_setXsxx",
            "dataTable",
            "div_help",
            "doType",
            "editPageSize",
            "fashion",
            "first",
            "gjcx_div",
            "gyglyQx",
            "input_mhcx",
            "input_mhcx_msg",
            "isBzr",
            "isFdy",
            "iscanCopy",
            "lable_confirm_cx",
            "lable_confirm_sc",
            "lable_confirm_tj",
            "lable_dqwkfsq",
            "lable_jcszwcsh",
            "lable_one_cx",
            "lable_one_lcgz",
            "lable_one_tj",
            "lable_one_xg",
            "lable_shz_cx",
            "lable_some_sc",
            "lable_some_tj",
            "lable_wjt_sc",
            "lable_wjt_yth_sc",
            "lable_wjt_yth_tj",
            "lable_wjt_yth_xg",
            "lable_wxglcxx",
            "last",
            "ldg_lockmask",
            "maskLevel",
            "message",
            "mhcx_lx",
            "mhcx_lxHid",
            "mhcx_xh",
            "mhcx_xm",
            "mklx",
            "next",
            "njV",
            "nj_ul",
            "numList",
            "options",
            "pageCount",
            "pageNum",
            "pager",
            "path",
            "pk",
            "pkValue",
            "plcx_xh",
            "plcx_xm",
            "realTable",
            "rowConut",
            "ryfw",
            "searchPath",
            "searchTjDiv",
            "searchType",
            "search_go",
            "sqzq",
            "tableName",
            "text",
            "tj_nj_",
            "tj_rddc_",
            "tj_xb_女",
            "tj_xb_男",
            "tj_xn_-",
            "tj_xq_",
            "ts_msg",
            "tsxx_span",
            "userDep",
            "userName",
            "userStatus",
            "userType",
            "xhV",
            "xmV",
            "xxdm",
            "xyV",
            "xy_hidv_yc_",
            "xy_mc_xs_",
            "xy_mc_yc_",
            "xy_more",
            "xy_num",
            "xy_py_num",
            "xy_py_xs_",
            "xy_ul",
            "xzxsKey",
            "yhlx",
            "ym-bl",
            "ym-btnl",
            "ym-ml",
            "ym-tl",
            "ym-window",
            "ymPrompt_btn_",
            "yxtj_div",
            "yxtj_dl",
            "yxzxss",
            "zyV",
            "zy_hidv_qt_zy_-",
            "zy_mc_xs_B",
            "zy_num",
            "zy_py_num",
            "zy_py_xs_",
            "zy_ul"
          ],
          []
        ]
      }
    },
    "page/classes": {
      "contexts": {
        "context2": [
          [
            "_b",
            "_t",
            "e",
            "tate_full",
            "ui_b",
            "ui_button",
            "ui_c",
            "ui_clo",
            "ui_content ui_",
            "ui_dialog",
            "ui_icon",
            "ui_inner",
            "ui_l",
            "ui_lb",
            "ui_loading",
            "ui_lt",
            "ui_main",
            "ui_max",
            "ui_max_b",
            "ui_min",
            "ui_min_b",
            "ui_r",
            "ui_rb",
            "ui_re",
            "ui_rt",
            "ui_t",
            "ui_title",
            "ui_title_bar",
            "ui_title_button"
          ],
          [
            "ui_b",
            "ui_buttons",
            "ui_c",
            "ui_close",
            "ui_content",
            "ui_dialog",
            "ui_icon",
            "ui_inner",
            "ui_l",
            "ui_lb",
            "ui_loading",
            "ui_lt",
            "ui_main",
            "ui_max",
            "ui_max_b",
            "ui_min",
            "ui_min_b",
            "ui_r",
            "ui_rb",
            "ui_res",
            "ui_res_b",
            "ui_res_t",
            "ui_rt",
            "ui_state_full",
            "ui_t",
            "ui_title",
            "ui_title_bar",
            "ui_title_buttons"
          ],
          [
            "ui_b",
            "ui_buttons",
            "ui_c",
            "ui_close",
            "ui_content",
            "ui_dialog",
            "ui_icon",
            "ui_inner",
            "ui_l",
            "ui_lb",
            "ui_loading",
            "ui_lt",
            "ui_main",
            "ui_max",
            "ui_max_b",
            "ui_min",
            "ui_min_b",
            "ui_r",
            "ui_rb",
            "ui_res",
            "ui_res_b",
            "ui_res_t",
            "ui_rt",
            "ui_t",
            "ui_title",
            "ui_title_bar",
            "ui_title_buttons"
          ]
        ],
        "context3": [
          [
            "_b",
            "_t",
            "e",
            "tate_full",
            "ui_b",
            "ui_button",
            "ui_c",
            "ui_clo",
            "ui_content ui_",
            "ui_dialog",
            "ui_icon",
            "ui_inner",
            "ui_l",
            "ui_lb",
            "ui_loading",
            "ui_lt",
            "ui_main",
            "ui_max",
            "ui_max_b",
            "ui_min",
            "ui_min_b",
            "ui_r",
            "ui_rb",
            "ui_re",
            "ui_rt",
            "ui_t",
            "ui_title",
            "ui_title_bar",
            "ui_title_button"
          ],
          [
            "MultiFile-applied",
            "MultiFile-wrap",
            "dateline",
            "loading",
            "tdbox"
          ],
          [
            "after",
            "college_title",
            "demo_xxxx",
            "formlist",
            "list_xxxx",
            "list_xxxx_downmenu",
            "open_img",
            "people_xx",
            "position_xxxx",
            "smooth",
            "title_name",
            "title_xxxx",
            "wxts"
          ],
          [
            "ui_buttons",
            "ui_close",
            "ui_content",
            "ui_icon",
            "ui_loading",
            "ui_main",
            "ui_max",
            "ui_max_b",
            "ui_min",
            "ui_min_b",
            "ui_res",
            "ui_res_b",
            "ui_res_t",
            "ui_state_full",
            "ui_title",
            "ui_title_bar",
            "ui_title_buttons"
          ],
          [
            "ui_b",
            "ui_buttons",
            "ui_c",
            "ui_close",
            "ui_content",
            "ui_dialog",
            "ui_icon",
            "ui_inner",
            "ui_l",
            "ui_lb",
            "ui_loading",
            "ui_lt",
            "ui_main",
            "ui_max",
            "ui_max_b",
            "ui_min",
            "ui_min_b",
            "ui_r",
            "ui_rb",
            "ui_res",
            "ui_res_b",
            "ui_res_t",
            "ui_rt",
            "ui_state_full",
            "ui_t",
            "ui_title",
            "ui_title_bar",
            "ui_title_buttons"
          ]
        ],
        "context1": [
          [
            " ui_",
            "_b",
            "_t",
            "_type hover",
            "adv_filter",
            "btn_",
            "btn_cx",
            "btn_cz",
            "btn_dc",
            "btn_down",
            "btn_dr",
            "btn_tj",
            "btn_xg",
            "btn_zj",
            "buttonbox",
            "c",
            "clo",
            "dateline",
            "datetitle_",
            "down",
            "e",
            "e-icon",
            "earch_advanced",
            "elected-attr",
            "electedValue",
            "fir",
            "formbox",
            "help",
            "hide",
            "la",
            "location",
            "more--item_bottom",
            "moreValue_click",
            "more_down",
            "next pointer",
            "nowrap",
            "option",
            "pageleft",
            "pagenum",
            "pageright",
            "pagination",
            "paging",
            "prev pointer",
            "prompcon",
            "prompt",
            "prop-item",
            "red",
            "t pointer",
            "tab_cur",
            "tate_focu",
            "tate_lock",
            "tate_tip",
            "toolbox",
            "ui_b",
            "ui_border ui_",
            "ui_button",
            "ui_c",
            "ui_clo",
            "ui_content",
            "ui_dialog",
            "ui_icon",
            "ui_icon_bg",
            "ui_inner",
            "ui_l",
            "ui_lb",
            "ui_lt",
            "ui_main",
            "ui_max",
            "ui_max_b",
            "ui_min",
            "ui_min_b",
            "ui_r",
            "ui_rb",
            "ui_re",
            "ui_rt",
            "ui_t",
            "ui_title",
            "ui_title_bar",
            "ui_title_button",
            "ym-bc",
            "ym-bl",
            "ym-body",
            "ym-br",
            "ym-btn",
            "ym-header-text",
            "ym-header-tool",
            "ym-mc",
            "ym-ml",
            "ym-mr",
            "ym-tc",
            "ym-tl",
            "ym-tr",
            "ymPrompt_clo",
            "ymPrompt_max",
            "ymPrompt_min"
          ],
          [
            " ui_",
            "_b",
            "_t",
            "_type",
            "adv_filter",
            "btn_",
            "btn_cx",
            "btn_cz",
            "btn_dc",
            "btn_down",
            "btn_dr",
            "btn_tj",
            "btn_xg",
            "btn_zj",
            "buttonbox",
            "c",
            "clo",
            "dateline",
            "datetitle_",
            "down",
            "e",
            "e-icon",
            "earch_advanced",
            "elected-attr",
            "electedValue",
            "fir",
            "formbox",
            "help",
            "hide",
            "la",
            "location",
            "more--item_bottom",
            "moreValue_click",
            "more_down",
            "next pointer",
            "nowrap",
            "option",
            "pageleft",
            "pagenum",
            "pageright",
            "pagination",
            "paging",
            "prev pointer",
            "prompcon",
            "prompt",
            "prop-item",
            "red",
            "t pointer",
            "tab_cur",
            "tate_lock",
            "tate_tip",
            "toolbox",
            "ui_b",
            "ui_border",
            "ui_border ui_",
            "ui_button",
            "ui_c",
            "ui_clo",
            "ui_content",
            "ui_dialog",
            "ui_icon",
            "ui_icon_bg",
            "ui_inner",
            "ui_l",
            "ui_lb",
            "ui_lt",
            "ui_main",
            "ui_max",
            "ui_max_b",
            "ui_min",
            "ui_min_b",
            "ui_r",
            "ui_rb",
            "ui_re",
            "ui_rt",
            "ui_t",
            "ui_title",
            "ui_title_bar",
            "ui_title_button",
            "ym-bc",
            "ym-bl",
            "ym-body",
            "ym-br",
            "ym-btn",
            "ym-header-text",
            "ym-header-tool",
            "ym-mc",
            "ym-ml",
            "ym-mr",
            "ym-tc",
            "ym-tl",
            "ym-tr",
            "ymPrompt_clo",
            "ymPrompt_max",
            "ymPrompt_min"
          ],
          [
            "_type hover",
            "adv_filter",
            "btn_",
            "btn_cx",
            "btn_cz",
            "btn_dc",
            "btn_down",
            "btn_dr",
            "btn_tj",
            "btn_xg",
            "btn_zj",
            "buttonbox",
            "c",
            "clo",
            "datetitle_",
            "down",
            "e",
            "earch_advanced",
            "elected-attr",
            "formbox",
            "help",
            "hide",
            "location",
            "more--item_bottom",
            "option",
            "prompcon",
            "prompt",
            "prop-item",
            "tab_cur",
            "toolbox"
          ],
          [
            " ui_",
            "_b",
            "_t",
            "_type hover",
            "adv_filter",
            "btn_",
            "btn_cx",
            "btn_cz",
            "btn_dc",
            "btn_down",
            "btn_dr",
            "btn_tj",
            "btn_xg",
            "btn_zj",
            "buttonbox",
            "c",
            "clo",
            "dateline",
            "datetitle_",
            "down",
            "e",
            "earch_advanced",
            "elected-attr",
            "fir",
            "formbox",
            "help",
            "hide",
            "la",
            "location",
            "more--item_bottom",
            "next pointer",
            "nowrap",
            "option",
            "pageleft",
            "pagenum",
            "pageright",
            "pagination",
            "paging",
            "prev pointer",
            "prompcon",
            "prompt",
            "prop-item",
            "red",
            "t pointer",
            "tab_cur",
            "tate_focu",
            "tate_lock",
            "tate_tip",
            "toolbox",
            "ui_b",
            "ui_border ui_",
            "ui_button",
            "ui_c",
            "ui_clo",
            "ui_content",
            "ui_dialog",
            "ui_icon",
            "ui_icon_bg",
            "ui_inner",
            "ui_l",
            "ui_lb",
            "ui_lt",
            "ui_main",
            "ui_max",
            "ui_max_b",
            "ui_min",
            "ui_min_b",
            "ui_r",
            "ui_rb",
            "ui_re",
            "ui_rt",
            "ui_t",
            "ui_title",
            "ui_title_bar",
            "ui_title_button"
          ],
          [
            " ui_",
            "_b",
            "_t",
            "_type",
            "adv_filter",
            "btnStyle handler",
            "btn_",
            "btn_cx",
            "btn_cz",
            "btn_dc",
            "btn_down",
            "btn_dr",
            "btn_tj",
            "btn_xg",
            "btn_zj",
            "buttonbox",
            "c",
            "clo",
            "dateline",
            "datetitle_",
            "down",
            "e",
            "e-icon",
            "earch_advanced",
            "elected-attr",
            "electedValue",
            "fir",
            "formbox",
            "help",
            "hide",
            "la",
            "location",
            "more--item_bottom",
            "moreValue_click",
            "more_down",
            "next pointer",
            "nowrap",
            "option",
            "pageleft",
            "pagenum",
            "pageright",
            "pagination",
            "paging",
            "prev pointer",
            "prompcon",
            "prompt",
            "prop-item",
            "red",
            "t pointer",
            "tab_cur",
            "tate_focu",
            "tate_lock ui_",
            "tate_tip",
            "toolbox",
            "ui_b",
            "ui_border ui_",
            "ui_button",
            "ui_c",
            "ui_clo",
            "ui_content",
            "ui_dialog",
            "ui_icon",
            "ui_icon_bg",
            "ui_inner",
            "ui_l",
            "ui_lb",
            "ui_lt",
            "ui_main",
            "ui_max",
            "ui_max_b",
            "ui_min",
            "ui_min_b",
            "ui_r",
            "ui_rb",
            "ui_re",
            "ui_rt",
            "ui_t",
            "ui_title",
            "ui_title_bar",
            "ui_title_button",
            "ym-bc",
            "ym-bl",
            "ym-body ymPrompt_confirm",
            "ym-br",
            "ym-btn",
            "ym-content",
            "ym-header-text",
            "ym-header-tool",
            "ym-mc",
            "ym-ml",
            "ym-mr",
            "ym-tc",
            "ym-tl",
            "ym-tr",
            "ymPrompt_clo",
            "ymPrompt_max",
            "ymPrompt_min"
          ],
          [
            " ui_",
            "_b",
            "_t",
            "_type hover",
            "adv_filter",
            "btn_",
            "btn_cx",
            "btn_cz",
            "btn_dc",
            "btn_down",
            "btn_dr",
            "btn_tj",
            "btn_xg",
            "btn_zj",
            "buttonbox",
            "c",
            "clo",
            "dateline",
            "datetitle_",
            "down",
            "e",
            "e-icon",
            "earch_advanced",
            "elected-attr",
            "electedValue",
            "fir",
            "formbox",
            "help",
            "hide",
            "la",
            "location",
            "more--item_bottom",
            "moreValue_click",
            "more_down",
            "name",
            "next pointer",
            "nowrap",
            "option",
            "pageleft",
            "pagenum",
            "pageright",
            "pagination",
            "paging",
            "prev pointer",
            "prompcon",
            "prompt",
            "prop-item",
            "red",
            "t pointer",
            "tab_cur",
            "tate_lock",
            "tate_tip",
            "toolbox",
            "ui_b",
            "ui_border",
            "ui_border ui_",
            "ui_button",
            "ui_c",
            "ui_clo",
            "ui_content",
            "ui_dialog",
            "ui_icon",
            "ui_icon_bg",
            "ui_inner",
            "ui_l",
            "ui_lb",
            "ui_lt",
            "ui_main",
            "ui_max",
            "ui_max_b",
            "ui_min",
            "ui_min_b",
            "ui_r",
            "ui_rb",
            "ui_re",
            "ui_rt",
            "ui_t",
            "ui_title",
            "ui_title_bar",
            "ui_title_button",
            "ym-bc",
            "ym-bl",
            "ym-body",
            "ym-br",
            "ym-btn",
            "ym-header-text",
            "ym-header-tool",
            "ym-mc",
            "ym-ml",
            "ym-mr",
            "ym-tc",
            "ym-tl",
            "ym-tr",
            "ymPrompt_clo",
            "ymPrompt_max",
            "ymPrompt_min"
          ],
          [
            " ui_",
            "_b",
            "_t",
            "_type hover",
            "adv_filter",
            "btnStyle handler",
            "btn_",
            "btn_cx",
            "btn_cz",
            "btn_dc",
            "btn_down",
            "btn_dr",
            "btn_tj",
            "btn_xg",
            "btn_zj",
            "buttonbox",
            "c",
            "clo",
            "dateline",
            "datetitle_",
            "down",
            "e",
            "e-icon",
            "earch_advanced",
            "elected-attr",
            "electedValue",
            "fir",
            "formbox",
            "help",
            "hide",
            "ible ui_",
            "la",
            "location",
            "more--item_bottom",
            "moreValue_click",
            "more_down",
            "name",
            "next pointer",
            "nowrap",
            "option",
            "pageleft",
            "pagenum",
            "pageright",
            "pagination",
            "paging",
            "prev pointer",
            "prompcon",
            "prompt",
            "prop-item",
            "red",
            "t pointer",
            "tab_cur",
            "tate_focu",
            "tate_full",
            "tate_lock",
            "tate_lock ui_",
            "tate_tip",
            "tate_vi",
            "toolbox",
            "ui_b",
            "ui_border ui_",
            "ui_button",
            "ui_c",
            "ui_clo",
            "ui_content",
            "ui_content ui_",
            "ui_dialog",
            "ui_icon",
            "ui_icon_bg",
            "ui_inner",
            "ui_l",
            "ui_lb",
            "ui_loading",
            "ui_lt",
            "ui_main",
            "ui_max",
            "ui_max_b",
            "ui_min",
            "ui_min_b",
            "ui_r",
            "ui_rb",
            "ui_re",
            "ui_rt",
            "ui_t",
            "ui_title",
            "ui_title_bar",
            "ui_title_button",
            "ym-bc",
            "ym-bl",
            "ym-body ymPrompt_alert",
            "ym-br",
            "ym-btn",
            "ym-content",
            "ym-header-text",
            "ym-header-tool",
            "ym-mc",
            "ym-ml",
            "ym-mr",
            "ym-tc",
            "ym-tl",
            "ym-tr",
            "ymPrompt_clo",
            "ymPrompt_max",
            "ymPrompt_min"
          ],
          [
            " ui_",
            "_b",
            "_t",
            "_type hover",
            "adv_filter",
            "btnStyle handler",
            "btn_",
            "btn_cx",
            "btn_cz",
            "btn_dc",
            "btn_down",
            "btn_dr",
            "btn_tj",
            "btn_xg",
            "btn_zj",
            "buttonbox",
            "c",
            "clo",
            "dateline",
            "datetitle_",
            "down",
            "e",
            "e-icon",
            "earch_advanced",
            "elected-attr",
            "electedValue",
            "fir",
            "formbox",
            "help",
            "hide",
            "la",
            "location",
            "more--item_bottom",
            "moreValue_click",
            "more_down",
            "name",
            "next pointer",
            "nowrap",
            "option",
            "pageleft",
            "pagenum",
            "pageright",
            "pagination",
            "paging",
            "prev pointer",
            "prompcon",
            "prompt",
            "prop-item",
            "red",
            "t pointer",
            "tab_cur",
            "tate_focu",
            "tate_lock ui_",
            "tate_tip",
            "toolbox",
            "ui_b",
            "ui_border",
            "ui_border ui_",
            "ui_button",
            "ui_c",
            "ui_clo",
            "ui_content",
            "ui_dialog",
            "ui_icon",
            "ui_icon_bg",
            "ui_inner",
            "ui_l",
            "ui_lb",
            "ui_lt",
            "ui_main",
            "ui_max",
            "ui_max_b",
            "ui_min",
            "ui_min_b",
            "ui_r",
            "ui_rb",
            "ui_re",
            "ui_rt",
            "ui_t",
            "ui_title",
            "ui_title_bar",
            "ui_title_button",
            "ym-bc",
            "ym-bl",
            "ym-body ymPrompt_alert",
            "ym-br",
            "ym-btn",
            "ym-content",
            "ym-header-text",
            "ym-header-tool",
            "ym-mc",
            "ym-ml",
            "ym-mr",
            "ym-tc",
            "ym-tl",
            "ym-tr",
            "ymPrompt_clo",
            "ymPrompt_max",
            "ymPrompt_min"
          ],
          [
            " ui_",
            "_b",
            "_t",
            "_type hover",
            "adv_filter",
            "btnStyle handler",
            "btn_",
            "btn_cx",
            "btn_cz",
            "btn_dc",
            "btn_down",
            "btn_dr",
            "btn_tj",
            "btn_xg",
            "btn_zj",
            "buttonbox",
            "c",
            "clo",
            "dateline",
            "datetitle_",
            "down",
            "e",
            "e-icon",
            "earch_advanced",
            "elected-attr",
            "electedValue",
            "fir",
            "formbox",
            "help",
            "hide",
            "la",
            "location",
            "more--item_bottom",
            "moreValue_click",
            "more_down",
            "name",
            "next pointer",
            "nowrap",
            "option",
            "pageleft",
            "pagenum",
            "pageright",
            "pagination",
            "paging",
            "prev pointer",
            "prompcon",
            "prompt",
            "prop-item",
            "red",
            "t pointer",
            "tab_cur",
            "tate_lock",
            "tate_tip",
            "toolbox",
            "ui_b",
            "ui_border",
            "ui_border ui_",
            "ui_button",
            "ui_c",
            "ui_clo",
            "ui_content",
            "ui_dialog",
            "ui_icon",
            "ui_icon_bg",
            "ui_inner",
            "ui_l",
            "ui_lb",
            "ui_lt",
            "ui_main",
            "ui_max",
            "ui_max_b",
            "ui_min",
            "ui_min_b",
            "ui_r",
            "ui_rb",
            "ui_re",
            "ui_rt",
            "ui_t",
            "ui_title",
            "ui_title_bar",
            "ui_title_button",
            "ym-bc",
            "ym-bl",
            "ym-body ymPrompt_alert",
            "ym-br",
            "ym-btn",
            "ym-content",
            "ym-header-text",
            "ym-header-tool",
            "ym-mc",
            "ym-ml",
            "ym-mr",
            "ym-tc",
            "ym-tl",
            "ym-tr",
            "ymPrompt_clo",
            "ymPrompt_max",
            "ymPrompt_min"
          ],
          [
            " ui_",
            "_b",
            "_t",
            "_type hover",
            "adv_filter",
            "btn_",
            "btn_cx",
            "btn_cz",
            "btn_dc",
            "btn_down",
            "btn_dr",
            "btn_tj",
            "btn_xg",
            "btn_zj",
            "buttonbox",
            "c",
            "clo",
            "dateline",
            "datetitle_",
            "down",
            "e",
            "e-icon",
            "earch_advanced",
            "elected-attr",
            "electedValue",
            "fir",
            "formbox",
            "help",
            "hide",
            "la",
            "location",
            "more--item_bottom",
            "moreValue_click",
            "more_down",
            "name",
            "next pointer",
            "nowrap",
            "option",
            "pageleft",
            "pagenum",
            "pageright",
            "pagination",
            "paging",
            "prev pointer",
            "prompcon",
            "prompt",
            "prop-item",
            "red",
            "t pointer",
            "tab_cur",
            "tate_focu",
            "tate_lock",
            "tate_tip",
            "toolbox",
            "ui_b",
            "ui_border ui_",
            "ui_button",
            "ui_c",
            "ui_clo",
            "ui_content",
            "ui_dialog",
            "ui_icon",
            "ui_icon_bg",
            "ui_inner",
            "ui_l",
            "ui_lb",
            "ui_lt",
            "ui_main",
            "ui_max",
            "ui_max_b",
            "ui_min",
            "ui_min_b",
            "ui_r",
            "ui_rb",
            "ui_re",
            "ui_rt",
            "ui_t",
            "ui_title",
            "ui_title_bar",
            "ui_title_button",
            "ym-bc",
            "ym-bl",
            "ym-body",
            "ym-br",
            "ym-btn",
            "ym-header-text",
            "ym-header-tool",
            "ym-mc",
            "ym-ml",
            "ym-mr",
            "ym-tc",
            "ym-tl",
            "ym-tr",
            "ymPrompt_clo",
            "ymPrompt_max",
            "ymPrompt_min"
          ],
          [
            "adv_filter",
            "btn_cx",
            "btn_cz",
            "btn_dc",
            "btn_down",
            "btn_dr",
            "btn_sc",
            "btn_tj",
            "btn_xg",
            "btn_zj",
            "buttonbox",
            "close",
            "datetitle_",
            "down",
            "formbox",
            "help",
            "hide",
            "hover",
            "location",
            "more--item_bottom",
            "options_type",
            "prompcon",
            "prompt",
            "prop-item",
            "search_advanced",
            "selected-attr",
            "tab_cur",
            "toolbox"
          ],
          [
            "adv_filter",
            "btn_cx",
            "btn_cz",
            "btn_dc",
            "btn_down",
            "btn_dr",
            "btn_sc",
            "btn_tj",
            "btn_xg",
            "btn_zj",
            "buttonbox",
            "close",
            "dateline",
            "datetitle_",
            "down",
            "first",
            "formbox",
            "help",
            "hide",
            "hover",
            "last",
            "location",
            "more--item_bottom",
            "name",
            "next",
            "nowrap",
            "options_type",
            "pageleft",
            "pagenum",
            "pageright",
            "pagination",
            "paging",
            "pointer",
            "prev",
            "prompcon",
            "prompt",
            "prop-item",
            "red",
            "search_advanced",
            "selected-attr",
            "tab_cur",
            "toolbox",
            "ui_b",
            "ui_border",
            "ui_buttons",
            "ui_c",
            "ui_close",
            "ui_content",
            "ui_dialog",
            "ui_icon",
            "ui_icon_bg",
            "ui_inner",
            "ui_l",
            "ui_lb",
            "ui_lt",
            "ui_main",
            "ui_max",
            "ui_max_b",
            "ui_min",
            "ui_min_b",
            "ui_r",
            "ui_rb",
            "ui_res",
            "ui_res_b",
            "ui_res_t",
            "ui_rt",
            "ui_state_focus",
            "ui_state_lock",
            "ui_state_tips",
            "ui_t",
            "ui_title",
            "ui_title_bar",
            "ui_title_buttons"
          ],
          [
            "ui_b",
            "ui_buttons",
            "ui_c",
            "ui_close",
            "ui_content",
            "ui_dialog",
            "ui_icon",
            "ui_inner",
            "ui_l",
            "ui_lb",
            "ui_loading",
            "ui_lt",
            "ui_main",
            "ui_max",
            "ui_max_b",
            "ui_min",
            "ui_min_b",
            "ui_r",
            "ui_rb",
            "ui_res",
            "ui_res_b",
            "ui_res_t",
            "ui_rt",
            "ui_state_full",
            "ui_t",
            "ui_title",
            "ui_title_bar",
            "ui_title_buttons"
          ]
        ]
      }
    },
    "page/tagTriplets": {
      "contexts": {
        "context2": [
          [
            "-/-/TBODY",
            "-/TBODY/TR",
            "DIV/A/B",
            "DIV/DIV/A",
            "DIV/DIV/SPAN",
            "DIV/TABLE/TBODY",
            "TABLE/TBODY/TR",
            "TBODY/TR/TD",
            "TD/DIV/DIV",
            "TD/DIV/IFRAME",
            "TD/DIV/TABLE",
            "TR/TD/DIV"
          ]
        ],
        "context1": [
          [
            "-/-/DIV",
            "-/-/FORM",
            "-/DIV/A",
            "-/DIV/DIV",
            "-/DIV/H3",
            "-/DIV/IFRAME",
            "-/DIV/P",
            "-/DIV/TABLE",
            "-/FORM/BUTTON",
            "-/FORM/DIV",
            "-/FORM/INPUT-hidden",
            "DD/A/H5",
            "DD/A/SPAN",
            "DD/UL/INPUT-hidden",
            "DD/UL/LI",
            "DIV/A/B",
            "DIV/DIV/A",
            "DIV/DIV/DIV",
            "DIV/DIV/DL",
            "DIV/DIV/H3",
            "DIV/DIV/INPUT-hidden",
            "DIV/DIV/P",
            "DIV/DIV/SCRIPT",
            "DIV/DIV/STRONG",
            "DIV/DIV/TABLE",
            "DIV/DIV/UL",
            "DIV/DL/DD",
            "DIV/DL/DT",
            "DIV/H3/SPAN",
            "DIV/P/A",
            "DIV/P/EM",
            "DIV/P/INPUT-text",
            "DIV/P/SELECT",
            "DIV/P/SPAN",
            "DIV/TABLE/TBODY",
            "DIV/TABLE/THEAD",
            "DIV/UL/LI",
            "DL/DD/A",
            "DL/DD/DIV",
            "DL/DD/UL",
            "DL/DT/B",
            "DL/DT/INPUT-hidden",
            "DL/DT/INPUT-text",
            "FORM/DIV/DIV",
            "FORM/DIV/SCRIPT",
            "LI/H5/IMG",
            "P/SELECT/OPTION",
            "P/SPAN/BR",
            "TABLE/TBODY/TR",
            "TABLE/THEAD/TR",
            "TBODY/TR/TD",
            "TD/DIV/DIV",
            "TD/DIV/DL",
            "TD/DIV/TABLE",
            "THEAD/TR/TD",
            "THEAD/TR/TH",
            "TR/TD/BR",
            "TR/TD/BUTTON",
            "TR/TD/DIV",
            "TR/TD/IMG",
            "TR/TD/INPUT-checkbox",
            "TR/TD/INPUT-hidden",
            "TR/TD/INPUT-text",
            "TR/TD/SPAN",
            "UL/LI/A",
            "UL/LI/H5",
            "UL/LI/INPUT-hidden"
          ],
          [
            "-/-/DIV",
            "-/-/FORM",
            "-/DIV/A",
            "-/DIV/DIV",
            "-/DIV/H3",
            "-/DIV/IFRAME",
            "-/DIV/P",
            "-/DIV/TABLE",
            "-/FORM/BUTTON",
            "-/FORM/DIV",
            "-/FORM/INPUT-hidden",
            "DD/A/H5",
            "DD/A/SPAN",
            "DD/UL/INPUT-hidden",
            "DD/UL/LI",
            "DIV/A/B",
            "DIV/DIV/A",
            "DIV/DIV/DIV",
            "DIV/DIV/DL",
            "DIV/DIV/H3",
            "DIV/DIV/INPUT-hidden",
            "DIV/DIV/P",
            "DIV/DIV/SCRIPT",
            "DIV/DIV/STRONG",
            "DIV/DIV/TABLE",
            "DIV/DIV/UL",
            "DIV/DL/DD",
            "DIV/DL/DT",
            "DIV/H3/SPAN",
            "DIV/P/A",
            "DIV/P/EM",
            "DIV/P/FONT",
            "DIV/P/INPUT-text",
            "DIV/P/SELECT",
            "DIV/P/SPAN",
            "DIV/TABLE/TBODY",
            "DIV/TABLE/THEAD",
            "DIV/UL/LI",
            "DL/DD/A",
            "DL/DD/DIV",
            "DL/DD/UL",
            "DL/DT/B",
            "DL/DT/INPUT-hidden",
            "DL/DT/INPUT-text",
            "FORM/DIV/DIV",
            "FORM/DIV/SCRIPT",
            "LI/H5/IMG",
            "P/SELECT/OPTION",
            "P/SPAN/BR",
            "TABLE/TBODY/TR",
            "TABLE/THEAD/TR",
            "TBODY/TR/TD",
            "TD/DIV/DIV",
            "TD/DIV/DL",
            "TD/DIV/TABLE",
            "THEAD/TR/TD",
            "THEAD/TR/TH",
            "TR/TD/BR",
            "TR/TD/BUTTON",
            "TR/TD/DIV",
            "TR/TD/IMG",
            "TR/TD/INPUT-checkbox",
            "TR/TD/INPUT-hidden",
            "TR/TD/INPUT-text",
            "TR/TD/SPAN",
            "UL/LI/A",
            "UL/LI/H5",
            "UL/LI/INPUT-hidden"
          ],
          [
            "-/-/DIV",
            "-/-/FORM",
            "-/DIV/A",
            "-/DIV/DIV",
            "-/DIV/H3",
            "-/DIV/P",
            "-/DIV/TABLE",
            "-/FORM/BUTTON",
            "-/FORM/DIV",
            "-/FORM/INPUT-hidden",
            "DIV/DIV/DIV",
            "DIV/DIV/DL",
            "DIV/DIV/H3",
            "DIV/DIV/INPUT-hidden",
            "DIV/DIV/P",
            "DIV/DIV/SCRIPT",
            "DIV/DIV/TABLE",
            "DIV/DIV/UL",
            "DIV/DL/DD",
            "DIV/DL/DT",
            "DIV/H3/SPAN",
            "DIV/P/A",
            "DIV/P/EM",
            "DIV/P/SPAN",
            "DIV/TABLE/TBODY",
            "DIV/UL/LI",
            "DL/DD/DIV",
            "DL/DT/B",
            "DL/DT/INPUT-hidden",
            "DL/DT/INPUT-text",
            "FORM/DIV/DIV",
            "FORM/DIV/SCRIPT",
            "P/SPAN/BR",
            "TABLE/TBODY/TR",
            "TBODY/TR/TD",
            "TD/DIV/DIV",
            "TD/DIV/DL",
            "TR/TD/BR",
            "TR/TD/BUTTON",
            "TR/TD/DIV",
            "TR/TD/INPUT-hidden",
            "TR/TD/INPUT-text",
            "TR/TD/SPAN",
            "UL/LI/A"
          ],
          [
            "-/-/DIV",
            "-/-/FORM",
            "-/DIV/A",
            "-/DIV/DIV",
            "-/DIV/H3",
            "-/DIV/IFRAME",
            "-/DIV/P",
            "-/DIV/TABLE",
            "-/FORM/BUTTON",
            "-/FORM/DIV",
            "-/FORM/INPUT-hidden",
            "DIV/A/B",
            "DIV/DIV/A",
            "DIV/DIV/DIV",
            "DIV/DIV/DL",
            "DIV/DIV/H3",
            "DIV/DIV/INPUT-hidden",
            "DIV/DIV/P",
            "DIV/DIV/SCRIPT",
            "DIV/DIV/TABLE",
            "DIV/DIV/UL",
            "DIV/DL/DD",
            "DIV/DL/DT",
            "DIV/H3/SPAN",
            "DIV/P/A",
            "DIV/P/EM",
            "DIV/P/INPUT-text",
            "DIV/P/SELECT",
            "DIV/P/SPAN",
            "DIV/TABLE/TBODY",
            "DIV/TABLE/THEAD",
            "DIV/UL/LI",
            "DL/DD/DIV",
            "DL/DT/B",
            "DL/DT/INPUT-hidden",
            "DL/DT/INPUT-text",
            "FORM/DIV/DIV",
            "FORM/DIV/SCRIPT",
            "P/SELECT/OPTION",
            "P/SPAN/BR",
            "TABLE/TBODY/TR",
            "TABLE/THEAD/TR",
            "TBODY/TR/TD",
            "TD/DIV/DIV",
            "TD/DIV/DL",
            "TD/DIV/TABLE",
            "THEAD/TR/TD",
            "THEAD/TR/TH",
            "TR/TD/BR",
            "TR/TD/BUTTON",
            "TR/TD/DIV",
            "TR/TD/IMG",
            "TR/TD/INPUT-checkbox",
            "TR/TD/INPUT-hidden",
            "TR/TD/INPUT-text",
            "TR/TD/SPAN",
            "UL/LI/A"
          ],
          [
            "-/-/DIV",
            "-/-/FORM",
            "-/DIV/A",
            "-/DIV/DIV",
            "-/DIV/H3",
            "-/DIV/IFRAME",
            "-/DIV/P",
            "-/DIV/TABLE",
            "-/FORM/BUTTON",
            "-/FORM/DIV",
            "-/FORM/INPUT-hidden",
            "DD/A/H5",
            "DD/A/SPAN",
            "DD/UL/INPUT-hidden",
            "DD/UL/LI",
            "DIV/A/B",
            "DIV/DIV/A",
            "DIV/DIV/DIV",
            "DIV/DIV/DL",
            "DIV/DIV/H3",
            "DIV/DIV/INPUT-button",
            "DIV/DIV/INPUT-hidden",
            "DIV/DIV/P",
            "DIV/DIV/SCRIPT",
            "DIV/DIV/STRONG",
            "DIV/DIV/TABLE",
            "DIV/DIV/UL",
            "DIV/DL/DD",
            "DIV/DL/DT",
            "DIV/H3/SPAN",
            "DIV/P/A",
            "DIV/P/EM",
            "DIV/P/INPUT-text",
            "DIV/P/SELECT",
            "DIV/P/SPAN",
            "DIV/TABLE/TBODY",
            "DIV/TABLE/THEAD",
            "DIV/UL/LI",
            "DL/DD/A",
            "DL/DD/DIV",
            "DL/DD/UL",
            "DL/DT/B",
            "DL/DT/INPUT-hidden",
            "DL/DT/INPUT-text",
            "FORM/DIV/DIV",
            "FORM/DIV/SCRIPT",
            "LI/H5/IMG",
            "P/SELECT/OPTION",
            "P/SPAN/BR",
            "TABLE/TBODY/TR",
            "TABLE/THEAD/TR",
            "TBODY/TR/TD",
            "TD/DIV/DIV",
            "TD/DIV/DL",
            "TD/DIV/TABLE",
            "THEAD/TR/TD",
            "THEAD/TR/TH",
            "TR/TD/BR",
            "TR/TD/BUTTON",
            "TR/TD/DIV",
            "TR/TD/IMG",
            "TR/TD/INPUT-checkbox",
            "TR/TD/INPUT-hidden",
            "TR/TD/INPUT-text",
            "TR/TD/SPAN",
            "UL/LI/A",
            "UL/LI/H5",
            "UL/LI/INPUT-hidden"
          ],
          [
            "-/-/DIV",
            "-/-/FORM",
            "-/DIV/A",
            "-/DIV/DIV",
            "-/DIV/H3",
            "-/DIV/IFRAME",
            "-/DIV/P",
            "-/DIV/TABLE",
            "-/FORM/BUTTON",
            "-/FORM/DIV",
            "-/FORM/INPUT-hidden",
            "DD/A/H5",
            "DD/A/SPAN",
            "DD/UL/INPUT-hidden",
            "DD/UL/LI",
            "DIV/A/B",
            "DIV/DIV/A",
            "DIV/DIV/DIV",
            "DIV/DIV/DL",
            "DIV/DIV/H3",
            "DIV/DIV/INPUT-hidden",
            "DIV/DIV/P",
            "DIV/DIV/SCRIPT",
            "DIV/DIV/STRONG",
            "DIV/DIV/TABLE",
            "DIV/DIV/UL",
            "DIV/DL/DD",
            "DIV/DL/DT",
            "DIV/H3/SPAN",
            "DIV/P/A",
            "DIV/P/EM",
            "DIV/P/INPUT-text",
            "DIV/P/SELECT",
            "DIV/P/SPAN",
            "DIV/TABLE/TBODY",
            "DIV/TABLE/THEAD",
            "DIV/UL/LI",
            "DL/DD/A",
            "DL/DD/DIV",
            "DL/DD/UL",
            "DL/DT/B",
            "DL/DT/INPUT-hidden",
            "DL/DT/INPUT-text",
            "FORM/DIV/DIV",
            "FORM/DIV/SCRIPT",
            "LI/H5/IMG",
            "P/SELECT/OPTION",
            "P/SPAN/BR",
            "TABLE/TBODY/TR",
            "TABLE/THEAD/TR",
            "TBODY/TR/TD",
            "TD/DIV/DIV",
            "TD/DIV/DL",
            "TD/DIV/TABLE",
            "THEAD/TR/TD",
            "THEAD/TR/TH",
            "TR/TD/A",
            "TR/TD/BR",
            "TR/TD/BUTTON",
            "TR/TD/DIV",
            "TR/TD/IMG",
            "TR/TD/INPUT-checkbox",
            "TR/TD/INPUT-hidden",
            "TR/TD/INPUT-text",
            "TR/TD/SPAN",
            "UL/LI/A",
            "UL/LI/H5",
            "UL/LI/INPUT-hidden"
          ],
          [
            "-/-/DIV",
            "-/-/FORM",
            "-/DIV/A",
            "-/DIV/DIV",
            "-/DIV/H3",
            "-/DIV/IFRAME",
            "-/DIV/P",
            "-/DIV/TABLE",
            "-/FORM/BUTTON",
            "-/FORM/DIV",
            "-/FORM/INPUT-hidden",
            "DD/A/H5",
            "DD/A/SPAN",
            "DD/UL/INPUT-hidden",
            "DD/UL/LI",
            "DIV/A/B",
            "DIV/DIV/A",
            "DIV/DIV/DIV",
            "DIV/DIV/DL",
            "DIV/DIV/H3",
            "DIV/DIV/INPUT-button",
            "DIV/DIV/INPUT-hidden",
            "DIV/DIV/P",
            "DIV/DIV/SCRIPT",
            "DIV/DIV/SPAN",
            "DIV/DIV/STRONG",
            "DIV/DIV/TABLE",
            "DIV/DIV/UL",
            "DIV/DL/DD",
            "DIV/DL/DT",
            "DIV/H3/SPAN",
            "DIV/P/A",
            "DIV/P/EM",
            "DIV/P/INPUT-text",
            "DIV/P/SELECT",
            "DIV/P/SPAN",
            "DIV/TABLE/TBODY",
            "DIV/TABLE/THEAD",
            "DIV/UL/LI",
            "DL/DD/A",
            "DL/DD/DIV",
            "DL/DD/UL",
            "DL/DT/B",
            "DL/DT/INPUT-hidden",
            "DL/DT/INPUT-text",
            "FORM/DIV/DIV",
            "FORM/DIV/SCRIPT",
            "LI/H5/IMG",
            "P/SELECT/OPTION",
            "P/SPAN/BR",
            "TABLE/TBODY/TR",
            "TABLE/THEAD/TR",
            "TBODY/TR/TD",
            "TD/DIV/DIV",
            "TD/DIV/DL",
            "TD/DIV/IFRAME",
            "TD/DIV/TABLE",
            "THEAD/TR/TD",
            "THEAD/TR/TH",
            "TR/TD/A",
            "TR/TD/BR",
            "TR/TD/BUTTON",
            "TR/TD/DIV",
            "TR/TD/IMG",
            "TR/TD/INPUT-checkbox",
            "TR/TD/INPUT-hidden",
            "TR/TD/INPUT-text",
            "TR/TD/SPAN",
            "UL/LI/A",
            "UL/LI/H5",
            "UL/LI/INPUT-hidden"
          ],
          [
            "-/-/DIV",
            "-/-/FORM",
            "-/DIV/A",
            "-/DIV/DIV",
            "-/DIV/H3",
            "-/DIV/IFRAME",
            "-/DIV/P",
            "-/DIV/TABLE",
            "-/FORM/BUTTON",
            "-/FORM/DIV",
            "-/FORM/INPUT-hidden",
            "DD/A/H5",
            "DD/A/SPAN",
            "DD/UL/INPUT-hidden",
            "DD/UL/LI",
            "DIV/A/B",
            "DIV/DIV/A",
            "DIV/DIV/DIV",
            "DIV/DIV/DL",
            "DIV/DIV/H3",
            "DIV/DIV/INPUT-button",
            "DIV/DIV/INPUT-hidden",
            "DIV/DIV/P",
            "DIV/DIV/STRONG",
            "DIV/DIV/TABLE",
            "DIV/DIV/UL",
            "DIV/DL/DD",
            "DIV/DL/DT",
            "DIV/H3/SPAN",
            "DIV/P/A",
            "DIV/P/EM",
            "DIV/P/INPUT-text",
            "DIV/P/SELECT",
            "DIV/P/SPAN",
            "DIV/TABLE/TBODY",
            "DIV/TABLE/THEAD",
            "DIV/UL/LI",
            "DL/DD/A",
            "DL/DD/DIV",
            "DL/DD/UL",
            "DL/DT/B",
            "DL/DT/INPUT-hidden",
            "DL/DT/INPUT-text",
            "FORM/DIV/DIV",
            "FORM/DIV/SCRIPT",
            "LI/H5/IMG",
            "P/SELECT/OPTION",
            "P/SPAN/BR",
            "TABLE/TBODY/TR",
            "TABLE/THEAD/TR",
            "TBODY/TR/TD",
            "TD/DIV/DIV",
            "TD/DIV/DL",
            "TD/DIV/TABLE",
            "THEAD/TR/TD",
            "THEAD/TR/TH",
            "TR/TD/A",
            "TR/TD/BR",
            "TR/TD/BUTTON",
            "TR/TD/DIV",
            "TR/TD/IMG",
            "TR/TD/INPUT-checkbox",
            "TR/TD/INPUT-hidden",
            "TR/TD/INPUT-text",
            "TR/TD/SPAN",
            "UL/LI/A",
            "UL/LI/H5",
            "UL/LI/INPUT-hidden"
          ],
          [
            "-/-/DIV",
            "-/-/FORM",
            "-/DIV/A",
            "-/DIV/DIV",
            "-/DIV/H3",
            "-/DIV/IFRAME",
            "-/DIV/P",
            "-/DIV/TABLE",
            "-/FORM/BUTTON",
            "-/FORM/DIV",
            "-/FORM/INPUT-hidden",
            "DD/A/H5",
            "DD/A/SPAN",
            "DD/UL/INPUT-hidden",
            "DD/UL/LI",
            "DIV/A/B",
            "DIV/DIV/A",
            "DIV/DIV/DIV",
            "DIV/DIV/DL",
            "DIV/DIV/H3",
            "DIV/DIV/INPUT-hidden",
            "DIV/DIV/P",
            "DIV/DIV/STRONG",
            "DIV/DIV/TABLE",
            "DIV/DIV/UL",
            "DIV/DL/DD",
            "DIV/DL/DT",
            "DIV/H3/SPAN",
            "DIV/P/A",
            "DIV/P/EM",
            "DIV/P/INPUT-text",
            "DIV/P/SELECT",
            "DIV/P/SPAN",
            "DIV/TABLE/TBODY",
            "DIV/TABLE/THEAD",
            "DIV/UL/LI",
            "DL/DD/A",
            "DL/DD/DIV",
            "DL/DD/UL",
            "DL/DT/B",
            "DL/DT/INPUT-hidden",
            "DL/DT/INPUT-text",
            "FORM/DIV/DIV",
            "FORM/DIV/SCRIPT",
            "LI/H5/IMG",
            "P/SELECT/OPTION",
            "P/SPAN/BR",
            "TABLE/TBODY/TR",
            "TABLE/THEAD/TR",
            "TBODY/TR/TD",
            "TD/DIV/DIV",
            "TD/DIV/DL",
            "TD/DIV/TABLE",
            "THEAD/TR/TD",
            "THEAD/TR/TH",
            "TR/TD/A",
            "TR/TD/BR",
            "TR/TD/BUTTON",
            "TR/TD/DIV",
            "TR/TD/IMG",
            "TR/TD/INPUT-checkbox",
            "TR/TD/INPUT-hidden",
            "TR/TD/INPUT-text",
            "TR/TD/SPAN",
            "UL/LI/A",
            "UL/LI/H5",
            "UL/LI/INPUT-hidden"
          ],
          [
            "-/-/DIV",
            "-/-/FORM",
            "-/-/SCRIPT",
            "-/DIV/A",
            "-/DIV/DIV",
            "-/DIV/H3",
            "-/DIV/P",
            "-/DIV/TABLE",
            "-/FORM/BUTTON",
            "-/FORM/DIV",
            "-/FORM/INPUT-hidden",
            "DIV/DIV/DIV",
            "DIV/DIV/DL",
            "DIV/DIV/H3",
            "DIV/DIV/INPUT-hidden",
            "DIV/DIV/P",
            "DIV/DIV/SCRIPT",
            "DIV/DIV/TABLE",
            "DIV/DIV/UL",
            "DIV/DL/DD",
            "DIV/DL/DT",
            "DIV/H3/SPAN",
            "DIV/P/A",
            "DIV/P/EM",
            "DIV/P/SPAN",
            "DIV/TABLE/TBODY",
            "DIV/UL/LI",
            "DL/DD/DIV",
            "DL/DT/B",
            "DL/DT/INPUT-hidden",
            "DL/DT/INPUT-text",
            "FORM/DIV/DIV",
            "FORM/DIV/SCRIPT",
            "P/SPAN/BR",
            "TABLE/TBODY/TR",
            "TBODY/TR/TD",
            "TD/DIV/DIV",
            "TD/DIV/DL",
            "TR/TD/BR",
            "TR/TD/BUTTON",
            "TR/TD/DIV",
            "TR/TD/INPUT-hidden",
            "TR/TD/INPUT-text",
            "TR/TD/SPAN",
            "UL/LI/A"
          ],
          [
            "-/-/DIV",
            "-/-/FORM",
            "-/-/SCRIPT",
            "-/DIV/A",
            "-/DIV/DIV",
            "-/DIV/H3",
            "-/DIV/IFRAME",
            "-/DIV/P",
            "-/DIV/TABLE",
            "-/FORM/BUTTON",
            "-/FORM/DIV",
            "-/FORM/INPUT-hidden",
            "DIV/A/B",
            "DIV/DIV/A",
            "DIV/DIV/DIV",
            "DIV/DIV/DL",
            "DIV/DIV/H3",
            "DIV/DIV/INPUT-hidden",
            "DIV/DIV/P",
            "DIV/DIV/SCRIPT",
            "DIV/DIV/TABLE",
            "DIV/DIV/UL",
            "DIV/DL/DD",
            "DIV/DL/DT",
            "DIV/H3/SPAN",
            "DIV/P/A",
            "DIV/P/EM",
            "DIV/P/INPUT-text",
            "DIV/P/SELECT",
            "DIV/P/SPAN",
            "DIV/TABLE/TBODY",
            "DIV/TABLE/THEAD",
            "DIV/UL/LI",
            "DL/DD/DIV",
            "DL/DT/B",
            "DL/DT/INPUT-hidden",
            "DL/DT/INPUT-text",
            "FORM/DIV/DIV",
            "FORM/DIV/SCRIPT",
            "P/SELECT/OPTION",
            "P/SPAN/BR",
            "TABLE/TBODY/TR",
            "TABLE/THEAD/TR",
            "TBODY/TR/TD",
            "TD/DIV/DIV",
            "TD/DIV/DL",
            "TD/DIV/TABLE",
            "THEAD/TR/TD",
            "THEAD/TR/TH",
            "TR/TD/A",
            "TR/TD/BR",
            "TR/TD/BUTTON",
            "TR/TD/DIV",
            "TR/TD/IMG",
            "TR/TD/INPUT-checkbox",
            "TR/TD/INPUT-hidden",
            "TR/TD/INPUT-text",
            "TR/TD/SPAN",
            "UL/LI/A"
          ],
          [
            "-/-/TBODY",
            "-/TBODY/TR",
            "DIV/A/B",
            "DIV/DIV/A",
            "DIV/DIV/SPAN",
            "DIV/TABLE/TBODY",
            "TABLE/TBODY/TR",
            "TBODY/TR/TD",
            "TD/DIV/DIV",
            "TD/DIV/IFRAME",
            "TD/DIV/TABLE",
            "TR/TD/DIV"
          ]
        ]
      }
    }
  }
}