{
  "version": "0.1",
  "id": "pic_upload",
  "targetURL": "http://117.35.118.203/lxxt/lxgl/zzfw/zzbl/qrxx.html",
  "jsFile": "../../lib/base.js,../../lib/customTemplate.js,index.js",
  "cssFile": "../../lib/base.css",
  "chineseName": "图片上传",
  "description": "",
  "requires": {
    "pic_select": "../pic_select/index.json"
  },
  "controls": {
    "control0": {
      "location": {
        "data": {
          "tagName": "INPUT"
        },
        "locators": [
          {
            "id": "elem/@name",
            "prob": 2,
            "value": "descendant::INPUT[@name=\"file\"]"
          },
          {
            "id": "@id/word",
            "prob": 3,
            "value": [
              "descendant::TABLE[@id=\"uploadImgTable\"]//INPUT[@id=\"file\"]",
              "descendant::INPUT[@id=\"file\"]"
            ]
          },
          {
            "id": "path/ordinal",
            "prob": 1,
            "value": "/HTML[1]/BODY[1]/FORM[1]/TABLE[1]/TBODY[1]/TR[1]/TD[1]/INPUT[1]"
          },
          {
            "id": "input/type",
            "verifyEnabled": true,
            "value": "file"
          },
          {
            "id": "elderLevel",
            "value": {
              "level": 0
            }
          },
          {
            "id": "shield",
            "value": {
              "zIndex": "auto",
              "width": 359.03125,
              "height": 30
            }
          }
        ]
      },
      "roles": "element,file",
      "monitored": false,
      "frameXPath": "//iframe[@name='parentDialog']<<IFRAME>>"
    },
    "control1": {
      "location": {
        "data": {
          "tagName": "A"
        },
        "locators": [
          {
            "id": "@title",
            "prob": 2,
            "ordinal": [
              0,
              2
            ],
            "value": {
              "text": [
                "关闭(esc键)"
              ]
            }
          },
          {
            "id": "@class/word",
            "prob": 1,
            "ordinal": [
              0,
              2
            ],
            "value": "DIV.ui_title_bar DIV.ui_title_buttons A.ui_close"
          },
          {
            "id": "path/ordinal",
            "prob": 1,
            "value": "/HTML[1]/BODY[1]/DIV[1]/TABLE[1]/TBODY[1]/TR[2]/TD[2]/DIV[1]/TABLE[1]/TBODY[1]/TR[1]/TD[1]/DIV[1]/DIV[2]/A[4]"
          },
          {
            "id": "elderLevel",
            "value": {
              "level": 0
            }
          },
          {
            "id": "shield",
            "value": {
              "zIndex": "auto",
              "width": 22,
              "height": 22
            }
          }
        ]
      },
      "intendedRole": "button",
      "roles": "element,button,link",
      "monitored": false
    },
    "control2": {
      "location": {
        "data": {
          "tagName": "INPUT"
        },
        "locators": [
          {
            "id": "elem/@name",
            "prob": 2,
            "value": "descendant::INPUT[@name=\"file\"]"
          },
          {
            "id": "@id/word",
            "prob": 3,
            "value": [
              "descendant::TABLE[@id=\"uploadImgTable\"]//INPUT[@id=\"file\"]",
              "descendant::INPUT[@id=\"file\"]"
            ]
          },
          {
            "id": "path/ordinal",
            "prob": 1,
            "value": "/HTML[1]/BODY[1]/FORM[1]/TABLE[1]/TBODY[1]/TR[1]/TD[1]/INPUT[1]"
          },
          {
            "id": "input/type",
            "verifyEnabled": true,
            "value": "file"
          },
          {
            "id": "elderLevel",
            "value": {
              "level": 0
            }
          },
          {
            "id": "shield",
            "value": {
              "zIndex": "auto",
              "width": 359.03125,
              "height": 30
            }
          }
        ]
      },
      "roles": "element,file",
      "text": "选择文件",
      "frameXPath": "//iframe[@name='parentDialog']<<IFRAME>>"
    }
  },
  "contexts": {
    "context0": {
      "controls": [
        "control0",
        "control1"
      ],
      "anchors": [
        "control2"
      ]
    }
  },
  "flows": {
      "flow0": {
        "toContexts": [
          {
            "toContextId": "context0"
          }
        ]
    },
    "flow1": {
    "fromContextId": "context0",
    "fromAction": "click",
    "fromControlId": "control0",
    "mark": "图片选择",
    "toContexts": [
      {
        "toContextId": "context0"
      },
      {
        "toModelId": "pic_select",
        "toContextId": "context0"
      }
    ]
}
  },
  "pages": {
    "page0": {
      "contextId": "context0",
      "layout": [
        {
          "id": "uiControl0",
          "display": {
            "class": "navbar navbar-primary",
            "title": "图片上传",
            "type": "header",
            "adapterId": "header",
            "adapter": {
              "templateType": ""
            }
          },
          "layout": []
        },
        {
          "id": "uiControl2",
          "controlId": "control1",
          "display": {
            "adapterId": "clickable",
            "type": "button",
            "text": "",
            "class": "back-up-level",
            "adapter": {
              "templateType": ""
            }
          }
        },
        {
          "id": "uiControl3",
          "display": {
            "type": "card",
            "adapterId": "card",
            "adapter": {
              "templateType": ""
            }
          },
          "layout": [
            {
              "id": "uiControl3body",
              "display": {
                "type": "cardBody",
                "adapterId": "cardBody",
                "adapter": {
                  "templateType": ""
                }
              },
              "layout": [
                {
                  "id": "uiControl1",
                  "controlId": "control0",
                  "display": {
                    "adapterId": "clickable",
                    "type": "fileUpload",
                    "adapter": {
                      "templateType": ""
                    }
                  }
                }
              ]
            }
          ]
        }
      ]
    }
  },
  "matchers": {
    "page/title": {
      "contexts": {
        "context0": [
          "正方软件-离校系统"
        ]
      }
    },
    "page/urls": {
      "contexts": {
        "context0": [
          "117.35.118.203/lxxt/lxgl/zzfw/zzbl/qrxx.html"
        ]
      }
    },
    "page/ids": {
      "contexts": {
        "context0": [
          [
            "content_lxxt_xsxx",
            "content_lxxt_xsxx_zxxx",
            "csrq",
            "hkszd",
            "jg",
            "jtdz",
            "mzdm",
            "qqhm",
            "sfzh",
            "sjhm",
            "syszd",
            "xh",
            "xm",
            "xsxxForm",
            "xszp",
            "xszpPath",
            "zdybdcon_table_lxxt_xsxx_update",
            "zdybdcon_table_lxxt_xsxx_zxxx_info",
            "zdybdfl_lxxt_xsxx_update",
            "zdybdfl_lxxt_xsxx_zxxx_info",
            "zgh",
            "zzmmdm"
          ],
          [
            "content_lxxt_xsxx",
            "content_lxxt_xsxx_zxxx",
            "csrq",
            "hkszd",
            "jg",
            "jtdz",
            "ldg_lockmask",
            "mzdm",
            "qqhm",
            "sfzh",
            "sjhm",
            "syszd",
            "xh",
            "xm",
            "xsxxForm",
            "xszp",
            "xszpPath",
            "zdybdcon_table_lxxt_xsxx_update",
            "zdybdcon_table_lxxt_xsxx_zxxx_info",
            "zdybdfl_lxxt_xsxx_update",
            "zdybdfl_lxxt_xsxx_zxxx_info",
            "zgh",
            "zzmmdm"
          ]
        ]
      }
    },
    "page/classes": {
      "contexts": {
        "context0": [
          [
            "_b",
            "_t",
            "ba",
            "con",
            "e",
            "e_info",
            "foot",
            "formli",
            "h_tit",
            "head",
            "ible ui_",
            "jx",
            "logo",
            "next",
            "next_btn",
            "photo_up",
            "red",
            "t",
            "tate_focu",
            "tate_vi",
            "tb",
            "text_nor",
            "ui_b",
            "ui_border ui_",
            "ui_button",
            "ui_c",
            "ui_clo",
            "ui_content",
            "ui_dialog",
            "ui_icon",
            "ui_inner",
            "ui_l",
            "ui_lb",
            "ui_loading",
            "ui_lt",
            "ui_main",
            "ui_max",
            "ui_max_b",
            "ui_min",
            "ui_min_b",
            "ui_r",
            "ui_rb",
            "ui_re",
            "ui_rt",
            "ui_t",
            "ui_title",
            "ui_title_bar",
            "ui_title_button"
          ],
          [
            " ui_",
            "_b",
            "_t",
            "ba",
            "con",
            "e",
            "e_info",
            "foot",
            "formli",
            "h_tit",
            "head",
            "ible ui_",
            "jx",
            "logo",
            "next",
            "next_btn",
            "photo_up",
            "red",
            "t",
            "tate_focu",
            "tate_full",
            "tate_lock",
            "tate_vi",
            "tb",
            "text_nor",
            "ui_b",
            "ui_border",
            "ui_border ui_",
            "ui_button",
            "ui_c",
            "ui_clo",
            "ui_content",
            "ui_content ui_",
            "ui_dialog",
            "ui_icon",
            "ui_inner",
            "ui_l",
            "ui_lb",
            "ui_loading",
            "ui_lt",
            "ui_main",
            "ui_max",
            "ui_max_b",
            "ui_min",
            "ui_min_b",
            "ui_r",
            "ui_rb",
            "ui_re",
            "ui_rt",
            "ui_t",
            "ui_title",
            "ui_title_bar",
            "ui_title_button"
          ],
          [
            "_b",
            "_t",
            "ba",
            "con",
            "e",
            "e_info",
            "foot",
            "formli",
            "h_tit",
            "head",
            "ible ui_",
            "jx",
            "logo",
            "next",
            "next_btn",
            "photo_up",
            "red",
            "t",
            "tate_focu",
            "tate_full",
            "tate_lock ui_",
            "tate_vi",
            "tb",
            "text_nor",
            "ui_b",
            "ui_border",
            "ui_border ui_",
            "ui_button",
            "ui_c",
            "ui_clo",
            "ui_content",
            "ui_content ui_",
            "ui_dialog",
            "ui_icon",
            "ui_inner",
            "ui_l",
            "ui_lb",
            "ui_loading",
            "ui_lt",
            "ui_main",
            "ui_max",
            "ui_max_b",
            "ui_min",
            "ui_min_b",
            "ui_r",
            "ui_rb",
            "ui_re",
            "ui_rt",
            "ui_t",
            "ui_title",
            "ui_title_bar",
            "ui_title_button"
          ]
        ]
      }
    },
    "page/tagTriplets": {
      "contexts": {
        "context0": [
          [
            "-/-/DIV",
            "-/-/FORM",
            "-/DIV/TABLE",
            "-/FORM/DIV",
            "-/FORM/INPUT-hidden",
            "DIV/A/B",
            "DIV/A/IMG",
            "DIV/DIV/A",
            "DIV/DIV/BUTTON",
            "DIV/DIV/DIV",
            "DIV/DIV/H3",
            "DIV/DIV/IMG",
            "DIV/DIV/INPUT-hidden",
            "DIV/DIV/SPAN",
            "DIV/DIV/TABLE",
            "DIV/H4/DIV",
            "DIV/H4/P",
            "DIV/P/BUTTON",
            "DIV/TABLE/TBODY",
            "DIV/TABLE/THEAD",
            "FORM/DIV/DIV",
            "FORM/DIV/H2",
            "FORM/DIV/H4",
            "FORM/DIV/P",
            "H4/DIV/A",
            "H4/DIV/IMG",
            "H4/P/SPAN",
            "P/SPAN/A",
            "SPAN/LABEL/INPUT-radio",
            "TABLE/TBODY/TR",
            "TABLE/THEAD/TR",
            "TBODY/TR/TD",
            "TBODY/TR/TH",
            "TD/DIV/DIV",
            "TD/DIV/TABLE",
            "TD/SELECT/OPTION",
            "TD/SPAN/LABEL",
            "THEAD/TR/TH",
            "TR/TD/DIV",
            "TR/TD/INPUT-hidden",
            "TR/TD/INPUT-text",
            "TR/TD/SELECT",
            "TR/TD/SPAN",
            "TR/TH/SPAN"
          ],
          [
            "-/-/DIV",
            "-/-/FORM",
            "-/DIV/TABLE",
            "-/FORM/DIV",
            "-/FORM/INPUT-hidden",
            "DIV/A/B",
            "DIV/A/IMG",
            "DIV/DIV/A",
            "DIV/DIV/BUTTON",
            "DIV/DIV/DIV",
            "DIV/DIV/H3",
            "DIV/DIV/IMG",
            "DIV/DIV/INPUT-hidden",
            "DIV/DIV/SPAN",
            "DIV/DIV/TABLE",
            "DIV/H4/DIV",
            "DIV/H4/P",
            "DIV/P/BUTTON",
            "DIV/TABLE/TBODY",
            "DIV/TABLE/THEAD",
            "FORM/DIV/DIV",
            "FORM/DIV/H2",
            "FORM/DIV/H4",
            "FORM/DIV/P",
            "H4/DIV/A",
            "H4/DIV/IMG",
            "H4/P/SPAN",
            "P/SPAN/A",
            "SPAN/LABEL/INPUT-radio",
            "TABLE/TBODY/TR",
            "TABLE/THEAD/TR",
            "TBODY/TR/TD",
            "TBODY/TR/TH",
            "TD/DIV/DIV",
            "TD/DIV/IFRAME",
            "TD/DIV/TABLE",
            "TD/SELECT/OPTION",
            "TD/SPAN/LABEL",
            "THEAD/TR/TH",
            "TR/TD/DIV",
            "TR/TD/INPUT-hidden",
            "TR/TD/INPUT-text",
            "TR/TD/SELECT",
            "TR/TD/SPAN",
            "TR/TH/SPAN"
          ]
        ]
      }
    }
  }
}
