{
  "version": "0.1",
  "id": "login",
  "targetURL": "http://117.35.118.203/lxxt/lxgl/zzfw/index/index.html",
  "jsFile": "../../lib/base.js,../../lib/customTemplate.js,index.js",
  "cssFile": "../../lib/base.css,index.css",
  "requires": {
    "s_personal": "../s_personal/index.json"
  },
  "chineseName": "登录",
  "description": "",
  "controls": {
    "control0": {
      "location": {
        "data": {
          "tagName": "H1"
        },
        "locators": [
          {
            "id": "@id/word",
            "prob": 2,
            "value": [
              "descendant::FORM[@id=\"loginForm\"]/DIV[1]/H1[1]",
              "descendant::FORM[@id=\"loginForm\"]//H1"
            ]
          },
          {
            "id": "@class/word",
            "prob": 1,
            "value": "BODY.login_bg DIV.con H1.login_logo"
          },
          {
            "id": "path/ordinal",
            "prob": 1,
            "value": "/HTML[1]/BODY[1]/FORM[1]/DIV[1]/H1[1]"
          },
          {
            "id": "shield",
            "value": {
              "zIndex": "auto",
              "width": 575,
              "height": 60
            }
          }
        ]
      },
      "roles": "element",
      "monitored": false
    },
    "control1": {
      "location": {
        "data": {
          "tagName": "H1"
        },
        "locators": [
          {
            "id": "@id/word",
            "prob": 2,
            "value": [
              "descendant::FORM[@id=\"loginForm\"]/DIV[1]/H1[1]",
              "descendant::FORM[@id=\"loginForm\"]//H1"
            ]
          },
          {
            "id": "@class/word",
            "prob": 1,
            "value": "BODY.login_bg DIV.con H1.login_logo"
          },
          {
            "id": "path/ordinal",
            "prob": 1,
            "value": "/HTML[1]/BODY[1]/FORM[1]/DIV[1]/H1[1]"
          },
          {
            "id": "shield",
            "value": {
              "zIndex": "auto",
              "width": 575,
              "height": 60
            }
          }
        ]
      },
      "roles": "element",
      "monitored": false
    },
    "control4": {
      "location": {
        "data": {
          "tagName": "INPUT"
        },
        "locators": [
          {
            "id": "input/@value",
            "prob": 1,
            "value": {
              "text": [
                " "
              ]
            }
          },
          {
            "id": "input/button/@value",
            "prob": 3,
            "value": {
              "text": [
                " "
              ]
            }
          },
          {
            "id": "elem/@name",
            "prob": 2,
            "value": [
              "descendant::form[@name=\"loginForm\"]//INPUT[@name=\"yhm\"]",
              "descendant::INPUT[@name=\"yhm\"]"
            ]
          },
          {
            "id": "@id/word",
            "prob": 3,
            "value": [
              "descendant::FORM[@id=\"loginForm\"]//INPUT[@id=\"username\"]",
              "descendant::INPUT[@id=\"username\"]"
            ]
          },
          {
            "id": "@class/word",
            "prob": 1,
            "value": "DIV.con DIV.login_bx.login_bx2 DIV.login_name INPUT"
          },
          {
            "id": "path/ordinal",
            "prob": 1,
            "value": "/HTML[1]/BODY[1]/FORM[1]/DIV[1]/DIV[1]/DIV[2]/INPUT[1]"
          },
          {
            "id": "input/type",
            "verifyEnabled": true,
            "value": "text"
          },
          {
            "id": "elderLevel",
            "value": {
              "level": 0
            }
          },
          {
            "id": "shield",
            "value": {
              "zIndex": "auto",
              "width": 190,
              "height": 40
            }
          }
        ]
      },
      "intendedRole": "textbox",
      "roles": "element,textbox",
      "monitored": true
    },
    "control5": {
      "location": {
        "data": {
          "tagName": "INPUT"
        },
        "locators": [
          {
            "id": "elem/@name",
            "prob": 1,
            "value": [
              "descendant::form[@name=\"loginForm\"]//INPUT[@name=\"mm\"]",
              "descendant::INPUT[@name=\"mm\"]"
            ]
          },
          {
            "id": "@id/word",
            "prob": 3,
            "value": [
              "descendant::FORM[@id=\"loginForm\"]//INPUT[@id=\"password\"]",
              "descendant::INPUT[@id=\"password\"]"
            ]
          },
          {
            "id": "@class/word",
            "prob": 1,
            "value": "DIV.con DIV.login_bx.login_bx2 DIV.login_key INPUT"
          },
          {
            "id": "path/ordinal",
            "prob": 1,
            "value": "/HTML[1]/BODY[1]/FORM[1]/DIV[1]/DIV[1]/DIV[3]/INPUT[1]"
          },
          {
            "id": "input/type",
            "verifyEnabled": true,
            "value": "password"
          },
          {
            "id": "elderLevel",
            "value": {
              "level": 0
            }
          },
          {
            "id": "shield",
            "value": {
              "zIndex": "auto",
              "width": 190,
              "height": 40
            }
          }
        ]
      },
      "intendedRole": "passwordbox",
      "roles": "element,passwordbox,textbox",
      "monitored": true
    },
    "control6": {
      "location": {
        "data": {
          "tagName": "INPUT"
        },
        "locators": [
          {
            "id": "elem/@name",
            "prob": 2,
            "value": [
              "descendant::form[@name=\"loginForm\"]//INPUT[@name=\"yzm\"]",
              "descendant::INPUT[@name=\"yzm\"]"
            ]
          },
          {
            "id": "@id/word",
            "prob": 3,
            "value": [
              "descendant::FORM[@id=\"loginForm\"]//INPUT[@id=\"yzm\"]",
              "descendant::INPUT[@id=\"yzm\"]"
            ]
          },
          {
            "id": "@class/word",
            "prob": 1,
            "value": "DIV.con DIV.login_bx.login_bx2 DIV.login_yzm INPUT"
          },
          {
            "id": "path/ordinal",
            "prob": 1,
            "value": "/HTML[1]/BODY[1]/FORM[1]/DIV[1]/DIV[1]/DIV[4]/INPUT[1]"
          },
          {
            "id": "input/type",
            "verifyEnabled": true,
            "value": "text"
          },
          {
            "id": "elderLevel",
            "value": {
              "level": 0
            }
          },
          {
            "id": "shield",
            "value": {
              "zIndex": "auto",
              "width": 100,
              "height": 40
            }
          }
        ]
      },
      "intendedRole": "textbox",
      "roles": "element,textbox",
      "monitored": true
    },
    "control8": {
      "location": {
        "data": {
          "tagName": "BUTTON"
        },
        "locators": [
          {
            "id": "button/text",
            "prob": 3,
            "value": {
              "text": [
                "登录"
              ],
              "visText": [
                ""
              ]
            }
          },
          {
            "id": "text",
            "prob": 3,
            "value": {
              "text": [
                "登录"
              ],
              "visText": [
                "登录"
              ]
            }
          },
          {
            "id": "@id/word",
            "prob": 1,
            "value": [
              "descendant::FORM[@id=\"loginForm\"]/DIV[1]/DIV[1]/DIV[5]/BUTTON[1]",
              "descendant::FORM[@id=\"loginForm\"]//BUTTON"
            ]
          },
          {
            "id": "@class/word",
            "prob": 1,
            "value": "DIV.con DIV.login_bx.login_bx2 DIV.login_btn BUTTON"
          },
          {
            "id": "path/ordinal",
            "prob": 1,
            "value": "/HTML[1]/BODY[1]/FORM[1]/DIV[1]/DIV[1]/DIV[5]/BUTTON[1]"
          },
          {
            "id": "input/type",
            "verifyEnabled": true,
            "value": "button"
          },
          {
            "id": "elderLevel",
            "value": {
              "level": 0
            }
          },
          {
            "id": "shield",
            "value": {
              "zIndex": "auto",
              "width": 266,
              "height": 45
            }
          }
        ]
      },
      "intendedRole": "button",
      "roles": "element,button",
      "monitored": false
    },
    "control9": {
      "location": {
        "data": {
          "tagName": "SPAN"
        },
        "locators": [
          {
            "id": "@id/word",
            "prob": 1,
            "value": [
              "descendant::FORM[@id=\"loginForm\"]/DIV[1]/DIV[1]/DIV[4]/SPAN[1]",
              "descendant::FORM[@id=\"loginForm\"]//SPAN"
            ]
          },
          {
            "id": "@class/word",
            "prob": 1,
            "value": "DIV.con DIV.login_bx.login_bx2 DIV.login_yzm SPAN"
          },
          {
            "id": "path/ordinal",
            "prob": 1,
            "value": "/HTML[1]/BODY[1]/FORM[1]/DIV[1]/DIV[1]/DIV[4]/SPAN[1]"
          },
          {
            "id": "shield",
            "value": {
              "zIndex": "auto",
              "width": 100,
              "height": 14
            }
          }
        ]
      },
      "roles": "element",
      "monitored": false
    },
    "control10": {
      "location": {
        "data": {
          "tagName": "SPAN"
        },
        "locators": [
          {
            "id": "@id/word",
            "prob": 1,
            "value": [
              "descendant::FORM[@id=\"loginForm\"]/DIV[1]/DIV[1]/DIV[4]/SPAN[1]",
              "descendant::FORM[@id=\"loginForm\"]//SPAN"
            ]
          },
          {
            "id": "@class/word",
            "prob": 1,
            "value": "DIV.con DIV.login_bx.login_bx2 DIV.login_yzm SPAN"
          },
          {
            "id": "path/ordinal",
            "prob": 1,
            "value": "/HTML[1]/BODY[1]/FORM[1]/DIV[1]/DIV[1]/DIV[4]/SPAN[1]"
          },
          {
            "id": "shield",
            "value": {
              "zIndex": "auto",
              "width": 100,
              "height": 14
            }
          }
        ]
      },
      "roles": "element",
      "monitored": false
    },
    "control11": {
      "location": {
        "data": {
          "tagName": "IMG"
        },
        "locators": [
          {
            "id": "img/@src",
            "prob": 1,
            "value": {
              "pathname": "/lxxt/kaptcha",
              "search": "time=1472104154938"
            }
          },
          {
            "id": "@id/word",
            "prob": 3,
            "value": [
              "descendant::FORM[@id=\"loginForm\"]//IMG[@id=\"yzmPic\"]",
              "descendant::IMG[@id=\"yzmPic\"]"
            ]
          },
          {
            "id": "@class/word",
            "prob": 1,
            "value": "DIV.con DIV.login_bx.login_bx2 DIV.login_yzm SPAN IMG"
          },
          {
            "id": "path/ordinal",
            "prob": 1,
            "value": "/HTML[1]/BODY[1]/FORM[1]/DIV[1]/DIV[1]/DIV[4]/SPAN[1]/IMG[1]"
          },
          {
            "id": "elderLevel",
            "value": {
              "level": 0
            }
          },
          {
            "id": "shield",
            "value": {
              "zIndex": "auto",
              "width": 100,
              "height": 30
            }
          }
        ]
      },
      "roles": "element,image,button",
      "monitored": true
    },
    "control12": {
      "location": {
        "data": {
          "tagName": "DIV"
        },
        "locators": [
          {
            "id": "button/text",
            "prob": 3,
            "value": {
              "text": [
                "验证码不正确！"
              ],
              "visText": [
                "验证码不正确！"
              ]
            }
          },
          {
            "id": "text",
            "prob": 3,
            "value": {
              "text": [
                "验证码不正确！"
              ],
              "visText": [
                "验证码不正确！"
              ]
            }
          },
          {
            "id": "@id/word",
            "prob": 1,
            "value": [
              "descendant::FORM[@id=\"loginForm\"]/DIV[1]/DIV[1]/DIV[1]",
              "descendant::FORM[@id=\"loginForm\"]//DIV"
            ]
          },
          {
            "id": "@class/word",
            "prob": 1,
            "value": "DIV.con DIV.login_bx.login_bx2 DIV.login_message"
          },
          {
            "id": "path/ordinal",
            "prob": 1,
            "value": "/HTML[1]/BODY[1]/FORM[1]/DIV[1]/DIV[1]/DIV[1]"
          },
          {
            "id": "shield",
            "value": {
              "zIndex": "auto",
              "width": 270,
              "height": 20
            }
          }
        ]
      },
      "intendedRole": "fragment",
      "roles": "element,fragment",
      "ignoreVisibility": true,
      "monitored": true
    }
  },
  "contexts": {
    "context0": {
      "controls": [
        "control0",
        "control1",
        "control4",
        "control5",
        "control6",
        "control8",
        "control9",
        "control10",
        "control11",
        "control12"
      ],
      "anchors": []
    }
  },
  "flows": {
    "flow0": {
      "toContexts": [
        {
          "toContextId": "context0"
        }
      ]
    },
    "flow1": {
      "fromContextId": "context0",
      "fromAction": "click",
      "fromControlId": "control8",
      "toContexts": [
        {
          "toModelId": "s_personal",
          "toContextId": "context0"
        },
        {
          "toContextId": "context0"
        }
      ]
    },
    "flow2": {
      "fromContextId": "context0",
      "fromAction": "click",
      "fromControlId": "control11",
      "toContexts": [
        {
          "toContextId": "context0"
        }
      ]
    },
    "flow3": {
      "fromContextId": "context0",
      "fromAction": "click",
      "fromControlId": "control4",
      "toContexts": [
        {
          "toContextId": "context0"
        }
      ]
    },
    "flow4": {
      "fromContextId": "context0",
      "fromAction": "click",
      "fromControlId": "control5",
      "toContexts": [
        {
          "toContextId": "context0"
        }
      ]
    },
    "flow5": {
      "fromContextId": "context0",
      "fromAction": "click",
      "fromControlId": "control6",
      "toContexts": [
        {
          "toContextId": "context0"
        }
      ]
    }
  },
  "pages": {
    "page0": {
      "contextId": "context0",
      "layout": [
        {
          "id": "uiControl0",
          "display": {
            "type": "card",
            "adapterId": "card",
            "class": "yl_lg_bg",
            "adapter": {
              "templateType": ""
            }
          },
          "layout": [
            {
              "id": "uiControl0body",
              "display": {
                "type": "cardBody",
                "adapterId": "cardBody",
                "adapter": {
                  "templateType": ""
                }
              },
              "layout": [
                {
                  "id": "uiControl3",
                  "display": {
                    "text": "用户登录",
                    "type": "content",
                    "adapterId": "staticContent",
                    "class": "yl_lg_header",
                    "adapter": {
                      "templateType": ""
                    }
                  }
                },
                {
                  "id": "uiControl17",
                  "controlId": "control12",
                  "display": {
                    "adapterId": "fragment",
                    "type": "fragment",
                    "class": "yl_ts",
                    "adapter": {
                      "templateType": ""
                    }
                  }
                },
                {
                  "id": "uiControl10",
                  "display": {
                    "type": "card",
                    "adapterId": "card",
                    "class": "yl_lg_np",
                    "adapter": {
                      "templateType": ""
                    }
                  },
                  "layout": [
                    {
                      "id": "uiControl10body",
                      "display": {
                        "type": "cardBody",
                        "adapterId": "cardBody",
                        "adapter": {
                          "templateType": ""
                        }
                      },
                      "layout": [
                        {
                          "id": "uiControl4",
                          "controlId": "control4",
                          "display": {
                            "adapterId": "textbox",
                            "type": "textbox",
                            "class": "yl_lg_name",
                            "adapter": {
                              "templateType": ""
                            }
                          }
                        }
                      ]
                    }
                  ]
                },
                {
                  "id": "uiControl11",
                  "display": {
                    "type": "card",
                    "adapterId": "card",
                    "class": "yl_lg_pp",
                    "adapter": {
                      "templateType": ""
                    }
                  },
                  "layout": [
                    {
                      "id": "uiControl11body",
                      "display": {
                        "type": "cardBody",
                        "adapterId": "cardBody",
                        "adapter": {
                          "templateType": ""
                        }
                      },
                      "layout": [
                        {
                          "id": "uiControl5",
                          "controlId": "control5",
                          "display": {
                            "adapterId": "passwordbox",
                            "type": "passwordbox",
                            "class": "yl_lg_password",
                            "adapter": {
                              "templateType": ""
                            }
                          }
                        }
                      ]
                    }
                  ]
                },
                {
                  "id": "uiControl7",
                  "display": {
                    "type": "card",
                    "adapterId": "card",
                    "class": "yl_lg_yp",
                    "adapter": {
                      "templateType": ""
                    }
                  },
                  "layout": [
                    {
                      "id": "uiControl7body",
                      "display": {
                        "type": "cardBody",
                        "adapterId": "cardBody",
                        "adapter": {
                          "templateType": ""
                        }
                      },
                      "layout": [
                        {
                          "id": "uiControl6",
                          "controlId": "control6",
                          "display": {
                            "adapterId": "textbox",
                            "type": "textbox",
                            "class": "yl_lg_yzm",
                            "adapter": {
                              "templateType": ""
                            }
                          }
                        }
                      ]
                    }
                  ]
                },
                {
                  "id": "uiControl13",
                  "controlId": "control11",
                  "display": {
                    "adapterId": "image_link",
                    "type": "image",
                    "class": "img_link",
                    "adapter": {
                      "templateType": ""
                    }
                  }
                },
                {
                  "id": "uiControl8",
                  "controlId": "control8",
                  "display": {
                    "adapterId": "clickable",
                    "type": "button",
                    "text": "登录",
                    "class": "yl_lg_button",
                    "adapter": {
                      "templateType": ""
                    }
                  }
                },
                {
                  "id": "uiControl12",
                  "display": {
                    "type": "card",
                    "adapterId": "card",
                    "class": "bottom",
                    "adapter": {
                      "templateType": ""
                    }
                  },
                  "layout": [
                    {
                      "id": "uiControl12body",
                      "display": {
                        "type": "cardBody",
                        "adapterId": "cardBody",
                        "adapter": {
                          "templateType": ""
                        }
                      },
                      "layout": [
                        {
                          "id": "uiControl14",
                          "display": {
                            "text": "&nbsp;",
                            "type": "content",
                            "adapterId": "staticContent",
                            "class": "yl_lg_bottom",
                            "adapter": {
                              "templateType": ""
                            }
                          }
                        }
                      ]
                    }
                  ]
                }
              ]
            }
          ]
        }
      ]
    }
  },
  "matchers": {
    "page/title": {
      "contexts": {
        "context0": [
          "正方软件-离校系统"
        ]
      }
    },
    "page/urls": {
      "contexts": {
        "context0": [
          "yx.peihua.cn:8001/lxxt/lxgl/zzfw/index/index.html",
          "117.35.118.203/lxxt/lxgl/zzfw/index/index.html",
          "117.35.118.203/lxxt/lxgl/zzfw/index/slogin.html"
        ]
      }
    },
    "page/ids": {
      "contexts": {
        "context0": [
          [
            "loginForm",
            "message",
            "password",
            "rememberMe",
            "type",
            "username",
            "yhmmdj",
            "yzm",
            "yzmPic"
          ]
        ]
      }
    },
    "page/classes": {
      "contexts": {
        "context0": [
          [
            "age",
            "con",
            "help",
            "login_btn",
            "login_bx login_bx",
            "login_foot",
            "login_key",
            "login_logo",
            "login_me",
            "login_name",
            "login_yzm",
            "more",
            "notice",
            "tit"
          ],
          [
            "age",
            "con",
            "help",
            "login_btn",
            "login_bx",
            "login_foot",
            "login_key",
            "login_logo",
            "login_me",
            "login_name",
            "login_yzm",
            "more",
            "notice",
            "tit"
          ]
        ]
      }
    },
    "page/tagTriplets": {
      "contexts": {
        "context0": [
          [
            "-/-/FORM",
            "-/FORM/DIV",
            "-/FORM/INPUT-hidden",
            "DIV/DIV/BUTTON",
            "DIV/DIV/DIV",
            "DIV/DIV/FONT",
            "DIV/DIV/H5",
            "DIV/DIV/INPUT-password",
            "DIV/DIV/INPUT-text",
            "DIV/DIV/P",
            "DIV/DIV/SPAN",
            "DIV/DIV/UL",
            "DIV/H1/IMG",
            "DIV/H5/A",
            "DIV/P/A",
            "DIV/SPAN/IMG",
            "DIV/UL/LI",
            "FORM/DIV/DIV",
            "FORM/DIV/H1",
            "FORM/DIV/P",
            "P/A/IMG",
            "UL/LI/A",
            "UL/LI/SPAN"
          ],
          [
            "-/-/FORM",
            "-/FORM/DIV",
            "-/FORM/INPUT-hidden",
            "DIV/DIV/BUTTON",
            "DIV/DIV/DIV",
            "DIV/DIV/FONT",
            "DIV/DIV/H5",
            "DIV/DIV/INPUT-password",
            "DIV/DIV/INPUT-text",
            "DIV/DIV/P",
            "DIV/DIV/SPAN",
            "DIV/DIV/UL",
            "DIV/H1/IMG",
            "DIV/H5/A",
            "DIV/P/A",
            "DIV/SPAN/IMG",
            "FORM/DIV/DIV",
            "FORM/DIV/H1",
            "FORM/DIV/P",
            "P/A/IMG"
          ],
          [
            "-/-/FORM",
            "-/-/SCRIPT",
            "-/FORM/DIV",
            "-/FORM/INPUT-hidden",
            "DIV/DIV/BUTTON",
            "DIV/DIV/DIV",
            "DIV/DIV/FONT",
            "DIV/DIV/H5",
            "DIV/DIV/INPUT-password",
            "DIV/DIV/INPUT-text",
            "DIV/DIV/P",
            "DIV/DIV/SPAN",
            "DIV/DIV/UL",
            "DIV/H1/IMG",
            "DIV/H5/A",
            "DIV/P/A",
            "DIV/SPAN/IMG",
            "DIV/UL/LI",
            "FORM/DIV/DIV",
            "FORM/DIV/H1",
            "FORM/DIV/P",
            "P/A/IMG",
            "UL/LI/A",
            "UL/LI/SPAN"
          ]
        ]
      }
    }
  }
}