{
  "version": "0.1",
  "id": "lv_fillQuestionnaire_limited",
  "targetURL": "http://42.247.16.108/xgxt/xszz_jtqkdc_sq.do",
  "jsFile": "index.js",
  "requires": {
    "login": "../login/index.json"
  },
  "chineseName": "填写调查表_限制",
  "description": "",
  "controls": {
    "control988": {
      "location": {
        "data": {
          "tagName": "DIV"
        },
        "locators": [
          {
            "id": "button/text",
            "prob": 3,
            "ordinal": [
              0,
              2
            ],
            "value": {
              "text": [
                "温馨提示： 现在未开放家庭情况填写。"
              ],
              "visText": [
                "温馨提示： 现在未开放家庭情况填写。"
              ]
            }
          },
          {
            "id": "text",
            "prob": 3,
            "value": {
              "text": [
                "温馨提示： 现在未开放家庭情况填写。"
              ],
              "visText": [
                "温馨提示： 现在未开放家庭情况填写。"
              ]
            }
          },
          {
            "id": "@class/word",
            "prob": 1,
            "value": "DIV.page_prompt"
          },
          {
            "id": "path/ordinal",
            "prob": 1,
            "value": "/HTML[1]/BODY[1]/DIV[2]"
          },
          {
            "id": "shield",
            "value": {
              "zIndex": "auto",
              "width": 480,
              "height": 200
            }
          }
        ]
      },
      "intendedRole": "fragment",
      "roles": "element,fragment",
      "monitored": true
    },
    "control989": {
      "location": {
        "data": {
          "tagName": "DIV"
        },
        "locators": [
          {
            "id": "button/text",
            "prob": 3,
            "ordinal": [
              1,
              2
            ],
            "value": {
              "text": [
                "温馨提示： 现在未开放家庭情况填写。"
              ],
              "visText": [
                "温馨提示： 现在未开放家庭情况填写。"
              ]
            }
          },
          {
            "id": "text",
            "prob": 3,
            "value": {
              "text": [
                "温馨提示： 现在未开放家庭情况填写。"
              ],
              "visText": [
                "温馨提示： 现在未开放家庭情况填写。"
              ]
            }
          },
          {
            "id": "@class/word",
            "prob": 1,
            "value": "DIV.page_prompt DIV.page_promptcon"
          },
          {
            "id": "path/ordinal",
            "prob": 1,
            "value": "/HTML[1]/BODY[1]/DIV[2]/DIV[1]"
          },
          {
            "id": "shield",
            "value": {
              "zIndex": "auto",
              "width": 360,
              "height": 74
            }
          }
        ]
      },
      "events": {
        "onGetData": "getData_control989"
      },
      "intendedRole": "custom",
      "roles": "element,custom",
      "monitored": false
    }
  },
  "contexts": {
    "context0": {
      "controls": [
        "control988",
        "control989"
      ],
      "anchors": []
    }
  },
  "flows": {
    "flow318": {
      "toContexts": [
        {
          "toContextId": "context0"
        }
      ]
    }
  },
  "pages": {
    "page0": {
      "contextId": "context0",
      "layout": [
        {
          "id": "uiControl1094",
          "display": {
            "class": "xg_header",
            "title": "填写调查表",
            "type": "header",
            "adapterId": "header",
            "adapter": {
              "templateType": ""
            }
          },
          "layout": [
            {
              "id": "uiControl1094headerLeft",
              "display": {
                "type": "headerLeft",
                "adapterId": "headerLeft",
                "adapter": {
                  "templateType": ""
                }
              },
              "layout": []
            }
          ]
        },
        {
          "id": "uiControl1127",
          "controlId": "control989",
          "display": {
            "adapterId": "custom",
            "type": "custom",
            "adapter": {
              "templateType": "react",
              "events": {
                "onDoAction": "doAction_uiControl1127",
                "onGetTemplate": "getTemplate_uiControl1127"
              }
            }
          }
        },
        {
          "id": "uiControl1102",
          "display": {
            "type": "card",
            "adapterId": "card",
            "class": "xg_body",
            "adapter": {
              "templateType": ""
            }
          },
          "layout": [
            {
              "id": "uiControl1102body",
              "display": {
                "type": "cardBody",
                "adapterId": "cardBody",
                "adapter": {
                  "templateType": ""
                }
              },
              "layout": [
                {
                  "id": "uiControl1103",
                  "controlId": "control988",
                  "display": {
                    "adapterId": "fragment",
                    "type": "fragment",
                    "class": "y_error",
                    "adapter": {
                      "templateType": ""
                    }
                  }
                }
              ]
            }
          ]
        }
      ]
    }
  },
  "matchers": {
    "page/title": {
      "contexts": {
        "context0": [
          "学生工作管理信息系统"
        ]
      }
    },
    "page/urls": {
      "contexts": {
        "context0": [
          "42.247.16.108/xgxt/xszz_jtqkdc_sq.do"
        ]
      }
    },
    "page/ids": {
      "contexts": {
        "context0": [
          [
            "maskLevel",
            "ym-bl",
            "ym-btnl",
            "ym-ml",
            "ym-tl",
            "ym-window"
          ]
        ]
      }
    },
    "page/classes": {
      "contexts": {
        "context0": [
          [
            "page_prompt",
            "page_promptcon",
            "ui_b",
            "ui_border",
            "ui_buttons",
            "ui_c",
            "ui_close",
            "ui_content",
            "ui_dialog",
            "ui_icon",
            "ui_inner",
            "ui_l",
            "ui_lb",
            "ui_lt",
            "ui_main",
            "ui_max",
            "ui_max_b",
            "ui_min",
            "ui_min_b",
            "ui_r",
            "ui_rb",
            "ui_res",
            "ui_res_b",
            "ui_res_t",
            "ui_rt",
            "ui_t",
            "ui_title",
            "ui_title_bar",
            "ui_title_buttons",
            "ym-bc",
            "ym-bl",
            "ym-body",
            "ym-br",
            "ym-btn",
            "ym-header-text",
            "ym-header-tools",
            "ym-mc",
            "ym-ml",
            "ym-mr",
            "ym-tc",
            "ym-tl",
            "ym-tr",
            "ymPrompt_close",
            "ymPrompt_max",
            "ymPrompt_min"
          ]
        ]
      }
    },
    "page/tagTriplets": {
      "contexts": {
        "context0": [
          [
            "-/-/DIV",
            "-/-/SCRIPT",
            "-/DIV/DIV",
            "-/DIV/IFRAME",
            "-/DIV/P",
            "-/DIV/TABLE",
            "DIV/A/B",
            "DIV/DIV/A",
            "DIV/DIV/DIV",
            "DIV/DIV/H3",
            "DIV/DIV/P",
            "DIV/DIV/STRONG",
            "DIV/TABLE/TBODY",
            "TABLE/TBODY/TR",
            "TBODY/TR/TD",
            "TD/DIV/DIV",
            "TD/DIV/TABLE",
            "TR/TD/DIV"
          ]
        ]
      }
    }
  }
}