{
  "version": "0.1",
  "id": "xxcx_xkqk",
  "targetURL": "http://117.35.118.209/js_xkqk.aspx?zgh=150528&xm=%CD%F5%C0%F2&gnmkdm=N122304",
  "jsFile": "../../lib/base.js,../../lib/customTemplate.js,index.js",
  "cssFile": "../../lib/base.css,index.css",
  "requires": {
    "login": "../login/index.json",
    "t_index": "../t_index/index.json"
  },
  "chineseName": "信息查询-选课情况",
  "controls": {
    "control0": {
      "location": {
        "data": {
          "tagName": "TABLE"
        },
        "locators": [
          {
            "id": "@class/word",
            "prob": 1,
            "value": "DIV.mid_box SPAN.formbox TABLE.datelist"
          },
          {
            "id": "path/ordinal",
            "prob": 1,
            "value": "/HTML[1]/BODY[1]/FORM[1]/DIV[2]/DIV[1]/SPAN[1]/TABLE[1]"
          },
          {
            "id": "style/color",
            "value": [
              17,
              68,
              158
            ]
          },
          {
            "id": "shield",
            "value": {
              "zIndex": "auto",
              "width": 1063,
              "height": 1276
            }
          }
        ]
      },
      "events": {
        "onGetData": "getData_control0"
      },
      "intendedRole": "custom",
      "roles": "element,custom",
      "monitored": false
    },
    "control1": {
      "location": {
        "data": {
          "tagName": "SPAN"
        },
        "locators": [
          {
            "id": "button/text",
            "prob": 3,
            "ordinal": [
              1,
              2
            ],
            "value": {
              "text": [
                "共有50个学生选课！"
              ],
              "visText": [
                "共有50个学生选课！"
              ]
            }
          },
          {
            "id": "text",
            "prob": 3,
            "value": {
              "text": [
                "共有50个学生选课！"
              ],
              "visText": [
                "共有50个学生选课！"
              ]
            }
          },
          {
            "id": "@id/word",
            "prob": 2,
            "value": [
              "descendant::DIV[@id=\"tool\"]/SPAN[1]",
              "descendant::DIV[@id=\"tool\"]//SPAN"
            ]
          },
          {
            "id": "@class/word",
            "prob": 1,
            "value": "DIV.footbox EM.footbox_con SPAN.footbutton SPAN"
          },
          {
            "id": "path/ordinal",
            "prob": 1,
            "value": "/HTML[1]/BODY[1]/FORM[1]/DIV[2]/DIV[1]/DIV[2]/EM[1]/SPAN[2]/DIV[1]/SPAN[1]"
          },
          {
            "id": "style/color",
            "value": [
              17,
              68,
              158
            ]
          },
          {
            "id": "elderLevel",
            "value": {
              "level": 0
            }
          },
          {
            "id": "shield",
            "value": {
              "zIndex": "auto",
              "width": 112,
              "height": 15
            }
          }
        ]
      },
      "roles": "element",
      "content": true,
      "monitored": false
    },
    "control2": {
      "location": {
        "data": {
          "tagName": "SELECT"
        },
        "locators": [
          {
            "id": "button/text",
            "prob": 3,
            "value": {
              "text": [
                "2016-2017 2015-2016"
              ],
              "visText": [
                ""
              ]
            }
          },
          {
            "id": "text",
            "prob": 3,
            "value": {
              "text": [
                "2016-2017 2015-2016"
              ],
              "visText": [
                ""
              ]
            }
          },
          {
            "id": "elem/@name",
            "prob": 1,
            "value": "descendant::SELECT[@name=\"xn\"]"
          },
          {
            "id": "@id/partialWord",
            "prob": 1,
            "disabled": true,
            "value": {
              "elemId": "Form1",
              "tagName": "FORM",
              "prefix": "",
              "suffix": "/DIV[1]/DIV[2]/TABLE[1]/TBODY[1]/TR[1]/TD[1]/SELECT[1]",
              "ratio": 0.965
            }
          },
          {
            "id": "@id/nonWord",
            "prob": 1,
            "disabled": true,
            "fact": "xn",
            "value": "descendant::SELECT[@id=\"xn\"]"
          },
          {
            "id": "@class/word",
            "prob": 1,
            "ordinal": [
              0,
              6
            ],
            "value": "DIV.toolbox DIV.searchbox TABLE TBODY TR TD SELECT"
          },
          {
            "id": "path/ordinal",
            "prob": 1,
            "value": "/HTML[1]/BODY[1]/FORM[1]/DIV[1]/DIV[2]/TABLE[1]/TBODY[1]/TR[1]/TD[1]/SELECT[1]"
          },
          {
            "id": "input/type",
            "verifyEnabled": true,
            "value": "select-one"
          },
          {
            "id": "shield",
            "value": {
              "zIndex": "auto",
              "width": 93,
              "height": 19
            }
          }
        ]
      },
      "intendedRole": "listbox",
      "roles": "element,listbox",
      "monitored": true
    },
    "control3": {
      "location": {
        "data": {
          "tagName": "SELECT"
        },
        "locators": [
          {
            "id": "elem/@name",
            "prob": 1,
            "value": "descendant::SELECT[@name=\"xq\"]"
          },
          {
            "id": "@id/partialWord",
            "prob": 1,
            "disabled": true,
            "value": {
              "elemId": "Form1",
              "tagName": "FORM",
              "prefix": "",
              "suffix": "/DIV[1]/DIV[2]/TABLE[1]/TBODY[1]/TR[1]/TD[1]/SELECT[2]",
              "ratio": 0.965
            }
          },
          {
            "id": "@id/nonWord",
            "prob": 1,
            "disabled": true,
            "fact": "xq",
            "value": "descendant::SELECT[@id=\"xq\"]"
          },
          {
            "id": "@class/word",
            "prob": 1,
            "ordinal": [
              1,
              6
            ],
            "value": "DIV.toolbox DIV.searchbox TABLE TBODY TR TD SELECT"
          },
          {
            "id": "path/ordinal",
            "prob": 1,
            "value": "/HTML[1]/BODY[1]/FORM[1]/DIV[1]/DIV[2]/TABLE[1]/TBODY[1]/TR[1]/TD[1]/SELECT[2]"
          },
          {
            "id": "input/type",
            "verifyEnabled": true,
            "value": "select-one"
          },
          {
            "id": "shield",
            "value": {
              "zIndex": "auto",
              "width": 32,
              "height": 19
            }
          }
        ]
      },
      "intendedRole": "listbox",
      "roles": "element,listbox",
      "monitored": true
    },
    "control4": {
      "location": {
        "data": {
          "tagName": "SELECT"
        },
        "locators": [
          {
            "id": "button/text",
            "prob": 3,
            "value": {
              "text": [
                "百分制 五级制 二级制"
              ],
              "visText": [
                ""
              ]
            }
          },
          {
            "id": "text",
            "prob": 3,
            "value": {
              "text": [
                "百分制 五级制 二级制"
              ],
              "visText": [
                ""
              ]
            }
          },
          {
            "id": "elem/@name",
            "prob": 2,
            "value": "descendant::SELECT[@name=\"jfz\"]"
          },
          {
            "id": "@id/word",
            "prob": 3,
            "value": "descendant::SELECT[@id=\"jfz\"]"
          },
          {
            "id": "@class/word",
            "prob": 1,
            "ordinal": [
              2,
              6
            ],
            "value": "DIV.toolbox DIV.searchbox TABLE TBODY TR TD SELECT"
          },
          {
            "id": "path/ordinal",
            "prob": 1,
            "value": "/HTML[1]/BODY[1]/FORM[1]/DIV[1]/DIV[2]/TABLE[1]/TBODY[1]/TR[1]/TD[1]/SELECT[3]"
          },
          {
            "id": "input/type",
            "verifyEnabled": true,
            "value": "select-one"
          },
          {
            "id": "shield",
            "value": {
              "zIndex": "auto",
              "width": 60,
              "height": 19
            }
          }
        ]
      },
      "intendedRole": "listbox",
      "roles": "element,listbox",
      "monitored": true
    },
    "control5": {
      "location": {
        "data": {
          "tagName": "SELECT"
        },
        "locators": [
          {
            "id": "text",
            "prob": 3,
            "value": {
              "text": [
                "古代汉语（一）【周一第3,4节{第1-12周};周四第1,2节{第1-12周}/6501;6501】 古代汉语（一）【周一第5,6节{第1-12周};周四第3,4节{第1-12周}/6501;6501】 古代汉语（一）【周一第1,2节{第1-12周};周四第5,6节{第1-12周}/6501;6501】"
              ],
              "visText": [
                ""
              ]
            }
          },
          {
            "id": "elem/@name",
            "prob": 2,
            "value": "descendant::SELECT[@name=\"kcmc\"]"
          },
          {
            "id": "@id/word",
            "prob": 3,
            "value": "descendant::SELECT[@id=\"kcmc\"]"
          },
          {
            "id": "@class/word",
            "prob": 1,
            "ordinal": [
              3,
              6
            ],
            "value": "DIV.toolbox DIV.searchbox TABLE TBODY TR TD SELECT"
          },
          {
            "id": "path/ordinal",
            "prob": 1,
            "value": "/HTML[1]/BODY[1]/FORM[1]/DIV[1]/DIV[2]/TABLE[1]/TBODY[1]/TR[2]/TD[1]/SELECT[1]"
          },
          {
            "id": "input/type",
            "verifyEnabled": true,
            "value": "select-one"
          },
          {
            "id": "shield",
            "value": {
              "zIndex": "auto",
              "width": 485,
              "height": 19
            }
          }
        ]
      },
      "intendedRole": "listbox",
      "roles": "element,listbox",
      "monitored": true
    },
    "control6": {
      "location": {
        "data": {
          "tagName": "SELECT"
        },
        "locators": [
          {
            "id": "button/text",
            "prob": 3,
            "value": {
              "text": [
                "汉语言文学1502"
              ],
              "visText": [
                ""
              ]
            }
          },
          {
            "id": "text",
            "prob": 3,
            "value": {
              "text": [
                "汉语言文学1502"
              ],
              "visText": [
                ""
              ]
            }
          },
          {
            "id": "elem/@name",
            "prob": 1,
            "value": "descendant::SELECT[@name=\"bj2\"]"
          },
          {
            "id": "@id/partialWord",
            "prob": 1,
            "disabled": true,
            "value": {
              "elemId": "Form1",
              "tagName": "FORM",
              "prefix": "",
              "suffix": "/DIV[1]/DIV[2]/TABLE[1]/TBODY[1]/TR[2]/TD[1]/SELECT[2]",
              "ratio": 0.965
            }
          },
          {
            "id": "@id/nonWord",
            "prob": 1,
            "disabled": true,
            "fact": "bj2",
            "value": "descendant::SELECT[@id=\"bj2\"]"
          },
          {
            "id": "@class/word",
            "prob": 1,
            "ordinal": [
              4,
              6
            ],
            "value": "DIV.toolbox DIV.searchbox TABLE TBODY TR TD SELECT"
          },
          {
            "id": "path/ordinal",
            "prob": 1,
            "value": "/HTML[1]/BODY[1]/FORM[1]/DIV[1]/DIV[2]/TABLE[1]/TBODY[1]/TR[2]/TD[1]/SELECT[2]"
          },
          {
            "id": "input/type",
            "verifyEnabled": true,
            "value": "select-one"
          },
          {
            "id": "shield",
            "value": {
              "zIndex": "auto",
              "width": 116,
              "height": 19
            }
          }
        ]
      },
      "intendedRole": "listbox",
      "roles": "element,listbox",
      "monitored": true
    },
    "control7": {
      "location": {
        "data": {
          "tagName": "BODY"
        },
        "locators": [
          {
            "id": "path/ordinal",
            "prob": 1,
            "value": "/HTML[1]/BODY[1]"
          },
          {
            "id": "style/color",
            "value": [
              17,
              68,
              158
            ]
          },
          {
            "id": "shield",
            "value": {
              "zIndex": "auto",
              "width": 1085,
              "height": 1457
            }
          }
        ]
      },
      "events": {
        "onGetData": "getData_control7"
      },
      "intendedRole": "custom",
      "roles": "element,custom",
      "monitored": false
    }
  },
  "contexts": {
    "context1": {
      "controls": [
        "control0",
        "control1",
        "control2",
        "control3",
        "control4",
        "control5",
        "control6",
        "control7"
      ],
      "anchors": []
    }
  },
  "flows": {
    "flow0": {
      "toContexts": [
        {
          "toContextId": "context1"
        },
        {
          "toContextId": "context0",
          "toModelId": "t_index"
        }
      ]
    }
  },
  "pages": {
    "page1": {
      "contextId": "context1",
      "layout": [
        {
          "id": "uiControl0",
          "display": {
            "class": "navbar navbar-primary header",
            "title": "选课情况",
            "type": "header",
            "adapterId": "header",
            "adapter": {
              "templateType": ""
            }
          },
          "layout": []
        },
        {
          "id": "uiControl11",
          "controlId": "control7",
          "display": {
            "adapterId": "custom",
            "type": "custom",
            "adapter": {
              "templateType": "react",
              "events": {
                "onDoAction": "doAction_uiControl11",
                "onGetTemplate": "getTemplate_uiControl11"
              }
            }
          }
        },
        {
          "id": "uiControl224",
          "display": {
            "type": "accordion",
            "adapterId": "accordion",
            "adapter": {
              "templateType": ""
            }
          },
          "layout": [
            {
              "id": "uiControl224item",
              "display": {
                "title": "查询条件",
                "type": "accordionItem",
                "adapterId": "accordionItem",
                "adapter": {
                  "templateType": ""
                }
              },
              "layout": [
                {
                  "id": "uiControl1",
                  "display": {
                    "type": "card",
                    "adapterId": "card",
                    "class": "top-select",
                    "adapter": {
                      "templateType": ""
                    }
                  },
                  "layout": [
                    {
                      "id": "uiControl1body",
                      "display": {
                        "type": "cardBody",
                        "adapterId": "cardBody",
                        "adapter": {
                          "templateType": ""
                        }
                      },
                      "layout": [
                        {
                          "id": "uiControl2",
                          "display": {
                            "type": "grid",
                            "adapterId": "grid",
                            "adapter": {
                              "templateType": ""
                            }
                          },
                          "layout": [
                            {
                              "id": "uiControl2row0",
                              "display": {
                                "cols": 3,
                                "type": "col",
                                "adapterId": "col",
                                "adapter": {
                                  "templateType": ""
                                }
                              },
                              "layout": [
                                {
                                  "id": "uiControl7",
                                  "display": {
                                    "text": "学年：",
                                    "type": "content",
                                    "adapterId": "staticContent",
                                    "class": "col-l",
                                    "adapter": {
                                      "templateType": ""
                                    }
                                  }
                                }
                              ]
                            },
                            {
                              "id": "uiControl2row1",
                              "display": {
                                "cols": 3,
                                "type": "col",
                                "adapterId": "col",
                                "adapter": {
                                  "templateType": ""
                                }
                              },
                              "layout": [
                                {
                                  "id": "uiControl17",
                                  "controlId": "control2",
                                  "display": {
                                    "adapterId": "listbox",
                                    "type": "listbox",
                                    "adapter": {
                                      "templateType": ""
                                    }
                                  }
                                }
                              ]
                            }
                          ]
                        },
                        {
                          "id": "uiControl3",
                          "display": {
                            "type": "grid",
                            "adapterId": "grid",
                            "adapter": {
                              "templateType": ""
                            }
                          },
                          "layout": [
                            {
                              "id": "uiControl3row0",
                              "display": {
                                "cols": 3,
                                "type": "col",
                                "adapterId": "col",
                                "adapter": {
                                  "templateType": ""
                                }
                              },
                              "layout": [
                                {
                                  "id": "uiControl8",
                                  "display": {
                                    "text": "学期：",
                                    "type": "content",
                                    "adapterId": "staticContent",
                                    "class": "col-l",
                                    "adapter": {
                                      "templateType": ""
                                    }
                                  }
                                }
                              ]
                            },
                            {
                              "id": "uiControl3row1",
                              "display": {
                                "cols": 3,
                                "type": "col",
                                "adapterId": "col",
                                "adapter": {
                                  "templateType": ""
                                }
                              },
                              "layout": [
                                {
                                  "id": "uiControl18",
                                  "controlId": "control3",
                                  "display": {
                                    "adapterId": "listbox",
                                    "type": "listbox",
                                    "adapter": {
                                      "templateType": ""
                                    }
                                  }
                                }
                              ]
                            }
                          ]
                        },
                        {
                          "id": "uiControl4",
                          "display": {
                            "type": "grid",
                            "adapterId": "grid",
                            "adapter": {
                              "templateType": ""
                            }
                          },
                          "layout": [
                            {
                              "id": "uiControl4row0",
                              "display": {
                                "cols": 3,
                                "type": "col",
                                "adapterId": "col",
                                "adapter": {
                                  "templateType": ""
                                }
                              },
                              "layout": [
                                {
                                  "id": "uiControl9",
                                  "display": {
                                    "text": "计分制：",
                                    "type": "content",
                                    "adapterId": "staticContent",
                                    "class": "col-l",
                                    "adapter": {
                                      "templateType": ""
                                    }
                                  }
                                }
                              ]
                            },
                            {
                              "id": "uiControl4row1",
                              "display": {
                                "cols": 3,
                                "type": "col",
                                "adapterId": "col",
                                "adapter": {
                                  "templateType": ""
                                }
                              },
                              "layout": [
                                {
                                  "id": "uiControl19",
                                  "controlId": "control4",
                                  "display": {
                                    "adapterId": "listbox",
                                    "type": "listbox",
                                    "adapter": {
                                      "templateType": ""
                                    }
                                  }
                                }
                              ]
                            }
                          ]
                        },
                        {
                          "id": "uiControl6",
                          "display": {
                            "type": "grid",
                            "adapterId": "grid",
                            "adapter": {
                              "templateType": ""
                            }
                          },
                          "layout": [
                            {
                              "id": "uiControl6row0",
                              "display": {
                                "cols": 3,
                                "type": "col",
                                "adapterId": "col",
                                "adapter": {
                                  "templateType": ""
                                }
                              },
                              "layout": [
                                {
                                  "id": "uiControl12",
                                  "display": {
                                    "text": "上课信息：",
                                    "type": "content",
                                    "adapterId": "staticContent",
                                    "class": "col-l",
                                    "adapter": {
                                      "templateType": ""
                                    }
                                  }
                                }
                              ]
                            },
                            {
                              "id": "uiControl6row1",
                              "display": {
                                "cols": 3,
                                "type": "col",
                                "adapterId": "col",
                                "adapter": {
                                  "templateType": ""
                                }
                              },
                              "layout": [
                                {
                                  "id": "uiControl20",
                                  "controlId": "control5",
                                  "display": {
                                    "adapterId": "listbox",
                                    "type": "listbox",
                                    "adapter": {
                                      "templateType": ""
                                    }
                                  }
                                }
                              ]
                            }
                          ]
                        },
                        {
                          "id": "uiControl5",
                          "display": {
                            "type": "grid",
                            "adapterId": "grid",
                            "adapter": {
                              "templateType": ""
                            }
                          },
                          "layout": [
                            {
                              "id": "uiControl5row0",
                              "display": {
                                "cols": 3,
                                "type": "col",
                                "adapterId": "col",
                                "adapter": {
                                  "templateType": ""
                                }
                              },
                              "layout": [
                                {
                                  "id": "uiControl13",
                                  "display": {
                                    "text": "班级：",
                                    "type": "content",
                                    "adapterId": "staticContent",
                                    "class": "col-l",
                                    "adapter": {
                                      "templateType": ""
                                    }
                                  }
                                }
                              ]
                            },
                            {
                              "id": "uiControl5row1",
                              "display": {
                                "cols": 3,
                                "type": "col",
                                "adapterId": "col",
                                "adapter": {
                                  "templateType": ""
                                }
                              },
                              "layout": [
                                {
                                  "id": "uiControl21",
                                  "controlId": "control6",
                                  "display": {
                                    "adapterId": "listbox",
                                    "type": "listbox",
                                    "adapter": {
                                      "templateType": ""
                                    }
                                  }
                                }
                              ]
                            }
                          ]
                        }
                      ]
                    }
                  ]
                }
              ]
            }
          ]
        },
        {
          "id": "uiControl14",
          "display": {
            "type": "card",
            "adapterId": "card",
            "class": "table-a q-table-content",
            "adapter": {
              "templateType": ""
            }
          },
          "layout": [
            {
              "id": "uiControl14body",
              "display": {
                "type": "cardBody",
                "adapterId": "cardBody",
                "adapter": {
                  "templateType": ""
                }
              },
              "layout": [
                {
                  "id": "uiControl15",
                  "controlId": "control0",
                  "display": {
                    "adapterId": "custom",
                    "type": "custom",
                    "adapter": {
                      "templateType": "react",
                      "events": {
                        "onDoAction": "doAction_uiControl15",
                        "onGetTemplate": "getTemplate_uiControl15"
                      }
                    }
                  }
                }
              ]
            }
          ]
        },
        {
          "id": "uiControl10",
          "display": {
            "type": "card",
            "adapterId": "card",
            "class": "summary",
            "adapter": {
              "templateType": ""
            }
          },
          "layout": [
            {
              "id": "uiControl10body",
              "display": {
                "type": "cardBody",
                "adapterId": "cardBody",
                "adapter": {
                  "templateType": ""
                }
              },
              "layout": [
                {
                  "id": "uiControl16",
                  "controlId": "control1",
                  "display": {
                    "adapterId": "content",
                    "type": "content",
                    "adapter": {
                      "templateType": ""
                    }
                  }
                }
              ]
            }
          ]
        }
      ]
    }
  },
  "matchers": {
    "page/title": {
      "contexts": {
        "context1": [
          "现代教学管理信息系统"
        ]
      }
    },
    "page/urls": {
      "contexts": {
        "context1": [
          "117.35.118.209/js_xkqk.aspx?zgh=150528&xm=%CD%F5%C0%F2&gnmkdm=N122304"
        ]
      }
    },
    "page/ids": {
      "contexts": {
        "context1": [
          [
            "BtnJssc",
            "Button",
            "CheckBox",
            "DataGrid",
            "DropDownList",
            "Form",
            "Label",
            "bj",
            "btn_ToDMC",
            "btn_bc",
            "btn_gb",
            "ddlbj",
            "div",
            "div_zj",
            "jfz",
            "kcmc",
            "outdy",
            "rdBtnSort",
            "rdBtnSort_",
            "sccj",
            "tool",
            "trbt",
            "xn",
            "xq"
          ]
        ]
      }
    },
    "page/classes": {
      "contexts": {
        "context1": [
          [
            "alt",
            "button",
            "buttonbox",
            "dateli",
            "earch_con",
            "earch_title",
            "earchbox",
            "footbox",
            "footbox_con",
            "footbutton",
            "formbox",
            "main_box",
            "mid_box",
            "pagination",
            "t",
            "tb",
            "thead",
            "title",
            "toolbox",
            "toolbox_fot",
            "trbg"
          ]
        ]
      }
    },
    "page/tagTriplets": {
      "contexts": {
        "context1": [
          [
            "-/-/FORM",
            "-/FORM/DIV",
            "-/FORM/INPUT-hidden",
            "-/FORM/SCRIPT",
            "DIV/DIV/DIV",
            "DIV/DIV/EM",
            "DIV/DIV/P",
            "DIV/DIV/SPAN",
            "DIV/DIV/TABLE",
            "DIV/EM/SPAN",
            "DIV/P/EM",
            "DIV/P/FONT",
            "DIV/P/SELECT",
            "DIV/SPAN/TABLE",
            "DIV/SPAN/U",
            "DIV/TABLE/TBODY",
            "EM/SPAN/DIV",
            "FORM/DIV/DIV",
            "FORM/DIV/P",
            "SPAN/DIV/SPAN",
            "SPAN/TABLE/TBODY",
            "SPAN/U/FONT",
            "TABLE/TBODY/TR",
            "TBODY/TR/TD",
            "TD/DIV/TABLE",
            "TD/SELECT/OPTION",
            "TD/TABLE/TBODY",
            "TR/TD/A",
            "TR/TD/B",
            "TR/TD/BUTTON",
            "TR/TD/DIV",
            "TR/TD/FONT",
            "TR/TD/INPUT-radio",
            "TR/TD/INPUT-submit",
            "TR/TD/LABEL",
            "TR/TD/SELECT",
            "TR/TD/SPAN",
            "TR/TD/TABLE",
            "U/FONT/INPUT-checkbox",
            "U/FONT/LABEL"
          ],
          [
            "-/-/FORM",
            "-/-/SCRIPT",
            "-/FORM/DIV",
            "-/FORM/INPUT-hidden",
            "-/FORM/SCRIPT",
            "DIV/DIV/DIV",
            "DIV/DIV/EM",
            "DIV/DIV/P",
            "DIV/DIV/SPAN",
            "DIV/EM/SPAN",
            "DIV/P/EM",
            "DIV/P/FONT",
            "DIV/P/SELECT",
            "DIV/P/TABLE",
            "DIV/SPAN/TABLE",
            "DIV/SPAN/U",
            "DIV/TABLE/TBODY",
            "EM/SPAN/DIV",
            "FORM/DIV/DIV",
            "FORM/DIV/P",
            "P/TABLE/TBODY",
            "SPAN/DIV/SPAN",
            "SPAN/TABLE/TBODY",
            "SPAN/U/FONT",
            "TABLE/TBODY/TR",
            "TBODY/TR/TD",
            "TD/DIV/TABLE",
            "TD/SELECT/OPTION",
            "TD/TABLE/TBODY",
            "TR/TD/A",
            "TR/TD/B",
            "TR/TD/BUTTON",
            "TR/TD/DIV",
            "TR/TD/FONT",
            "TR/TD/INPUT-radio",
            "TR/TD/INPUT-submit",
            "TR/TD/LABEL",
            "TR/TD/SELECT",
            "TR/TD/SPAN",
            "TR/TD/TABLE",
            "U/FONT/INPUT-checkbox",
            "U/FONT/LABEL"
          ]
        ]
      }
    }
  }
}