{
  "version": "0.1",
  "id": "trainplan",
  "targetURL": "http://117.35.118.209/pyjh.aspx?zgh=150159&xm=%BC%D6%D0%C5%D2%E5&gnmkdm=N122307",
  "jsFile": "../../lib/base.js,../../lib/customTemplate.js,index.js",
  "cssFile": "../../lib/base.css,index.css",
  "requires": {
    "trainplan_info": "../trainplan_info/index.json",
    "s_index": "../s_index/index.json"
  },
  "chineseName": "培养计划",
  "controls": {
    "control0": {
      "location": {
        "data": {
          "tagName": "BODY"
        },
        "userData": {
          "data": [],
          "force": false
        },
        "locators": [
          {
            "id": "path/ordinal",
            "prob": 1,
            "value": "/HTML[1]/BODY[1]"
          },
          {
            "id": "style/color",
            "value": [
              17,
              68,
              158
            ]
          },
          {
            "id": "shield",
            "value": {
              "zIndex": "auto",
              "width": 1462,
              "height": 206
            }
          }
        ]
      },
      "events": {
        "onGetData": "getData_control0"
      },
      "intendedRole": "custom",
      "roles": "element,custom",
      "monitored": false
    },
    "control4": {
      "location": {
        "data": {
          "tagName": "SELECT"
        },
        "userData": {
          "data": [],
          "force": false
        },
        "locators": [
          {
            "id": "button/text",
            "prob": 3,
            "value": {
              "text": [
                "全部 1 2 3 4 5 6 7 8"
              ],
              "visText": [
                ""
              ]
            }
          },
          {
            "id": "text",
            "prob": 3,
            "value": {
              "text": [
                "全部 1 2 3 4 5 6 7 8"
              ],
              "visText": [
                ""
              ]
            }
          },
          {
            "id": "elem/@name",
            "prob": 1,
            "value": "descendant::SELECT[@name=\"xq\"]"
          },
          {
            "id": "@id/word",
            "prob": 2,
            "value": [
              "descendant::SPAN[@id=\"pnlxq\"]/SELECT[1]",
              "descendant::SPAN[@id=\"pnlxq\"]//SELECT"
            ]
          },
          {
            "id": "@id/nonWord",
            "prob": 1,
            "disabled": true,
            "fact": "xq",
            "value": "descendant::SPAN[@id=\"pnlxq\"]//SELECT[@id=\"xq\"]"
          },
          {
            "id": "path/ordinal",
            "prob": 1,
            "value": "/HTML[1]/BODY[1]/FORM[1]/DIV[1]/DIV[2]/TABLE[1]/TBODY[1]/TR[2]/TD[1]/SPAN[5]/SELECT[1]"
          },
          {
            "id": "input/type",
            "verifyEnabled": true,
            "value": "select-one"
          },
          {
            "id": "shield",
            "value": {
              "zIndex": "auto",
              "width": 48,
              "height": 19
            }
          }
        ]
      },
      "intendedRole": "listbox",
      "roles": "element,listbox",
      "monitored": true
    },
    "control5": {
      "location": {
        "data": {
          "tagName": "SELECT"
        },
        "userData": {
          "data": [],
          "force": false
        },
        "locators": [
          {
            "id": "text",
            "prob": 3,
            "value": {
              "text": [
                "全部 公共选修课 公共必修课 学科专业基础课 专业必修课 专业方向课 专业选修课 通识集中实践 专业集中实践 第二课堂 公共限选课 博雅讲座"
              ],
              "visText": [
                ""
              ]
            }
          },
          {
            "id": "elem/@name",
            "prob": 2,
            "value": "descendant::SELECT[@name=\"kcxz\"]"
          },
          {
            "id": "@id/word",
            "prob": 3,
            "value": [
              "descendant::SPAN[@id=\"pnlxq\"]//SELECT[@id=\"kcxz\"]",
              "descendant::SELECT[@id=\"kcxz\"]"
            ]
          },
          {
            "id": "path/ordinal",
            "prob": 1,
            "value": "/HTML[1]/BODY[1]/FORM[1]/DIV[1]/DIV[2]/TABLE[1]/TBODY[1]/TR[2]/TD[1]/SPAN[5]/SELECT[2]"
          },
          {
            "id": "input/type",
            "verifyEnabled": true,
            "value": "select-one"
          },
          {
            "id": "shield",
            "value": {
              "zIndex": "auto",
              "width": 108,
              "height": 19
            }
          }
        ]
      },
      "intendedRole": "listbox",
      "roles": "element,listbox",
      "monitored": true
    },
    "control6": {
      "location": {
        "data": {
          "tagName": "INPUT"
        },
        "userData": {
          "data": [],
          "force": false
        },
        "locators": [
          {
            "id": "input/@value",
            "prob": 1,
            "value": {
              "text": [
                "可替换课程"
              ]
            }
          },
          {
            "id": "input/button/@value",
            "prob": 3,
            "value": {
              "text": [
                "可替换课程"
              ]
            }
          },
          {
            "id": "elem/@name",
            "prob": 1,
            "value": "descendant::INPUT[@name=\"Button1\"]"
          },
          {
            "id": "@id/word",
            "prob": 2,
            "value": [
              "descendant::SPAN[@id=\"pnlxq\"]/INPUT[1]",
              "descendant::SPAN[@id=\"pnlxq\"]//INPUT"
            ]
          },
          {
            "id": "@class/word",
            "prob": 1,
            "value": "DIV.toolbox DIV.searchbox INPUT.button"
          },
          {
            "id": "path/ordinal",
            "prob": 1,
            "value": "/HTML[1]/BODY[1]/FORM[1]/DIV[1]/DIV[2]/TABLE[1]/TBODY[1]/TR[2]/TD[1]/SPAN[5]/INPUT[1]"
          },
          {
            "id": "input/type",
            "verifyEnabled": true,
            "value": "submit"
          },
          {
            "id": "elderLevel",
            "value": {
              "level": 0
            }
          },
          {
            "id": "shield",
            "value": {
              "zIndex": "auto",
              "width": 82,
              "height": 20
            }
          }
        ]
      },
      "intendedRole": "button",
      "roles": "element,button",
      "monitored": false
    },
    "control7": {
      "location": {
        "data": {
          "tagName": "A"
        },
        "userData": {
          "data": [],
          "force": false
        },
        "locators": [
          {
            "id": "button/text",
            "prob": 3,
            "value": {
              "text": [
                "查看培养计划说明"
              ],
              "visText": [
                "查看培养计划说明"
              ]
            }
          },
          {
            "id": "text",
            "prob": 3,
            "value": {
              "text": [
                "查看培养计划说明"
              ],
              "visText": [
                "查看培养计划说明"
              ]
            }
          },
          {
            "id": "@id/partialWord",
            "prob": 1,
            "disabled": true,
            "value": {
              "elemId": "Form1",
              "tagName": "FORM",
              "prefix": "",
              "suffix": "/DIV[1]/DIV[3]/P[1]",
              "ratio": 0.906
            }
          },
          {
            "id": "@class/word",
            "prob": 1,
            "value": "DIV.toolbox DIV.searchbox P.search_con A"
          },
          {
            "id": "path/ordinal",
            "prob": 1,
            "value": "/HTML[1]/BODY[1]/FORM[1]/DIV[1]/DIV[3]/P[1]/A[1]"
          },
          {
            "id": "style/color",
            "value": [
              17,
              68,
              158
            ]
          },
          {
            "id": "elderLevel",
            "value": {
              "level": 0
            }
          },
          {
            "id": "shield",
            "value": {
              "zIndex": "auto",
              "width": 96,
              "height": 15
            }
          }
        ]
      },
      "intendedRole": "button",
      "roles": "element,button,link",
      "monitored": false
    },
    "control9": {
      "location": {
        "data": {
          "tagName": "TABLE"
        },
        "userData": {
          "data": [],
          "force": false
        },
        "locators": [
          {
            "id": "text",
            "prob": 3,
            "value": {
              "text": [
                "毕业学分要求学分 公共选修课 公共必修课 学科专业基础课 专业必修课 专业方向课 专业选修课 通识集中实践 专业集中实践 第二课堂 公共限选课 博雅讲座"
              ],
              "visText": [
                "毕业学分要求 学分 公共选修课 公共必修课 学科专业基础课 专业必修课 专业方向课 专业选修课 通识集中实践 专业集中实践 第二课堂 公共限选课 博雅讲座"
              ]
            }
          },
          {
            "id": "@class/word",
            "prob": 1,
            "ordinal": [
              0,
              2
            ],
            "value": "SPAN.formbox DIV.divPadding TABLE.datelist"
          },
          {
            "id": "path/ordinal",
            "prob": 1,
            "value": "/HTML[1]/BODY[1]/FORM[1]/DIV[2]/DIV[1]/SPAN[1]/TABLE[1]/TBODY[1]/TR[2]/TD[1]/DIV[1]/TABLE[1]"
          },
          {
            "id": "style/color",
            "value": [
              17,
              68,
              158
            ]
          },
          {
            "id": "shield",
            "value": {
              "zIndex": "auto",
              "width": 467,
              "height": 301
            }
          }
        ]
      },
      "intendedRole": "fragment",
      "roles": "element,fragment",
      "monitored": false
    },
    "control10": {
      "location": {
        "data": {
          "tagName": "TABLE"
        },
        "userData": {
          "data": [],
          "force": false
        },
        "locators": [
          {
            "id": "text",
            "prob": 3,
            "value": {
              "text": [
                "公选课学分要求学分 公共体育必修 人文素养与品德 身心素质与乐群合作 科技文明与生态环境 艺术鉴赏与审美 国际视野与交流 技术应用与创新 性别教育 跨文化选修(留学生) SAP课程 体育卫生 博雅讲座"
              ],
              "visText": [
                "公选课学分要求 学分 公共体育必修 人文素养与品德 身心素质与乐群合作 科技文明与生态环境 艺术鉴赏与审美 国际视野与交流 技术应用与创新 性别教育 跨文化选修(留学生) SAP课程 体育卫生 博雅讲座"
              ]
            }
          },
          {
            "id": "@class/word",
            "prob": 1,
            "ordinal": [
              1,
              2
            ],
            "value": "SPAN.formbox DIV.divPadding TABLE.datelist"
          },
          {
            "id": "path/ordinal",
            "prob": 1,
            "value": "/HTML[1]/BODY[1]/FORM[1]/DIV[2]/DIV[1]/SPAN[1]/TABLE[1]/TBODY[1]/TR[2]/TD[2]/DIV[1]/TABLE[1]"
          },
          {
            "id": "style/color",
            "value": [
              17,
              68,
              158
            ]
          },
          {
            "id": "shield",
            "value": {
              "zIndex": "auto",
              "width": 466,
              "height": 326
            }
          }
        ]
      },
      "intendedRole": "fragment",
      "roles": "element,fragment",
      "monitored": false
    },
    "control11": {
      "location": {
        "data": {
          "tagName": "TABLE"
        },
        "userData": {
          "data": [],
          "force": false
        },
        "locators": [
          {
            "id": "text",
            "prob": 3,
            "value": {
              "text": [
                "课程代码课程名称学分周学时考核方式课程性质课程类别建议修读学期课程信息辅修标识专业方向组代码通过情况起始结束周是否短学期"
              ],
              "visText": [
                "课程代码 课程名称 学分 周学时 考核方式 课程性质 课程类别 建议修读学期 课程信息 辅修标识 专业方向 组代码 通过情况 起始结束周 是否短学期"
              ]
            }
          },
          {
            "id": "@id/word",
            "prob": 3,
            "value": "descendant::TABLE[@id=\"DBGrid\"]"
          },
          {
            "id": "@id/partialWord",
            "prob": 1,
            "disabled": true,
            "value": {
              "elemId": "Form1",
              "tagName": "FORM",
              "prefix": "",
              "suffix": "/DIV[2]/DIV[1]/SPAN[1]/TABLE[1]/TBODY[1]/TR[1]/TD[1]/FIELDSET[1]",
              "ratio": 0.906
            }
          },
          {
            "id": "@class/word",
            "prob": 1,
            "ordinal": [
              0,
              4
            ],
            "value": "DIV.mid_box SPAN.formbox TABLE.datelist"
          },
          {
            "id": "path/ordinal",
            "prob": 1,
            "value": "/HTML[1]/BODY[1]/FORM[1]/DIV[2]/DIV[1]/SPAN[1]/TABLE[1]/TBODY[1]/TR[1]/TD[1]/FIELDSET[1]/TABLE[1]"
          },
          {
            "id": "style/color",
            "value": [
              17,
              68,
              158
            ]
          },
          {
            "id": "shield",
            "value": {
              "zIndex": "auto",
              "width": 1183,
              "height": 26
            }
          }
        ]
      },
      "events": {
        "onGetData": "getData_control11"
      },
      "intendedRole": "custom",
      "roles": "element,custom",
      "monitored": false
    },
    "control12": {
      "location": {
        "data": {
          "tagName": "DIV"
        },
        "userData": {
          "data": [],
          "force": false
        },
        "locators": [
          {
            "id": "button/text",
            "prob": 3,
            "ordinal": [
              1,
              2
            ],
            "value": {
              "text": [
                "第1页/共3页，跳转到页，总共24条记录，每页显示条"
              ],
              "visText": [
                "第1页/共3页，跳转到页，总共24条记录，每页显示条"
              ]
            }
          },
          {
            "id": "text",
            "prob": 3,
            "value": {
              "text": [
                "第1页/共3页，跳转到页，总共24条记录，每页显示条"
              ],
              "visText": [
                "第1页/共3页，跳转到页，总共24条记录，每页显示条"
              ]
            }
          },
          {
            "id": "@id/word",
            "prob": 2,
            "value": [
              "descendant::DIV[@id=\"dpDBGrid_divDataPager\"]/DIV[1]",
              "descendant::DIV[@id=\"dpDBGrid_divDataPager\"]//DIV"
            ]
          },
          {
            "id": "path/ordinal",
            "prob": 1,
            "value": "/HTML[1]/BODY[1]/FORM[1]/DIV[2]/DIV[1]/SPAN[1]/TABLE[1]/TBODY[1]/TR[1]/TD[1]/FIELDSET[1]/DIV[1]/DIV[1]"
          },
          {
            "id": "style/color",
            "value": [
              17,
              68,
              158
            ]
          },
          {
            "id": "shield",
            "value": {
              "zIndex": "auto",
              "width": 361,
              "height": 19
            }
          }
        ]
      },
      "events": {
        "onGetData": "getData_control12"
      },
      "intendedRole": "custom",
      "roles": "element,custom",
      "monitored": false
    },
    "control13": {
      "location": {
        "data": {
          "tagName": "DIV"
        },
        "userData": {
          "data": [],
          "force": false
        },
        "locators": [
          {
            "id": "@id/word",
            "prob": 2,
            "value": [
              "descendant::DIV[@id=\"dpDBGrid_divDataPager\"]/DIV[2]",
              "descendant::DIV[@id=\"dpDBGrid_divDataPager\"]//DIV"
            ]
          },
          {
            "id": "path/ordinal",
            "prob": 1,
            "value": "/HTML[1]/BODY[1]/FORM[1]/DIV[2]/DIV[1]/SPAN[1]/TABLE[1]/TBODY[1]/TR[1]/TD[1]/FIELDSET[1]/DIV[1]/DIV[2]"
          },
          {
            "id": "shield",
            "value": {
              "zIndex": "auto",
              "width": 224.8125,
              "height": 20
            }
          }
        ]
      },
      "events": {
        "onGetData": "getData_control13"
      },
      "intendedRole": "custom",
      "roles": "element,custom",
      "monitored": false
    },
    "control14": {
      "location": {
        "data": {
          "tagName": "TABLE"
        },
        "userData": {
          "data": [],
          "force": false
        },
        "locators": [
          {
            "id": "text",
            "prob": 3,
            "value": {
              "text": [
                "课程代码课程名称学分周学时考核方式课程性质课程类别建议修读学期课程信息辅修标识专业方向通过情况起始结束周"
              ],
              "visText": [
                "课程代码 课程名称 学分 周学时 考核方式 课程性质 课程类别 建议修读学期 课程信息 辅修标识 专业方向 通过情况 起始结束周"
              ]
            }
          },
          {
            "id": "@class/word",
            "prob": 1,
            "ordinal": [
              1,
              5
            ],
            "value": "DIV.mid_box SPAN.formbox TABLE.datelist"
          },
          {
            "id": "path/ordinal",
            "prob": 1,
            "value": "/HTML[1]/BODY[1]/FORM[1]/DIV[2]/DIV[1]/SPAN[1]/TABLE[1]/TBODY[1]/TR[1]/TD[1]/FIELDSET[2]/TABLE[1]"
          },
          {
            "id": "style/color",
            "value": [
              17,
              68,
              158
            ]
          },
          {
            "id": "shield",
            "value": {
              "zIndex": "auto",
              "width": 1053,
              "height": 26
            }
          }
        ]
      },
      "intendedRole": "fragment",
      "roles": "element,fragment",
      "monitored": true
    },
    "control16": {
      "location": {
        "data": {
          "tagName": "SELECT"
        },
        "userData": {
          "data": [],
          "force": false
        },
        "locators": [
          {
            "id": "button/text",
            "prob": 3,
            "value": {
              "text": [
                "2016 2015 2014 2013 2012"
              ],
              "visText": [
                ""
              ]
            }
          },
          {
            "id": "text",
            "prob": 3,
            "value": {
              "text": [
                "2016 2015 2014 2013 2012"
              ],
              "visText": [
                ""
              ]
            }
          },
          {
            "id": "elem/@name",
            "prob": 1,
            "value": "descendant::SELECT[@name=\"nj\"]"
          },
          {
            "id": "@id/word",
            "prob": 2,
            "value": [
              "descendant::SPAN[@id=\"pnlnj\"]/SELECT[1]",
              "descendant::SPAN[@id=\"pnlnj\"]//SELECT"
            ]
          },
          {
            "id": "@id/nonWord",
            "prob": 1,
            "disabled": true,
            "fact": "nj",
            "value": "descendant::SPAN[@id=\"pnlnj\"]//SELECT[@id=\"nj\"]"
          },
          {
            "id": "path/ordinal",
            "prob": 1,
            "value": "/HTML[1]/BODY[1]/FORM[1]/DIV[1]/DIV[2]/TABLE[1]/TBODY[1]/TR[2]/TD[1]/SPAN[1]/SELECT[1]"
          },
          {
            "id": "input/type",
            "verifyEnabled": true,
            "value": "select-one"
          },
          {
            "id": "shield",
            "value": {
              "zIndex": "auto",
              "width": 56,
              "height": 19
            }
          }
        ]
      },
      "events": {
        "onGetData": "getData_control16"
      },
      "intendedRole": "custom",
      "roles": "element,listbox,custom",
      "monitored": false
    },
    "control17": {
      "location": {
        "data": {
          "tagName": "SELECT"
        },
        "userData": {
          "data": [],
          "force": false
        },
        "locators": [
          {
            "id": "text",
            "prob": 3,
            "value": {
              "text": [
                "艺术设计学院 传媒学院 会计学院 中兴电信学院 商学院 人文学院 医学院 人居环境与工程学院 国际教育学院 开放教育学院 机电信息学院"
              ],
              "visText": [
                ""
              ]
            }
          },
          {
            "id": "elem/@name",
            "prob": 2,
            "value": "descendant::SELECT[@name=\"xymc\"]"
          },
          {
            "id": "@id/word",
            "prob": 3,
            "value": [
              "descendant::SPAN[@id=\"pnlxymc\"]//SELECT[@id=\"xymc\"]",
              "descendant::SELECT[@id=\"xymc\"]"
            ]
          },
          {
            "id": "path/ordinal",
            "prob": 1,
            "value": "/HTML[1]/BODY[1]/FORM[1]/DIV[1]/DIV[2]/TABLE[1]/TBODY[1]/TR[2]/TD[1]/SPAN[2]/SELECT[1]"
          },
          {
            "id": "input/type",
            "verifyEnabled": true,
            "value": "select-one"
          },
          {
            "id": "shield",
            "value": {
              "zIndex": "auto",
              "width": 132,
              "height": 19
            }
          }
        ]
      },
      "events": {
        "onGetData": "getData_control17"
      },
      "intendedRole": "custom",
      "roles": "element,listbox,custom",
      "monitored": false
    },
    "control18": {
      "location": {
        "data": {
          "tagName": "SELECT"
        },
        "userData": {
          "data": [],
          "force": false
        },
        "locators": [
          {
            "id": "elem/@name",
            "prob": 2,
            "value": "descendant::SELECT[@name=\"zymc\"]"
          },
          {
            "id": "@id/word",
            "prob": 3,
            "value": [
              "descendant::SPAN[@id=\"pnlzymc\"]//SELECT[@id=\"zymc\"]",
              "descendant::SELECT[@id=\"zymc\"]"
            ]
          },
          {
            "id": "path/ordinal",
            "prob": 1,
            "value": "/HTML[1]/BODY[1]/FORM[1]/DIV[1]/DIV[2]/TABLE[1]/TBODY[1]/TR[2]/TD[1]/SPAN[3]/SELECT[1]"
          },
          {
            "id": "input/type",
            "verifyEnabled": true,
            "value": "select-one"
          },
          {
            "id": "shield",
            "value": {
              "zIndex": "auto",
              "width": 24,
              "height": 19
            }
          }
        ]
      },
      "events": {
        "onGetData": "getData_control18"
      },
      "intendedRole": "custom",
      "roles": "element,listbox,custom",
      "monitored": false
    },
    "control147": {
      "location": {
        "data": {
          "tagName": "TABLE"
        },
        "userData": {
          "data": [],
          "force": false
        },
        "locators": [
          {
            "id": "text",
            "prob": 3,
            "value": {
              "text": [
                "课程代码课程名称替换课程代码替换课程名称类别专业方向RN"
              ],
              "visText": [
                "课程代码 课程名称 替换课程代码 替换课程名称 类别 专业方向"
              ]
            }
          },
          {
            "id": "@class/word",
            "prob": 1,
            "ordinal": [
              2,
              5
            ],
            "value": "DIV.mid_box SPAN.formbox TABLE.datelist"
          },
          {
            "id": "path/ordinal",
            "prob": 1,
            "value": "/HTML[1]/BODY[1]/FORM[1]/DIV[2]/DIV[1]/SPAN[1]/TABLE[1]/TBODY[1]/TR[1]/TD[1]/FIELDSET[3]/TABLE[1]"
          },
          {
            "id": "style/color",
            "value": [
              17,
              68,
              158
            ]
          },
          {
            "id": "shield",
            "value": {
              "zIndex": "auto",
              "width": 1037,
              "height": 26
            }
          }
        ]
      },
      "intendedRole": "fragment",
      "roles": "element,fragment",
      "monitored": false
    },
    "control148": {
      "location": {
        "data": {
          "tagName": "TABLE"
        },
        "userData": {
          "data": [],
          "force": false
        },
        "locators": [
          {
            "id": "text",
            "prob": 3,
            "value": {
              "text": [
                "课程代码课程名称替换课程代码替换课程名称类别专业方向RN"
              ],
              "visText": [
                "课程代码 课程名称 替换课程代码 替换课程名称 类别 专业方向"
              ]
            }
          },
          {
            "id": "@class/word",
            "prob": 1,
            "ordinal": [
              2,
              5
            ],
            "value": "DIV.mid_box SPAN.formbox TABLE.datelist"
          },
          {
            "id": "path/ordinal",
            "prob": 1,
            "value": "/HTML[1]/BODY[1]/FORM[1]/DIV[2]/DIV[1]/SPAN[1]/TABLE[1]/TBODY[1]/TR[1]/TD[1]/FIELDSET[3]/TABLE[1]"
          },
          {
            "id": "style/color",
            "value": [
              17,
              68,
              158
            ]
          },
          {
            "id": "shield",
            "value": {
              "zIndex": "auto",
              "width": 1037,
              "height": 26
            }
          }
        ]
      },
      "intendedRole": "fragment",
      "roles": "element,fragment",
      "monitored": false
    }
  },
  "contexts": {
    "context0": {
      "controls": [
        "control0",
        "control4",
        "control5",
        "control6",
        "control7",
        "control9",
        "control10",
        "control11",
        "control12",
        "control13",
        "control14",
        "control16",
        "control17",
        "control18",
        "control147",
        "control148"
      ],
      "anchors": [],
      "urlAnchor": []
    }
  },
  "flows": {
    "flow0": {
      "toContexts": [
        {
          "toContextId": "context0"
        },
        {
          "toContextId": "context1",
          "toModelId": "trainplan_info"
        },
        {
          "toContextId": "context0",
          "toModelId": "s_index"
        }
      ]
    },
    "flow16_tF09n0": {
      "fromContextId": "context0",
      "fromAction": "click",
      "fromControlId": "control6",
      "toContexts": [
        {
          "toContextId": "context0"
        }
      ]
    },
    "flow17_0e0LTe": {
      "fromContextId": "context0",
      "fromAction": "doAction",
      "fromControlId": "control11",
      "toContexts": [
        {
          "toContextId": "context0"
        },
        {
          "toContextId": "context1",
          "toModelId": "trainplan_info"
        }
      ]
    }
  },
  "pages": {
    "page1": {
      "contextId": "context0",
      "layout": [
        {
          "id": "uiControl0",
          "display": {
            "class": "header",
            "title": "培养计划",
            "type": "header",
            "adapterId": "header",
            "adapter": {
              "templateType": ""
            }
          },
          "layout": []
        },
        {
          "id": "uiControl1",
          "controlId": "control0",
          "isBackButton": "true",
          "display": {
            "adapterId": "custom",
            "type": "custom",
            "adapter": {
              "templateType": "react",
              "events": {
                "onDoAction": "doAction_uiControl1",
                "onGetTemplate": "getTemplate_uiControl1"
              }
            }
          }
        },
        {
          "id": "uiControl237",
          "display": {
            "type": "accordion",
            "adapterId": "accordion",
            "adapter": {
              "templateType": ""
            }
          },
          "layout": [
            {
              "id": "uiControl237item",
              "display": {
                "title": "查询条件",
                "type": "accordionItem",
                "adapterId": "accordionItem",
                "adapter": {
                  "templateType": ""
                }
              },
              "layout": [
                {
                  "id": "uiControl2",
                  "display": {
                    "type": "card",
                    "adapterId": "card",
                    "class": "cardComb",
                    "adapter": {
                      "templateType": ""
                    }
                  },
                  "layout": [
                    {
                      "id": "uiControl2body",
                      "display": {
                        "type": "cardBody",
                        "adapterId": "cardBody",
                        "adapter": {
                          "templateType": ""
                        }
                      },
                      "layout": [
                        {
                          "id": "uiControl3",
                          "display": {
                            "text": "年级：",
                            "type": "content",
                            "adapterId": "staticContent",
                            "adapter": {
                              "templateType": ""
                            }
                          }
                        },
                        {
                          "id": "uiControl4",
                          "controlId": "control16",
                          "display": {
                            "adapterId": "custom",
                            "type": "custom",
                            "adapter": {
                              "templateType": "react",
                              "events": {
                                "onDoAction": "doAction_uiControl4",
                                "onGetTemplate": "getTemplate_uiControl4"
                              }
                            }
                          }
                        }
                      ]
                    }
                  ]
                },
                {
                  "id": "uiControl7",
                  "display": {
                    "type": "card",
                    "adapterId": "card",
                    "class": "cardComb",
                    "adapter": {
                      "templateType": ""
                    }
                  },
                  "layout": [
                    {
                      "id": "uiControl7body",
                      "display": {
                        "type": "cardBody",
                        "adapterId": "cardBody",
                        "adapter": {
                          "templateType": ""
                        }
                      },
                      "layout": [
                        {
                          "id": "uiControl5",
                          "display": {
                            "text": "学院：",
                            "type": "content",
                            "adapterId": "staticContent",
                            "adapter": {
                              "templateType": ""
                            }
                          }
                        },
                        {
                          "id": "uiControl35",
                          "controlId": "control17",
                          "display": {
                            "adapterId": "custom",
                            "type": "custom",
                            "adapter": {
                              "templateType": "react",
                              "events": {
                                "onDoAction": "doAction_uiControl35",
                                "onGetTemplate": "getTemplate_uiControl35"
                              }
                            }
                          }
                        }
                      ]
                    }
                  ]
                },
                {
                  "id": "uiControl8",
                  "display": {
                    "type": "card",
                    "adapterId": "card",
                    "class": "cardComb",
                    "adapter": {
                      "templateType": ""
                    }
                  },
                  "layout": [
                    {
                      "id": "uiControl8body",
                      "display": {
                        "type": "cardBody",
                        "adapterId": "cardBody",
                        "adapter": {
                          "templateType": ""
                        }
                      },
                      "layout": [
                        {
                          "id": "uiControl9",
                          "display": {
                            "text": "专业：",
                            "type": "content",
                            "adapterId": "staticContent",
                            "adapter": {
                              "templateType": ""
                            }
                          }
                        },
                        {
                          "id": "uiControl36",
                          "controlId": "control18",
                          "display": {
                            "adapterId": "custom",
                            "type": "custom",
                            "adapter": {
                              "templateType": "react",
                              "events": {
                                "onDoAction": "doAction_uiControl36",
                                "onGetTemplate": "getTemplate_uiControl36"
                              }
                            }
                          }
                        }
                      ]
                    }
                  ]
                },
                {
                  "id": "uiControl12",
                  "display": {
                    "type": "card",
                    "adapterId": "card",
                    "class": "cardComb",
                    "adapter": {
                      "templateType": ""
                    }
                  },
                  "layout": [
                    {
                      "id": "uiControl12body",
                      "display": {
                        "type": "cardBody",
                        "adapterId": "cardBody",
                        "adapter": {
                          "templateType": ""
                        }
                      },
                      "layout": [
                        {
                          "id": "uiControl13",
                          "display": {
                            "text": "建议修读学期：",
                            "type": "content",
                            "adapterId": "staticContent",
                            "adapter": {
                              "templateType": ""
                            }
                          }
                        },
                        {
                          "id": "uiControl14",
                          "controlId": "control4",
                          "display": {
                            "adapterId": "listbox",
                            "type": "listbox",
                            "adapter": {
                              "templateType": ""
                            }
                          }
                        }
                      ]
                    }
                  ]
                },
                {
                  "id": "uiControl15",
                  "display": {
                    "type": "card",
                    "adapterId": "card",
                    "class": "cardComb",
                    "adapter": {
                      "templateType": ""
                    }
                  },
                  "layout": [
                    {
                      "id": "uiControl15body",
                      "display": {
                        "type": "cardBody",
                        "adapterId": "cardBody",
                        "adapter": {
                          "templateType": ""
                        }
                      },
                      "layout": [
                        {
                          "id": "uiControl16",
                          "display": {
                            "text": "课程性质：",
                            "type": "content",
                            "adapterId": "staticContent",
                            "adapter": {
                              "templateType": ""
                            }
                          }
                        },
                        {
                          "id": "uiControl17",
                          "controlId": "control5",
                          "display": {
                            "adapterId": "listbox",
                            "type": "listbox",
                            "adapter": {
                              "templateType": ""
                            }
                          }
                        }
                      ]
                    }
                  ]
                },
                {
                  "id": "uiControl18",
                  "display": {
                    "type": "card",
                    "adapterId": "card",
                    "class": "cardComb",
                    "adapter": {
                      "templateType": ""
                    }
                  },
                  "layout": [
                    {
                      "id": "uiControl18body",
                      "display": {
                        "type": "cardBody",
                        "adapterId": "cardBody",
                        "adapter": {
                          "templateType": ""
                        }
                      },
                      "layout": [
                        {
                          "id": "uiControl19",
                          "controlId": "control6",
                          "display": {
                            "adapterId": "clickable",
                            "type": "button",
                            "adapter": {
                              "templateType": ""
                            }
                          }
                        },
                        {
                          "id": "uiControl20",
                          "controlId": "control7",
                          "display": {
                            "adapterId": "clickable",
                            "type": "button",
                            "adapter": {
                              "templateType": ""
                            }
                          }
                        }
                      ]
                    }
                  ]
                }
              ]
            }
          ]
        },
        {
          "id": "uiControl30",
          "display": {
            "type": "accordion",
            "adapterId": "accordion",
            "adapter": {
              "templateType": ""
            }
          },
          "layout": []
        },
        {
          "id": "uiControl21",
          "display": {
            "type": "accordion",
            "adapterId": "accordion",
            "adapter": {
              "templateType": ""
            }
          },
          "layout": [
            {
              "id": "uiControl21item",
              "display": {
                "title": "第一专业教学计划",
                "type": "accordionItem",
                "adapterId": "accordionItem",
                "adapter": {
                  "templateType": ""
                }
              },
              "layout": [
                {
                  "id": "uiControl26",
                  "controlId": "control11",
                  "display": {
                    "adapterId": "custom",
                    "type": "custom",
                    "adapter": {
                      "templateType": "react",
                      "events": {
                        "onDoAction": "doAction_uiControl26",
                        "onGetTemplate": "getTemplate_uiControl26"
                      }
                    }
                  }
                },
                {
                  "id": "uiControl27",
                  "controlId": "control12",
                  "display": {
                    "adapterId": "custom",
                    "type": "custom",
                    "adapter": {
                      "templateType": "react",
                      "events": {
                        "onDoAction": "doAction_uiControl27",
                        "onGetTemplate": "getTemplate_uiControl27"
                      }
                    }
                  }
                },
                {
                  "id": "uiControl28",
                  "controlId": "control13",
                  "display": {
                    "adapterId": "custom",
                    "type": "custom",
                    "adapter": {
                      "templateType": "react",
                      "events": {
                        "onDoAction": "doAction_uiControl28",
                        "onGetTemplate": "getTemplate_uiControl28"
                      }
                    }
                  }
                }
              ]
            }
          ]
        },
        {
          "id": "uiControl22",
          "display": {
            "type": "accordion",
            "adapterId": "accordion",
            "adapter": {
              "templateType": ""
            }
          },
          "layout": [
            {
              "id": "uiControl22item",
              "display": {
                "title": "第二专业教学计划",
                "type": "accordionItem",
                "adapterId": "accordionItem",
                "adapter": {
                  "templateType": ""
                }
              },
              "layout": [
                {
                  "id": "uiControl31",
                  "controlId": "control14",
                  "display": {
                    "adapterId": "fragment",
                    "type": "fragment",
                    "class": "table-a",
                    "adapter": {
                      "templateType": ""
                    }
                  }
                }
              ]
            }
          ]
        },
        {
          "id": "uiControl29",
          "display": {
            "type": "accordion",
            "adapterId": "accordion",
            "adapter": {
              "templateType": ""
            }
          },
          "layout": [
            {
              "id": "uiControl29item",
              "display": {
                "title": "可替换课程",
                "type": "accordionItem",
                "adapterId": "accordionItem",
                "adapter": {
                  "templateType": ""
                }
              },
              "layout": [
                {
                  "id": "uiControl242",
                  "controlId": "control148",
                  "display": {
                    "adapterId": "fragment",
                    "type": "fragment",
                    "class": "table-a",
                    "adapter": {
                      "templateType": ""
                    }
                  }
                }
              ]
            }
          ]
        },
        {
          "id": "uiControl23",
          "display": {
            "type": "accordion",
            "adapterId": "accordion",
            "adapter": {
              "templateType": ""
            }
          },
          "layout": [
            {
              "id": "uiControl23item",
              "display": {
                "title": "毕业学分要求",
                "class": "table-a",
                "type": "accordionItem",
                "adapterId": "accordionItem",
                "adapter": {
                  "templateType": ""
                }
              },
              "layout": [
                {
                  "id": "uiControl11",
                  "controlId": "control9",
                  "display": {
                    "adapterId": "fragment",
                    "type": "fragment",
                    "adapter": {
                      "templateType": ""
                    }
                  }
                }
              ]
            }
          ]
        },
        {
          "id": "uiControl24",
          "display": {
            "type": "accordion",
            "adapterId": "accordion",
            "adapter": {
              "templateType": ""
            }
          },
          "layout": [
            {
              "id": "uiControl24item",
              "display": {
                "title": "公选课学分要求",
                "class": "table-a",
                "type": "accordionItem",
                "adapterId": "accordionItem",
                "adapter": {
                  "templateType": ""
                }
              },
              "layout": [
                {
                  "id": "uiControl25",
                  "controlId": "control10",
                  "display": {
                    "adapterId": "fragment",
                    "type": "fragment",
                    "adapter": {
                      "templateType": ""
                    }
                  }
                }
              ]
            }
          ]
        }
      ]
    }
  },
  "matchers": {
    "page/title": {
      "contexts": {
        "context0": [
          "现代教学管理信息系统"
        ]
      }
    },
    "page/urls": {
      "contexts": {
        "context0": [
          "117.35.118.209/pyjh.aspx?zgh=150159&xm=%BC%D6%D0%C5%D2%E5&gnmkdm=N122307",
          "117.35.118.209/pyjh.aspx?zgh=150528&xm=%CD%F5%C0%F2&gnmkdm=N122307",
          "117.35.118.209/pyjh.aspx?xh=121111&xm=%CA%A2%BE%B2%BE%B2&gnmkdm=N121606"
        ],
        "context1": [
          "117.35.118.209/kcxx.aspx?xh=150159&kcdm=070006201631B1x",
          "117.35.118.209/kcxx.aspx?xh=150159&kcdm=450021201631B1x",
          "117.35.118.209/kcxx.aspx?xh=150528&kcdm=070006201636B1x",
          "117.35.118.209/kcxx.aspx?xh=150528&kcdm=360038201636B1x",
          "117.35.118.209/kcxx.aspx?xh=121111&kcdm=070001201231B4x",
          "117.35.118.209/kcxx.aspx?xh=121111&kcdm=310058201231B4x"
        ]
      }
    },
    "page/ids": {
      "contexts": {
        "context0": [
          [
            "Button",
            "DBGrid",
            "DataGrid",
            "Datagrid",
            "Form",
            "HyperLink",
            "Linkbutton",
            "TabStrip",
            "divDataGrid",
            "kcxz",
            "lblzdbyxf",
            "nj",
            "pnlnj",
            "pnlxn",
            "pnlxq",
            "pnlxymc",
            "pnlzymc",
            "xq",
            "xymc",
            "zymc"
          ],
          [
            "Button",
            "DBGrid",
            "DataGrid",
            "Datagrid",
            "Form",
            "HyperLink",
            "Linkbutton",
            "TabStrip",
            "divDataGrid",
            "dpDBGrid_btnFirstPage",
            "dpDBGrid_btnLastPage",
            "dpDBGrid_btnNextPage",
            "dpDBGrid_btnPrePage",
            "dpDBGrid_btnpost",
            "dpDBGrid_divDataPager",
            "dpDBGrid_lblCurrentPage",
            "dpDBGrid_lblTotalPages",
            "dpDBGrid_lblTotalRecords",
            "dpDBGrid_txtChoosePage",
            "dpDBGrid_txtPageSize",
            "kcxz",
            "lblzdbyxf",
            "nj",
            "pnlnj",
            "pnlxn",
            "pnlxq",
            "pnlxymc",
            "pnlzymc",
            "xq",
            "xymc",
            "zymc"
          ],
          [
            "Button",
            "DBGrid",
            "DataGrid",
            "Datagrid",
            "Form",
            "HyperLink",
            "Linkbutton",
            "TabStrip",
            "divDataGrid",
            "dpDBGrid_btnFirstPage",
            "dpDBGrid_btnLastPage",
            "dpDBGrid_btnNextPage",
            "dpDBGrid_btnPrePage",
            "dpDBGrid_btnpost",
            "dpDBGrid_divDataPager",
            "dpDBGrid_lblCurrentPage",
            "dpDBGrid_lblTotalPages",
            "dpDBGrid_lblTotalRecords",
            "dpDBGrid_txtChoosePage",
            "dpDBGrid_txtPageSize",
            "fsDatagrid",
            "kcxz",
            "lblzdbyxf",
            "nj",
            "pnlnj",
            "pnlxn",
            "pnlxq",
            "pnlxymc",
            "pnlzymc",
            "xq",
            "xymc",
            "zymc"
          ]
        ]
      }
    },
    "page/classes": {
      "contexts": {
        "context0": [
          [
            "SelectedTabStrip",
            "TabSeparator",
            "button",
            "buttonbox",
            "dateli",
            "divPadding",
            "earch_con",
            "earch_title",
            "earchbox",
            "footbox",
            "footbox_con",
            "footbutton",
            "formbox",
            "main_box",
            "mid_box",
            "pagination",
            "t",
            "thead",
            "title",
            "toolbox",
            "toolbox_fot"
          ],
          [
            "SelectedTabStrip",
            "TabSeparator",
            "abled-dom",
            "alt",
            "button",
            "buttonbox",
            "dateli",
            "di",
            "divPadding",
            "earch_con",
            "earch_title",
            "earchbox",
            "footbox",
            "footbox_con",
            "footbutton",
            "formbox",
            "main_box",
            "mid_box",
            "pagination",
            "t",
            "thead",
            "title",
            "toolbox",
            "toolbox_fot",
            "width text_nor"
          ],
          [
            "SelectedTabStrip",
            "TabSeparator",
            "alt",
            "button",
            "buttonbox",
            "dateli",
            "divPadding",
            "earch_con",
            "earch_title",
            "earchbox",
            "footbox",
            "footbox_con",
            "footbutton",
            "formbox",
            "main_box",
            "mid_box",
            "pagination",
            "t",
            "thead",
            "title",
            "toolbox",
            "toolbox_fot",
            "width text_nor"
          ]
        ],
        "context1": [
          [
            "button",
            "footbox",
            "footbox_con",
            "footbutton",
            "formbox",
            "formli",
            "main_box",
            "mid_box",
            "mutiTxt",
            "pagination",
            "t",
            "title",
            "trbg"
          ],
          [
            "button",
            "footbox",
            "footbox_con",
            "footbutton",
            "formbox",
            "formlist",
            "main_box",
            "mid_box",
            "mutiTxt",
            "pagination",
            "title",
            "trbg"
          ]
        ]
      }
    },
    "page/tagTriplets": {
      "contexts": {
        "context0": [
          [
            "-/-/FORM",
            "-/FORM/DIV",
            "-/FORM/INPUT-hidden",
            "-/FORM/SCRIPT",
            "DIV/DIV/DIV",
            "DIV/DIV/EM",
            "DIV/DIV/P",
            "DIV/DIV/SPAN",
            "DIV/DIV/TABLE",
            "DIV/EM/SPAN",
            "DIV/P/A",
            "DIV/P/EM",
            "DIV/SPAN/TABLE",
            "DIV/TABLE/TBODY",
            "FIELDSET/TABLE/TBODY",
            "FORM/DIV/DIV",
            "FORM/DIV/P",
            "SPAN/SELECT/OPTION",
            "SPAN/TABLE/TBODY",
            "TABLE/TBODY/TR",
            "TBODY/TR/TD",
            "TD/DIV/SPAN",
            "TD/DIV/TABLE",
            "TD/FIELDSET/LEGEND",
            "TD/FIELDSET/SCRIPT",
            "TD/FIELDSET/STYLE",
            "TD/FIELDSET/TABLE",
            "TD/SPAN/INPUT-submit",
            "TD/SPAN/SELECT",
            "TR/TD/A",
            "TR/TD/DIV",
            "TR/TD/FIELDSET",
            "TR/TD/SPAN"
          ],
          [
            "-/-/DIV",
            "-/-/FORM",
            "-/FORM/DIV",
            "-/FORM/INPUT-hidden",
            "-/FORM/SCRIPT",
            "DIV/DIV/DIV",
            "DIV/DIV/EM",
            "DIV/DIV/INPUT-submit",
            "DIV/DIV/INPUT-text",
            "DIV/DIV/P",
            "DIV/DIV/SPAN",
            "DIV/DIV/TABLE",
            "DIV/EM/SPAN",
            "DIV/P/A",
            "DIV/P/EM",
            "DIV/SPAN/TABLE",
            "DIV/TABLE/TBODY",
            "FIELDSET/DIV/DIV",
            "FIELDSET/DIV/INPUT-button",
            "FIELDSET/TABLE/TBODY",
            "FORM/DIV/DIV",
            "FORM/DIV/P",
            "SPAN/SELECT/OPTION",
            "SPAN/TABLE/TBODY",
            "TABLE/TBODY/TR",
            "TBODY/TR/TD",
            "TD/DIV/SPAN",
            "TD/DIV/TABLE",
            "TD/FIELDSET/DIV",
            "TD/FIELDSET/LEGEND",
            "TD/FIELDSET/SCRIPT",
            "TD/FIELDSET/STYLE",
            "TD/FIELDSET/TABLE",
            "TD/SPAN/INPUT-submit",
            "TD/SPAN/SELECT",
            "TR/TD/A",
            "TR/TD/DIV",
            "TR/TD/FIELDSET",
            "TR/TD/SPAN"
          ],
          [
            "-/-/FORM",
            "-/FORM/DIV",
            "-/FORM/INPUT-hidden",
            "-/FORM/SCRIPT",
            "DIV/DIV/DIV",
            "DIV/DIV/EM",
            "DIV/DIV/INPUT-submit",
            "DIV/DIV/INPUT-text",
            "DIV/DIV/P",
            "DIV/DIV/SPAN",
            "DIV/DIV/TABLE",
            "DIV/EM/SPAN",
            "DIV/P/A",
            "DIV/P/EM",
            "DIV/SPAN/TABLE",
            "DIV/TABLE/TBODY",
            "FIELDSET/DIV/DIV",
            "FIELDSET/DIV/INPUT-button",
            "FIELDSET/TABLE/TBODY",
            "FORM/DIV/DIV",
            "FORM/DIV/P",
            "SPAN/SELECT/OPTION",
            "SPAN/TABLE/TBODY",
            "TABLE/TBODY/TR",
            "TBODY/TR/TD",
            "TD/DIV/SPAN",
            "TD/DIV/TABLE",
            "TD/FIELDSET/DIV",
            "TD/FIELDSET/LEGEND",
            "TD/FIELDSET/SCRIPT",
            "TD/FIELDSET/STYLE",
            "TD/FIELDSET/TABLE",
            "TD/SPAN/INPUT-submit",
            "TD/SPAN/SELECT",
            "TR/TD/A",
            "TR/TD/DIV",
            "TR/TD/FIELDSET",
            "TR/TD/SPAN"
          ],
          [
            "-/-/FORM",
            "-/-/SCRIPT",
            "-/FORM/DIV",
            "-/FORM/INPUT-hidden",
            "-/FORM/SCRIPT",
            "DIV/DIV/DIV",
            "DIV/DIV/EM",
            "DIV/DIV/INPUT-submit",
            "DIV/DIV/INPUT-text",
            "DIV/DIV/P",
            "DIV/DIV/SPAN",
            "DIV/EM/SPAN",
            "DIV/P/A",
            "DIV/P/EM",
            "DIV/P/TABLE",
            "DIV/SPAN/TABLE",
            "DIV/TABLE/TBODY",
            "FIELDSET/DIV/DIV",
            "FIELDSET/DIV/INPUT-button",
            "FIELDSET/TABLE/TBODY",
            "FORM/DIV/DIV",
            "FORM/DIV/P",
            "P/TABLE/TBODY",
            "SPAN/SELECT/OPTION",
            "SPAN/TABLE/TBODY",
            "TABLE/TBODY/TR",
            "TBODY/TR/TD",
            "TD/DIV/SPAN",
            "TD/DIV/TABLE",
            "TD/FIELDSET/DIV",
            "TD/FIELDSET/LEGEND",
            "TD/FIELDSET/SCRIPT",
            "TD/FIELDSET/STYLE",
            "TD/FIELDSET/TABLE",
            "TD/SPAN/INPUT-submit",
            "TD/SPAN/SELECT",
            "TR/TD/A",
            "TR/TD/DIV",
            "TR/TD/FIELDSET",
            "TR/TD/SPAN"
          ],
          [
            "-/-/DIV",
            "-/-/FORM",
            "-/-/SCRIPT",
            "-/FORM/DIV",
            "-/FORM/INPUT-hidden",
            "-/FORM/SCRIPT",
            "DIV/DIV/DIV",
            "DIV/DIV/EM",
            "DIV/DIV/INPUT-submit",
            "DIV/DIV/INPUT-text",
            "DIV/DIV/P",
            "DIV/DIV/SPAN",
            "DIV/EM/SPAN",
            "DIV/P/A",
            "DIV/P/EM",
            "DIV/P/TABLE",
            "DIV/SPAN/TABLE",
            "DIV/TABLE/TBODY",
            "FIELDSET/DIV/DIV",
            "FIELDSET/DIV/INPUT-button",
            "FIELDSET/TABLE/TBODY",
            "FORM/DIV/DIV",
            "FORM/DIV/P",
            "P/TABLE/TBODY",
            "SPAN/SELECT/OPTION",
            "SPAN/TABLE/TBODY",
            "TABLE/TBODY/TR",
            "TBODY/TR/TD",
            "TD/DIV/SPAN",
            "TD/DIV/TABLE",
            "TD/FIELDSET/DIV",
            "TD/FIELDSET/LEGEND",
            "TD/FIELDSET/SCRIPT",
            "TD/FIELDSET/STYLE",
            "TD/FIELDSET/TABLE",
            "TD/SPAN/INPUT-submit",
            "TD/SPAN/SELECT",
            "TR/TD/A",
            "TR/TD/DIV",
            "TR/TD/FIELDSET",
            "TR/TD/SPAN"
          ]
        ],
        "context1": [
          [
            "-/-/FORM",
            "-/FORM/DIV",
            "-/FORM/INPUT-hidden",
            "DIV/DIV/DIV",
            "DIV/DIV/EM",
            "DIV/DIV/P",
            "DIV/DIV/SPAN",
            "DIV/EM/SPAN",
            "DIV/SPAN/TABLE",
            "FORM/DIV/DIV",
            "SPAN/TABLE/TBODY",
            "TABLE/TBODY/TR",
            "TBODY/TR/TD",
            "TR/TD/FONT",
            "TR/TD/INPUT-submit",
            "TR/TD/SPAN",
            "TR/TD/TEXTAREA"
          ],
          [
            "-/-/FORM",
            "-/-/SCRIPT",
            "-/FORM/DIV",
            "-/FORM/INPUT-hidden",
            "DIV/DIV/DIV",
            "DIV/DIV/EM",
            "DIV/DIV/P",
            "DIV/DIV/SPAN",
            "DIV/EM/SPAN",
            "DIV/SPAN/TABLE",
            "FORM/DIV/DIV",
            "SPAN/TABLE/TBODY",
            "TABLE/TBODY/TR",
            "TBODY/TR/TD",
            "TR/TD/FONT",
            "TR/TD/INPUT-submit",
            "TR/TD/SPAN",
            "TR/TD/TEXTAREA"
          ]
        ]
      }
    }
  }
}