{
  "version": "0.1",
  "id": "xs_mmxg",
  "targetURL": "http://117.35.118.209/mmxg.aspx?xh=121111&gnmkdm=N121502",
  "jsFile": "../../lib/base.js,../../lib/customTemplate.js,index.js",
  "cssFile": "../../lib/base.css,index.css",
  "chineseName": "学生-密码修改",
  "description": "",
  "controls": {
    "control8": {
      "location": {
        "data": {
          "tagName": "INPUT"
        },
        "locators": [
          {
            "id": "elem/@name",
            "prob": 1,
            "value": "descendant::INPUT[@name=\"Textbox4\"]"
          },
          {
            "id": "@id/partialWord",
            "prob": 1,
            "disabled": true,
            "value": {
              "elemId": "Table1",
              "tagName": "TABLE",
              "prefix": "",
              "suffix": "/TBODY[1]/TR[4]/TD[2]",
              "ratio": 0.6
            }
          },
          {
            "id": "@class/word",
            "prob": 1,
            "ordinal": [
              3,
              4
            ],
            "value": "SPAN.formbox TABLE.formlist INPUT.text_nor"
          },
          {
            "id": "path/ordinal",
            "prob": 1,
            "value": "/HTML[1]/BODY[1]/FORM[1]/DIV[1]/DIV[1]/SPAN[1]/DIV[1]/TABLE[1]/TBODY[1]/TR[4]/TD[2]/INPUT[1]"
          },
          {
            "id": "input/type",
            "verifyEnabled": true,
            "value": "password"
          },
          {
            "id": "elderLevel",
            "value": {
              "level": 0
            }
          },
          {
            "id": "shield",
            "value": {
              "zIndex": "auto",
              "width": 163,
              "height": 19
            }
          }
        ]
      },
      "intendedRole": "passwordbox",
      "roles": "element,passwordbox,textbox",
      "monitored": true
    },
    "control9": {
      "location": {
        "data": {
          "tagName": "INPUT"
        },
        "locators": [
          {
            "id": "input/@value",
            "prob": 1,
            "value": {
              "text": [
                "修  改"
              ]
            }
          },
          {
            "id": "input/button/@value",
            "prob": 3,
            "value": {
              "text": [
                "修  改"
              ]
            }
          },
          {
            "id": "elem/@name",
            "prob": 1,
            "value": "descendant::INPUT[@name=\"Button1\"]"
          },
          {
            "id": "@id/partialWord",
            "prob": 1,
            "disabled": true,
            "value": {
              "elemId": "Table1",
              "tagName": "TABLE",
              "prefix": "",
              "suffix": "/TBODY[1]/TR[5]/TD[1]",
              "ratio": 0.6
            }
          },
          {
            "id": "@class/word",
            "prob": 1,
            "value": "SPAN.formbox TABLE.formlist INPUT.button"
          },
          {
            "id": "path/ordinal",
            "prob": 1,
            "value": "/HTML[1]/BODY[1]/FORM[1]/DIV[1]/DIV[1]/SPAN[1]/DIV[1]/TABLE[1]/TBODY[1]/TR[5]/TD[1]/INPUT[1]"
          },
          {
            "id": "input/type",
            "verifyEnabled": true,
            "value": "submit"
          },
          {
            "id": "elderLevel",
            "value": {
              "level": 0
            }
          },
          {
            "id": "shield",
            "value": {
              "zIndex": "auto",
              "width": 51.609375,
              "height": 20
            }
          }
        ]
      },
      "intendedRole": "button",
      "roles": "element,button",
      "monitored": false
    },
    "control10": {
      "location": {
        "data": {
          "tagName": "TR"
        },
        "locators": [
          {
            "id": "text",
            "prob": 3,
            "value": {
              "text": [
                "登录密码修改规则说明： 1.密码长度为6~16位，至少包含数字、字母、特殊符号中的两类，字母区分大小写 2.密码不可与账号相同 3.密码不可以与身份证号后几位相同"
              ],
              "visText": [
                "登录密码修改规则说明： 1.密码长度为6~16位，至少包含数字、字母、特殊符号中的两类，字母区分大小写 2.密码不可与账号相同 3.密码不可以与身份证号后几位相同"
              ]
            }
          },
          {
            "id": "@class/word",
            "prob": 1,
            "ordinal": [
              7,
              9
            ],
            "value": "DIV.mid_box SPAN.formbox TABLE.formlist TBODY TR"
          },
          {
            "id": "path/ordinal",
            "prob": 1,
            "value": "/HTML[1]/BODY[1]/FORM[1]/DIV[1]/DIV[1]/SPAN[1]/DIV[1]/TABLE[1]/TBODY[1]/TR[6]"
          },
          {
            "id": "style/color",
            "value": [
              17,
              68,
              158
            ]
          },
          {
            "id": "shield",
            "value": {
              "zIndex": "auto",
              "width": 499,
              "height": 73
            }
          }
        ]
      },
      "intendedRole": "fragment",
      "roles": "element,fragment",
      "monitored": false
    },
    "control11": {
      "location": {
        "data": {
          "tagName": "TD"
        },
        "locators": [
          {
            "id": "button/text",
            "prob": 3,
            "value": {
              "text": [
                "用户名："
              ],
              "visText": [
                "用户名："
              ]
            }
          },
          {
            "id": "text",
            "prob": 3,
            "value": {
              "text": [
                "用户名："
              ],
              "visText": [
                "用户名："
              ]
            }
          },
          {
            "id": "@id/partialWord",
            "prob": 1,
            "disabled": true,
            "value": {
              "elemId": "Table1",
              "tagName": "TABLE",
              "prefix": "",
              "suffix": "/TBODY[1]/TR[1]",
              "ratio": 0.6
            }
          },
          {
            "id": "@class/word",
            "prob": 1,
            "ordinal": [
              0,
              14
            ],
            "value": "DIV.mid_box SPAN.formbox TABLE.formlist TBODY TR TD"
          },
          {
            "id": "path/ordinal",
            "prob": 1,
            "value": "/HTML[1]/BODY[1]/FORM[1]/DIV[1]/DIV[1]/SPAN[1]/DIV[1]/TABLE[1]/TBODY[1]/TR[1]/TD[1]"
          },
          {
            "id": "style/color",
            "value": [
              95,
              116,
              133
            ]
          },
          {
            "id": "shield",
            "value": {
              "zIndex": "auto",
              "width": 102,
              "height": 32
            }
          }
        ]
      },
      "roles": "element",
      "content": true,
      "monitored": false
    },
    "control12": {
      "location": {
        "data": {
          "tagName": "INPUT"
        },
        "locators": [
          {
            "id": "input/@value",
            "prob": 1,
            "value": {
              "text": [
                "121111"
              ]
            }
          },
          {
            "id": "input/button/@value",
            "prob": 3,
            "value": {
              "text": [
                "121111"
              ]
            }
          },
          {
            "id": "elem/@name",
            "prob": 1,
            "value": "descendant::INPUT[@name=\"TextBox1\"]"
          },
          {
            "id": "@id/partialWord",
            "prob": 1,
            "disabled": true,
            "value": {
              "elemId": "Table1",
              "tagName": "TABLE",
              "prefix": "",
              "suffix": "/TBODY[1]/TR[1]/TD[2]",
              "ratio": 0.6
            }
          },
          {
            "id": "@class/word",
            "prob": 1,
            "ordinal": [
              0,
              4
            ],
            "value": "SPAN.formbox TABLE.formlist INPUT.text_nor"
          },
          {
            "id": "path/ordinal",
            "prob": 1,
            "value": "/HTML[1]/BODY[1]/FORM[1]/DIV[1]/DIV[1]/SPAN[1]/DIV[1]/TABLE[1]/TBODY[1]/TR[1]/TD[2]/INPUT[1]"
          },
          {
            "id": "input/type",
            "verifyEnabled": true,
            "value": "text"
          },
          {
            "id": "elderLevel",
            "value": {
              "level": 0
            }
          },
          {
            "id": "shield",
            "value": {
              "zIndex": "auto",
              "width": 163,
              "height": 19
            }
          }
        ]
      },
      "intendedRole": "textbox",
      "roles": "element,textbox",
      "monitored": true
    },
    "control13": {
      "location": {
        "data": {
          "tagName": "TD"
        },
        "locators": [
          {
            "id": "button/text",
            "prob": 3,
            "value": {
              "text": [
                "输入原密码："
              ],
              "visText": [
                "输入原密码："
              ]
            }
          },
          {
            "id": "text",
            "prob": 3,
            "value": {
              "text": [
                "输入原密码："
              ],
              "visText": [
                "输入原密码："
              ]
            }
          },
          {
            "id": "@id/partialWord",
            "prob": 1,
            "disabled": true,
            "value": {
              "elemId": "Table1",
              "tagName": "TABLE",
              "prefix": "",
              "suffix": "/TBODY[1]/TR[2]",
              "ratio": 0.6
            }
          },
          {
            "id": "@class/word",
            "prob": 1,
            "ordinal": [
              2,
              14
            ],
            "value": "DIV.mid_box SPAN.formbox TABLE.formlist TBODY TR TD"
          },
          {
            "id": "path/ordinal",
            "prob": 1,
            "value": "/HTML[1]/BODY[1]/FORM[1]/DIV[1]/DIV[1]/SPAN[1]/DIV[1]/TABLE[1]/TBODY[1]/TR[2]/TD[1]"
          },
          {
            "id": "style/color",
            "value": [
              95,
              116,
              133
            ]
          },
          {
            "id": "shield",
            "value": {
              "zIndex": "auto",
              "width": 102,
              "height": 32
            }
          }
        ]
      },
      "roles": "element",
      "content": true,
      "monitored": false
    },
    "control14": {
      "location": {
        "data": {
          "tagName": "INPUT"
        },
        "locators": [
          {
            "id": "elem/@name",
            "prob": 1,
            "value": "descendant::INPUT[@name=\"TextBox2\"]"
          },
          {
            "id": "@id/partialWord",
            "prob": 1,
            "disabled": true,
            "value": {
              "elemId": "Table1",
              "tagName": "TABLE",
              "prefix": "",
              "suffix": "/TBODY[1]/TR[2]/TD[2]",
              "ratio": 0.6
            }
          },
          {
            "id": "@class/word",
            "prob": 1,
            "ordinal": [
              1,
              4
            ],
            "value": "SPAN.formbox TABLE.formlist INPUT.text_nor"
          },
          {
            "id": "path/ordinal",
            "prob": 1,
            "value": "/HTML[1]/BODY[1]/FORM[1]/DIV[1]/DIV[1]/SPAN[1]/DIV[1]/TABLE[1]/TBODY[1]/TR[2]/TD[2]/INPUT[1]"
          },
          {
            "id": "input/type",
            "verifyEnabled": true,
            "value": "password"
          },
          {
            "id": "elderLevel",
            "value": {
              "level": 0
            }
          },
          {
            "id": "shield",
            "value": {
              "zIndex": "auto",
              "width": 163,
              "height": 19
            }
          }
        ]
      },
      "intendedRole": "passwordbox",
      "roles": "element,passwordbox,textbox",
      "monitored": true
    },
    "control15": {
      "location": {
        "data": {
          "tagName": "TD"
        },
        "locators": [
          {
            "id": "button/text",
            "prob": 3,
            "value": {
              "text": [
                "输入新密码："
              ],
              "visText": [
                "输入新密码："
              ]
            }
          },
          {
            "id": "text",
            "prob": 3,
            "value": {
              "text": [
                "输入新密码："
              ],
              "visText": [
                "输入新密码："
              ]
            }
          },
          {
            "id": "@id/partialWord",
            "prob": 1,
            "disabled": true,
            "value": {
              "elemId": "Table1",
              "tagName": "TABLE",
              "prefix": "",
              "suffix": "/TBODY[1]/TR[3]",
              "ratio": 0.6
            }
          },
          {
            "id": "@class/word",
            "prob": 1,
            "ordinal": [
              4,
              14
            ],
            "value": "DIV.mid_box SPAN.formbox TABLE.formlist TBODY TR TD"
          },
          {
            "id": "path/ordinal",
            "prob": 1,
            "value": "/HTML[1]/BODY[1]/FORM[1]/DIV[1]/DIV[1]/SPAN[1]/DIV[1]/TABLE[1]/TBODY[1]/TR[3]/TD[1]"
          },
          {
            "id": "style/color",
            "value": [
              95,
              116,
              133
            ]
          },
          {
            "id": "shield",
            "value": {
              "zIndex": "auto",
              "width": 102,
              "height": 51
            }
          }
        ]
      },
      "roles": "element",
      "content": true,
      "monitored": false
    },
    "control17": {
      "location": {
        "data": {
          "tagName": "TABLE"
        },
        "locators": [
          {
            "id": "@id/word",
            "prob": 3,
            "value": "descendant::TABLE[@id=\"passwdBar\"]"
          },
          {
            "id": "@id/partialWord",
            "prob": 1,
            "disabled": true,
            "value": {
              "elemId": "Table1",
              "tagName": "TABLE",
              "prefix": "",
              "suffix": "/TBODY[1]/TR[3]/TD[2]/DIV[2]/TABLE[1]/TBODY[1]/TR[1]/TD[1]",
              "ratio": 0.6
            }
          },
          {
            "id": "path/ordinal",
            "prob": 1,
            "value": "/HTML[1]/BODY[1]/FORM[1]/DIV[1]/DIV[1]/SPAN[1]/DIV[1]/TABLE[1]/TBODY[1]/TR[3]/TD[2]/DIV[2]/TABLE[1]/TBODY[1]/TR[1]/TD[1]/TABLE[1]"
          },
          {
            "id": "shield",
            "value": {
              "zIndex": "auto",
              "width": 120,
              "height": 24
            }
          }
        ]
      },
      "intendedRole": "fragment",
      "roles": "element,fragment",
      "monitored": true
    },
    "control18": {
      "location": {
        "data": {
          "tagName": "TD"
        },
        "locators": [
          {
            "id": "button/text",
            "prob": 3,
            "value": {
              "text": [
                "确认新密码："
              ],
              "visText": [
                "确认新密码："
              ]
            }
          },
          {
            "id": "text",
            "prob": 3,
            "value": {
              "text": [
                "确认新密码："
              ],
              "visText": [
                "确认新密码："
              ]
            }
          },
          {
            "id": "@id/partialWord",
            "prob": 1,
            "disabled": true,
            "value": {
              "elemId": "Table1",
              "tagName": "TABLE",
              "prefix": "",
              "suffix": "/TBODY[1]/TR[4]",
              "ratio": 0.6
            }
          },
          {
            "id": "@class/word",
            "prob": 1,
            "ordinal": [
              9,
              14
            ],
            "value": "DIV.mid_box SPAN.formbox TABLE.formlist TBODY TR TD"
          },
          {
            "id": "path/ordinal",
            "prob": 1,
            "value": "/HTML[1]/BODY[1]/FORM[1]/DIV[1]/DIV[1]/SPAN[1]/DIV[1]/TABLE[1]/TBODY[1]/TR[4]/TD[1]"
          },
          {
            "id": "style/color",
            "value": [
              95,
              116,
              133
            ]
          },
          {
            "id": "shield",
            "value": {
              "zIndex": "auto",
              "width": 102,
              "height": 32
            }
          }
        ]
      },
      "roles": "element",
      "content": true,
      "monitored": false
    },
    "control19": {
      "location": {
        "data": {
          "tagName": "INPUT"
        },
        "locators": [
          {
            "id": "elem/@name",
            "prob": 1,
            "value": "descendant::INPUT[@name=\"Textbox4\"]"
          },
          {
            "id": "@id/partialWord",
            "prob": 1,
            "disabled": true,
            "value": {
              "elemId": "Table1",
              "tagName": "TABLE",
              "prefix": "",
              "suffix": "/TBODY[1]/TR[4]/TD[2]",
              "ratio": 0.6
            }
          },
          {
            "id": "@class/word",
            "prob": 1,
            "ordinal": [
              3,
              4
            ],
            "value": "SPAN.formbox TABLE.formlist INPUT.text_nor"
          },
          {
            "id": "path/ordinal",
            "prob": 1,
            "value": "/HTML[1]/BODY[1]/FORM[1]/DIV[1]/DIV[1]/SPAN[1]/DIV[1]/TABLE[1]/TBODY[1]/TR[4]/TD[2]/INPUT[1]"
          },
          {
            "id": "input/type",
            "verifyEnabled": true,
            "value": "password"
          },
          {
            "id": "elderLevel",
            "value": {
              "level": 0
            }
          },
          {
            "id": "shield",
            "value": {
              "zIndex": "auto",
              "width": 163,
              "height": 19
            }
          }
        ]
      },
      "intendedRole": "passwordbox",
      "roles": "element,passwordbox,textbox",
      "monitored": true
    },
    "control20": {
      "location": {
        "data": {
          "tagName": "INPUT"
        },
        "locators": [
          {
            "id": "input/@value",
            "prob": 1,
            "value": {
              "text": [
                "修  改"
              ]
            }
          },
          {
            "id": "input/button/@value",
            "prob": 3,
            "value": {
              "text": [
                "修  改"
              ]
            }
          },
          {
            "id": "elem/@name",
            "prob": 1,
            "value": "descendant::INPUT[@name=\"Button1\"]"
          },
          {
            "id": "@id/partialWord",
            "prob": 1,
            "disabled": true,
            "value": {
              "elemId": "Table1",
              "tagName": "TABLE",
              "prefix": "",
              "suffix": "/TBODY[1]/TR[5]/TD[1]",
              "ratio": 0.6
            }
          },
          {
            "id": "@class/word",
            "prob": 1,
            "value": "SPAN.formbox TABLE.formlist INPUT.button"
          },
          {
            "id": "path/ordinal",
            "prob": 1,
            "value": "/HTML[1]/BODY[1]/FORM[1]/DIV[1]/DIV[1]/SPAN[1]/DIV[1]/TABLE[1]/TBODY[1]/TR[5]/TD[1]/INPUT[1]"
          },
          {
            "id": "input/type",
            "verifyEnabled": true,
            "value": "submit"
          },
          {
            "id": "elderLevel",
            "value": {
              "level": 0
            }
          },
          {
            "id": "shield",
            "value": {
              "zIndex": "auto",
              "width": 51.609375,
              "height": 20
            }
          }
        ]
      },
      "intendedRole": "button",
      "roles": "element,button",
      "monitored": false
    },
    "control21": {
      "location": {
        "data": {
          "tagName": "BODY"
        },
        "locators": [
          {
            "id": "text",
            "prob": 3,
            "value": {
              "text": [
                "用户名： 输入原密码： 输入新密码： 确认新密码： 登录密码修改规则说明： 1.密码长度为6~16位，至少包含数字、字母、特殊符号中的两类，字母区分大小写 2.密码不可与账号相同 3.密码不可以与身份证号后几位相同"
              ],
              "visText": [
                "用户名： 输入原密码： 输入新密码： 确认新密码： 登录密码修改规则说明： 1.密码长度为6~16位，至少包含数字、字母、特殊符号中的两类，字母区分大小写 2.密码不可与账号相同 3.密码不可以与身份证号后几位相同"
              ]
            }
          },
          {
            "id": "path/ordinal",
            "prob": 1,
            "value": "/HTML[1]/BODY[1]"
          },
          {
            "id": "style/color",
            "value": [
              17,
              68,
              158
            ]
          },
          {
            "id": "shield",
            "value": {
              "zIndex": "auto",
              "width": 1142,
              "height": 300
            }
          }
        ]
      },
      "events": {
        "onGetData": "getData_control21"
      },
      "intendedRole": "custom",
      "roles": "element,custom",
      "monitored": false
    },
    "control22": {
      "location": {
        "data": {
          "tagName": "INPUT"
        },
        "locators": [
          {
            "id": "elem/@name",
            "prob": 1,
            "value": "descendant::INPUT[@name=\"TextBox3\"]"
          },
          {
            "id": "@id/partialWord",
            "prob": 1,
            "disabled": true,
            "value": {
              "elemId": "Table1",
              "tagName": "TABLE",
              "prefix": "",
              "suffix": "/TBODY[1]/TR[3]/TD[2]/DIV[1]",
              "ratio": 0.6
            }
          },
          {
            "id": "@class/word",
            "prob": 1,
            "ordinal": [
              2,
              4
            ],
            "value": "SPAN.formbox TABLE.formlist INPUT.text_nor"
          },
          {
            "id": "path/ordinal",
            "prob": 1,
            "value": "/HTML[1]/BODY[1]/FORM[1]/DIV[1]/DIV[1]/SPAN[1]/DIV[1]/TABLE[1]/TBODY[1]/TR[3]/TD[2]/DIV[1]/INPUT[1]"
          },
          {
            "id": "input/type",
            "verifyEnabled": true,
            "value": "password"
          },
          {
            "id": "elderLevel",
            "value": {
              "level": 0
            }
          },
          {
            "id": "shield",
            "value": {
              "zIndex": "auto",
              "width": 163,
              "height": 19
            }
          }
        ]
      },
      "events": {
        "onGetData": "getData_control22"
      },
      "intendedRole": "custom",
      "roles": "element,passwordbox,textbox,custom",
      "monitored": false
    },
    "control23": {
      "location": {
        "data": {
          "tagName": "TD"
        },
        "locators": [
          {
            "id": "@id/partialWord",
            "prob": 1,
            "disabled": true,
            "value": {
              "elemId": "Table1",
              "tagName": "TABLE",
              "prefix": "",
              "suffix": "/TBODY[1]/TR[3]/TD[2]",
              "ratio": 0.59
            }
          },
          {
            "id": "@class/word",
            "prob": 1,
            "ordinal": [
              1,
              6
            ],
            "value": "SPAN.formbox TABLE.formlist TR.trbg1 TD"
          },
          {
            "id": "path/ordinal",
            "prob": 1,
            "value": "/HTML[1]/BODY[1]/FORM[1]/DIV[1]/DIV[1]/SPAN[1]/DIV[1]/TABLE[1]/TBODY[1]/TR[3]/TD[2]"
          },
          {
            "id": "style/color",
            "value": [
              95,
              116,
              133
            ]
          },
          {
            "id": "shield",
            "value": {
              "zIndex": "auto",
              "width": 400,
              "height": 51
            }
          }
        ]
      },
      "intendedRole": "fragment",
      "roles": "element,fragment",
      "monitored": true
    }
  },
  "contexts": {
    "context0": {
      "controls": [
        "control8",
        "control9",
        "control10",
        "control11",
        "control12",
        "control13",
        "control14",
        "control15",
        "control17",
        "control18",
        "control19",
        "control20",
        "control21",
        "control22",
        "control23"
      ],
      "anchors": []
    }
  },
  "flows": {
    "flow0": {
      "toContexts": [
        {
          "toContextId": "context0"
        }
      ]
    }
  },
  "pages": {
    "page0": {
      "contextId": "context0",
      "layout": [
        {
          "id": "uiControl0",
          "display": {
            "class": "yl_header",
            "title": "密码修改",
            "type": "header",
            "adapterId": "header",
            "adapter": {
              "templateType": ""
            }
          },
          "layout": []
        },
        {
          "id": "uiControl14",
          "controlId": "control21",
          "display": {
            "adapterId": "custom",
            "type": "custom",
            "adapter": {
              "templateType": "react",
              "events": {
                "onDoAction": "doAction_uiControl14",
                "onGetTemplate": "getTemplate_uiControl14"
              }
            }
          }
        },
        {
          "id": "uiControl1",
          "display": {
            "type": "card",
            "adapterId": "card",
            "class": "yl_mm_top",
            "adapter": {
              "templateType": ""
            }
          },
          "layout": [
            {
              "id": "uiControl1body",
              "display": {
                "type": "cardBody",
                "adapterId": "cardBody",
                "adapter": {
                  "templateType": ""
                }
              },
              "layout": [
                {
                  "id": "uiControl2",
                  "controlId": "control11",
                  "display": {
                    "adapterId": "content",
                    "type": "content",
                    "class": "yl_left",
                    "text": "用&nbsp;&nbsp;&nbsp;户&nbsp;&nbsp;&nbsp;名：",
                    "adapter": {
                      "templateType": ""
                    }
                  }
                },
                {
                  "id": "uiControl3",
                  "controlId": "control12",
                  "display": {
                    "adapterId": "textbox",
                    "type": "textbox",
                    "class": "yl_right",
                    "adapter": {
                      "templateType": ""
                    }
                  }
                },
                {
                  "id": "uiControl4",
                  "controlId": "control13",
                  "display": {
                    "adapterId": "content",
                    "type": "content",
                    "class": "yl_left",
                    "adapter": {
                      "templateType": ""
                    }
                  }
                },
                {
                  "id": "uiControl5",
                  "controlId": "control14",
                  "display": {
                    "adapterId": "passwordbox",
                    "type": "passwordbox",
                    "class": "yl_right",
                    "adapter": {
                      "templateType": ""
                    }
                  }
                },
                {
                  "id": "uiControl6",
                  "controlId": "control15",
                  "display": {
                    "adapterId": "content",
                    "type": "content",
                    "class": "yl_left",
                    "adapter": {
                      "templateType": ""
                    }
                  }
                },
                {
                  "id": "uiControl7",
                  "controlId": "control22",
                  "display": {
                    "adapterId": "custom",
                    "type": "custom",
                    "adapter": {
                      "templateType": "react",
                      "events": {
                        "onDoAction": "doAction_uiControl7",
                        "onGetTemplate": "getTemplate_uiControl7"
                      }
                    }
                  }
                },
                {
                  "id": "uiControl8",
                  "controlId": "control23",
                  "display": {
                    "adapterId": "fragment",
                    "type": "fragment",
                    "class": "yl_mmqd",
                    "adapter": {
                      "templateType": ""
                    }
                  }
                },
                {
                  "id": "uiControl9",
                  "controlId": "control18",
                  "display": {
                    "adapterId": "content",
                    "type": "content",
                    "class": "yl_left",
                    "adapter": {
                      "templateType": ""
                    }
                  }
                },
                {
                  "id": "uiControl10",
                  "controlId": "control19",
                  "display": {
                    "adapterId": "passwordbox",
                    "type": "passwordbox",
                    "value": "",
                    "class": "yl_right",
                    "adapter": {
                      "templateType": ""
                    }
                  }
                },
                {
                  "id": "uiControl11",
                  "controlId": "control20",
                  "display": {
                    "adapterId": "clickable",
                    "type": "button",
                    "class": "yl_button",
                    "adapter": {
                      "templateType": ""
                    }
                  }
                }
              ]
            }
          ]
        },
        {
          "id": "uiControl12",
          "display": {
            "type": "card",
            "adapterId": "card",
            "class": "yl_mm_bottom",
            "adapter": {
              "templateType": ""
            }
          },
          "layout": [
            {
              "id": "uiControl12body",
              "display": {
                "type": "cardBody",
                "adapterId": "cardBody",
                "adapter": {
                  "templateType": ""
                }
              },
              "layout": [
                {
                  "id": "uiControl13",
                  "controlId": "control10",
                  "display": {
                    "adapterId": "fragment",
                    "type": "fragment",
                    "class": "yl_sm",
                    "adapter": {
                      "templateType": ""
                    }
                  }
                }
              ]
            }
          ]
        }
      ]
    }
  },
  "matchers": {
    "page/title": {
      "contexts": {
        "context0": [
          "现代教学管理信息系统"
        ]
      }
    },
    "page/urls": {
      "contexts": {
        "context0": [
          "117.35.118.209/mmxg.aspx?xh=121111&gnmkdm=N121502"
        ]
      }
    },
    "page/ids": {
      "contexts": {
        "context0": [
          [
            "Button",
            "Form",
            "Label",
            "Table",
            "TextBox",
            "Textbox",
            "div",
            "negBar",
            "passwdBar",
            "passwdRating",
            "posBar"
          ]
        ]
      }
    },
    "page/classes": {
      "contexts": {
        "context0": [
          [
            "button",
            "footbox",
            "footbox_con",
            "footbutton",
            "formbox",
            "formli",
            "main_box",
            "mid_box",
            "pagination",
            "t",
            "text_nor",
            "title",
            "trbg"
          ],
          [
            "abled-dom",
            "button",
            "di",
            "footbox",
            "footbox_con",
            "footbutton",
            "formbox",
            "formli",
            "main_box",
            "mid_box",
            "pagination",
            "t",
            "text_nor",
            "title",
            "trbg"
          ]
        ]
      }
    },
    "page/tagTriplets": {
      "contexts": {
        "context0": [
          [
            "-/-/FORM",
            "-/FORM/DIV",
            "-/FORM/INPUT-hidden",
            "DIV/DIV/DIV",
            "DIV/DIV/EM",
            "DIV/DIV/P",
            "DIV/DIV/SPAN",
            "DIV/EM/SPAN",
            "DIV/SPAN/DIV",
            "DIV/TABLE/TBODY",
            "FORM/DIV/DIV",
            "SPAN/DIV/TABLE",
            "TABLE/TBODY/TR",
            "TBODY/TR/TD",
            "TD/DIV/INPUT-password",
            "TD/DIV/TABLE",
            "TD/TABLE/TBODY",
            "TR/TD/DIV",
            "TR/TD/INPUT-password",
            "TR/TD/INPUT-submit",
            "TR/TD/INPUT-text",
            "TR/TD/P",
            "TR/TD/SPAN",
            "TR/TD/TABLE"
          ],
          [
            "-/-/DIV",
            "-/-/FORM",
            "-/FORM/DIV",
            "-/FORM/INPUT-hidden",
            "DIV/DIV/DIV",
            "DIV/DIV/EM",
            "DIV/DIV/P",
            "DIV/DIV/SPAN",
            "DIV/EM/SPAN",
            "DIV/SPAN/DIV",
            "DIV/TABLE/TBODY",
            "FORM/DIV/DIV",
            "SPAN/DIV/TABLE",
            "TABLE/TBODY/TR",
            "TBODY/TR/TD",
            "TD/DIV/INPUT-password",
            "TD/DIV/TABLE",
            "TD/TABLE/TBODY",
            "TR/TD/DIV",
            "TR/TD/INPUT-password",
            "TR/TD/INPUT-submit",
            "TR/TD/INPUT-text",
            "TR/TD/P",
            "TR/TD/SPAN",
            "TR/TD/TABLE"
          ],
          [
            "-/-/DIV",
            "-/-/FORM",
            "-/FORM/DIV",
            "-/FORM/INPUT-hidden",
            "DIV/DIV/DIV",
            "DIV/DIV/EM",
            "DIV/DIV/P",
            "DIV/DIV/SPAN",
            "DIV/EM/SPAN",
            "DIV/SPAN/DIV",
            "DIV/TABLE/TBODY",
            "FORM/DIV/DIV",
            "SPAN/DIV/TABLE",
            "TABLE/TBODY/TR",
            "TBODY/TR/TD",
            "TD/DIV/FONT",
            "TD/DIV/INPUT-password",
            "TD/DIV/TABLE",
            "TD/TABLE/TBODY",
            "TR/TD/DIV",
            "TR/TD/INPUT-password",
            "TR/TD/INPUT-submit",
            "TR/TD/INPUT-text",
            "TR/TD/P",
            "TR/TD/SPAN",
            "TR/TD/TABLE"
          ]
        ]
      }
    }
  }
}