{
  "version": "0.1",
  "id": "xgmm",
  "targetURL": "http://117.35.118.203/lxxt/lxgl/zzfw/zzbl/updatePassword.html",
  "jsFile": "../../lib/base.js,../../lib/customTemplate.js,index.js",
  "cssFile": "../../lib/base.css,index.css",
  "requires": {
    "grxx": "../grxx/index.json",
    "lxqd": "../lxqd/index.json",
    "notice": "../notice/index.json",
    "notice_content": "../notice_content/index.json",
    "s_Leave_formalities": "../s_Leave_formalities/index.json",
    "s_personal": "../s_personal/index.json"
  },
  "chineseName": "修改密码",
  "description": "",
  "controls": {
    "control0": {
      "location": {
        "data": {
          "tagName": "P"
        },
        "locators": [
          {
            "id": "button/text",
            "prob": 3,
            "value": {
              "text": [
                "欢迎你！盛静静 修改密码 注销"
              ],
              "visText": [
                "欢迎你！盛静静 修改密码 注销"
              ]
            }
          },
          {
            "id": "text",
            "prob": 3,
            "value": {
              "text": [
                "欢迎你！盛静静 修改密码 注销"
              ],
              "visText": [
                "欢迎你！盛静静 修改密码 注销"
              ]
            }
          },
          {
            "id": "@class/word",
            "prob": 1,
            "value": "BODY.pers_info_bg DIV.head H4 P"
          },
          {
            "id": "path/ordinal",
            "prob": 1,
            "value": "/HTML[1]/BODY[1]/DIV[1]/H4[1]/P[1]"
          },
          {
            "id": "shield",
            "value": {
              "zIndex": "auto",
              "width": 1000,
              "height": 24
            }
          }
        ]
      },
      "intendedRole": "fragment",
      "roles": "element,fragment",
      "monitored": true
    },
    "control1": {
      "location": {
        "data": {
          "tagName": "INPUT"
        },
        "locators": [
          {
            "id": "@id/word",
            "prob": 3,
            "value": "descendant::INPUT[@id=\"ymm\"]"
          },
          {
            "id": "@class/word",
            "prob": 1,
            "ordinal": [
              0,
              3
            ],
            "value": "DIV.con DIV.base_info DIV.change_pswd LABEL INPUT"
          },
          {
            "id": "path/ordinal",
            "prob": 1,
            "value": "/HTML[1]/BODY[1]/DIV[2]/DIV[1]/DIV[1]/LABEL[1]/INPUT[1]"
          },
          {
            "id": "input/type",
            "verifyEnabled": true,
            "value": "password"
          },
          {
            "id": "elderLevel",
            "value": {
              "level": 0
            }
          },
          {
            "id": "shield",
            "value": {
              "zIndex": "auto",
              "width": 182,
              "height": 28
            }
          }
        ]
      },
      "intendedRole": "passwordbox",
      "roles": "element,passwordbox,textbox",
      "monitored": true
    },
    "control8": {
      "location": {
        "data": {
          "tagName": "INPUT"
        },
        "locators": [
          {
            "id": "@id/word",
            "prob": 3,
            "value": "descendant::INPUT[@id=\"qrmm\"]"
          },
          {
            "id": "@class/word",
            "prob": 1,
            "ordinal": [
              2,
              3
            ],
            "value": "DIV.con DIV.base_info DIV.change_pswd LABEL INPUT"
          },
          {
            "id": "path/ordinal",
            "prob": 1,
            "value": "/HTML[1]/BODY[1]/DIV[2]/DIV[1]/DIV[1]/LABEL[3]/INPUT[1]"
          },
          {
            "id": "input/type",
            "verifyEnabled": true,
            "value": "password"
          },
          {
            "id": "elderLevel",
            "value": {
              "level": 0
            }
          },
          {
            "id": "shield",
            "value": {
              "zIndex": "auto",
              "width": 182,
              "height": 28
            }
          }
        ]
      },
      "intendedRole": "passwordbox",
      "roles": "element,passwordbox,textbox",
      "monitored": true
    },
    "control10": {
      "location": {
        "data": {
          "tagName": "A"
        },
        "locators": [
          {
            "id": "button/text",
            "prob": 3,
            "value": {
              "text": [
                "返回>>"
              ],
              "visText": [
                "返回>>"
              ]
            }
          },
          {
            "id": "text",
            "prob": 3,
            "value": {
              "text": [
                "返回>>"
              ],
              "visText": [
                "返回>>"
              ]
            }
          },
          {
            "id": "@class/word",
            "prob": 1,
            "value": "BODY.pers_info_bg DIV.con P.enter_index A"
          },
          {
            "id": "path/ordinal",
            "prob": 1,
            "value": "/HTML[1]/BODY[1]/DIV[2]/P[1]/A[1]"
          },
          {
            "id": "elderLevel",
            "value": {
              "level": 0
            }
          },
          {
            "id": "shield",
            "value": {
              "zIndex": "auto",
              "width": 38,
              "height": 14
            }
          }
        ]
      },
      "intendedRole": "button",
      "roles": "element,button,link",
      "monitored": false
    },
    "control11": {
      "location": {
        "data": {
          "tagName": "P"
        },
        "locators": [
          {
            "id": "text",
            "prob": 3,
            "value": {
              "text": [
                "所有毕业生应在财务管理中心、教务管理中心、图书馆手续办理完成后，方可进行其他部门手续办理"
              ],
              "visText": [
                "所有毕业生应在财务管理中心、教务管理中心、图书馆手续办理完成后，方可进行其他部门手续办理"
              ]
            }
          },
          {
            "id": "@class/word",
            "prob": 1,
            "value": "BODY.pers_info_bg DIV.foot P"
          },
          {
            "id": "path/ordinal",
            "prob": 1,
            "value": "/HTML[1]/BODY[1]/DIV[3]/P[1]"
          },
          {
            "id": "elderLevel",
            "value": {
              "level": 0
            }
          },
          {
            "id": "shield",
            "value": {
              "zIndex": "auto",
              "width": 1142,
              "height": 20
            }
          }
        ]
      },
      "intendedRole": "fragment",
      "roles": "element,fragment",
      "monitored": false
    },
    "control12": {
      "location": {
        "data": {
          "tagName": "A"
        },
        "locators": [
          {
            "id": "button/text",
            "prob": 3,
            "value": {
              "text": [
                "修改密码"
              ],
              "visText": [
                "修改密码"
              ]
            }
          },
          {
            "id": "text",
            "prob": 3,
            "value": {
              "text": [
                "修改密码"
              ],
              "visText": [
                "修改密码"
              ]
            }
          },
          {
            "id": "@class/word",
            "prob": 1,
            "ordinal": [
              0,
              2
            ],
            "value": "BODY.pers_info_bg DIV.head H4 P SPAN A"
          },
          {
            "id": "path/ordinal",
            "prob": 1,
            "value": "/HTML[1]/BODY[1]/DIV[1]/H4[1]/P[1]/SPAN[2]/A[1]"
          },
          {
            "id": "elderLevel",
            "value": {
              "level": 0
            }
          },
          {
            "id": "shield",
            "value": {
              "zIndex": "auto",
              "width": 68,
              "height": 14
            }
          }
        ]
      },
      "intendedRole": "button",
      "roles": "element,button,link",
      "monitored": false
    },
    "control13": {
      "location": {
        "data": {
          "tagName": "DIV"
        },
        "locators": [
          {
            "id": "button/text",
            "prob": 3,
            "value": {
              "text": [
                "原密码和新密码不能为空！"
              ],
              "visText": [
                "原密码和新密码不能为空！"
              ]
            }
          },
          {
            "id": "text",
            "prob": 3,
            "value": {
              "text": [
                "原密码和新密码不能为空！"
              ],
              "visText": [
                "原密码和新密码不能为空！"
              ]
            }
          },
          {
            "id": "@id/word",
            "prob": 3,
            "value": "descendant::DIV[@id=\"alertDiv\"]"
          },
          {
            "id": "@class/word",
            "prob": 1,
            "value": "DIV.con DIV.base_info DIV.change_pswd DIV"
          },
          {
            "id": "path/ordinal",
            "prob": 1,
            "value": "/HTML[1]/BODY[1]/DIV[2]/DIV[1]/DIV[1]/DIV[1]"
          },
          {
            "id": "elderLevel",
            "value": {
              "level": 0
            }
          },
          {
            "id": "shield",
            "value": {
              "zIndex": "auto",
              "width": 558,
              "height": 14
            }
          }
        ]
      },
      "intendedRole": "fragment",
      "roles": "element,fragment",
      "monitored": true
    },
    "control14": {
      "location": {
        "data": {
          "tagName": "BUTTON"
        },
        "locators": [
          {
            "id": "button/text",
            "prob": 3,
            "value": {
              "text": [
                "确定"
              ],
              "visText": [
                "确定"
              ]
            }
          },
          {
            "id": "text",
            "prob": 3,
            "value": {
              "text": [
                "确定"
              ],
              "visText": [
                "确定"
              ]
            }
          },
          {
            "id": "@id/word",
            "prob": 3,
            "value": "descendant::BUTTON[@id=\"qd_but\"]"
          },
          {
            "id": "@class/word",
            "prob": 1,
            "ordinal": [
              0,
              2
            ],
            "value": "DIV.base_info P.next BUTTON.next_btn"
          },
          {
            "id": "path/ordinal",
            "prob": 1,
            "value": "/HTML[1]/BODY[1]/DIV[2]/DIV[1]/P[1]/BUTTON[1]"
          },
          {
            "id": "input/type",
            "verifyEnabled": true,
            "value": "button"
          },
          {
            "id": "elderLevel",
            "value": {
              "level": 0
            }
          },
          {
            "id": "shield",
            "value": {
              "zIndex": "auto",
              "width": 193,
              "height": 44
            }
          }
        ]
      },
      "events": {
        "onGetData": "getData_control14"
      },
      "intendedRole": "custom",
      "roles": "element,button,custom",
      "monitored": false
    },
    "control15": {
      "location": {
        "data": {
          "tagName": "A"
        },
        "locators": [
          {
            "id": "button/text",
            "prob": 3,
            "value": {
              "text": [
                "注销"
              ],
              "visText": [
                "注销"
              ]
            }
          },
          {
            "id": "text",
            "prob": 3,
            "value": {
              "text": [
                "注销"
              ],
              "visText": [
                "注销"
              ]
            }
          },
          {
            "id": "@class/word",
            "prob": 1,
            "ordinal": [
              1,
              2
            ],
            "value": "BODY.pers_info_bg DIV.head H4 P SPAN A"
          },
          {
            "id": "path/ordinal",
            "prob": 1,
            "value": "/HTML[1]/BODY[1]/DIV[1]/H4[1]/P[1]/SPAN[3]/A[1]"
          },
          {
            "id": "elderLevel",
            "value": {
              "level": 0
            }
          },
          {
            "id": "shield",
            "value": {
              "zIndex": "auto",
              "width": 44,
              "height": 14
            }
          }
        ]
      },
      "intendedRole": "button",
      "roles": "element,button,link",
      "monitored": false
    },
    "control19": {
      "location": {
        "data": {
          "tagName": "INPUT"
        },
        "locators": [
          {
            "id": "elem/@name",
            "prob": 2,
            "value": "descendant::INPUT[@name=\"yhglModel.mm\"]"
          },
          {
            "id": "@id/nonWord",
            "prob": 1,
            "disabled": true,
            "fact": "mm",
            "value": "descendant::INPUT[@id=\"mm\"]"
          },
          {
            "id": "@class/word",
            "prob": 1,
            "value": "DIV.base_info DIV.change_pswd LABEL.mmqd INPUT"
          },
          {
            "id": "path/ordinal",
            "prob": 1,
            "value": "/HTML[1]/BODY[1]/DIV[2]/DIV[1]/DIV[1]/LABEL[2]/INPUT[1]"
          },
          {
            "id": "input/type",
            "verifyEnabled": true,
            "value": "password"
          },
          {
            "id": "elderLevel",
            "value": {
              "level": 0
            }
          },
          {
            "id": "shield",
            "value": {
              "zIndex": "auto",
              "width": 182,
              "height": 28
            }
          }
        ]
      },
      "events": {
        "onGetData": "getData_control19"
      },
      "intendedRole": "custom",
      "roles": "element,passwordbox,textbox,custom",
      "monitored": false
    },
    "control20": {
      "location": {
        "data": {
          "tagName": "TABLE"
        },
        "locators": [
          {
            "id": "button/text",
            "prob": 3,
            "value": {
              "text": [
                "密码强度： 弱"
              ],
              "visText": [
                "密码强度： 弱"
              ]
            }
          },
          {
            "id": "text",
            "prob": 3,
            "value": {
              "text": [
                "密码强度： 弱"
              ],
              "visText": [
                "密码强度： 弱"
              ]
            }
          },
          {
            "id": "@class/word",
            "prob": 1,
            "value": "DIV.change_pswd LABEL.mmqd TABLE.resetCss"
          },
          {
            "id": "path/ordinal",
            "prob": 1,
            "value": "/HTML[1]/BODY[1]/DIV[2]/DIV[1]/DIV[1]/LABEL[2]/TABLE[1]"
          },
          {
            "id": "shield",
            "value": {
              "zIndex": "auto",
              "width": 245,
              "height": 37
            }
          }
        ]
      },
      "intendedRole": "fragment",
      "roles": "element,fragment",
      "monitored": true
    }
  },
  "contexts": {
    "context0": {
      "controls": [
        "control0",
        "control1",
        "control8",
        "control10",
        "control11",
        "control12",
        "control13",
        "control14",
        "control15",
        "control19",
        "control20"
      ],
      "anchors": []
    }
  },
  "flows": {
    "flow0": {
      "toContexts": [
        {
          "toContextId": "context0"
        }
      ]
    },
    "flow1": {
      "fromContextId": "context0",
      "fromAction": "click",
      "fromControlId": "control10",
      "toContexts": [
        {
          "toContextId": "context0"
        },
        {
          "toModelId": "grxx",
          "toContextId": "context0"
        },
        {
          "toModelId": "lxqd",
          "toContextId": "context0"
        },
        {
          "toModelId": "notice",
          "toContextId": "context0"
        },
        {
          "toModelId": "notice_content",
          "toContextId": "context0"
        },
        {
          "toModelId": "s_Leave_formalities",
          "toContextId": "context0"
        },
        {
          "toModelId": "s_personal",
          "toContextId": "context0"
        }
      ]
    }
  },
  "pages": {
    "page0": {
      "contextId": "context0",
      "layout": [
        {
          "id": "uiControl0",
          "display": {
            "class": "navbar navbar-primary",
            "title": "修改密码",
            "type": "header",
            "adapterId": "header",
            "adapter": {
              "templateType": ""
            }
          },
          "layout": []
        },
        {
          "id": "uiControl18",
          "controlId": "control10",
          "display": {
            "adapterId": "clickable",
            "type": "button",
            "text": "",
            "class": "back-up-level",
            "adapter": {
              "templateType": ""
            }
          }
        },
        {
          "id": "uiControl1",
          "display": {
            "type": "card",
            "adapterId": "card",
            "class": "top-welcome",
            "adapter": {
              "templateType": ""
            }
          },
          "layout": [
            {
              "id": "uiControl1body",
              "display": {
                "type": "cardBody",
                "adapterId": "cardBody",
                "adapter": {
                  "templateType": ""
                }
              },
              "layout": [
                {
                  "id": "uiControl2",
                  "controlId": "control0",
                  "display": {
                    "adapterId": "fragment",
                    "type": "fragment",
                    "class": "",
                    "adapter": {
                      "templateType": ""
                    }
                  }
                },
                {
                  "id": "uiControl72",
                  "controlId": "control12",
                  "display": {
                    "adapterId": "clickable",
                    "type": "button",
                    "adapter": {
                      "templateType": ""
                    }
                  }
                },
                {
                  "id": "uiControl61",
                  "controlId": "control15",
                  "display": {
                    "adapterId": "clickable",
                    "type": "button",
                    "adapter": {
                      "templateType": ""
                    }
                  }
                }
              ]
            }
          ]
        },
        {
          "id": "uiControl3",
          "display": {
            "type": "card",
            "adapterId": "card",
            "class": "q-ymm",
            "adapter": {
              "templateType": ""
            }
          },
          "layout": [
            {
              "id": "uiControl3body",
              "display": {
                "type": "cardBody",
                "adapterId": "cardBody",
                "adapter": {
                  "templateType": ""
                }
              },
              "layout": [
                {
                  "id": "uiControl4",
                  "controlId": "control1",
                  "display": {
                    "adapterId": "passwordbox",
                    "type": "passwordbox",
                    "label": "原密码：",
                    "adapter": {
                      "templateType": ""
                    }
                  }
                }
              ]
            }
          ]
        },
        {
          "id": "uiControl9",
          "display": {
            "type": "card",
            "adapterId": "card",
            "class": "newpwd-input",
            "adapter": {
              "templateType": ""
            }
          },
          "layout": [
            {
              "id": "uiControl9body",
              "display": {
                "type": "cardBody",
                "adapterId": "cardBody",
                "adapter": {
                  "templateType": ""
                }
              },
              "layout": [
                {
                  "id": "uiControl14",
                  "controlId": "control19",
                  "display": {
                    "adapterId": "custom",
                    "type": "custom",
                    "adapter": {
                      "templateType": "react",
                      "events": {
                        "onDoAction": "doAction_uiControl14",
                        "onGetTemplate": "getTemplate_uiControl14"
                      }
                    }
                  }
                }
              ]
            }
          ]
        },
        {
          "id": "uiControl10",
          "display": {
            "type": "card",
            "adapterId": "card",
            "class": "pwd-status",
            "adapter": {
              "templateType": ""
            }
          },
          "layout": [
            {
              "id": "uiControl10body",
              "display": {
                "type": "cardBody",
                "adapterId": "cardBody",
                "adapter": {
                  "templateType": ""
                }
              },
              "layout": [
                {
                  "id": "uiControl6",
                  "controlId": "control20",
                  "display": {
                    "adapterId": "fragment",
                    "type": "fragment",
                    "adapter": {
                      "templateType": ""
                    }
                  }
                }
              ]
            }
          ]
        },
        {
          "id": "uiControl13",
          "display": {
            "type": "card",
            "adapterId": "card",
            "class": "q-qrmm",
            "adapter": {
              "templateType": ""
            }
          },
          "layout": [
            {
              "id": "uiControl13body",
              "display": {
                "type": "cardBody",
                "adapterId": "cardBody",
                "adapter": {
                  "templateType": ""
                }
              },
              "layout": [
                {
                  "id": "uiControl15",
                  "controlId": "control8",
                  "display": {
                    "adapterId": "passwordbox",
                    "type": "passwordbox",
                    "label": "确认密码：",
                    "adapter": {
                      "templateType": ""
                    }
                  }
                }
              ]
            }
          ]
        },
        {
          "id": "uiControl5",
          "controlId": "control13",
          "display": {
            "adapterId": "fragment",
            "type": "fragment",
            "adapter": {
              "templateType": ""
            }
          }
        },
        {
          "id": "uiControl16",
          "display": {
            "type": "card",
            "adapterId": "card",
            "class": "submit-btn",
            "adapter": {
              "templateType": ""
            }
          },
          "layout": [
            {
              "id": "uiControl16body",
              "display": {
                "type": "cardBody",
                "adapterId": "cardBody",
                "adapter": {
                  "templateType": ""
                }
              },
              "layout": [
                {
                  "id": "uiControl8",
                  "controlId": "control14",
                  "display": {
                    "adapterId": "custom",
                    "type": "custom",
                    "adapter": {
                      "templateType": "react",
                      "events": {
                        "onDoAction": "doAction_uiControl8",
                        "onGetTemplate": "getTemplate_uiControl8"
                      }
                    }
                  }
                }
              ]
            }
          ]
        },
        {
          "id": "uiControl20",
          "display": {
            "type": "card",
            "adapterId": "card",
            "class": "bottom-info",
            "adapter": {
              "templateType": ""
            }
          },
          "layout": [
            {
              "id": "uiControl20body",
              "display": {
                "type": "cardBody",
                "adapterId": "cardBody",
                "adapter": {
                  "templateType": ""
                }
              },
              "layout": [
                {
                  "id": "uiControl19",
                  "controlId": "control11",
                  "display": {
                    "adapterId": "fragment",
                    "type": "fragment",
                    "adapter": {
                      "templateType": ""
                    }
                  }
                }
              ]
            }
          ]
        }
      ]
    }
  },
  "matchers": {
    "page/title": {
      "contexts": {
        "context0": [
          "正方软件-离校系统"
        ]
      }
    },
    "page/urls": {
      "contexts": {
        "context0": [
          "117.35.118.203/lxxt/lxgl/zzfw/zzbl/updatePassword.html"
        ]
      }
    },
    "page/ids": {
      "contexts": {
        "context0": [
          [
            "dl_but",
            "mm",
            "negBar",
            "passwdBar",
            "passwdRating",
            "posBar",
            "qd_but",
            "qrmm",
            "ymm",
            "zgh"
          ],
          [
            "alertDiv",
            "dl_but",
            "mm",
            "negBar",
            "passwdBar",
            "passwdRating",
            "posBar",
            "qd_but",
            "qrmm",
            "ymm",
            "zgh"
          ]
        ]
      }
    },
    "page/classes": {
      "contexts": {
        "context0": [
          [
            "ba",
            "change_p",
            "con",
            "e_info",
            "enter_index",
            "etC",
            "foot",
            "h_tit",
            "head",
            "logo",
            "mmqd",
            "next",
            "next_btn",
            "re",
            "wd"
          ]
        ]
      }
    },
    "page/tagTriplets": {
      "contexts": {
        "context0": [
          [
            "-/-/DIV",
            "-/-/INPUT-hidden",
            "-/DIV/DIV",
            "-/DIV/H2",
            "-/DIV/H4",
            "-/DIV/P",
            "DIV/A/IMG",
            "DIV/DIV/DIV",
            "DIV/DIV/LABEL",
            "DIV/DIV/P",
            "DIV/H4/DIV",
            "DIV/H4/P",
            "DIV/LABEL/INPUT-password",
            "DIV/LABEL/SPAN",
            "DIV/LABEL/TABLE",
            "DIV/P/A",
            "DIV/P/BUTTON",
            "H4/DIV/A",
            "H4/DIV/IMG",
            "H4/P/SPAN",
            "LABEL/TABLE/TBODY",
            "P/SPAN/A",
            "TABLE/TBODY/TR",
            "TBODY/TR/TD",
            "TD/TABLE/TBODY",
            "TR/TD/FONT",
            "TR/TD/TABLE"
          ],
          [
            "-/-/DIV",
            "-/-/INPUT-hidden",
            "-/DIV/DIV",
            "-/DIV/H2",
            "-/DIV/H4",
            "-/DIV/P",
            "DIV/A/IMG",
            "DIV/DIV/DIV",
            "DIV/DIV/LABEL",
            "DIV/DIV/P",
            "DIV/H4/DIV",
            "DIV/H4/P",
            "DIV/LABEL/INPUT-password",
            "DIV/LABEL/SPAN",
            "DIV/LABEL/TABLE",
            "DIV/P/A",
            "DIV/P/BUTTON",
            "H4/DIV/A",
            "H4/DIV/IMG",
            "H4/P/SPAN",
            "LABEL/TABLE/TBODY",
            "P/SPAN/A",
            "TABLE/TBODY/TR",
            "TBODY/TR/TD",
            "TD/FONT/FONT",
            "TD/TABLE/TBODY",
            "TR/TD/FONT",
            "TR/TD/TABLE"
          ]
        ]
      }
    }
  }
}