{
  "version": "0.1",
  "id": "t_index",
  "targetURL": "http://117.35.118.209/js_main.aspx?xh=150159",
  "jsFile": "../../lib/base.js,../../lib/customTemplate.js,index.js",
  "cssFile": "../../lib/base.css",
  "requires": {
    "t_trainplan": "../t_trainplan/index.json",
    "jxrw": "../jxrw/index.json",
    "bjkb": "../bjkb/index.json",
    "jkcx": "../jkcx/index.json",
    "jskb": "../jskb/index.json",
    "Query_according_to_time_schedule": "../Query_according_to_time_schedule/index.json",
    "t_adjust_exchange": "../t_adjust_exchange/index.json",
    "EmptyClassroomQuery": "../EmptyClassroomQuery/index.json",
    "t_evaluate_query": "../t_evaluate_query/index.json",
    "indexContent": "../indexContent/index.json",
    "xxcx_xkqk": "../xxcx_xkqk/index.json",
    "t_evaluate_eachOther": "../t_evaluate_eachOther/index.json",
    "ksap": "../ksap/index.json",
    "t_index": "index.json",
    "t_pjxb": "../t_pjxb/index.json"
  },
  "chineseName": "教师-首页",
  "description": "",
  "controls": {
    "control0": {
      "location": {
        "data": {
          "tagName": "TBODY"
        },
        "userData": {
          "data": [],
          "force": false
        },
        "locators": [
          {
            "id": "text",
            "prob": 3,
            "value": {
              "text": [
                "公告标题发布单位发布时间有效期限 欢迎使用西安培华学院教务管理系统教务处2015-12-22 15:12:152018-12-31"
              ],
              "visText": [
                "公告标题 发布单位 发布时间 有效期限 欢迎使用西安培华学院教务管理系统 教务处 2015-12-22 15:12:15 2018-12-31"
              ]
            }
          },
          {
            "id": "@class/word",
            "prob": 1,
            "value": "DIV.movebox DIV.movebox_con TABLE.datelist TBODY"
          },
          {
            "id": "path/ordinal",
            "prob": 1,
            "value": "/HTML[1]/BODY[1]/FORM[1]/DIV[1]/DIV[1]/SPAN[1]/DIV[1]/TABLE[1]/TBODY[1]/TR[1]/TD[1]/DIV[1]/DIV[1]/TABLE[1]/TBODY[1]"
          },
          {
            "id": "style/color",
            "value": [
              17,
              68,
              158
            ]
          },
          {
            "id": "shield",
            "value": {
              "zIndex": "auto",
              "width": 933,
              "height": 50
            }
          }
        ]
      },
      "events": {
        "onGetData": "getData_control0"
      },
      "intendedRole": "custom",
      "roles": "element,link,custom",
      "monitored": false,
      "frameXPath": "//iframe[@name='zhuti'][@id='frame_content']<<IFRAME>>"
    },
    "control1": {
      "location": {
        "data": {
          "tagName": "LI"
        },
        "userData": {
          "data": [],
          "force": false
        },
        "locators": [
          {
            "id": "text",
            "prob": 3,
            "value": {
              "text": [
                "信息查询教学任务班级课表查询教师个人课表查询选课情况考试安排培养计划空教室查询按时间查询课表监考信息查询"
              ],
              "visText": [
                "信息查询 教学任务 班级课表查询 教师个人课表查询 选课情况 考试安排 培养计划 空教室查询 按时间查询课表 监考信息查询"
              ]
            }
          },
          {
            "id": "@id/word",
            "prob": 2,
            "value": [
              "descendant::DIV[@id=\"bodyDiv\"]//DIV[@id=\"headDiv\"]/UL[1]/LI[3]",
              "descendant::DIV[@id=\"headDiv\"]/UL[1]/LI[3]"
            ]
          },
          {
            "id": "@class/word",
            "prob": 1,
            "ordinal": [
              2,
              7
            ],
            "value": "BODY.mainbody UL.nav LI.top"
          },
          {
            "id": "path/ordinal",
            "prob": 1,
            "value": "/HTML[1]/BODY[1]/DIV[1]/DIV[1]/UL[1]/LI[3]"
          },
          {
            "id": "style/color",
            "value": [
              17,
              68,
              158
            ]
          },
          {
            "id": "shield",
            "value": {
              "zIndex": "auto",
              "width": 93,
              "height": 25
            }
          }
        ]
      },
      "events": {
        "onGetData": "getData_control1"
      },
      "intendedRole": "custom",
      "roles": "element,custom",
      "monitored": false
    },
    "control2": {
      "location": {
        "data": {
          "tagName": "LI"
        },
        "userData": {
          "data": [],
          "force": false
        },
        "locators": [
          {
            "id": "button/text",
            "prob": 3,
            "value": {
              "text": [
                "信息维护个人简历密码修改教师临时调课申请"
              ],
              "visText": [
                "信息维护个人简历密码修改教师临时调课申请"
              ]
            }
          },
          {
            "id": "text",
            "prob": 3,
            "value": {
              "text": [
                "信息维护个人简历密码修改教师临时调课申请"
              ],
              "visText": [
                "信息维护 个人简历 密码修改 教师临时调课申请"
              ]
            }
          },
          {
            "id": "@id/word",
            "prob": 2,
            "value": [
              "descendant::DIV[@id=\"bodyDiv\"]//DIV[@id=\"headDiv\"]/UL[1]/LI[4]",
              "descendant::DIV[@id=\"headDiv\"]/UL[1]/LI[4]"
            ]
          },
          {
            "id": "@class/word",
            "prob": 1,
            "ordinal": [
              3,
              7
            ],
            "value": "BODY.mainbody UL.nav LI.top"
          },
          {
            "id": "path/ordinal",
            "prob": 1,
            "value": "/HTML[1]/BODY[1]/DIV[1]/DIV[1]/UL[1]/LI[4]"
          },
          {
            "id": "style/color",
            "value": [
              17,
              68,
              158
            ]
          },
          {
            "id": "shield",
            "value": {
              "zIndex": "auto",
              "width": 93,
              "height": 25
            }
          }
        ]
      },
      "events": {
        "onGetData": "getData_control2"
      },
      "intendedRole": "custom",
      "roles": "element,custom",
      "monitored": false
    },
    "control3": {
      "location": {
        "data": {
          "tagName": "LI"
        },
        "userData": {
          "data": [],
          "force": false
        },
        "locators": [
          {
            "id": "button/text",
            "prob": 3,
            "value": {
              "text": [
                "教学质量评价教师评教查询教师同行评教教师评教学班"
              ],
              "visText": [
                "教学质量评价教师评教查询教师同行评教教师评教学班"
              ]
            }
          },
          {
            "id": "text",
            "prob": 3,
            "value": {
              "text": [
                "教学质量评价教师评教查询教师同行评教教师评教学班"
              ],
              "visText": [
                "教学质量评价 教师评教查询 教师同行评教 教师评教学班"
              ]
            }
          },
          {
            "id": "@id/word",
            "prob": 2,
            "value": [
              "descendant::DIV[@id=\"bodyDiv\"]//DIV[@id=\"headDiv\"]/UL[1]/LI[5]",
              "descendant::DIV[@id=\"headDiv\"]/UL[1]/LI[5]"
            ]
          },
          {
            "id": "@class/word",
            "prob": 1,
            "ordinal": [
              4,
              7
            ],
            "value": "BODY.mainbody UL.nav LI.top"
          },
          {
            "id": "path/ordinal",
            "prob": 1,
            "value": "/HTML[1]/BODY[1]/DIV[1]/DIV[1]/UL[1]/LI[5]"
          },
          {
            "id": "style/color",
            "value": [
              17,
              68,
              158
            ]
          },
          {
            "id": "shield",
            "value": {
              "zIndex": "auto",
              "width": 119,
              "height": 25
            }
          }
        ]
      },
      "events": {
        "onGetData": "getData_control3"
      },
      "intendedRole": "custom",
      "roles": "element,custom",
      "monitored": false
    },
    "control4": {
      "location": {
        "data": {
          "tagName": "BODY"
        },
        "userData": {
          "data": [],
          "force": false
        },
        "locators": [
          {
            "id": "@class/word",
            "prob": 1,
            "value": "HTML.main_html BODY.mainbody"
          },
          {
            "id": "path/ordinal",
            "prob": 1,
            "ordinal": [
              0,
              2
            ],
            "value": "/HTML[1]/BODY[1]"
          },
          {
            "id": "style/color",
            "value": [
              17,
              68,
              158
            ]
          },
          {
            "id": "shield",
            "value": {
              "zIndex": "auto",
              "width": 1025,
              "height": 687
            }
          }
        ]
      },
      "events": {
        "onGetData": "getData_control4"
      },
      "intendedRole": "custom",
      "roles": "element,custom",
      "monitored": false
    },
    "control5": {
      "location": {
        "data": {
          "tagName": "EM"
        },
        "userData": {
          "data": [],
          "force": false
        },
        "locators": [
          {
            "id": "button/text",
            "prob": 3,
            "value": {
              "text": [
                "当前位置 -- 培养计划"
              ],
              "visText": [
                "当前位置 -- 培养计划"
              ]
            }
          },
          {
            "id": "text",
            "prob": 3,
            "value": {
              "text": [
                "当前位置 -- 培养计划"
              ],
              "visText": [
                "当前位置 -- 培养计划"
              ]
            }
          },
          {
            "id": "@id/word",
            "prob": 2,
            "value": [
              "descendant::DIV[@id=\"bodyDiv\"]//DIV[@id=\"headDiv\"]/DIV[2]/P[1]/EM[1]",
              "descendant::DIV[@id=\"bodyDiv\"]//DIV[@id=\"headDiv\"]//EM",
              "descendant::DIV[@id=\"headDiv\"]//EM"
            ]
          },
          {
            "id": "@class/word",
            "prob": 1,
            "value": "BODY.mainbody DIV.tab P.location EM"
          },
          {
            "id": "path/ordinal",
            "prob": 1,
            "value": "/HTML[1]/BODY[1]/DIV[1]/DIV[1]/DIV[2]/P[1]/EM[1]"
          },
          {
            "id": "style/color",
            "value": [
              17,
              68,
              158
            ]
          },
          {
            "id": "shield",
            "value": {
              "zIndex": "auto",
              "width": 130,
              "height": 15
            }
          }
        ]
      },
      "roles": "element",
      "text": "<i>当前位置 --\n\t\t\t\t\t\t\t培养计划\n\t\t\t\t\t\t</i>"
    },
    "control6": {
      "location": {
        "data": {
          "tagName": "H2"
        },
        "userData": {
          "data": [],
          "force": false
        },
        "locators": [
          {
            "id": "button/text",
            "prob": 3,
            "value": {
              "text": [
                "相关新闻"
              ],
              "visText": [
                "相关新闻"
              ]
            }
          },
          {
            "id": "text",
            "prob": 3,
            "value": {
              "text": [
                "相关新闻"
              ],
              "visText": [
                "相关新闻"
              ]
            }
          },
          {
            "id": "@id/partialWord",
            "prob": 1,
            "disabled": true,
            "value": {
              "elemId": "DataList1",
              "tagName": "TABLE",
              "prefix": "",
              "suffix": "/TBODY[1]/TR[1]/TD[1]/DIV[1]/H2[1]",
              "ratio": 0.35
            }
          },
          {
            "id": "@class/word",
            "prob": 1,
            "ordinal": [
              0,
              2
            ],
            "value": "SPAN.formbox DIV.portallet DIV.movebox H2"
          },
          {
            "id": "path/ordinal",
            "prob": 1,
            "value": "/HTML[1]/BODY[1]/FORM[1]/DIV[1]/DIV[1]/SPAN[1]/DIV[1]/TABLE[1]/TBODY[1]/TR[1]/TD[1]/DIV[1]/H2[1]"
          },
          {
            "id": "style/color",
            "value": [
              17,
              68,
              158
            ]
          },
          {
            "id": "shield",
            "value": {
              "zIndex": "auto",
              "width": 1082,
              "height": 20
            }
          }
        ]
      },
      "roles": "element",
      "text": "\n\t\t\t\t\t\t\t\t\t\t\t\n\t\t\t\t\t\t\t\t\t\t\t\t<i>\n\t\t\t\t\t\t\t\t\t\t\t\t\t相关新闻\n\t\t\t\t\t\t\t\t\t\t\t\t</i>\n\t\t\t\t\t\t\t\t\t\t\t\n\t\t\t\t\t\t\t\t\t\t",
      "frameXPath": "//iframe[@name='zhuti'][@id='frame_content']<<IFRAME>>"
    }
  },
  "contexts": {
    "context0": {
      "controls": [
        "control0",
        "control1",
        "control2",
        "control3",
        "control4"
      ],
      "anchors": [],
      "urlAnchor": []
    }
  },
  "flows": {
    "flow0": {
      "toContexts": [
        {
          "toContextId": "context0"
        }
      ]
    },
    "flow1": {
      "fromContextId": "context0",
      "fromAction": "click",
      "fromControlId": "control1",
      "toContexts": [
        {
          "toModelId": "t_trainplan",
          "toContextId": "context0"
        },
        {
          "toModelId": "Query_according_to_time_schedule",
          "toContextId": "context0"
        },
        {
          "toModelId": "jxrw",
          "toContextId": "context0"
        },
        {
          "toModelId": "bjkb",
          "toContextId": "context0"
        },
        {
          "toModelId": "jkcx",
          "toContextId": "context0"
        },
        {
          "toModelId": "jskb",
          "toContextId": "context0"
        },
        {
          "toModelId": "ksap",
          "toContextId": "context1"
        },
        {
          "toContextId": "context0"
        }
      ]
    },
    "flow2": {
      "fromContextId": "context0",
      "fromAction": "click",
      "fromControlId": "control2",
      "toContexts": [
        {
          "toContextId": "context0"
        },
        {
          "toModelId": "t_adjust_exchange",
          "toContextId": "context0"
        }
      ]
    },
    "flow4": {
      "fromContextId": "context0",
      "fromAction": "click",
      "fromControlId": "control1",
      "toContexts": [
        {
          "toContextId": "context1",
          "toModelId": "EmptyClassroomQuery"
        }
      ]
    },
    "flow5": {
      "fromContextId": "context0",
      "fromAction": "click",
      "fromControlId": "control3",
      "toContexts": [
        {
          "toContextId": "context1",
          "toModelId": "t_evaluate_query"
        }
      ]
    },
    "flow6": {
      "fromContextId": "context0",
      "fromAction": "click",
      "fromControlId": "control0",
      "toContexts": [
        {
          "toContextId": "context0"
        },
        {
          "toContextId": "context1",
          "toModelId": "indexContent"
        }
      ]
    },
    "flow7": {
      "fromContextId": "context0",
      "fromAction": "click",
      "fromControlId": "control1",
      "toContexts": [
        {
          "toContextId": "context1",
          "toModelId": "xxcx_xkqk"
        }
      ]
    },
    "flow8": {
      "fromContextId": "context0",
      "fromAction": "click",
      "fromControlId": "control3",
      "toContexts": [
        {
          "toContextId": "context1",
          "toModelId": "t_evaluate_eachOther"
        },
        {
          "toContextId": "context1",
          "toModelId": "t_pjxb"
        }
      ]
    },
    "flow9": {
      "fromContextId": "context0",
      "fromAction": "click",
      "fromControlId": "control3",
      "toContexts": [
        {
          "toContextId": "context0",
          "toModelId": "t_index"
        }
      ]
    }
  },
  "pages": {
    "page0": {
      "contextId": "context0",
      "layout": [
        {
          "id": "uiControl0",
          "display": {
            "class": "header",
            "title": "教务管理系统",
            "type": "header",
            "adapterId": "header",
            "adapter": {
              "templateType": ""
            }
          },
          "layout": []
        },
        {
          "id": "uiControl9",
          "controlId": "control4",
          "display": {
            "adapterId": "custom",
            "type": "custom",
            "isBackButton": "true",
            "adapter": {
              "templateType": "react",
              "events": {
                "onDoAction": "doAction_uiControl9",
                "onGetTemplate": "getTemplate_uiControl9"
              }
            }
          }
        },
        {
          "id": "uiControl1",
          "display": {
            "text": "相关新闻",
            "type": "content",
            "adapterId": "staticContent",
            "class": "title-index",
            "adapter": {
              "templateType": ""
            }
          }
        },
        {
          "id": "uiControl2",
          "controlId": "control0",
          "display": {
            "adapterId": "custom",
            "type": "custom",
            "adapter": {
              "templateType": "react",
              "events": {
                "onDoAction": "doAction_uiControl2",
                "onGetTemplate": "getTemplate_uiControl2"
              }
            }
          }
        },
        {
          "id": "uiControl3",
          "display": {
            "type": "accordion",
            "adapterId": "accordion",
            "adapter": {
              "templateType": ""
            }
          },
          "layout": [
            {
              "id": "uiControl3item",
              "display": {
                "title": "信息查询",
                "type": "accordionItem",
                "adapterId": "accordionItem",
                "adapter": {
                  "templateType": ""
                }
              },
              "layout": [
                {
                  "id": "uiControl4",
                  "controlId": "control1",
                  "display": {
                    "adapterId": "custom",
                    "type": "custom",
                    "adapter": {
                      "templateType": "react",
                      "events": {
                        "onDoAction": "doAction_uiControl4",
                        "onGetTemplate": "getTemplate_uiControl4"
                      }
                    }
                  }
                }
              ]
            }
          ]
        },
        {
          "id": "uiControl5",
          "display": {
            "type": "accordion",
            "adapterId": "accordion",
            "adapter": {
              "templateType": ""
            }
          },
          "layout": [
            {
              "id": "uiControl5item",
              "display": {
                "title": "信息维护",
                "type": "accordionItem",
                "adapterId": "accordionItem",
                "adapter": {
                  "templateType": ""
                }
              },
              "layout": [
                {
                  "id": "uiControl6",
                  "controlId": "control2",
                  "display": {
                    "adapterId": "custom",
                    "type": "custom",
                    "adapter": {
                      "templateType": "react",
                      "events": {
                        "onDoAction": "doAction_uiControl6",
                        "onGetTemplate": "getTemplate_uiControl6"
                      }
                    }
                  }
                }
              ]
            }
          ]
        },
        {
          "id": "uiControl7",
          "display": {
            "type": "accordion",
            "adapterId": "accordion",
            "adapter": {
              "templateType": ""
            }
          },
          "layout": [
            {
              "id": "uiControl7item",
              "display": {
                "title": "教学质量评价",
                "type": "accordionItem",
                "adapterId": "accordionItem",
                "adapter": {
                  "templateType": ""
                }
              },
              "layout": [
                {
                  "id": "uiControl8",
                  "controlId": "control3",
                  "display": {
                    "adapterId": "custom",
                    "type": "custom",
                    "adapter": {
                      "templateType": "react",
                      "events": {
                        "onDoAction": "doAction_uiControl8",
                        "onGetTemplate": "getTemplate_uiControl8"
                      }
                    }
                  }
                }
              ]
            }
          ]
        }
      ]
    }
  },
  "matchers": {
    "page/title": {
      "contexts": {
        "context0": [
          "正方教务管理系统"
        ]
      }
    },
    "page/urls": {
      "contexts": {
        "context0": [
          "117.35.118.209/js_main.aspx?xh=150159",
          "117.35.118.209/js_main.aspx?xh=150528",
          "117.35.118.209/js_main.aspx?xh=150229"
        ]
      }
    },
    "page/ids": {
      "contexts": {
        "context0": [
          [
            "Form",
            "Label",
            "bodyDiv",
            "dqwz",
            "footerDiv",
            "frame_content",
            "headDiv",
            "leftDiv",
            "likTc",
            "lj",
            "mainDiv",
            "rightDiv",
            "txtTimeStamp",
            "xhxm"
          ]
        ]
      }
    },
    "page/classes": {
      "contexts": {
        "context0": [
          [
            "down",
            "footer",
            "head",
            "info",
            "location",
            "logo",
            "nav",
            "rightcontiframe",
            "tab",
            "top",
            "top_link",
            "ub"
          ]
        ]
      }
    },
    "page/tagTriplets": {
      "contexts": {
        "context0": [
          [
            "-/-/DIV",
            "-/DIV/DIV",
            "DIV/DIV/DIV",
            "DIV/DIV/FORM",
            "DIV/DIV/H2",
            "DIV/DIV/H3",
            "DIV/DIV/IFRAME",
            "DIV/DIV/INPUT-text",
            "DIV/DIV/P",
            "DIV/DIV/SCRIPT",
            "DIV/DIV/SPAN",
            "DIV/DIV/UL",
            "DIV/FORM/DIV",
            "DIV/FORM/INPUT-hidden",
            "DIV/FORM/SCRIPT",
            "DIV/H2/IMG",
            "DIV/H3/IMG",
            "DIV/P/EM",
            "DIV/SPAN/A",
            "DIV/SPAN/SPAN",
            "DIV/UL/LI",
            "FORM/DIV/UL",
            "LI/A/SPAN",
            "LI/EM/SPAN",
            "LI/UL/LI",
            "P/EM/SPAN",
            "UL/LI/A",
            "UL/LI/EM",
            "UL/LI/SPAN",
            "UL/LI/UL"
          ],
          [
            "-/-/DIV",
            "-/-/SCRIPT",
            "-/DIV/DIV",
            "DIV/DIV/DIV",
            "DIV/DIV/FORM",
            "DIV/DIV/H2",
            "DIV/DIV/H3",
            "DIV/DIV/IFRAME",
            "DIV/DIV/INPUT-text",
            "DIV/DIV/P",
            "DIV/DIV/SCRIPT",
            "DIV/DIV/SPAN",
            "DIV/DIV/UL",
            "DIV/FORM/DIV",
            "DIV/FORM/INPUT-hidden",
            "DIV/FORM/SCRIPT",
            "DIV/H2/IMG",
            "DIV/H3/IMG",
            "DIV/P/EM",
            "DIV/SPAN/A",
            "DIV/SPAN/SPAN",
            "DIV/UL/LI",
            "FORM/DIV/UL",
            "LI/A/SPAN",
            "LI/EM/SPAN",
            "LI/UL/LI",
            "P/EM/SPAN",
            "UL/LI/A",
            "UL/LI/EM",
            "UL/LI/SPAN",
            "UL/LI/UL"
          ]
        ]
      }
    }
  }
}