{
  "version": "0.1",
  "id": "jxrw",
  "targetURL": "http://117.35.118.209/js_jxrw.aspx?zgh=150159&xm=%BC%D6%D0%C5%D2%E5&gnmkdm=N122301",
  "jsFile": "../../lib/base.js,../../lib/customTemplate.js,index.js",
  "cssFile": "../../lib/base.css,index.css",
  "requires": {
    "t_index": "../t_index/index.json"
  },
  "chineseName": "教学任务",
  "description": "",
  "controls": {
    "control0": {
      "location": {
        "data": {
          "tagName": "SELECT"
        },
        "locators": [
          {
            "id": "button/text",
            "prob": 3,
            "value": {
              "text": [
                "2016-2017 2015-2016"
              ],
              "visText": [
                ""
              ]
            }
          },
          {
            "id": "text",
            "prob": 3,
            "value": {
              "text": [
                "2016-2017 2015-2016"
              ],
              "visText": [
                ""
              ]
            }
          },
          {
            "id": "elem/@name",
            "prob": 2,
            "value": "descendant::SELECT[@name=\"ddlXN\"]"
          },
          {
            "id": "@id/word",
            "prob": 3,
            "value": "descendant::SELECT[@id=\"ddlXN\"]"
          },
          {
            "id": "@id/partialWord",
            "prob": 1,
            "disabled": true,
            "value": {
              "elemId": "Form1",
              "tagName": "FORM",
              "prefix": "",
              "suffix": "/DIV[1]/DIV[2]/P[1]",
              "ratio": 0.892
            }
          },
          {
            "id": "@class/word",
            "prob": 1,
            "ordinal": [
              0,
              7
            ],
            "value": "DIV.toolbox DIV.searchbox P.search_con SELECT"
          },
          {
            "id": "path/ordinal",
            "prob": 1,
            "value": "/HTML[1]/BODY[1]/FORM[1]/DIV[1]/DIV[2]/P[1]/SELECT[1]"
          },
          {
            "id": "input/type",
            "verifyEnabled": true,
            "value": "select-one"
          },
          {
            "id": "shield",
            "value": {
              "zIndex": "auto",
              "width": 93,
              "height": 19
            }
          }
        ]
      },
      "intendedRole": "listbox",
      "roles": "element,listbox",
      "monitored": true
    },
    "control1": {
      "location": {
        "data": {
          "tagName": "SELECT"
        },
        "locators": [
          {
            "id": "button/text",
            "prob": 3,
            "value": {
              "text": [
                "1 2"
              ],
              "visText": [
                ""
              ]
            }
          },
          {
            "id": "text",
            "prob": 3,
            "value": {
              "text": [
                "1 2"
              ],
              "visText": [
                ""
              ]
            }
          },
          {
            "id": "elem/@name",
            "prob": 2,
            "value": "descendant::SELECT[@name=\"ddlXQ\"]"
          },
          {
            "id": "@id/word",
            "prob": 3,
            "value": "descendant::SELECT[@id=\"ddlXQ\"]"
          },
          {
            "id": "@id/partialWord",
            "prob": 1,
            "disabled": true,
            "value": {
              "elemId": "Form1",
              "tagName": "FORM",
              "prefix": "",
              "suffix": "/DIV[1]/DIV[2]/P[1]",
              "ratio": 0.892
            }
          },
          {
            "id": "@class/word",
            "prob": 1,
            "ordinal": [
              1,
              7
            ],
            "value": "DIV.toolbox DIV.searchbox P.search_con SELECT"
          },
          {
            "id": "path/ordinal",
            "prob": 1,
            "value": "/HTML[1]/BODY[1]/FORM[1]/DIV[1]/DIV[2]/P[1]/SELECT[2]"
          },
          {
            "id": "input/type",
            "verifyEnabled": true,
            "value": "select-one"
          },
          {
            "id": "shield",
            "value": {
              "zIndex": "auto",
              "width": 32,
              "height": 19
            }
          }
        ]
      },
      "intendedRole": "listbox",
      "roles": "element,listbox",
      "monitored": true
    },
    "control2": {
      "location": {
        "data": {
          "tagName": "SELECT"
        },
        "locators": [
          {
            "id": "elem/@name",
            "prob": 2,
            "value": "descendant::SELECT[@name=\"ddlXY\"]"
          },
          {
            "id": "@id/word",
            "prob": 3,
            "value": "descendant::SELECT[@id=\"ddlXY\"]"
          },
          {
            "id": "@id/partialWord",
            "prob": 1,
            "disabled": true,
            "value": {
              "elemId": "div1",
              "tagName": "DIV",
              "prefix": "",
              "suffix": "/DIV[1]/P[1]",
              "ratio": 0.544
            }
          },
          {
            "id": "@class/word",
            "prob": 1,
            "ordinal": [
              2,
              7
            ],
            "value": "DIV.toolbox DIV.searchbox P.search_con SELECT"
          },
          {
            "id": "path/ordinal",
            "prob": 1,
            "value": "/HTML[1]/BODY[1]/FORM[1]/DIV[1]/DIV[3]/DIV[1]/P[1]/SELECT[1]"
          },
          {
            "id": "input/type",
            "verifyEnabled": true,
            "value": "select-one"
          },
          {
            "id": "shield",
            "value": {
              "zIndex": "auto",
              "width": 180,
              "height": 19
            }
          }
        ]
      },
      "intendedRole": "listbox",
      "roles": "element,listbox",
      "monitored": true
    },
    "control3": {
      "location": {
        "data": {
          "tagName": "SELECT"
        },
        "locators": [
          {
            "id": "elem/@name",
            "prob": 2,
            "value": "descendant::SELECT[@name=\"ddlZY\"]"
          },
          {
            "id": "@id/word",
            "prob": 3,
            "value": "descendant::SELECT[@id=\"ddlZY\"]"
          },
          {
            "id": "@id/partialWord",
            "prob": 1,
            "disabled": true,
            "value": {
              "elemId": "div1",
              "tagName": "DIV",
              "prefix": "",
              "suffix": "/DIV[1]/P[1]",
              "ratio": 0.544
            }
          },
          {
            "id": "@class/word",
            "prob": 1,
            "ordinal": [
              3,
              7
            ],
            "value": "DIV.toolbox DIV.searchbox P.search_con SELECT"
          },
          {
            "id": "path/ordinal",
            "prob": 1,
            "value": "/HTML[1]/BODY[1]/FORM[1]/DIV[1]/DIV[3]/DIV[1]/P[1]/SELECT[2]"
          },
          {
            "id": "input/type",
            "verifyEnabled": true,
            "value": "select-one"
          },
          {
            "id": "shield",
            "value": {
              "zIndex": "auto",
              "width": 24,
              "height": 19
            }
          }
        ]
      },
      "intendedRole": "listbox",
      "roles": "element,listbox",
      "monitored": true
    },
    "control4": {
      "location": {
        "data": {
          "tagName": "SELECT"
        },
        "locators": [
          {
            "id": "elem/@name",
            "prob": 2,
            "value": "descendant::SELECT[@name=\"ddlBJ\"]"
          },
          {
            "id": "@id/word",
            "prob": 3,
            "value": "descendant::SELECT[@id=\"ddlBJ\"]"
          },
          {
            "id": "@id/partialWord",
            "prob": 1,
            "disabled": true,
            "value": {
              "elemId": "div1",
              "tagName": "DIV",
              "prefix": "",
              "suffix": "/DIV[1]/P[1]",
              "ratio": 0.544
            }
          },
          {
            "id": "@class/word",
            "prob": 1,
            "ordinal": [
              4,
              7
            ],
            "value": "DIV.toolbox DIV.searchbox P.search_con SELECT"
          },
          {
            "id": "path/ordinal",
            "prob": 1,
            "value": "/HTML[1]/BODY[1]/FORM[1]/DIV[1]/DIV[3]/DIV[1]/P[1]/SELECT[3]"
          },
          {
            "id": "input/type",
            "verifyEnabled": true,
            "value": "select-one"
          },
          {
            "id": "shield",
            "value": {
              "zIndex": "auto",
              "width": 24,
              "height": 19
            }
          }
        ]
      },
      "intendedRole": "listbox",
      "roles": "element,listbox",
      "monitored": true
    },
    "control7": {
      "location": {
        "data": {
          "tagName": "SELECT"
        },
        "locators": [
          {
            "id": "elem/@name",
            "prob": 2,
            "value": "descendant::SELECT[@name=\"ddlKC\"]"
          },
          {
            "id": "@id/word",
            "prob": 3,
            "value": "descendant::SELECT[@id=\"ddlKC\"]"
          },
          {
            "id": "@id/partialWord",
            "prob": 1,
            "disabled": true,
            "value": {
              "elemId": "div1",
              "tagName": "DIV",
              "prefix": "",
              "suffix": "/DIV[2]/P[1]",
              "ratio": 0.544
            }
          },
          {
            "id": "@class/word",
            "prob": 1,
            "ordinal": [
              5,
              7
            ],
            "value": "DIV.toolbox DIV.searchbox P.search_con SELECT"
          },
          {
            "id": "path/ordinal",
            "prob": 1,
            "value": "/HTML[1]/BODY[1]/FORM[1]/DIV[1]/DIV[3]/DIV[2]/P[1]/SELECT[1]"
          },
          {
            "id": "input/type",
            "verifyEnabled": true,
            "value": "select-one"
          },
          {
            "id": "shield",
            "value": {
              "zIndex": "auto",
              "width": 24,
              "height": 19
            }
          }
        ]
      },
      "intendedRole": "listbox",
      "roles": "element,listbox",
      "monitored": true
    },
    "control9": {
      "location": {
        "data": {
          "tagName": "SELECT"
        },
        "locators": [
          {
            "id": "elem/@name",
            "prob": 2,
            "value": "descendant::SELECT[@name=\"ddlJS\"]"
          },
          {
            "id": "@id/word",
            "prob": 3,
            "value": "descendant::SELECT[@id=\"ddlJS\"]"
          },
          {
            "id": "@id/partialWord",
            "prob": 1,
            "disabled": true,
            "value": {
              "elemId": "div1",
              "tagName": "DIV",
              "prefix": "",
              "suffix": "/DIV[2]/P[1]",
              "ratio": 0.544
            }
          },
          {
            "id": "@class/word",
            "prob": 1,
            "ordinal": [
              6,
              7
            ],
            "value": "DIV.toolbox DIV.searchbox P.search_con SELECT"
          },
          {
            "id": "path/ordinal",
            "prob": 1,
            "value": "/HTML[1]/BODY[1]/FORM[1]/DIV[1]/DIV[3]/DIV[2]/P[1]/SELECT[2]"
          },
          {
            "id": "input/type",
            "verifyEnabled": true,
            "value": "select-one"
          },
          {
            "id": "shield",
            "value": {
              "zIndex": "auto",
              "width": 24,
              "height": 19
            }
          }
        ]
      },
      "intendedRole": "listbox",
      "roles": "element,listbox",
      "monitored": true
    },
    "control11": {
      "location": {
        "data": {
          "tagName": "P"
        },
        "locators": [
          {
            "id": "button/text",
            "prob": 3,
            "value": {
              "text": [
                "根据教师姓名查询教学任务："
              ],
              "visText": [
                "根据教师姓名查询教学任务："
              ]
            }
          },
          {
            "id": "text",
            "prob": 3,
            "value": {
              "text": [
                "根据教师姓名查询教学任务："
              ],
              "visText": [
                "根据教师姓名查询教学任务："
              ]
            }
          },
          {
            "id": "@id/partialWord",
            "prob": 1,
            "disabled": true,
            "value": {
              "elemId": "div1",
              "tagName": "DIV",
              "prefix": "",
              "suffix": "/DIV[2]/DIV[1]",
              "ratio": 0.544
            }
          },
          {
            "id": "@class/word",
            "prob": 1,
            "value": "DIV.searchbox DIV.searchbox P.search_con"
          },
          {
            "id": "path/ordinal",
            "prob": 1,
            "value": "/HTML[1]/BODY[1]/FORM[1]/DIV[1]/DIV[3]/DIV[2]/DIV[1]/P[1]"
          },
          {
            "id": "style/color",
            "value": [
              17,
              68,
              158
            ]
          },
          {
            "id": "shield",
            "value": {
              "zIndex": "auto",
              "width": 411.40625,
              "height": 24
            }
          }
        ]
      },
      "roles": "element",
      "content": true,
      "monitored": false
    },
    "control12": {
      "location": {
        "data": {
          "tagName": "INPUT"
        },
        "locators": [
          {
            "id": "elem/@name",
            "prob": 1,
            "value": "descendant::INPUT[@name=\"TextBox1\"]"
          },
          {
            "id": "@id/partialWord",
            "prob": 1,
            "disabled": true,
            "value": {
              "elemId": "div1",
              "tagName": "DIV",
              "prefix": "",
              "suffix": "/DIV[2]/DIV[1]/P[1]",
              "ratio": 0.544
            }
          },
          {
            "id": "@class/word",
            "prob": 1,
            "value": "DIV.searchbox P.search_con INPUT.text_nor"
          },
          {
            "id": "path/ordinal",
            "prob": 1,
            "value": "/HTML[1]/BODY[1]/FORM[1]/DIV[1]/DIV[3]/DIV[2]/DIV[1]/P[1]/INPUT[1]"
          },
          {
            "id": "input/type",
            "verifyEnabled": true,
            "value": "text"
          },
          {
            "id": "elderLevel",
            "value": {
              "level": 0
            }
          },
          {
            "id": "shield",
            "value": {
              "zIndex": "auto",
              "width": 163,
              "height": 19
            }
          }
        ]
      },
      "intendedRole": "textbox",
      "roles": "element,textbox",
      "monitored": true
    },
    "control15": {
      "location": {
        "data": {
          "tagName": "TABLE"
        },
        "locators": [
          {
            "id": "text",
            "prob": 3,
            "value": {
              "text": [
                "学年学期班级名称课程名称任课教师选课课号课程性质开课状态周课时起止周总学时考核方式 1"
              ],
              "visText": [
                "学年 学期 班级名称 课程名称 任课教师 选课课号 课程性质 开课状态 周课时 起止周 总学时 考核方式 1"
              ]
            }
          },
          {
            "id": "@id/word",
            "prob": 3,
            "value": "descendant::TABLE[@id=\"DBGrid\"]"
          },
          {
            "id": "@id/partialWord",
            "prob": 1,
            "disabled": true,
            "value": {
              "elemId": "Form1",
              "tagName": "FORM",
              "prefix": "",
              "suffix": "/DIV[2]/DIV[1]/SPAN[1]/FIELDSET[1]",
              "ratio": 0.892
            }
          },
          {
            "id": "@class/word",
            "prob": 1,
            "value": "DIV.mid_box SPAN.formbox TABLE.datelist"
          },
          {
            "id": "path/ordinal",
            "prob": 1,
            "value": "/HTML[1]/BODY[1]/FORM[1]/DIV[2]/DIV[1]/SPAN[1]/FIELDSET[1]/TABLE[1]"
          },
          {
            "id": "style/color",
            "value": [
              17,
              68,
              158
            ]
          },
          {
            "id": "shield",
            "value": {
              "zIndex": "auto",
              "width": 870,
              "height": 51
            }
          }
        ]
      },
      "intendedRole": "fragment",
      "roles": "element,fragment",
      "monitored": true
    },
    "control16": {
      "location": {
        "data": {
          "tagName": "INPUT"
        },
        "locators": [
          {
            "id": "input/@value",
            "prob": 1,
            "value": {
              "text": [
                "  查询  "
              ]
            }
          },
          {
            "id": "input/button/@value",
            "prob": 3,
            "value": {
              "text": [
                "  查询  "
              ]
            }
          },
          {
            "id": "elem/@name",
            "prob": 2,
            "value": "descendant::INPUT[@name=\"btnFilter\"]"
          },
          {
            "id": "@id/word",
            "prob": 3,
            "value": "descendant::INPUT[@id=\"btnFilter\"]"
          },
          {
            "id": "@id/partialWord",
            "prob": 1,
            "disabled": true,
            "value": {
              "elemId": "div1",
              "tagName": "DIV",
              "prefix": "",
              "suffix": "/DIV[2]/DIV[1]/P[1]",
              "ratio": 0.544
            }
          },
          {
            "id": "@class/word",
            "prob": 1,
            "value": "DIV.searchbox P.search_con INPUT.button"
          },
          {
            "id": "path/ordinal",
            "prob": 1,
            "value": "/HTML[1]/BODY[1]/FORM[1]/DIV[1]/DIV[3]/DIV[2]/DIV[1]/P[1]/INPUT[2]"
          },
          {
            "id": "input/type",
            "verifyEnabled": true,
            "value": "submit"
          },
          {
            "id": "elderLevel",
            "value": {
              "level": 0
            }
          },
          {
            "id": "shield",
            "value": {
              "zIndex": "auto",
              "width": 64.40625,
              "height": 20
            }
          }
        ]
      },
      "events": {
        "onGetData": "getData_control16"
      },
      "intendedRole": "custom",
      "roles": "element,button,custom",
      "monitored": false
    },
    "control17": {
      "location": {
        "data": {
          "tagName": "BODY"
        },
        "locators": [
          {
            "id": "path/ordinal",
            "prob": 1,
            "value": "/HTML[1]/BODY[1]"
          },
          {
            "id": "style/color",
            "value": [
              17,
              68,
              158
            ]
          },
          {
            "id": "shield",
            "value": {
              "zIndex": "auto",
              "width": 1142,
              "height": 172
            }
          }
        ]
      },
      "events": {
        "onGetData": "getData_control17"
      },
      "intendedRole": "custom",
      "roles": "element,custom",
      "monitored": false
    },
    "control18": {
      "location": {
        "data": {
          "tagName": "TABLE"
        },
        "locators": [
          {
            "id": "text",
            "prob": 3,
            "value": {
              "text": [
                "学年学期班级名称课程名称任课教师选课课号课程性质开课状态周课时起止周总学时考核方式 1"
              ],
              "visText": [
                "学年 学期 班级名称 课程名称 任课教师 选课课号 课程性质 开课状态 周课时 起止周 总学时 考核方式 1"
              ]
            }
          },
          {
            "id": "@id/word",
            "prob": 3,
            "value": "descendant::TABLE[@id=\"DBGrid\"]"
          },
          {
            "id": "@class/word",
            "prob": 1,
            "value": "DIV.mid_box SPAN.formbox TABLE.datelist"
          },
          {
            "id": "path/ordinal",
            "prob": 1,
            "value": "/HTML[1]/BODY[1]/FORM[1]/DIV[2]/DIV[1]/SPAN[1]/FIELDSET[1]/TABLE[1]"
          },
          {
            "id": "style/color",
            "value": [
              17,
              68,
              158
            ]
          },
          {
            "id": "shield",
            "value": {
              "zIndex": "auto",
              "width": 1069,
              "height": 51
            }
          }
        ]
      },
      "events": {
        "onGetData": "getData_control18"
      },
      "intendedRole": "custom",
      "roles": "element,custom",
      "monitored": false
    }
  },
  "contexts": {
    "context0": {
      "controls": [
        "control0",
        "control1",
        "control2",
        "control3",
        "control4",
        "control7",
        "control9",
        "control11",
        "control12",
        "control15",
        "control16",
        "control17",
        "control18"
      ],
      "anchors": []
    }
  },
  "flows": {
    "flow0": {
      "toContexts": [
        {
          "toContextId": "context0"
        },
        {
          "toContextId": "context0",
          "toModelId": "t_index"
        }
      ]
    }
  },
  "pages": {
    "page0": {
      "contextId": "context0",
      "layout": [
        {
          "id": "uiControl0",
          "display": {
            "class": "header",
            "title": "教学任务",
            "type": "header",
            "adapterId": "header",
            "adapter": {
              "templateType": ""
            }
          },
          "layout": []
        },
        {
          "id": "uiControl17",
          "controlId": "control17",
          "display": {
            "adapterId": "custom",
            "type": "custom",
            "adapter": {
              "templateType": "react",
              "events": {
                "onDoAction": "doAction_uiControl17",
                "onGetTemplate": "getTemplate_uiControl17"
              }
            }
          }
        },
        {
          "id": "uiControl214",
          "display": {
            "type": "accordion",
            "adapterId": "accordion",
            "adapter": {
              "templateType": ""
            }
          },
          "layout": [
            {
              "id": "uiControl214item",
              "display": {
                "title": "查询条件",
                "type": "accordionItem",
                "adapterId": "accordionItem",
                "adapter": {
                  "templateType": ""
                }
              },
              "layout": [
                {
                  "id": "uiControl1",
                  "display": {
                    "type": "card",
                    "adapterId": "card",
                    "class": "yl_jxrw_top",
                    "adapter": {
                      "templateType": ""
                    }
                  },
                  "layout": [
                    {
                      "id": "uiControl1body",
                      "display": {
                        "type": "cardBody",
                        "adapterId": "cardBody",
                        "adapter": {
                          "templateType": ""
                        }
                      },
                      "layout": [
                        {
                          "id": "uiControl2",
                          "display": {
                            "text": "学      年：",
                            "type": "content",
                            "adapterId": "staticContent",
                            "class": "yl_span",
                            "adapter": {
                              "templateType": ""
                            }
                          }
                        },
                        {
                          "id": "uiControl3",
                          "controlId": "control0",
                          "display": {
                            "adapterId": "listbox",
                            "type": "listbox",
                            "adapter": {
                              "templateType": ""
                            }
                          }
                        },
                        {
                          "id": "uiControl4",
                          "display": {
                            "text": "学      期：\t",
                            "type": "content",
                            "adapterId": "staticContent",
                            "class": "yl_span",
                            "adapter": {
                              "templateType": ""
                            }
                          }
                        },
                        {
                          "id": "uiControl5",
                          "controlId": "control1",
                          "display": {
                            "adapterId": "listbox",
                            "type": "listbox",
                            "adapter": {
                              "templateType": ""
                            }
                          }
                        },
                        {
                          "id": "uiControl6",
                          "display": {
                            "text": "学      院：\t",
                            "type": "content",
                            "adapterId": "staticContent",
                            "class": "yl_span",
                            "adapter": {
                              "templateType": ""
                            }
                          }
                        },
                        {
                          "id": "uiControl7",
                          "controlId": "control2",
                          "display": {
                            "adapterId": "listbox",
                            "type": "listbox",
                            "adapter": {
                              "templateType": ""
                            }
                          }
                        },
                        {
                          "id": "uiControl8",
                          "display": {
                            "text": "专      业：",
                            "type": "content",
                            "adapterId": "staticContent",
                            "class": "yl_span",
                            "adapter": {
                              "templateType": ""
                            }
                          }
                        },
                        {
                          "id": "uiControl9",
                          "controlId": "control3",
                          "display": {
                            "adapterId": "listbox",
                            "type": "listbox",
                            "adapter": {
                              "templateType": ""
                            }
                          }
                        },
                        {
                          "id": "uiControl10",
                          "display": {
                            "text": "班      级：\t",
                            "type": "content",
                            "adapterId": "staticContent",
                            "class": "yl_span",
                            "adapter": {
                              "templateType": ""
                            }
                          }
                        },
                        {
                          "id": "uiControl11",
                          "controlId": "control4",
                          "display": {
                            "adapterId": "listbox",
                            "type": "listbox",
                            "adapter": {
                              "templateType": ""
                            }
                          }
                        },
                        {
                          "id": "uiControl12",
                          "display": {
                            "text": "课      程：\t",
                            "type": "content",
                            "adapterId": "staticContent",
                            "class": "yl_span",
                            "adapter": {
                              "templateType": ""
                            }
                          }
                        },
                        {
                          "id": "uiControl16",
                          "controlId": "control7",
                          "display": {
                            "adapterId": "listbox",
                            "type": "listbox",
                            "adapter": {
                              "templateType": ""
                            }
                          }
                        },
                        {
                          "id": "uiControl18",
                          "display": {
                            "text": "教      师：\t",
                            "type": "content",
                            "adapterId": "staticContent",
                            "class": "yl_span",
                            "adapter": {
                              "templateType": ""
                            }
                          }
                        },
                        {
                          "id": "uiControl19",
                          "controlId": "control9",
                          "display": {
                            "adapterId": "listbox",
                            "type": "listbox",
                            "adapter": {
                              "templateType": ""
                            }
                          }
                        },
                        {
                          "id": "uiControl22",
                          "controlId": "control11",
                          "display": {
                            "adapterId": "content",
                            "type": "content",
                            "class": "yl_wb",
                            "adapter": {
                              "templateType": ""
                            }
                          }
                        },
                        {
                          "id": "uiControl23",
                          "controlId": "control12",
                          "display": {
                            "adapterId": "textbox",
                            "type": "textbox",
                            "class": "yl_text",
                            "adapter": {
                              "templateType": ""
                            }
                          }
                        },
                        {
                          "id": "uiControl15",
                          "controlId": "control16",
                          "display": {
                            "adapterId": "custom",
                            "type": "custom",
                            "adapter": {
                              "templateType": "react",
                              "events": {
                                "onDoAction": "doAction_uiControl15",
                                "onGetTemplate": "getTemplate_uiControl15"
                              }
                            }
                          }
                        }
                      ]
                    }
                  ]
                }
              ]
            }
          ]
        },
        {
          "id": "uiControl13",
          "display": {
            "type": "card",
            "adapterId": "card",
            "class": "yl_jxrw_bottom",
            "adapter": {
              "templateType": ""
            }
          },
          "layout": [
            {
              "id": "uiControl13body",
              "display": {
                "type": "cardBody",
                "adapterId": "cardBody",
                "adapter": {
                  "templateType": ""
                }
              },
              "layout": [
                {
                  "id": "uiControl14",
                  "controlId": "control15",
                  "display": {
                    "adapterId": "fragment",
                    "type": "fragment",
                    "class": "table-a",
                    "adapter": {
                      "templateType": ""
                    }
                  }
                }
              ]
            }
          ]
        },
        {
          "id": "uiControl20",
          "controlId": "control18",
          "display": {
            "adapterId": "custom",
            "type": "custom",
            "adapter": {
              "templateType": "react",
              "events": {
                "onDoAction": "doAction_uiControl20",
                "onGetTemplate": "getTemplate_uiControl20"
              }
            }
          }
        }
      ]
    }
  },
  "matchers": {
    "page/title": {
      "contexts": {
        "context0": [
          "现代教学管理信息系统"
        ]
      }
    },
    "page/urls": {
      "contexts": {
        "context0": [
          "117.35.118.209/js_jxrw.aspx?zgh=150134&xm=%D0%EC%C0%DA&gnmkdm=N122301",
          "117.35.118.209/js_jxrw.aspx?zgh=150159&xm=%BC%D6%D0%C5%D2%E5&gnmkdm=N122301",
          "117.35.118.209/js_jxrw.aspx?zgh=150528&xm=%CD%F5%C0%F2&gnmkdm=N122301"
        ]
      }
    },
    "page/ids": {
      "contexts": {
        "context0": [
          [
            "DBGrid",
            "Form",
            "Popup",
            "TextBox",
            "btnFilter",
            "ddlBJ",
            "ddlJS",
            "ddlKC",
            "ddlXN",
            "ddlXQ",
            "ddlXY",
            "ddlZY",
            "div",
            "td"
          ]
        ]
      }
    },
    "page/classes": {
      "contexts": {
        "context0": [
          [
            "button",
            "buttonbox",
            "dateli",
            "earch_con",
            "earch_title",
            "earchbox",
            "footbox",
            "footbox_con",
            "footbutton",
            "formbox",
            "main_box",
            "mid_box",
            "pagination",
            "parentJw",
            "t",
            "text_nor",
            "thead",
            "title",
            "toolbox",
            "toolbox_fot",
            "tran"
          ],
          [
            "alt",
            "button",
            "buttonbox",
            "dateli",
            "earch_con",
            "earch_title",
            "earchbox",
            "footbox",
            "footbox_con",
            "footbutton",
            "formbox",
            "main_box",
            "mid_box",
            "pagination",
            "parentJw",
            "t",
            "text_nor",
            "thead",
            "title",
            "toolbox",
            "toolbox_fot",
            "tran"
          ]
        ]
      }
    },
    "page/tagTriplets": {
      "contexts": {
        "context0": [
          [
            "-/-/FORM",
            "-/FORM/DIV",
            "-/FORM/INPUT-hidden",
            "-/FORM/SCRIPT",
            "DIV/DIV/DIV",
            "DIV/DIV/EM",
            "DIV/DIV/P",
            "DIV/DIV/SPAN",
            "DIV/EM/SPAN",
            "DIV/P/EM",
            "DIV/P/INPUT-submit",
            "DIV/P/INPUT-text",
            "DIV/P/SELECT",
            "DIV/SPAN/FIELDSET",
            "DIV/TABLE/TBODY",
            "FIELDSET/TABLE/TBODY",
            "FORM/DIV/DIV",
            "FORM/DIV/P",
            "FORM/DIV/TABLE",
            "P/SELECT/OPTION",
            "SPAN/FIELDSET/LEGEND",
            "SPAN/FIELDSET/TABLE",
            "TABLE/TBODY/TR",
            "TBODY/TR/TD",
            "TR/TD/FONT",
            "TR/TD/SPAN"
          ],
          [
            "-/-/FORM",
            "-/FORM/DIV",
            "-/FORM/INPUT-hidden",
            "-/FORM/SCRIPT",
            "DIV/DIV/DIV",
            "DIV/DIV/EM",
            "DIV/DIV/P",
            "DIV/DIV/SPAN",
            "DIV/EM/SPAN",
            "DIV/P/EM",
            "DIV/P/INPUT-submit",
            "DIV/P/INPUT-text",
            "DIV/P/SELECT",
            "DIV/SPAN/FIELDSET",
            "DIV/TABLE/TBODY",
            "FIELDSET/TABLE/TBODY",
            "FORM/DIV/DIV",
            "FORM/DIV/P",
            "FORM/DIV/TABLE",
            "P/SELECT/OPTION",
            "SPAN/FIELDSET/LEGEND",
            "SPAN/FIELDSET/TABLE",
            "TABLE/TBODY/TR",
            "TBODY/TR/TD",
            "TR/TD/A",
            "TR/TD/FONT",
            "TR/TD/SPAN"
          ],
          [
            "-/-/FORM",
            "-/-/SCRIPT",
            "-/FORM/DIV",
            "-/FORM/INPUT-hidden",
            "-/FORM/SCRIPT",
            "DIV/DIV/DIV",
            "DIV/DIV/EM",
            "DIV/DIV/P",
            "DIV/DIV/SPAN",
            "DIV/EM/SPAN",
            "DIV/P/EM",
            "DIV/P/INPUT-submit",
            "DIV/P/INPUT-text",
            "DIV/P/SELECT",
            "DIV/SPAN/FIELDSET",
            "DIV/TABLE/TBODY",
            "FIELDSET/TABLE/TBODY",
            "FORM/DIV/DIV",
            "FORM/DIV/P",
            "FORM/DIV/TABLE",
            "P/SELECT/OPTION",
            "SPAN/FIELDSET/LEGEND",
            "SPAN/FIELDSET/TABLE",
            "TABLE/TBODY/TR",
            "TBODY/TR/TD",
            "TR/TD/FONT",
            "TR/TD/SPAN"
          ],
          [
            "-/-/FORM",
            "-/-/SCRIPT",
            "-/FORM/DIV",
            "-/FORM/INPUT-hidden",
            "-/FORM/SCRIPT",
            "DIV/DIV/DIV",
            "DIV/DIV/EM",
            "DIV/DIV/P",
            "DIV/DIV/SPAN",
            "DIV/EM/SPAN",
            "DIV/P/EM",
            "DIV/P/INPUT-submit",
            "DIV/P/INPUT-text",
            "DIV/P/SELECT",
            "DIV/SPAN/FIELDSET",
            "DIV/TABLE/TBODY",
            "FIELDSET/TABLE/TBODY",
            "FORM/DIV/DIV",
            "FORM/DIV/P",
            "FORM/DIV/TABLE",
            "P/SELECT/OPTION",
            "SPAN/FIELDSET/LEGEND",
            "SPAN/FIELDSET/TABLE",
            "TABLE/TBODY/TR",
            "TBODY/TR/TD",
            "TR/TD/A",
            "TR/TD/FONT",
            "TR/TD/SPAN"
          ]
        ]
      }
    }
  }
}