{
  "version": "0.1",
  "id": "login",
  "targetURL": "http://117.35.118.209/default2.aspx",
  "jsFile": "../../lib/base.js,../../lib/customTemplate.js,index.js",
  "cssFile": "../../lib/base.css,index.css",
  "requires": {
    "t_index": "../t_index/index.json",
    "s_index": "../s_index/index.json"
  },
  "chineseName": "登录",
  "description": "登录",
  "controls": {
    "control1": {
      "location": {
        "data": {
          "tagName": "DT"
        },
        "userData": {
          "data": [],
          "force": false
        },
        "locators": [
          {
            "id": "button/text",
            "prob": 3,
            "value": {
              "text": [
                "用户名："
              ],
              "visText": [
                "用户名："
              ]
            }
          },
          {
            "id": "text",
            "prob": 3,
            "value": {
              "text": [
                "用户名："
              ],
              "visText": [
                "用户名："
              ]
            }
          },
          {
            "id": "@id/partialWord",
            "prob": 1,
            "disabled": true,
            "value": {
              "elemId": "form1",
              "tagName": "FORM",
              "prefix": "",
              "suffix": "/DIV[1]/DIV[3]/DL[1]",
              "ratio": 0.765
            }
          },
          {
            "id": "@class/word",
            "prob": 1,
            "value": "DIV.login_main DIV.login_right DT.uesr"
          },
          {
            "id": "path/ordinal",
            "prob": 1,
            "value": "/HTML[1]/BODY[1]/FORM[1]/DIV[1]/DIV[3]/DL[1]/DT[1]"
          },
          {
            "id": "style/color",
            "value": [
              17,
              68,
              158
            ]
          },
          {
            "id": "shield",
            "value": {
              "zIndex": "auto",
              "width": 66,
              "height": 20
            }
          }
        ]
      },
      "roles": "element",
      "content": true,
      "monitored": false
    },
    "control3": {
      "location": {
        "data": {
          "tagName": "DT"
        },
        "userData": {
          "data": [],
          "force": false
        },
        "locators": [
          {
            "id": "button/text",
            "prob": 3,
            "value": {
              "text": [
                "密 码："
              ],
              "visText": [
                "密 码："
              ]
            }
          },
          {
            "id": "text",
            "prob": 3,
            "value": {
              "text": [
                "密 码："
              ],
              "visText": [
                "密 码："
              ]
            }
          },
          {
            "id": "@id/partialWord",
            "prob": 1,
            "disabled": true,
            "value": {
              "elemId": "form1",
              "tagName": "FORM",
              "prefix": "",
              "suffix": "/DIV[1]/DIV[3]/DL[2]",
              "ratio": 0.765
            }
          },
          {
            "id": "@class/word",
            "prob": 1,
            "value": "DIV.login_main DIV.login_right DT.passw"
          },
          {
            "id": "path/ordinal",
            "prob": 1,
            "value": "/HTML[1]/BODY[1]/FORM[1]/DIV[1]/DIV[3]/DL[2]/DT[1]"
          },
          {
            "id": "style/color",
            "value": [
              17,
              68,
              158
            ]
          },
          {
            "id": "shield",
            "value": {
              "zIndex": "auto",
              "width": 66,
              "height": 20
            }
          }
        ]
      },
      "roles": "element",
      "content": true,
      "monitored": false
    },
    "control5": {
      "location": {
        "data": {
          "tagName": "DT"
        },
        "userData": {
          "data": [],
          "force": false
        },
        "locators": [
          {
            "id": "button/text",
            "prob": 3,
            "value": {
              "text": [
                "验证码："
              ],
              "visText": [
                "验证码："
              ]
            }
          },
          {
            "id": "text",
            "prob": 3,
            "value": {
              "text": [
                "验证码："
              ],
              "visText": [
                "验证码："
              ]
            }
          },
          {
            "id": "@id/partialWord",
            "prob": 1,
            "disabled": true,
            "value": {
              "elemId": "form1",
              "tagName": "FORM",
              "prefix": "",
              "suffix": "/DIV[1]/DIV[3]/DL[3]",
              "ratio": 0.765
            }
          },
          {
            "id": "@class/word",
            "prob": 1,
            "value": "DIV.login_main DIV.login_right DT.yzm"
          },
          {
            "id": "path/ordinal",
            "prob": 1,
            "value": "/HTML[1]/BODY[1]/FORM[1]/DIV[1]/DIV[3]/DL[3]/DT[1]"
          },
          {
            "id": "style/color",
            "value": [
              17,
              68,
              158
            ]
          },
          {
            "id": "shield",
            "value": {
              "zIndex": "auto",
              "width": 66,
              "height": 20
            }
          }
        ]
      },
      "roles": "element",
      "content": true,
      "monitored": false
    },
    "control6": {
      "location": {
        "data": {
          "tagName": "INPUT"
        },
        "userData": {
          "data": [],
          "force": false
        },
        "locators": [
          {
            "id": "@alt",
            "prob": 2,
            "value": {
              "text": [
                "看不清，换一张"
              ]
            }
          },
          {
            "id": "@title",
            "prob": 2,
            "value": {
              "text": [
                "看不清，换一张"
              ]
            }
          },
          {
            "id": "elem/@name",
            "prob": 2,
            "value": "descendant::INPUT[@name=\"txtSecretCode\"]"
          },
          {
            "id": "@id/word",
            "prob": 3,
            "value": "descendant::INPUT[@id=\"txtSecretCode\"]"
          },
          {
            "id": "@id/partialWord",
            "prob": 1,
            "disabled": true,
            "value": {
              "elemId": "form1",
              "tagName": "FORM",
              "prefix": "",
              "suffix": "/DIV[1]/DIV[3]/DL[3]/DD[1]",
              "ratio": 0.765
            }
          },
          {
            "id": "@class/word",
            "prob": 1,
            "ordinal": [
              2,
              3
            ],
            "value": "DIV.login_main DIV.login_right INPUT.text_nor"
          },
          {
            "id": "path/ordinal",
            "prob": 1,
            "value": "/HTML[1]/BODY[1]/FORM[1]/DIV[1]/DIV[3]/DL[3]/DD[1]/INPUT[1]"
          },
          {
            "id": "input/type",
            "verifyEnabled": true,
            "value": "text"
          },
          {
            "id": "elderLevel",
            "value": {
              "level": 0
            }
          },
          {
            "id": "shield",
            "value": {
              "zIndex": "auto",
              "width": 187,
              "height": 22
            }
          }
        ]
      },
      "roles": "element,textbox",
      "content": true,
      "monitored": false
    },
    "control7": {
      "location": {
        "data": {
          "tagName": "IMG"
        },
        "userData": {
          "data": [],
          "force": false
        },
        "locators": [
          {
            "id": "@alt",
            "prob": 2,
            "value": {
              "text": [
                "看不清，换一张"
              ]
            }
          },
          {
            "id": "@title",
            "prob": 2,
            "value": {
              "text": [
                "看不清，换一张"
              ]
            }
          },
          {
            "id": "img/@src",
            "prob": 2,
            "value": {
              "pathname": "/CheckCode.aspx"
            }
          },
          {
            "id": "@id/word",
            "prob": 3,
            "value": "descendant::IMG[@id=\"icode\"]"
          },
          {
            "id": "@id/partialWord",
            "prob": 1,
            "disabled": true,
            "value": {
              "elemId": "form1",
              "tagName": "FORM",
              "prefix": "",
              "suffix": "/DIV[1]/DIV[3]/DL[3]/DD[1]",
              "ratio": 0.765
            }
          },
          {
            "id": "@class/word",
            "prob": 1,
            "value": "BODY.login_bg DIV.login_main DIV.login_right DL DD IMG"
          },
          {
            "id": "path/ordinal",
            "prob": 1,
            "value": "/HTML[1]/BODY[1]/FORM[1]/DIV[1]/DIV[3]/DL[3]/DD[1]/IMG[1]"
          },
          {
            "id": "elderLevel",
            "value": {
              "level": 0
            }
          },
          {
            "id": "shield",
            "value": {
              "zIndex": "auto",
              "width": 72,
              "height": 27
            }
          }
        ]
      },
      "roles": "element,image,button",
      "monitored": true
    },
    "control8": {
      "location": {
        "data": {
          "tagName": "A"
        },
        "userData": {
          "data": [],
          "force": false
        },
        "locators": [
          {
            "id": "button/text",
            "prob": 3,
            "value": {
              "text": [
                "看不清换一张"
              ],
              "visText": [
                "看不清换一张"
              ]
            }
          },
          {
            "id": "text",
            "prob": 3,
            "value": {
              "text": [
                "看不清换一张"
              ],
              "visText": [
                "看不清换一张"
              ]
            }
          },
          {
            "id": "@id/word",
            "prob": 3,
            "value": "descendant::A[@id=\"icodems\"]"
          },
          {
            "id": "@id/partialWord",
            "prob": 1,
            "disabled": true,
            "value": {
              "elemId": "form1",
              "tagName": "FORM",
              "prefix": "",
              "suffix": "/DIV[1]/DIV[3]/DL[3]/DD[1]",
              "ratio": 0.765
            }
          },
          {
            "id": "@class/word",
            "prob": 1,
            "ordinal": [
              0,
              2
            ],
            "value": "BODY.login_bg DIV.login_main DIV.login_right DL DD A"
          },
          {
            "id": "path/ordinal",
            "prob": 1,
            "value": "/HTML[1]/BODY[1]/FORM[1]/DIV[1]/DIV[3]/DL[3]/DD[1]/A[1]"
          },
          {
            "id": "style/color",
            "value": [
              0,
              0,
              255
            ]
          },
          {
            "id": "elderLevel",
            "value": {
              "level": 0
            }
          },
          {
            "id": "shield",
            "value": {
              "zIndex": "auto",
              "width": 72,
              "height": 14
            }
          }
        ]
      },
      "roles": "element,link",
      "content": true,
      "monitored": false
    },
    "control14": {
      "location": {
        "data": {
          "tagName": "INPUT"
        },
        "userData": {
          "data": [],
          "force": false
        },
        "locators": [
          {
            "id": "elem/@name",
            "prob": 1,
            "value": "descendant::INPUT[@name=\"Button1\"]"
          },
          {
            "id": "@id/partialWord",
            "prob": 1,
            "disabled": true,
            "value": {
              "elemId": "form1",
              "tagName": "FORM",
              "prefix": "",
              "suffix": "/DIV[1]/DIV[3]/DL[5]/DD[1]",
              "ratio": 0.765
            }
          },
          {
            "id": "@class/word",
            "prob": 1,
            "value": "DIV.login_main DIV.login_right INPUT.btn_dl"
          },
          {
            "id": "path/ordinal",
            "prob": 1,
            "value": "/HTML[1]/BODY[1]/FORM[1]/DIV[1]/DIV[3]/DL[5]/DD[1]/INPUT[1]"
          },
          {
            "id": "input/type",
            "verifyEnabled": true,
            "value": "submit"
          },
          {
            "id": "elderLevel",
            "value": {
              "level": 0
            }
          },
          {
            "id": "shield",
            "value": {
              "zIndex": "auto",
              "width": 58,
              "height": 20
            }
          }
        ]
      },
      "intendedRole": "button",
      "roles": "element,button",
      "monitored": false
    },
    "control16": {
      "location": {
        "data": {
          "tagName": "IMG"
        },
        "userData": {
          "data": [],
          "force": false
        },
        "locators": [
          {
            "id": "img/@src",
            "prob": 2,
            "value": {
              "pathname": "/logo/logo_jw.png"
            }
          },
          {
            "id": "@id/partialWord",
            "prob": 1,
            "disabled": true,
            "value": {
              "elemId": "form1",
              "tagName": "FORM",
              "prefix": "",
              "suffix": "/DIV[1]/DIV[1]/H3[1]",
              "ratio": 0.765
            }
          },
          {
            "id": "@class/word",
            "prob": 1,
            "value": "BODY.login_bg DIV.login_main DIV.login_logo H3 IMG"
          },
          {
            "id": "path/ordinal",
            "prob": 1,
            "value": "/HTML[1]/BODY[1]/FORM[1]/DIV[1]/DIV[1]/H3[1]/IMG[1]"
          },
          {
            "id": "elderLevel",
            "value": {
              "level": 0
            }
          },
          {
            "id": "shield",
            "value": {
              "zIndex": "auto",
              "width": 167,
              "height": 60
            }
          }
        ]
      },
      "events": {
        "onGetData": "getData_control16"
      },
      "intendedRole": "custom",
      "roles": "element,image,button,custom",
      "monitored": false
    },
    "control129": {
      "location": {
        "data": {
          "tagName": "TABLE"
        },
        "userData": {
          "data": [],
          "force": false
        },
        "locators": [
          {
            "id": "button/text",
            "prob": 3,
            "value": {
              "text": [
                "部门教师学生访客"
              ],
              "visText": [
                "部门教师学生访客"
              ]
            }
          },
          {
            "id": "text",
            "prob": 3,
            "value": {
              "text": [
                "部门教师学生访客"
              ],
              "visText": [
                "部门 教师 学生 访客"
              ]
            }
          },
          {
            "id": "@class/word",
            "prob": 1,
            "value": "BODY.login_bg DIV.login_main DIV.login_right DL DD TABLE"
          },
          {
            "id": "path/ordinal",
            "prob": 1,
            "value": "/HTML[1]/BODY[1]/FORM[1]/DIV[1]/DIV[3]/DL[4]/DD[1]/TABLE[1]"
          },
          {
            "id": "style/color",
            "value": [
              17,
              68,
              158
            ]
          },
          {
            "id": "shield",
            "value": {
              "zIndex": "auto",
              "width": 158,
              "height": 20
            }
          }
        ]
      },
      "events": {
        "onGetData": "getData_control129"
      },
      "intendedRole": "custom",
      "roles": "element,custom",
      "monitored": false
    },
    "control133": {
      "location": {
        "data": {
          "tagName": "DD"
        },
        "userData": {
          "data": [],
          "force": false
        },
        "locators": [
          {
            "id": "button/text",
            "prob": 3,
            "value": {
              "text": [
                "看不清换一张"
              ],
              "visText": [
                "看不清换一张"
              ]
            }
          },
          {
            "id": "text",
            "prob": 3,
            "value": {
              "text": [
                "看不清换一张"
              ],
              "visText": [
                "看不清换一张"
              ]
            }
          },
          {
            "id": "@id/partialWord",
            "prob": 1,
            "disabled": true,
            "value": {
              "elemId": "form1",
              "tagName": "FORM",
              "prefix": "",
              "suffix": "/DIV[1]/DIV[3]/DL[3]/DD[1]",
              "ratio": 0.75
            }
          },
          {
            "id": "@class/word",
            "prob": 1,
            "ordinal": [
              2,
              5
            ],
            "value": "BODY.login_bg DIV.login_main DIV.login_right DL DD"
          },
          {
            "id": "path/ordinal",
            "prob": 1,
            "value": "/HTML[1]/BODY[1]/FORM[1]/DIV[1]/DIV[3]/DL[3]/DD[1]"
          },
          {
            "id": "style/color",
            "value": [
              17,
              68,
              158
            ]
          },
          {
            "id": "shield",
            "value": {
              "zIndex": "auto",
              "width": 187,
              "height": 20
            }
          }
        ]
      },
      "events": {
        "onGetData": "getData_control133"
      },
      "intendedRole": "custom",
      "roles": "element,link,custom",
      "monitored": true
    },
    "control165_eP5fhI": {
      "location": {
        "data": {
          "tagName": "INPUT"
        },
        "userData": {
          "data": [],
          "force": false
        },
        "locators": [
          {
            "id": "elem/@name",
            "prob": 2,
            "value": "descendant::INPUT[@name=\"txtUserName\"]"
          },
          {
            "id": "@id/word",
            "prob": 3,
            "value": "descendant::INPUT[@id=\"txtUserName\"]"
          },
          {
            "id": "@class/word",
            "prob": 1,
            "ordinal": [
              0,
              3
            ],
            "value": "DIV.login_main DIV.login_right INPUT.text_nor"
          },
          {
            "id": "path/ordinal",
            "prob": 1,
            "value": "/HTML[1]/BODY[1]/FORM[1]/DIV[1]/DIV[3]/DL[1]/DD[1]/INPUT[1]"
          },
          {
            "id": "input/type",
            "verifyEnabled": true,
            "value": "text"
          }
        ]
      },
      "intendedRole": "textbox",
      "roles": "element,textbox",
      "monitored": true,
      "frameXPath": ""
    },
    "control166_7Ls3fr": {
      "location": {
        "data": {
          "tagName": "INPUT"
        },
        "locators": [
          {
            "id": "elem/@name",
            "prob": 1,
            "value": "descendant::INPUT[@name=\"TextBox2\"]"
          },
          {
            "id": "@class/word",
            "prob": 1,
            "ordinal": [
              2,
              4
            ],
            "value": "DIV.login_main DIV.login_right INPUT.text_nor"
          },
          {
            "id": "path/ordinal",
            "prob": 1,
            "value": "/HTML[1]/BODY[1]/FORM[1]/DIV[1]/DIV[3]/DL[2]/DD[1]/INPUT[2]"
          },
          {
            "id": "input/type",
            "verifyEnabled": true,
            "value": "password"
          }
        ]
      },
      "intendedRole": "passwordbox",
      "roles": "element,passwordbox,textbox",
      "ignoreVisibility": true,
      "monitored": true,
      "frameXPath": ""
    }
  },
  "contexts": {
    "context0": {
      "controls": [
        "control1",
        "control3",
        "control5",
        "control6",
        "control7",
        "control8",
        "control14",
        "control16",
        "control129",
        "control133",
        "control165_eP5fhI",
        "control166_7Ls3fr"
      ],
      "anchors": [],
      "urlAnchor": []
    }
  },
  "flows": {
    "flow0": {
      "toContexts": [
        {
          "toContextId": "context0"
        }
      ]
    },
    "flow1": {
      "fromContextId": "context0",
      "fromAction": "click",
      "fromControlId": "control14",
      "toContexts": [
        {
          "toModelId": "t_index",
          "toContextId": "context0"
        },
        {
          "toModelId": "s_index",
          "toContextId": "context0"
        },
        {
          "toContextId": "context0"
        }
      ]
    },
    "flow14_RNtGzG": {
      "fromContextId": "context0",
      "fromAction": "click",
      "fromControlId": "control6",
      "toContexts": [
        {
          "toContextId": "context0"
        }
      ]
    },
    "flow15_oZ6k1P": {
      "fromContextId": "context0",
      "fromAction": "click",
      "fromControlId": "control165_eP5fhI",
      "toContexts": [
        {
          "toContextId": "context0"
        }
      ]
    }
  },
  "pages": {
    "page0": {
      "contextId": "context0",
      "layout": [
        {
          "id": "uiControl14",
          "display": {
            "type": "card",
            "adapterId": "card",
            "class": "view-item",
            "adapter": {
              "templateType": ""
            }
          },
          "layout": [
            {
              "id": "uiControl14body",
              "display": {
                "type": "cardBody",
                "adapterId": "cardBody",
                "adapter": {
                  "templateType": ""
                }
              },
              "layout": [
                {
                  "id": "uiControl13",
                  "controlId": "control16",
                  "display": {
                    "adapterId": "custom",
                    "type": "custom",
                    "class": "login_img",
                    "adapter": {
                      "templateType": "react",
                      "events": {
                        "onDoAction": "doAction_uiControl13",
                        "onGetTemplate": "getTemplate_uiControl13"
                      }
                    }
                  }
                },
                {
                  "id": "uiControl221",
                  "display": {
                    "type": "card",
                    "adapterId": "card",
                    "adapter": {
                      "templateType": ""
                    }
                  },
                  "layout": [
                    {
                      "id": "uiControl221body",
                      "display": {
                        "type": "cardBody",
                        "adapterId": "cardBody",
                        "adapter": {
                          "templateType": ""
                        }
                      },
                      "layout": [
                        {
                          "id": "uiControl1",
                          "controlId": "control1",
                          "display": {
                            "adapterId": "content",
                            "type": "content",
                            "class": "login_name",
                            "adapter": {
                              "templateType": ""
                            }
                          }
                        },
                        {
                          "id": "uiControl280_octoHG",
                          "controlId": "control165_eP5fhI",
                          "display": {
                            "adapterId": "textbox",
                            "type": "textbox",
                            "class": "login_name_input",
                            "adapter": {
                              "templateType": ""
                            }
                          }
                        },
                        {
                          "id": "uiControl3",
                          "controlId": "control3",
                          "display": {
                            "adapterId": "content",
                            "type": "content",
                            "class": "login_pas",
                            "adapter": {
                              "templateType": ""
                            }
                          }
                        },
                        {
                          "id": "uiControl279_DfDGbq",
                          "controlId": "control166_7Ls3fr",
                          "display": {
                            "adapterId": "passwordbox",
                            "type": "passwordbox",
                            "class": "login_pas_input",
                            "adapter": {
                              "templateType": ""
                            }
                          }
                        },
                        {
                          "id": "uiControl5",
                          "controlId": "control5",
                          "display": {
                            "adapterId": "content",
                            "type": "content",
                            "class": "login_yz",
                            "adapter": {
                              "templateType": ""
                            }
                          }
                        },
                        {
                          "id": "uiControl6",
                          "controlId": "control6",
                          "display": {
                            "adapterId": "textbox",
                            "type": "textbox",
                            "class": "login_yz_input",
                            "adapter": {
                              "templateType": ""
                            }
                          }
                        },
                        {
                          "id": "uiControl222",
                          "controlId": "control133",
                          "display": {
                            "adapterId": "custom",
                            "type": "custom",
                            "adapter": {
                              "templateType": "react",
                              "events": {
                                "onDoAction": "doAction_uiControl222",
                                "onGetTemplate": "getTemplate_uiControl222"
                              }
                            }
                          }
                        }
                      ]
                    }
                  ]
                },
                {
                  "id": "uiControl216",
                  "controlId": "control129",
                  "display": {
                    "adapterId": "custom",
                    "type": "custom",
                    "adapter": {
                      "templateType": "react",
                      "events": {
                        "onDoAction": "doAction_uiControl216",
                        "onGetTemplate": "getTemplate_uiControl216"
                      }
                    }
                  }
                },
                {
                  "id": "uiControl15",
                  "display": {
                    "type": "card",
                    "adapterId": "card",
                    "class": "login_btn",
                    "adapter": {
                      "templateType": ""
                    }
                  },
                  "layout": [
                    {
                      "id": "uiControl15body",
                      "display": {
                        "type": "cardBody",
                        "adapterId": "cardBody",
                        "adapter": {
                          "templateType": ""
                        }
                      },
                      "layout": [
                        {
                          "id": "uiControl11",
                          "controlId": "control14",
                          "display": {
                            "adapterId": "clickable",
                            "type": "button",
                            "class": "login_sub",
                            "text": "登录",
                            "adapter": {
                              "templateType": ""
                            }
                          }
                        }
                      ]
                    }
                  ]
                }
              ]
            }
          ]
        }
      ]
    }
  },
  "matchers": {
    "page/title": {
      "contexts": {
        "context0": [
          "欢迎使用正方教务管理系统！请登录"
        ]
      }
    },
    "page/urls": {
      "contexts": {
        "context0": [
          "117.35.118.209/default2.aspx"
        ]
      }
    },
    "page/ids": {
      "contexts": {
        "context0": [
          [
            "Button",
            "RadioButtonList",
            "RadioButtonList_",
            "TextBox",
            "form",
            "hidPdrs",
            "hidsc",
            "icode",
            "icodems",
            "lbLanguage",
            "lbMm",
            "lbSelect",
            "lbYhm",
            "lbYzm",
            "txtSecretCode",
            "txtUserName"
          ],
          [
            "Button",
            "RadioButtonList",
            "RadioButtonList_",
            "TextBox",
            "cs",
            "form",
            "hidPdrs",
            "hidsc",
            "icode",
            "icodems",
            "lbLanguage",
            "lbMm",
            "lbSelect",
            "lbYhm",
            "lbYzm",
            "txtSecretCode",
            "txtUserName"
          ],
          [
            "Button",
            "RadioButtonList",
            "RadioButtonList_",
            "TextBox",
            "Textbox",
            "cs",
            "form",
            "hidPdrs",
            "hidsc",
            "icode",
            "icodems",
            "lbLanguage",
            "lbMm",
            "lbSelect",
            "lbYhm",
            "lbYzm",
            "txtSecretCode",
            "txtUserName"
          ]
        ]
      }
    },
    "page/classes": {
      "contexts": {
        "context0": [
          [
            "btn_cz",
            "btn_dl",
            "login_copyright",
            "login_left",
            "login_logo",
            "login_main",
            "login_pic",
            "login_right",
            "pa",
            "r",
            "text_nor",
            "ue",
            "w",
            "yzm"
          ],
          [
            "btn_cz",
            "btn_dl",
            "fang",
            "hua",
            "login_copyright",
            "login_left",
            "login_logo",
            "login_main",
            "login_pic",
            "login_right",
            "pa",
            "r",
            "text_nor",
            "ue",
            "w",
            "yzm"
          ],
          [
            "btn_cz",
            "btn_dl",
            "fangshua",
            "login_copyright",
            "login_left",
            "login_logo",
            "login_main",
            "login_pic",
            "login_right",
            "passw",
            "text_nor",
            "uesr",
            "yzm"
          ]
        ]
      }
    },
    "page/tagTriplets": {
      "contexts": {
        "context0": [
          [
            "-/-/FORM",
            "-/FORM/DIV",
            "-/FORM/INPUT-hidden",
            "DD/P/A",
            "DD/P/BR",
            "DD/TABLE/TBODY",
            "DIV/DIV/DIV",
            "DIV/DIV/DL",
            "DIV/DIV/H2",
            "DIV/DIV/H3",
            "DIV/DIV/IMG",
            "DIV/DIV/INPUT-hidden",
            "DIV/DIV/SPAN",
            "DIV/DL/DD",
            "DIV/DL/DT",
            "DIV/H2/IMG",
            "DIV/H3/IMG",
            "DIV/SPAN/A",
            "DIV/SPAN/SPAN",
            "DL/DD/A",
            "DL/DD/IMG",
            "DL/DD/INPUT-password",
            "DL/DD/INPUT-submit",
            "DL/DD/INPUT-text",
            "DL/DD/P",
            "DL/DD/TABLE",
            "DL/DT/LABEL",
            "FORM/DIV/DIV",
            "P/A/SPAN",
            "TABLE/TBODY/TR",
            "TBODY/TR/TD",
            "TR/TD/INPUT-radio",
            "TR/TD/LABEL"
          ],
          [
            "-/-/FORM",
            "-/-/SCRIPT",
            "-/FORM/DIV",
            "-/FORM/INPUT-hidden",
            "DD/P/A",
            "DD/P/BR",
            "DD/TABLE/TBODY",
            "DIV/DIV/DIV",
            "DIV/DIV/DL",
            "DIV/DIV/H2",
            "DIV/DIV/H3",
            "DIV/DIV/IMG",
            "DIV/DIV/INPUT-hidden",
            "DIV/DIV/SPAN",
            "DIV/DL/DD",
            "DIV/DL/DT",
            "DIV/H2/IMG",
            "DIV/H3/IMG",
            "DIV/SPAN/A",
            "DIV/SPAN/SPAN",
            "DL/DD/A",
            "DL/DD/IMG",
            "DL/DD/INPUT-password",
            "DL/DD/INPUT-submit",
            "DL/DD/INPUT-text",
            "DL/DD/P",
            "DL/DD/TABLE",
            "DL/DT/LABEL",
            "FORM/DIV/DIV",
            "P/A/SPAN",
            "TABLE/TBODY/TR",
            "TBODY/TR/TD",
            "TR/TD/INPUT-radio",
            "TR/TD/LABEL"
          ],
          [
            "-/-/FORM",
            "-/-/SCRIPT",
            "-/FORM/DIV",
            "-/FORM/INPUT-hidden",
            "DD/P/A",
            "DD/P/BR",
            "DD/P/SPAN",
            "DD/TABLE/TBODY",
            "DIV/DIV/DIV",
            "DIV/DIV/DL",
            "DIV/DIV/H2",
            "DIV/DIV/H3",
            "DIV/DIV/IMG",
            "DIV/DIV/INPUT-hidden",
            "DIV/DIV/SPAN",
            "DIV/DL/DD",
            "DIV/DL/DT",
            "DIV/H2/IMG",
            "DIV/H3/IMG",
            "DIV/SPAN/A",
            "DIV/SPAN/SPAN",
            "DL/DD/A",
            "DL/DD/IMG",
            "DL/DD/INPUT-password",
            "DL/DD/INPUT-submit",
            "DL/DD/INPUT-text",
            "DL/DD/P",
            "DL/DD/TABLE",
            "DL/DT/LABEL",
            "FORM/DIV/DIV",
            "P/A/SPAN",
            "TABLE/TBODY/TR",
            "TBODY/TR/TD",
            "TR/TD/INPUT-radio",
            "TR/TD/LABEL"
          ],
          [
            "-/-/FORM",
            "-/FORM/DIV",
            "-/FORM/INPUT-hidden",
            "DD/P/A",
            "DD/P/BR",
            "DD/P/SPAN",
            "DD/TABLE/TBODY",
            "DIV/DIV/DIV",
            "DIV/DIV/DL",
            "DIV/DIV/H2",
            "DIV/DIV/H3",
            "DIV/DIV/IMG",
            "DIV/DIV/INPUT-hidden",
            "DIV/DIV/SPAN",
            "DIV/DL/DD",
            "DIV/DL/DT",
            "DIV/H2/IMG",
            "DIV/H3/IMG",
            "DIV/SPAN/A",
            "DIV/SPAN/SPAN",
            "DL/DD/A",
            "DL/DD/IMG",
            "DL/DD/INPUT-password",
            "DL/DD/INPUT-submit",
            "DL/DD/INPUT-text",
            "DL/DD/P",
            "DL/DD/TABLE",
            "DL/DT/LABEL",
            "FORM/DIV/DIV",
            "P/A/SPAN",
            "TABLE/TBODY/TR",
            "TBODY/TR/TD",
            "TR/TD/INPUT-radio",
            "TR/TD/LABEL"
          ]
        ]
      }
    }
  }
}