{
  "version": "0.1",
  "id": "pic_select",
  "targetURL": "http://117.35.118.203/lxxt/lxgl/zzfw/zzbl/qrxx.html",
  "jsFile": "../../lib/base.js,../../lib/customTemplate.js,index.js",
  "cssFile": "../../lib/base.css,index.css",
  "requires": {
    "grxx": "../grxx/index.json"
  },
  "chineseName": "图片选择",
  "description": "",
  "controls": {
    "control0": {
      "location": {
        "data": {
          "tagName": "IMG"
        },
        "locators": [
          {
            "id": "img/@src",
            "prob": 1,
            "ordinal": [
              2,
              3
            ],
            "value": {
              "pathname": "/lxxt/attached//file/2016-08-31/1472609183742.png"
            }
          },
          {
            "id": "@id/word",
            "prob": 2,
            "value": [
              "descendant::TABLE[@id=\"cutImgView\"]//DIV[@id=\"viewDiv\"]/IMG[1]",
              "descendant::TABLE[@id=\"cutImgView\"]//DIV[@id=\"viewDiv\"]//IMG",
              "descendant::DIV[@id=\"viewDiv\"]//IMG"
            ]
          },
          {
            "id": "path/ordinal",
            "prob": 1,
            "value": "/HTML[1]/BODY[1]/FORM[1]/TABLE[2]/TBODY[1]/TR[1]/TD[2]/DIV[1]/DIV[2]/IMG[1]"
          },
          {
            "id": "elderLevel",
            "value": {
              "level": 0
            }
          },
          {
            "id": "shield",
            "value": {
              "zIndex": "auto",
              "width": 2573.515625,
              "height": 2573.515625
            }
          }
        ]
      },
      "roles": "element,image,button",
      "monitored": false,
      "frameXPath": "//iframe[@name='parentDialog']<<IFRAME>>"
    },
    "control1": {
      "location": {
        "data": {
          "tagName": "INPUT"
        },
        "locators": [
          {
            "id": "input/@value",
            "prob": 1,
            "value": {
              "text": [
                "确定"
              ]
            }
          },
          {
            "id": "input/button/@value",
            "prob": 3,
            "value": {
              "text": [
                "确定"
              ]
            }
          },
          {
            "id": "@id/word",
            "prob": 3,
            "value": [
              "descendant::TABLE[@id=\"cutImgView\"]//INPUT[@id=\"qrScale\"]",
              "descendant::INPUT[@id=\"qrScale\"]"
            ]
          },
          {
            "id": "@class/word",
            "prob": 1,
            "ordinal": [
              0,
              4
            ],
            "value": "DIV.mybutton INPUT"
          },
          {
            "id": "path/ordinal",
            "prob": 1,
            "value": "/HTML[1]/BODY[1]/FORM[1]/TABLE[2]/TBODY[1]/TR[1]/TD[2]/DIV[1]/DIV[3]/INPUT[1]"
          },
          {
            "id": "input/type",
            "verifyEnabled": true,
            "value": "button"
          },
          {
            "id": "elderLevel",
            "value": {
              "level": 0
            }
          },
          {
            "id": "shield",
            "value": {
              "zIndex": "auto",
              "width": 80,
              "height": 32
            }
          }
        ]
      },
      "intendedRole": "button",
      "roles": "element,button",
      "monitored": false,
      "frameXPath": "//iframe[@name='parentDialog']<<IFRAME>>"
    },
    "control2": {
      "location": {
        "data": {
          "tagName": "INPUT"
        },
        "locators": [
          {
            "id": "input/@value",
            "prob": 1,
            "value": {
              "text": [
                "关闭"
              ]
            }
          },
          {
            "id": "input/button/@value",
            "prob": 3,
            "value": {
              "text": [
                "关闭"
              ]
            }
          },
          {
            "id": "@id/word",
            "prob": 1,
            "value": [
              "descendant::TABLE[@id=\"cutImgView\"]/TBODY[1]/TR[1]/TD[2]/DIV[1]/DIV[3]/INPUT[2]",
              "descendant::TABLE[@id=\"cutImgView\"]//INPUT"
            ]
          },
          {
            "id": "@class/word",
            "prob": 1,
            "ordinal": [
              1,
              4
            ],
            "value": "DIV.mybutton INPUT"
          },
          {
            "id": "path/ordinal",
            "prob": 1,
            "value": "/HTML[1]/BODY[1]/FORM[1]/TABLE[2]/TBODY[1]/TR[1]/TD[2]/DIV[1]/DIV[3]/INPUT[2]"
          },
          {
            "id": "input/type",
            "verifyEnabled": true,
            "value": "button"
          },
          {
            "id": "elderLevel",
            "value": {
              "level": 0
            }
          },
          {
            "id": "shield",
            "value": {
              "zIndex": "auto",
              "width": 80,
              "height": 32
            }
          }
        ]
      },
      "intendedRole": "button",
      "roles": "element,button",
      "monitored": false,
      "frameXPath": "//iframe[@name='parentDialog']<<IFRAME>>"
    },
    "control3": {
      "location": {
        "data": {
          "tagName": "DIV"
        },
        "locators": [
          {
            "id": "button/text",
            "prob": 3,
            "ordinal": [
              1,
              2
            ],
            "value": {
              "text": [
                "预览"
              ],
              "visText": [
                "预览"
              ]
            }
          },
          {
            "id": "text",
            "prob": 3,
            "value": {
              "text": [
                "预览"
              ],
              "visText": [
                "预览"
              ]
            }
          },
          {
            "id": "@id/word",
            "prob": 2,
            "value": "descendant::TABLE[@id=\"cutImgView\"]/TBODY[1]/TR[1]/TD[2]/DIV[1]/DIV[1]"
          },
          {
            "id": "path/ordinal",
            "prob": 1,
            "value": "/HTML[1]/BODY[1]/FORM[1]/TABLE[2]/TBODY[1]/TR[1]/TD[2]/DIV[1]/DIV[1]"
          },
          {
            "id": "shield",
            "value": {
              "zIndex": "auto",
              "width": 313,
              "height": 26
            }
          }
        ]
      },
      "roles": "element",
      "text": "\n\t\t\t\t    \t\t预览\n\t\t\t\t    \t",
      "frameXPath": "//iframe[@name='parentDialog']<<IFRAME>>"
    },
    "control4": {
      "location": {
        "data": {
          "tagName": "DIV"
        },
        "locators": [
          {
            "id": "button/text",
            "prob": 3,
            "ordinal": [
              1,
              2
            ],
            "value": {
              "text": [
                "截图成功！"
              ],
              "visText": [
                "截图成功！"
              ]
            }
          },
          {
            "id": "text",
            "prob": 3,
            "value": {
              "text": [
                "截图成功！"
              ],
              "visText": [
                "截图成功！"
              ]
            }
          },
          {
            "id": "@id/word",
            "prob": 3,
            "value": [
              "descendant::TABLE[@id=\"cutImgView\"]//DIV[@id=\"alertDiv\"]",
              "descendant::DIV[@id=\"alertDiv\"]"
            ]
          },
          {
            "id": "@class/word",
            "prob": 1,
            "ordinal": [
              0,
              2
            ],
            "value": "DIV.mybutton DIV"
          },
          {
            "id": "path/ordinal",
            "prob": 1,
            "value": "/HTML[1]/BODY[1]/FORM[1]/TABLE[2]/TBODY[1]/TR[1]/TD[2]/DIV[1]/DIV[3]/DIV[1]"
          },
          {
            "id": "elderLevel",
            "value": {
              "level": 0
            }
          },
          {
            "id": "shield",
            "value": {
              "zIndex": "auto",
              "width": 313,
              "height": 19
            }
          }
        ]
      },
      "intendedRole": "fragment",
      "roles": "element,fragment",
      "monitored": true,
      "frameXPath": "//iframe[@name='parentDialog']<<IFRAME>>"
    }
  },
  "contexts": {
    "context0": {
      "controls": [
        "control0",
        "control1",
        "control2",
        "control4"
      ],
      "anchors": [
        "control3"
      ]
    }
  },
  "flows": {
    "flow0": {
      "toContexts": [
        {
          "toContextId": "context0"
        }
      ]
    },
    "flow1": {
      "fromContextId": "context0",
      "fromAction": "click",
      "fromControlId": "control2",
      "toContexts": [
        {
          "toContextId": "context0"
        },
        {
          "toModelId": "grxx",
          "toContextId": "context0"
        }
      ]
    }
  },
  "pages": {
    "page0": {
      "contextId": "context0",
      "layout": [
        {
          "id": "uiControl1",
          "display": {
            "class": "navbar navbar-primary",
            "title": "图片选择",
            "type": "header",
            "adapterId": "header",
            "adapter": {
              "templateType": ""
            }
          },
          "layout": []
        },
        {
          "id": "uiControl5",
          "controlId": "control2",
          "display": {
            "adapterId": "clickable",
            "type": "button",
            "text": "",
            "class": "back-up-level",
            "adapter": {
              "templateType": ""
            }
          }
        },
        {
          "id": "uiControl0",
          "display": {
            "type": "card",
            "adapterId": "card",
            "class": "pic-content",
            "adapter": {
              "templateType": ""
            }
          },
          "layout": [
            {
              "id": "uiControl0body",
              "display": {
                "type": "cardBody",
                "adapterId": "cardBody",
                "adapter": {
                  "templateType": ""
                }
              },
              "layout": [
                {
                  "id": "uiControl2",
                  "controlId": "control0",
                  "display": {
                    "adapterId": "image_link",
                    "type": "image",
                    "adapter": {
                      "templateType": ""
                    }
                  }
                }
              ]
            }
          ]
        },
        {
          "id": "uiControl7",
          "display": {
            "type": "card",
            "adapterId": "card",
            "class": "alert-content",
            "adapter": {
              "templateType": ""
            }
          },
          "layout": [
            {
              "id": "uiControl7body",
              "display": {
                "type": "cardBody",
                "adapterId": "cardBody",
                "adapter": {
                  "templateType": ""
                }
              },
              "layout": [
                {
                  "id": "uiControl6",
                  "controlId": "control4",
                  "display": {
                    "adapterId": "fragment",
                    "type": "fragment",
                    "class": "alert-info",
                    "adapter": {
                      "templateType": ""
                    }
                  }
                }
              ]
            }
          ]
        },
        {
          "id": "uiControl3",
          "display": {
            "type": "card",
            "adapterId": "card",
            "class": "bt-group",
            "adapter": {
              "templateType": ""
            }
          },
          "layout": [
            {
              "id": "uiControl3body",
              "display": {
                "type": "cardBody",
                "adapterId": "cardBody",
                "adapter": {
                  "templateType": ""
                }
              },
              "layout": [
                {
                  "id": "uiControl4",
                  "controlId": "control1",
                  "display": {
                    "adapterId": "clickable",
                    "type": "button",
                    "adapter": {
                      "templateType": ""
                    }
                  }
                }
              ]
            }
          ]
        }
      ]
    }
  },
  "matchers": {
    "page/title": {
      "contexts": {
        "context0": [
          "正方软件-离校系统"
        ]
      }
    },
    "page/urls": {
      "contexts": {
        "context0": [
          "117.35.118.203/lxxt/lxgl/zzfw/zzbl/qrxx.html"
        ]
      }
    },
    "page/ids": {
      "contexts": {
        "context0": [
          [
            "content_lxxt_xsxx",
            "content_lxxt_xsxx_zxxx",
            "csrq",
            "hkszd",
            "jg",
            "jtdz",
            "mzdm",
            "qqhm",
            "sfzh",
            "sjhm",
            "syszd",
            "xh",
            "xm",
            "xsxxForm",
            "xszp",
            "xszpPath",
            "zdybdcon_table_lxxt_xsxx_update",
            "zdybdcon_table_lxxt_xsxx_zxxx_info",
            "zdybdfl_lxxt_xsxx_update",
            "zdybdfl_lxxt_xsxx_zxxx_info",
            "zgh",
            "zzmmdm"
          ],
          [
            "content_lxxt_xsxx",
            "content_lxxt_xsxx_zxxx",
            "csrq",
            "hkszd",
            "jg",
            "jtdz",
            "ldg_lockmask",
            "mzdm",
            "qqhm",
            "sfzh",
            "sjhm",
            "syszd",
            "xh",
            "xm",
            "xsxxForm",
            "xszp",
            "xszpPath",
            "zdybdcon_table_lxxt_xsxx_update",
            "zdybdcon_table_lxxt_xsxx_zxxx_info",
            "zdybdfl_lxxt_xsxx_update",
            "zdybdfl_lxxt_xsxx_zxxx_info",
            "zgh",
            "zzmmdm"
          ]
        ]
      }
    },
    "page/classes": {
      "contexts": {
        "context0": [
          [
            "_b",
            "_t",
            "ba",
            "con",
            "e",
            "e_info",
            "foot",
            "formli",
            "h_tit",
            "head",
            "ible ui_",
            "jx",
            "logo",
            "next",
            "next_btn",
            "photo_up",
            "red",
            "t",
            "tate_focu",
            "tate_vi",
            "tb",
            "text_nor",
            "ui_b",
            "ui_border ui_",
            "ui_button",
            "ui_c",
            "ui_clo",
            "ui_content",
            "ui_dialog",
            "ui_icon",
            "ui_inner",
            "ui_l",
            "ui_lb",
            "ui_loading",
            "ui_lt",
            "ui_main",
            "ui_max",
            "ui_max_b",
            "ui_min",
            "ui_min_b",
            "ui_r",
            "ui_rb",
            "ui_re",
            "ui_rt",
            "ui_t",
            "ui_title",
            "ui_title_bar",
            "ui_title_button"
          ],
          [
            " ui_",
            "_b",
            "_t",
            "ba",
            "con",
            "e",
            "e_info",
            "foot",
            "formli",
            "h_tit",
            "head",
            "ible ui_",
            "jx",
            "logo",
            "next",
            "next_btn",
            "photo_up",
            "red",
            "t",
            "tate_focu",
            "tate_full",
            "tate_lock",
            "tate_vi",
            "tb",
            "text_nor",
            "ui_b",
            "ui_border",
            "ui_border ui_",
            "ui_button",
            "ui_c",
            "ui_clo",
            "ui_content",
            "ui_content ui_",
            "ui_dialog",
            "ui_icon",
            "ui_inner",
            "ui_l",
            "ui_lb",
            "ui_loading",
            "ui_lt",
            "ui_main",
            "ui_max",
            "ui_max_b",
            "ui_min",
            "ui_min_b",
            "ui_r",
            "ui_rb",
            "ui_re",
            "ui_rt",
            "ui_t",
            "ui_title",
            "ui_title_bar",
            "ui_title_button"
          ],
          [
            " ui_",
            "_b",
            "_t",
            "ba",
            "con",
            "e",
            "e_info",
            "foot",
            "formli",
            "h_tit",
            "head",
            "ible",
            "ible ui_",
            "jx",
            "logo",
            "next",
            "next_btn",
            "photo_up",
            "red",
            "t",
            "tate_focu",
            "tate_full",
            "tate_lock",
            "tate_vi",
            "tb",
            "text_nor",
            "ui_b",
            "ui_border ui_",
            "ui_button",
            "ui_c",
            "ui_clo",
            "ui_content",
            "ui_content ui_",
            "ui_dialog",
            "ui_icon",
            "ui_inner",
            "ui_l",
            "ui_lb",
            "ui_loading",
            "ui_lt",
            "ui_main",
            "ui_max",
            "ui_max_b",
            "ui_min",
            "ui_min_b",
            "ui_r",
            "ui_rb",
            "ui_re",
            "ui_rt",
            "ui_t",
            "ui_title",
            "ui_title_bar",
            "ui_title_button"
          ]
        ]
      }
    },
    "page/tagTriplets": {
      "contexts": {
        "context0": [
          [
            "-/-/DIV",
            "-/-/FORM",
            "-/DIV/TABLE",
            "-/FORM/DIV",
            "-/FORM/INPUT-hidden",
            "DIV/A/B",
            "DIV/A/IMG",
            "DIV/DIV/A",
            "DIV/DIV/BUTTON",
            "DIV/DIV/DIV",
            "DIV/DIV/H3",
            "DIV/DIV/IMG",
            "DIV/DIV/INPUT-hidden",
            "DIV/DIV/SPAN",
            "DIV/DIV/TABLE",
            "DIV/H4/DIV",
            "DIV/H4/P",
            "DIV/P/BUTTON",
            "DIV/TABLE/TBODY",
            "DIV/TABLE/THEAD",
            "FORM/DIV/DIV",
            "FORM/DIV/H2",
            "FORM/DIV/H4",
            "FORM/DIV/P",
            "H4/DIV/A",
            "H4/DIV/IMG",
            "H4/P/SPAN",
            "P/SPAN/A",
            "SPAN/LABEL/INPUT-radio",
            "TABLE/TBODY/TR",
            "TABLE/THEAD/TR",
            "TBODY/TR/TD",
            "TBODY/TR/TH",
            "TD/DIV/DIV",
            "TD/DIV/TABLE",
            "TD/SELECT/OPTION",
            "TD/SPAN/LABEL",
            "THEAD/TR/TH",
            "TR/TD/DIV",
            "TR/TD/INPUT-hidden",
            "TR/TD/INPUT-text",
            "TR/TD/SELECT",
            "TR/TD/SPAN",
            "TR/TH/SPAN"
          ],
          [
            "-/-/DIV",
            "-/-/FORM",
            "-/DIV/TABLE",
            "-/FORM/DIV",
            "-/FORM/INPUT-hidden",
            "DIV/A/B",
            "DIV/A/IMG",
            "DIV/DIV/A",
            "DIV/DIV/BUTTON",
            "DIV/DIV/DIV",
            "DIV/DIV/H3",
            "DIV/DIV/IMG",
            "DIV/DIV/INPUT-hidden",
            "DIV/DIV/SPAN",
            "DIV/DIV/TABLE",
            "DIV/H4/DIV",
            "DIV/H4/P",
            "DIV/P/BUTTON",
            "DIV/TABLE/TBODY",
            "DIV/TABLE/THEAD",
            "FORM/DIV/DIV",
            "FORM/DIV/H2",
            "FORM/DIV/H4",
            "FORM/DIV/P",
            "H4/DIV/A",
            "H4/DIV/IMG",
            "H4/P/SPAN",
            "P/SPAN/A",
            "SPAN/LABEL/INPUT-radio",
            "TABLE/TBODY/TR",
            "TABLE/THEAD/TR",
            "TBODY/TR/TD",
            "TBODY/TR/TH",
            "TD/DIV/DIV",
            "TD/DIV/IFRAME",
            "TD/DIV/TABLE",
            "TD/SELECT/OPTION",
            "TD/SPAN/LABEL",
            "THEAD/TR/TH",
            "TR/TD/DIV",
            "TR/TD/INPUT-hidden",
            "TR/TD/INPUT-text",
            "TR/TD/SELECT",
            "TR/TD/SPAN",
            "TR/TH/SPAN"
          ]
        ]
      }
    }
  }
}
