{
  "version": "0.1",
  "id": "c_index",
  "targetURL": "http://117.35.118.209/xs_main.aspx?xh=121111",
  "jsFile": "../../lib/base.js,../../lib/customTemplate.js,index.js",
  "cssFile": "../../lib/base.css,index.css",
  "requires": {
    "xs_zytj": "../xs_zytj/index.json",
    "xs_xsgrkb": "../xs_xsgrkb/index.json",
    "xs_mmxg": "../xs_mmxg/index.json",
    "Rank_test_query": "../Rank_test_query/index.json",
    "Student_exam_query": "../Student_exam_query/index.json",
    "trainplan": "../trainplan/index.json"
  },
  "chineseName": "学生--首页",
  "description": "",
  "controls": {
    "control0": {
      "location": {
        "data": {
          "tagName": "BODY"
        },
        "locators": [
          {
            "id": "@class/word",
            "prob": 1,
            "value": "HTML.main_html BODY.mainbody"
          },
          {
            "id": "path/ordinal",
            "prob": 1,
            "ordinal": [
              0,
              2
            ],
            "value": "/HTML[1]/BODY[1]"
          },
          {
            "id": "style/color",
            "value": [
              17,
              68,
              158
            ]
          },
          {
            "id": "shield",
            "value": {
              "zIndex": "auto",
              "width": 1142,
              "height": 649
            }
          }
        ]
      },
      "events": {
        "onGetData": "getData_control0"
      },
      "intendedRole": "custom",
      "roles": "element,custom",
      "monitored": false
    },
    "control2": {
      "location": {
        "data": {
          "tagName": "TABLE"
        },
        "locators": [
          {
            "id": "text",
            "prob": 3,
            "value": {
              "text": [
                "公告标题发布单位发布时间有效期限 欢迎使用西安培华学院教务管理系统教务处2015-12-22 15:12:152018-12-31"
              ],
              "visText": [
                "公告标题 发布单位 发布时间 有效期限 欢迎使用西安培华学院教务管理系统 教务处 2015-12-22 15:12:15 2018-12-31"
              ]
            }
          },
          {
            "id": "@id/partialWord",
            "prob": 1,
            "disabled": true,
            "value": {
              "elemId": "DataList1",
              "tagName": "TABLE",
              "prefix": "",
              "suffix": "/TBODY[1]/TR[1]/TD[1]/DIV[1]/DIV[1]",
              "ratio": 0.368
            }
          },
          {
            "id": "@class/word",
            "prob": 1,
            "value": "DIV.movebox DIV.movebox_con TABLE.datelist"
          },
          {
            "id": "path/ordinal",
            "prob": 1,
            "value": "/HTML[1]/BODY[1]/FORM[1]/DIV[1]/DIV[1]/SPAN[1]/DIV[1]/TABLE[1]/TBODY[1]/TR[1]/TD[1]/DIV[1]/DIV[1]/TABLE[1]"
          },
          {
            "id": "style/color",
            "value": [
              17,
              68,
              158
            ]
          },
          {
            "id": "shield",
            "value": {
              "zIndex": "auto",
              "width": 1080,
              "height": 51
            }
          }
        ]
      },
      "events": {
        "onGetData": "getData_control2"
      },
      "intendedRole": "custom",
      "roles": "element,link,custom",
      "monitored": false,
      "frameXPath": "//iframe[@name='zhuti'][@id='iframeautoheight']<<IFRAME>>"
    },
    "control3": {
      "location": {
        "data": {
          "tagName": "LI"
        },
        "locators": [
          {
            "id": "button/text",
            "prob": 3,
            "value": {
              "text": [
                "活动报名网上报名"
              ],
              "visText": [
                "活动报名网上报名"
              ]
            }
          },
          {
            "id": "text",
            "prob": 3,
            "value": {
              "text": [
                "活动报名网上报名"
              ],
              "visText": [
                "活动报名 网上报名"
              ]
            }
          },
          {
            "id": "@id/word",
            "prob": 2,
            "value": [
              "descendant::DIV[@id=\"bodyDiv\"]//DIV[@id=\"headDiv\"]/UL[1]/LI[2]",
              "descendant::DIV[@id=\"headDiv\"]/UL[1]/LI[2]"
            ]
          },
          {
            "id": "@class/word",
            "prob": 1,
            "ordinal": [
              1,
              8
            ],
            "value": "BODY.mainbody UL.nav LI.top"
          },
          {
            "id": "path/ordinal",
            "prob": 1,
            "value": "/HTML[1]/BODY[1]/DIV[1]/DIV[1]/UL[1]/LI[2]"
          },
          {
            "id": "style/color",
            "value": [
              17,
              68,
              158
            ]
          },
          {
            "id": "shield",
            "value": {
              "zIndex": "auto",
              "width": 93,
              "height": 25
            }
          }
        ]
      },
      "events": {
        "onGetData": "getData_control3"
      },
      "intendedRole": "custom",
      "roles": "element,custom",
      "monitored": false
    },
    "control4": {
      "location": {
        "data": {
          "tagName": "LI"
        },
        "locators": [
          {
            "id": "button/text",
            "prob": 3,
            "value": {
              "text": [
                "教学质量评价信息员意见反馈教学质量评价"
              ],
              "visText": [
                "教学质量评价信息员意见反馈教学质量评价"
              ]
            }
          },
          {
            "id": "text",
            "prob": 3,
            "value": {
              "text": [
                "教学质量评价信息员意见反馈教学质量评价"
              ],
              "visText": [
                "教学质量评价 信息员意见反馈 教学质量评价"
              ]
            }
          },
          {
            "id": "@id/word",
            "prob": 2,
            "value": [
              "descendant::DIV[@id=\"bodyDiv\"]//DIV[@id=\"headDiv\"]/UL[1]/LI[3]",
              "descendant::DIV[@id=\"headDiv\"]/UL[1]/LI[3]"
            ]
          },
          {
            "id": "@class/word",
            "prob": 1,
            "ordinal": [
              2,
              8
            ],
            "value": "BODY.mainbody UL.nav LI.top"
          },
          {
            "id": "path/ordinal",
            "prob": 1,
            "value": "/HTML[1]/BODY[1]/DIV[1]/DIV[1]/UL[1]/LI[3]"
          },
          {
            "id": "style/color",
            "value": [
              17,
              68,
              158
            ]
          },
          {
            "id": "shield",
            "value": {
              "zIndex": "auto",
              "width": 119,
              "height": 25
            }
          }
        ]
      },
      "events": {
        "onGetData": "getData_control4"
      },
      "intendedRole": "custom",
      "roles": "element,custom",
      "monitored": false
    },
    "control5": {
      "location": {
        "data": {
          "tagName": "LI"
        },
        "locators": [
          {
            "id": "button/text",
            "prob": 3,
            "value": {
              "text": [
                "信息维护个人信息密码修改"
              ],
              "visText": [
                "信息维护个人信息密码修改"
              ]
            }
          },
          {
            "id": "text",
            "prob": 3,
            "value": {
              "text": [
                "信息维护个人信息密码修改"
              ],
              "visText": [
                "信息维护 个人信息 密码修改"
              ]
            }
          },
          {
            "id": "@id/word",
            "prob": 2,
            "value": [
              "descendant::DIV[@id=\"bodyDiv\"]//DIV[@id=\"headDiv\"]/UL[1]/LI[4]",
              "descendant::DIV[@id=\"headDiv\"]/UL[1]/LI[4]"
            ]
          },
          {
            "id": "@class/word",
            "prob": 1,
            "ordinal": [
              3,
              8
            ],
            "value": "BODY.mainbody UL.nav LI.top"
          },
          {
            "id": "path/ordinal",
            "prob": 1,
            "value": "/HTML[1]/BODY[1]/DIV[1]/DIV[1]/UL[1]/LI[4]"
          },
          {
            "id": "style/color",
            "value": [
              17,
              68,
              158
            ]
          },
          {
            "id": "shield",
            "value": {
              "zIndex": "auto",
              "width": 93,
              "height": 25
            }
          }
        ]
      },
      "events": {
        "onGetData": "getData_control5"
      },
      "intendedRole": "custom",
      "roles": "element,custom",
      "monitored": false
    },
    "control6": {
      "location": {
        "data": {
          "tagName": "LI"
        },
        "locators": [
          {
            "id": "button/text",
            "prob": 3,
            "value": {
              "text": [
                "信息查询专业推荐课表查询学生个人课表学生考试查询等级考试查询培养计划成绩查询"
              ],
              "visText": [
                "信息查询专业推荐课表查询学生个人课表学生考试查询等级考试查询培养计划成绩查询"
              ]
            }
          },
          {
            "id": "text",
            "prob": 3,
            "value": {
              "text": [
                "信息查询专业推荐课表查询学生个人课表学生考试查询等级考试查询培养计划成绩查询"
              ],
              "visText": [
                "信息查询 专业推荐课表查询 学生个人课表 学生考试查询 等级考试查询 培养计划 成绩查询"
              ]
            }
          },
          {
            "id": "@id/word",
            "prob": 2,
            "value": [
              "descendant::DIV[@id=\"bodyDiv\"]//DIV[@id=\"headDiv\"]/UL[1]/LI[5]",
              "descendant::DIV[@id=\"headDiv\"]/UL[1]/LI[5]"
            ]
          },
          {
            "id": "@class/word",
            "prob": 1,
            "ordinal": [
              4,
              8
            ],
            "value": "BODY.mainbody UL.nav LI.top"
          },
          {
            "id": "path/ordinal",
            "prob": 1,
            "value": "/HTML[1]/BODY[1]/DIV[1]/DIV[1]/UL[1]/LI[5]"
          },
          {
            "id": "style/color",
            "value": [
              17,
              68,
              158
            ]
          },
          {
            "id": "shield",
            "value": {
              "zIndex": "auto",
              "width": 93,
              "height": 25
            }
          }
        ]
      },
      "events": {
        "onGetData": "getData_control6"
      },
      "intendedRole": "custom",
      "roles": "element,custom",
      "monitored": false
    },
    "control7": {
      "location": {
        "data": {
          "tagName": "H2"
        },
        "locators": [
          {
            "id": "button/text",
            "prob": 3,
            "value": {
              "text": [
                "相关新闻"
              ],
              "visText": [
                "相关新闻"
              ]
            }
          },
          {
            "id": "text",
            "prob": 3,
            "value": {
              "text": [
                "相关新闻"
              ],
              "visText": [
                "相关新闻"
              ]
            }
          },
          {
            "id": "@id/partialWord",
            "prob": 1,
            "disabled": true,
            "value": {
              "elemId": "DataList1",
              "tagName": "TABLE",
              "prefix": "",
              "suffix": "/TBODY[1]/TR[1]/TD[1]/DIV[1]",
              "ratio": 0.368
            }
          },
          {
            "id": "@class/word",
            "prob": 1,
            "value": "SPAN.formbox DIV.portallet DIV.movebox H2"
          },
          {
            "id": "path/ordinal",
            "prob": 1,
            "value": "/HTML[1]/BODY[1]/FORM[1]/DIV[1]/DIV[1]/SPAN[1]/DIV[1]/TABLE[1]/TBODY[1]/TR[1]/TD[1]/DIV[1]/H2[1]"
          },
          {
            "id": "style/color",
            "value": [
              17,
              68,
              158
            ]
          },
          {
            "id": "shield",
            "value": {
              "zIndex": "auto",
              "width": 1082,
              "height": 20
            }
          }
        ]
      },
      "roles": "element",
      "content": true,
      "monitored": false,
      "frameXPath": "//iframe[@name='zhuti'][@id='iframeautoheight']<<IFRAME>>"
    }
  },
  "contexts": {
    "context0": {
      "controls": [
        "control0",
        "control2",
        "control3",
        "control4",
        "control5",
        "control6",
        "control7"
      ],
      "anchors": []
    }
  },
  "flows": {
    "flow0": {
      "toContexts": [
        {
          "toContextId": "context0"
        }
      ]
    },
    "flow1": {
      "fromContextId": "context0",
      "fromAction": "click",
      "fromControlId": "control6",
      "toContexts": [
        {
          "toModelId": "xs_zytj",
          "toContextId": "context0"
        },
        {
          "toModelId": "xs_xsgrkb",
          "toContextId": "context0"
        },
        {
          "toModelId": "Rank_test_query",
          "toContextId": "context0"
        },
        {
          "toModelId": "Student_exam_query",
          "toContextId": "context0"
        },
        {
          "toModelId": "trainplan",
          "toContextId": "context0"
        },
        {
          "toContextId": "context0"
        }
      ]
    },
    "flow2": {
      "fromContextId": "context0",
      "fromAction": "click",
      "fromControlId": "control5",
      "toContexts": [
        {
          "toModelId": "xs_mmxg",
          "toContextId": "context0"
        },
        {
          "toContextId": "context0"
        }
      ]
    }
  },
  "pages": {
    "page0": {
      "contextId": "context0",
      "layout": [
        {
          "id": "uiControl0",
          "display": {
            "class": "header",
            "title": "教务管理系统",
            "type": "header",
            "adapterId": "header",
            "adapter": {
              "templateType": ""
            }
          },
          "layout": []
        },
        {
          "id": "uiControl1",
          "controlId": "control0",
          "display": {
            "adapterId": "custom",
            "type": "custom",
            "adapter": {
              "templateType": "react",
              "events": {
                "onDoAction": "doAction_uiControl1",
                "onGetTemplate": "getTemplate_uiControl1"
              }
            }
          }
        },
        {
          "id": "uiControl12",
          "controlId": "control7",
          "display": {
            "adapterId": "content",
            "type": "content",
            "class": "title-index",
            "text": "相关新闻\t\t\t\t\t\t\t\t\t\t\t\t\t",
            "adapter": {
              "templateType": ""
            }
          }
        },
        {
          "id": "uiControl3",
          "controlId": "control2",
          "display": {
            "adapterId": "custom",
            "type": "custom",
            "adapter": {
              "templateType": "react",
              "events": {
                "onDoAction": "doAction_uiControl3",
                "onGetTemplate": "getTemplate_uiControl3"
              }
            }
          }
        },
        {
          "id": "uiControl4",
          "display": {
            "type": "accordion",
            "adapterId": "accordion",
            "adapter": {
              "templateType": ""
            }
          },
          "layout": [
            {
              "id": "uiControl4item",
              "display": {
                "title": "活动报名",
                "type": "accordionItem",
                "adapterId": "accordionItem",
                "adapter": {
                  "templateType": ""
                }
              },
              "layout": [
                {
                  "id": "uiControl5",
                  "controlId": "control3",
                  "display": {
                    "adapterId": "custom",
                    "type": "custom",
                    "adapter": {
                      "templateType": "react",
                      "events": {
                        "onDoAction": "doAction_uiControl5",
                        "onGetTemplate": "getTemplate_uiControl5"
                      }
                    }
                  }
                }
              ]
            }
          ]
        },
        {
          "id": "uiControl6",
          "display": {
            "type": "accordion",
            "adapterId": "accordion",
            "adapter": {
              "templateType": ""
            }
          },
          "layout": [
            {
              "id": "uiControl6item",
              "display": {
                "title": "教学质量评价",
                "type": "accordionItem",
                "adapterId": "accordionItem",
                "adapter": {
                  "templateType": ""
                }
              },
              "layout": [
                {
                  "id": "uiControl7",
                  "controlId": "control4",
                  "display": {
                    "adapterId": "custom",
                    "type": "custom",
                    "adapter": {
                      "templateType": "react",
                      "events": {
                        "onDoAction": "doAction_uiControl7",
                        "onGetTemplate": "getTemplate_uiControl7"
                      }
                    }
                  }
                }
              ]
            }
          ]
        },
        {
          "id": "uiControl8",
          "display": {
            "type": "accordion",
            "adapterId": "accordion",
            "adapter": {
              "templateType": ""
            }
          },
          "layout": [
            {
              "id": "uiControl8item",
              "display": {
                "title": "信息维护",
                "type": "accordionItem",
                "adapterId": "accordionItem",
                "adapter": {
                  "templateType": ""
                }
              },
              "layout": [
                {
                  "id": "uiControl9",
                  "controlId": "control5",
                  "display": {
                    "adapterId": "custom",
                    "type": "custom",
                    "adapter": {
                      "templateType": "react",
                      "events": {
                        "onDoAction": "doAction_uiControl9",
                        "onGetTemplate": "getTemplate_uiControl9"
                      }
                    }
                  }
                }
              ]
            }
          ]
        },
        {
          "id": "uiControl10",
          "display": {
            "type": "accordion",
            "adapterId": "accordion",
            "adapter": {
              "templateType": ""
            }
          },
          "layout": [
            {
              "id": "uiControl10item",
              "display": {
                "title": "信息查询",
                "type": "accordionItem",
                "adapterId": "accordionItem",
                "adapter": {
                  "templateType": ""
                }
              },
              "layout": [
                {
                  "id": "uiControl11",
                  "controlId": "control6",
                  "display": {
                    "adapterId": "custom",
                    "type": "custom",
                    "adapter": {
                      "templateType": "react",
                      "events": {
                        "onDoAction": "doAction_uiControl11",
                        "onGetTemplate": "getTemplate_uiControl11"
                      }
                    }
                  }
                }
              ]
            }
          ]
        }
      ]
    }
  },
  "matchers": {
    "page/title": {
      "contexts": {
        "context0": [
          "正方教务管理系统"
        ]
      }
    },
    "page/urls": {
      "contexts": {
        "context0": [
          "117.35.118.209/xs_main.aspx?xh=121111"
        ]
      }
    },
    "page/ids": {
      "contexts": {
        "context0": [
          [
            "Form",
            "Label",
            "bodyDiv",
            "dqwz",
            "footerDiv",
            "headDiv",
            "hidNJ",
            "hidXY",
            "hidZYDM",
            "iframeautoheight",
            "leftDiv",
            "likTc",
            "lj",
            "mainDiv",
            "rightDiv",
            "txtTimeStamp",
            "xhxm",
            "xsrs"
          ]
        ]
      }
    },
    "page/classes": {
      "contexts": {
        "context0": [
          [
            "btn-locate",
            "down",
            "footer",
            "head",
            "info",
            "location",
            "logo",
            "nav",
            "rightcontiframe",
            "tab",
            "top",
            "top_link",
            "ub"
          ],
          [
            "down",
            "footer",
            "head",
            "info",
            "location",
            "logo",
            "nav",
            "rightcontiframe",
            "tab",
            "top",
            "top_link",
            "ub"
          ]
        ]
      }
    },
    "page/tagTriplets": {
      "contexts": {
        "context0": [
          [
            "-/-/BUTTON",
            "-/-/DIV",
            "-/DIV/DIV",
            "DIV/DIV/DIV",
            "DIV/DIV/FORM",
            "DIV/DIV/H2",
            "DIV/DIV/H3",
            "DIV/DIV/IFRAME",
            "DIV/DIV/INPUT-hidden",
            "DIV/DIV/INPUT-null",
            "DIV/DIV/P",
            "DIV/DIV/SPAN",
            "DIV/DIV/UL",
            "DIV/FORM/DIV",
            "DIV/FORM/INPUT-hidden",
            "DIV/FORM/SCRIPT",
            "DIV/H2/IMG",
            "DIV/H3/IMG",
            "DIV/P/EM",
            "DIV/P/SPAN",
            "DIV/SPAN/A",
            "DIV/SPAN/SPAN",
            "DIV/UL/LI",
            "FORM/DIV/UL",
            "LI/A/SPAN",
            "LI/EM/SPAN",
            "LI/UL/LI",
            "P/EM/SPAN",
            "P/SPAN/FONT",
            "UL/LI/A",
            "UL/LI/EM",
            "UL/LI/SPAN",
            "UL/LI/UL"
          ],
          [
            "-/-/DIV",
            "-/DIV/DIV",
            "DIV/DIV/DIV",
            "DIV/DIV/FORM",
            "DIV/DIV/H2",
            "DIV/DIV/H3",
            "DIV/DIV/IFRAME",
            "DIV/DIV/INPUT-hidden",
            "DIV/DIV/INPUT-null",
            "DIV/DIV/P",
            "DIV/DIV/SPAN",
            "DIV/DIV/UL",
            "DIV/FORM/DIV",
            "DIV/FORM/INPUT-hidden",
            "DIV/FORM/SCRIPT",
            "DIV/H2/IMG",
            "DIV/H3/IMG",
            "DIV/P/EM",
            "DIV/P/SPAN",
            "DIV/SPAN/A",
            "DIV/SPAN/SPAN",
            "DIV/UL/LI",
            "FORM/DIV/UL",
            "LI/A/SPAN",
            "LI/EM/SPAN",
            "LI/UL/LI",
            "P/EM/SPAN",
            "P/SPAN/FONT",
            "UL/LI/A",
            "UL/LI/EM",
            "UL/LI/SPAN",
            "UL/LI/UL"
          ]
        ]
      }
    }
  }
}