{
  "version": "0.1",
  "id": "t_pjxb",
  "targetURL": "http://117.35.118.209/jspjxb.aspx?zgh=150229&xm=%B3%C2%C0%F6%BE%EA&gnmkdm=N122603",
  "jsFile": "../../lib/base.js,../../lib/customTemplate.js,index.js",
  "cssFile": "../../lib/base.css,index.css",
  "requires": {
    "login": "../login/index.json",
    "t_index": "../t_index/index.json"
  },
  "chineseName": "教师评教学班",
  "controls": {
    "control154": {
      "location": {
        "data": {
          "tagName": "DIV"
        },
        "locators": [
          {
            "id": "@id/partialWord",
            "prob": 1,
            "disabled": true,
            "value": {
              "elemId": "Form1",
              "tagName": "FORM",
              "prefix": "",
              "suffix": "/DIV[1]/DIV[1]/DIV[2]",
              "ratio": 0.873
            }
          },
          {
            "id": "@class/word",
            "prob": 1,
            "value": "DIV.main_box DIV.mid_box DIV.formbox"
          },
          {
            "id": "path/ordinal",
            "prob": 1,
            "value": "/HTML[1]/BODY[1]/FORM[1]/DIV[1]/DIV[1]/DIV[2]"
          },
          {
            "id": "style/color",
            "value": [
              17,
              68,
              158
            ]
          },
          {
            "id": "shield",
            "value": {
              "zIndex": "auto",
              "width": 1079.953125,
              "height": 471
            }
          }
        ]
      },
      "events": {
        "onGetData": "getData_control154"
      },
      "intendedRole": "custom",
      "roles": "element,custom",
      "monitored": false
    },
    "control155": {
      "location": {
        "data": {
          "tagName": "SELECT"
        },
        "locators": [
          {
            "id": "text",
            "prob": 3,
            "value": {
              "text": [
                "会展策划与组织 | (2016-2017-1)-320216-150229-1 | 新闻学1301 新闻法规与职业道德 | (2016-2017-1)-320087-150229-1 | 新闻学1301"
              ],
              "visText": [
                ""
              ]
            }
          },
          {
            "id": "elem/@name",
            "prob": 2,
            "value": "descendant::SELECT[@name=\"pjkc\"]"
          },
          {
            "id": "@id/word",
            "prob": 3,
            "value": "descendant::SELECT[@id=\"pjkc\"]"
          },
          {
            "id": "@class/word",
            "prob": 1,
            "ordinal": [
              0,
              11
            ],
            "value": "DIV.main_box DIV.mid_box DIV.formbox SELECT"
          },
          {
            "id": "path/ordinal",
            "prob": 1,
            "value": "/HTML[1]/BODY[1]/FORM[1]/DIV[1]/DIV[1]/DIV[2]/SELECT[1]"
          },
          {
            "id": "input/type",
            "verifyEnabled": true,
            "value": "select-one"
          },
          {
            "id": "shield",
            "value": {
              "zIndex": "auto",
              "width": 437,
              "height": 19
            }
          }
        ]
      },
      "intendedRole": "listbox",
      "roles": "element,listbox",
      "monitored": true
    },
    "control156": {
      "location": {
        "data": {
          "tagName": "LEGEND"
        },
        "locators": [
          {
            "id": "button/text",
            "prob": 3,
            "value": {
              "text": [
                "其他评价与建议（限100字，可不填）："
              ],
              "visText": [
                "其他评价与建议（限100字，可不填）："
              ]
            }
          },
          {
            "id": "text",
            "prob": 3,
            "value": {
              "text": [
                "其他评价与建议（限100字，可不填）："
              ],
              "visText": [
                "其他评价与建议（限100字，可不填）："
              ]
            }
          },
          {
            "id": "@id/partialWord",
            "prob": 1,
            "disabled": true,
            "value": {
              "elemId": "Table2",
              "tagName": "TABLE",
              "prefix": "",
              "suffix": "/TBODY[1]/TR[2]/TD[1]/FIELDSET[1]/LEGEND[1]",
              "ratio": 0.693
            }
          },
          {
            "id": "path/ordinal",
            "prob": 1,
            "value": "/HTML[1]/BODY[1]/FORM[1]/DIV[1]/DIV[1]/DIV[2]/TABLE[1]/TBODY[1]/TR[2]/TD[1]/FIELDSET[1]/LEGEND[1]"
          },
          {
            "id": "style/color",
            "value": [
              17,
              68,
              158
            ]
          },
          {
            "id": "elderLevel",
            "value": {
              "level": 0
            }
          },
          {
            "id": "shield",
            "value": {
              "zIndex": "auto",
              "width": 235,
              "height": 15
            }
          }
        ]
      },
      "roles": "element",
      "content": true,
      "monitored": false
    },
    "control157": {
      "location": {
        "data": {
          "tagName": "TEXTAREA"
        },
        "locators": [
          {
            "id": "elem/@name",
            "prob": 2,
            "value": "descendant::TEXTAREA[@name=\"pjxx\"]"
          },
          {
            "id": "@id/word",
            "prob": 3,
            "value": "descendant::TEXTAREA[@id=\"pjxx\"]"
          },
          {
            "id": "@class/word",
            "prob": 1,
            "value": "DIV.mid_box DIV.formbox TEXTAREA.text_nor"
          },
          {
            "id": "path/ordinal",
            "prob": 1,
            "value": "/HTML[1]/BODY[1]/FORM[1]/DIV[1]/DIV[1]/DIV[2]/TABLE[1]/TBODY[1]/TR[2]/TD[1]/FIELDSET[1]/TEXTAREA[1]"
          },
          {
            "id": "input/type",
            "verifyEnabled": true,
            "value": "textarea"
          },
          {
            "id": "elderLevel",
            "value": {
              "level": 0
            }
          },
          {
            "id": "shield",
            "value": {
              "zIndex": "auto",
              "width": 159,
              "height": 32
            }
          }
        ]
      },
      "intendedRole": "textbox",
      "roles": "element,textbox",
      "monitored": true
    },
    "control158": {
      "location": {
        "data": {
          "tagName": "INPUT"
        },
        "locators": [
          {
            "id": "input/@value",
            "prob": 1,
            "value": {
              "text": [
                "保  存"
              ]
            }
          },
          {
            "id": "input/button/@value",
            "prob": 3,
            "value": {
              "text": [
                "保  存"
              ]
            }
          },
          {
            "id": "elem/@name",
            "prob": 1,
            "value": "descendant::INPUT[@name=\"Button1\"]"
          },
          {
            "id": "@class/word",
            "prob": 1,
            "ordinal": [
              0,
              2
            ],
            "value": "EM.footbox_con SPAN.footbutton INPUT.button"
          },
          {
            "id": "path/ordinal",
            "prob": 1,
            "value": "/HTML[1]/BODY[1]/FORM[1]/DIV[1]/DIV[1]/DIV[3]/EM[1]/SPAN[2]/INPUT[4]"
          },
          {
            "id": "input/type",
            "verifyEnabled": true,
            "value": "submit"
          },
          {
            "id": "elderLevel",
            "value": {
              "level": 0
            }
          },
          {
            "id": "shield",
            "value": {
              "zIndex": "auto",
              "width": 51.609375,
              "height": 20
            }
          }
        ]
      },
      "intendedRole": "button",
      "roles": "element,button",
      "monitored": false
    },
    "control159": {
      "location": {
        "data": {
          "tagName": "INPUT"
        },
        "locators": [
          {
            "id": "input/@value",
            "prob": 1,
            "value": {
              "text": [
                "提  交"
              ]
            }
          },
          {
            "id": "input/button/@value",
            "prob": 3,
            "value": {
              "text": [
                "提  交"
              ]
            }
          },
          {
            "id": "elem/@name",
            "prob": 1,
            "value": "descendant::INPUT[@name=\"Button2\"]"
          },
          {
            "id": "@class/word",
            "prob": 1,
            "ordinal": [
              1,
              2
            ],
            "value": "EM.footbox_con SPAN.footbutton INPUT.button"
          },
          {
            "id": "path/ordinal",
            "prob": 1,
            "value": "/HTML[1]/BODY[1]/FORM[1]/DIV[1]/DIV[1]/DIV[3]/EM[1]/SPAN[2]/INPUT[5]"
          },
          {
            "id": "input/type",
            "verifyEnabled": true,
            "value": "submit"
          },
          {
            "id": "elderLevel",
            "value": {
              "level": 0
            }
          },
          {
            "id": "shield",
            "value": {
              "zIndex": "auto",
              "width": 51.609375,
              "height": 20
            }
          }
        ]
      },
      "intendedRole": "button",
      "roles": "element,button",
      "monitored": false
    },
    "control160": {
      "location": {
        "data": {
          "tagName": "FIELDSET"
        },
        "locators": [
          {
            "id": "@id/partialWord",
            "prob": 1,
            "disabled": true,
            "value": {
              "elemId": "Table2",
              "tagName": "TABLE",
              "prefix": "",
              "suffix": "/TBODY[1]/TR[1]/TD[1]/FIELDSET[1]",
              "ratio": 0.693
            }
          },
          {
            "id": "@class/word",
            "prob": 1,
            "ordinal": [
              0,
              2
            ],
            "value": "DIV.main_box DIV.mid_box DIV.formbox TABLE TBODY TR TD FIELDSET"
          },
          {
            "id": "path/ordinal",
            "prob": 1,
            "value": "/HTML[1]/BODY[1]/FORM[1]/DIV[1]/DIV[1]/DIV[2]/TABLE[1]/TBODY[1]/TR[1]/TD[1]/FIELDSET[1]"
          },
          {
            "id": "style/color",
            "value": [
              17,
              68,
              158
            ]
          },
          {
            "id": "input/type",
            "verifyEnabled": true,
            "value": "fieldset"
          },
          {
            "id": "shield",
            "value": {
              "zIndex": "auto",
              "width": 800,
              "height": 304
            }
          }
        ]
      },
      "events": {
        "onGetData": "getData_control160"
      },
      "intendedRole": "custom",
      "roles": "element,custom",
      "monitored": true
    },
    "control161": {
      "location": {
        "data": {
          "tagName": "SPAN"
        },
        "locators": [
          {
            "id": "button/text",
            "prob": 3,
            "value": {
              "text": [
                "评价指标"
              ],
              "visText": [
                "评价指标"
              ]
            }
          },
          {
            "id": "text",
            "prob": 3,
            "value": {
              "text": [
                "评价指标"
              ],
              "visText": [
                "评价指标"
              ]
            }
          },
          {
            "id": "@id/word",
            "prob": 3,
            "value": "descendant::SPAN[@id=\"lblTbName\"]"
          },
          {
            "id": "path/ordinal",
            "prob": 1,
            "value": "/HTML[1]/BODY[1]/FORM[1]/DIV[1]/DIV[1]/DIV[2]/TABLE[1]/TBODY[1]/TR[1]/TD[1]/FIELDSET[1]/LEGEND[1]/SPAN[1]"
          },
          {
            "id": "style/color",
            "value": [
              17,
              68,
              158
            ]
          },
          {
            "id": "elderLevel",
            "value": {
              "level": 0
            }
          },
          {
            "id": "shield",
            "value": {
              "zIndex": "auto",
              "width": 52,
              "height": 15
            }
          }
        ]
      },
      "roles": "element",
      "text": "评价指标"
    }
  },
  "contexts": {
    "context1": {
      "controls": [
        "control154",
        "control155",
        "control156",
        "control157",
        "control158",
        "control159",
        "control160"
      ],
      "anchors": [
        "control161"
      ]
    }
  },
  "flows": {
    "flow11": {
      "toContexts": [
        {
          "toContextId": "context1"
        },
        {
          "toContextId": "context0",
          "toModelId": "t_index"
        }
      ]
    }
  },
  "pages": {
    "page1": {
      "contextId": "context1",
      "layout": [
        {
          "id": "uiControl0",
          "display": {
            "class": "header",
            "title": "评教学班",
            "type": "header",
            "adapterId": "header",
            "adapter": {
              "templateType": ""
            }
          },
          "layout": []
        },
        {
          "id": "uiControl267",
          "controlId": "control154",
          "display": {
            "adapterId": "custom",
            "type": "custom",
            "adapter": {
              "templateType": "react",
              "events": {
                "onDoAction": "doAction_uiControl267",
                "onGetTemplate": "getTemplate_uiControl267"
              }
            }
          }
        },
        {
          "id": "uiControl263",
          "display": {
            "type": "card",
            "adapterId": "card",
            "class": "pjxb-body",
            "adapter": {
              "templateType": ""
            }
          },
          "layout": [
            {
              "id": "uiControl263body",
              "display": {
                "type": "cardBody",
                "adapterId": "cardBody",
                "adapter": {
                  "templateType": ""
                }
              },
              "layout": [
                {
                  "id": "uiControl264",
                  "display": {
                    "text": "不断提高教学质量，是您和我们共同的期盼，您的评价对提高学校教学质量和维护您自身的权益都将起到重要的作用。     请您给课堂教学质量按下列指标评价。谢谢。",
                    "type": "content",
                    "adapterId": "staticContent",
                    "class": "top-tip",
                    "adapter": {
                      "templateType": ""
                    }
                  }
                },
                {
                  "id": "uiControl265",
                  "display": {
                    "type": "card",
                    "adapterId": "card",
                    "class": "choose",
                    "adapter": {
                      "templateType": ""
                    }
                  },
                  "layout": [
                    {
                      "id": "uiControl265body",
                      "display": {
                        "type": "cardBody",
                        "adapterId": "cardBody",
                        "adapter": {
                          "templateType": ""
                        }
                      },
                      "layout": [
                        {
                          "id": "uiControl266",
                          "display": {
                            "text": "评价课程名称：",
                            "type": "content",
                            "adapterId": "staticContent",
                            "adapter": {
                              "templateType": ""
                            }
                          }
                        },
                        {
                          "id": "uiControl268",
                          "controlId": "control155",
                          "display": {
                            "adapterId": "listbox",
                            "type": "listbox",
                            "adapter": {
                              "templateType": ""
                            }
                          }
                        }
                      ]
                    }
                  ]
                },
                {
                  "id": "uiControl269",
                  "display": {
                    "type": "card",
                    "adapterId": "card",
                    "class": "detail",
                    "adapter": {
                      "templateType": ""
                    }
                  },
                  "layout": [
                    {
                      "id": "uiControl269body",
                      "display": {
                        "type": "cardBody",
                        "adapterId": "cardBody",
                        "adapter": {
                          "templateType": ""
                        }
                      },
                      "layout": [
                        {
                          "id": "uiControl278",
                          "controlId": "control160",
                          "display": {
                            "adapterId": "custom",
                            "type": "custom",
                            "adapter": {
                              "templateType": "react",
                              "events": {
                                "onDoAction": "doAction_uiControl278",
                                "onGetTemplate": "getTemplate_uiControl278"
                              }
                            }
                          }
                        }
                      ]
                    }
                  ]
                },
                {
                  "id": "uiControl271",
                  "display": {
                    "type": "card",
                    "adapterId": "card",
                    "class": "pj",
                    "adapter": {
                      "templateType": ""
                    }
                  },
                  "layout": [
                    {
                      "id": "uiControl271body",
                      "display": {
                        "type": "cardBody",
                        "adapterId": "cardBody",
                        "adapter": {
                          "templateType": ""
                        }
                      },
                      "layout": [
                        {
                          "id": "uiControl272",
                          "controlId": "control156",
                          "display": {
                            "adapterId": "content",
                            "type": "content",
                            "class": "hd",
                            "adapter": {
                              "templateType": ""
                            }
                          }
                        },
                        {
                          "id": "uiControl273",
                          "controlId": "control157",
                          "display": {
                            "adapterId": "textbox",
                            "type": "textbox",
                            "class": "bd",
                            "adapter": {
                              "templateType": ""
                            }
                          }
                        }
                      ]
                    }
                  ]
                },
                {
                  "id": "uiControl274",
                  "display": {
                    "text": "注意：在教学评价时需要每评价一门教学班保存一次，最后全评完了才能提交数据。一次必须全部评完，否则评价数据无效。",
                    "type": "content",
                    "adapterId": "staticContent",
                    "class": "notice",
                    "adapter": {
                      "templateType": ""
                    }
                  }
                }
              ]
            }
          ]
        },
        {
          "id": "uiControl275",
          "display": {
            "type": "card",
            "adapterId": "card",
            "class": "submit-btn",
            "adapter": {
              "templateType": ""
            }
          },
          "layout": [
            {
              "id": "uiControl275body",
              "display": {
                "type": "cardBody",
                "adapterId": "cardBody",
                "adapter": {
                  "templateType": ""
                }
              },
              "layout": [
                {
                  "id": "uiControl276",
                  "controlId": "control158",
                  "display": {
                    "adapterId": "clickable",
                    "type": "button",
                    "adapter": {
                      "templateType": ""
                    }
                  }
                },
                {
                  "id": "uiControl277",
                  "controlId": "control159",
                  "display": {
                    "adapterId": "clickable",
                    "type": "button",
                    "adapter": {
                      "templateType": ""
                    }
                  }
                }
              ]
            }
          ]
        }
      ]
    }
  },
  "matchers": {
    "page/title": {
      "contexts": {
        "context1": [
          "现代教学管理信息系统"
        ]
      }
    },
    "page/urls": {
      "contexts": {
        "context1": [
          "117.35.118.209/jspjxb.aspx?zgh=150229&xm=%B3%C2%C0%F6%BE%EA&gnmkdm=N122603"
        ]
      }
    },
    "page/ids": {
      "contexts": {
        "context1": [
          [
            "Button",
            "DataGrid",
            "DataGrid__ctl_JS",
            "Form",
            "Popup",
            "Table",
            "jsxm",
            "lblTbName",
            "pjkc",
            "pjxx",
            "td",
            "txt"
          ]
        ]
      }
    },
    "page/classes": {
      "contexts": {
        "context1": [
          [
            "alt",
            "button",
            "dateli",
            "footbox",
            "footbox_con",
            "footbutton",
            "formbox",
            "main_box",
            "mid_box",
            "pagination",
            "parent",
            "t",
            "text_nor",
            "thead",
            "title",
            "tran"
          ]
        ]
      }
    },
    "page/tagTriplets": {
      "contexts": {
        "context1": [
          [
            "-/-/FORM",
            "-/FORM/DIV",
            "-/FORM/INPUT-hidden",
            "-/FORM/SCRIPT",
            "DIV/DIV/BR",
            "DIV/DIV/DIV",
            "DIV/DIV/EM",
            "DIV/DIV/HR",
            "DIV/DIV/P",
            "DIV/DIV/SELECT",
            "DIV/DIV/SPAN",
            "DIV/DIV/TABLE",
            "DIV/EM/SPAN",
            "DIV/SELECT/OPTION",
            "DIV/TABLE/TBODY",
            "EM/SPAN/INPUT-submit",
            "EM/SPAN/INPUT-text",
            "FIELDSET/LEGEND/SPAN",
            "FIELDSET/TABLE/TBODY",
            "FORM/DIV/DIV",
            "FORM/DIV/TABLE",
            "TABLE/TBODY/TR",
            "TBODY/TR/TD",
            "TD/FIELDSET/LEGEND",
            "TD/FIELDSET/TABLE",
            "TD/FIELDSET/TEXTAREA",
            "TD/SELECT/OPTION",
            "TR/TD/BR",
            "TR/TD/FIELDSET",
            "TR/TD/FONT",
            "TR/TD/SELECT"
          ],
          [
            "-/-/FORM",
            "-/-/SCRIPT",
            "-/FORM/DIV",
            "-/FORM/INPUT-hidden",
            "-/FORM/SCRIPT",
            "DIV/DIV/BR",
            "DIV/DIV/DIV",
            "DIV/DIV/EM",
            "DIV/DIV/HR",
            "DIV/DIV/P",
            "DIV/DIV/SELECT",
            "DIV/DIV/SPAN",
            "DIV/DIV/TABLE",
            "DIV/EM/SPAN",
            "DIV/SELECT/OPTION",
            "DIV/TABLE/TBODY",
            "EM/SPAN/INPUT-submit",
            "EM/SPAN/INPUT-text",
            "FIELDSET/LEGEND/SPAN",
            "FIELDSET/TABLE/TBODY",
            "FORM/DIV/DIV",
            "FORM/DIV/TABLE",
            "TABLE/TBODY/TR",
            "TBODY/TR/TD",
            "TD/FIELDSET/LEGEND",
            "TD/FIELDSET/TABLE",
            "TD/FIELDSET/TEXTAREA",
            "TD/SELECT/OPTION",
            "TR/TD/BR",
            "TR/TD/FIELDSET",
            "TR/TD/FONT",
            "TR/TD/SELECT"
          ]
        ]
      }
    }
  }
}