{
  "version": "0.1",
  "id": "t_evaluate_query",
  "targetURL": "http://117.35.118.209/js_zlpj.aspx?zgh=150528&xm=%CD%F5%C0%F2&gnmkdm=N122601",
  "jsFile": "../../lib/base.js,../../lib/customTemplate.js,index.js",
  "cssFile": "../../lib/base.css,index.css",
  "requires": {
    "login": "../login/index.json",
    "t_index": "../t_index/index.json"
  },
  "chineseName": "教师评教查询",
  "controls": {
    "control0": {
      "location": {
        "data": {
          "tagName": "SELECT"
        },
        "locators": [
          {
            "id": "button/text",
            "prob": 3,
            "value": {
              "text": [
                "2015-2016"
              ],
              "visText": [
                ""
              ]
            }
          },
          {
            "id": "text",
            "prob": 3,
            "value": {
              "text": [
                "2015-2016"
              ],
              "visText": [
                ""
              ]
            }
          },
          {
            "id": "elem/@name",
            "prob": 1,
            "value": [
              "descendant::form[@name=\"zlpj_form\"]//SELECT[@name=\"xn\"]",
              "descendant::SELECT[@name=\"xn\"]"
            ]
          },
          {
            "id": "@id/partialWord",
            "prob": 1,
            "disabled": true,
            "value": {
              "elemId": "Table1",
              "tagName": "TABLE",
              "prefix": "FORM[@id=\"zlpj_form\"]//",
              "suffix": "/TBODY[1]/TR[1]/TD[1]/SELECT[1]",
              "ratio": 0.155
            }
          },
          {
            "id": "@id/nonWord",
            "prob": 1,
            "disabled": true,
            "fact": "xn",
            "value": "descendant::FORM[@id=\"zlpj_form\"]//SELECT[@id=\"xn\"]"
          },
          {
            "id": "@class/word",
            "prob": 1,
            "ordinal": [
              0,
              4
            ],
            "value": "DIV.main_box DIV.mid_box DIV.formbox TABLE TBODY TR TD SELECT"
          },
          {
            "id": "path/ordinal",
            "prob": 1,
            "value": "/HTML[1]/BODY[1]/FORM[1]/DIV[1]/DIV[1]/DIV[2]/TABLE[1]/TBODY[1]/TR[1]/TD[1]/SELECT[1]"
          },
          {
            "id": "input/type",
            "verifyEnabled": true,
            "value": "select-one"
          },
          {
            "id": "shield",
            "value": {
              "zIndex": "auto",
              "width": 93,
              "height": 19
            }
          }
        ]
      },
      "intendedRole": "listbox",
      "roles": "element,listbox",
      "monitored": true
    },
    "control1": {
      "location": {
        "data": {
          "tagName": "TD"
        },
        "locators": [
          {
            "id": "text",
            "prob": 3,
            "value": {
              "text": [
                "2015-2016 学年第 2 学期 古代汉语 国学经典背诵 教学质量 学生评价统计表"
              ],
              "visText": [
                "学年第 学期 教学质量 学生评价统计表"
              ]
            }
          },
          {
            "id": "@id/partialWord",
            "prob": 1,
            "disabled": true,
            "value": {
              "elemId": "Table1",
              "tagName": "TABLE",
              "prefix": "FORM[@id=\"zlpj_form\"]//",
              "suffix": "/TBODY[1]/TR[1]/TD[1]",
              "ratio": 0.155
            }
          },
          {
            "id": "path/ordinal",
            "prob": 1,
            "value": "/HTML[1]/BODY[1]/FORM[1]/DIV[1]/DIV[1]/DIV[2]/TABLE[1]/TBODY[1]/TR[1]/TD[1]"
          },
          {
            "id": "style/color",
            "value": [
              17,
              68,
              158
            ]
          },
          {
            "id": "shield",
            "value": {
              "zIndex": "auto",
              "width": 1059,
              "height": 19
            }
          }
        ]
      },
      "roles": "element",
      "content": true,
      "monitored": false
    },
    "control2": {
      "location": {
        "data": {
          "tagName": "SELECT"
        },
        "locators": [
          {
            "id": "elem/@name",
            "prob": 1,
            "value": [
              "descendant::form[@name=\"zlpj_form\"]//SELECT[@name=\"xq\"]",
              "descendant::SELECT[@name=\"xq\"]"
            ]
          },
          {
            "id": "@id/partialWord",
            "prob": 1,
            "disabled": true,
            "value": {
              "elemId": "Table1",
              "tagName": "TABLE",
              "prefix": "FORM[@id=\"zlpj_form\"]//",
              "suffix": "/TBODY[1]/TR[1]/TD[1]/SELECT[2]",
              "ratio": 0.155
            }
          },
          {
            "id": "@id/nonWord",
            "prob": 1,
            "disabled": true,
            "fact": "xq",
            "value": "descendant::FORM[@id=\"zlpj_form\"]//SELECT[@id=\"xq\"]"
          },
          {
            "id": "@class/word",
            "prob": 1,
            "ordinal": [
              1,
              4
            ],
            "value": "DIV.main_box DIV.mid_box DIV.formbox TABLE TBODY TR TD SELECT"
          },
          {
            "id": "path/ordinal",
            "prob": 1,
            "value": "/HTML[1]/BODY[1]/FORM[1]/DIV[1]/DIV[1]/DIV[2]/TABLE[1]/TBODY[1]/TR[1]/TD[1]/SELECT[2]"
          },
          {
            "id": "input/type",
            "verifyEnabled": true,
            "value": "select-one"
          },
          {
            "id": "shield",
            "value": {
              "zIndex": "auto",
              "width": 32,
              "height": 19
            }
          }
        ]
      },
      "intendedRole": "listbox",
      "roles": "element,listbox",
      "monitored": true
    },
    "control3": {
      "location": {
        "data": {
          "tagName": "TD"
        },
        "locators": [
          {
            "id": "text",
            "prob": 3,
            "value": {
              "text": [
                "2015-2016 学年第 2 学期 古代汉语 国学经典背诵 教学质量 学生评价统计表"
              ],
              "visText": [
                "学年第 学期 教学质量 学生评价统计表"
              ]
            }
          },
          {
            "id": "@id/partialWord",
            "prob": 1,
            "disabled": true,
            "value": {
              "elemId": "Table1",
              "tagName": "TABLE",
              "prefix": "FORM[@id=\"zlpj_form\"]//",
              "suffix": "/TBODY[1]/TR[1]/TD[1]",
              "ratio": 0.155
            }
          },
          {
            "id": "path/ordinal",
            "prob": 1,
            "value": "/HTML[1]/BODY[1]/FORM[1]/DIV[1]/DIV[1]/DIV[2]/TABLE[1]/TBODY[1]/TR[1]/TD[1]"
          },
          {
            "id": "style/color",
            "value": [
              17,
              68,
              158
            ]
          },
          {
            "id": "shield",
            "value": {
              "zIndex": "auto",
              "width": 1059,
              "height": 19
            }
          }
        ]
      },
      "roles": "element",
      "content": true,
      "monitored": false
    },
    "control4": {
      "location": {
        "data": {
          "tagName": "SELECT"
        },
        "locators": [
          {
            "id": "button/text",
            "prob": 3,
            "value": {
              "text": [
                "古代汉语 国学经典背诵"
              ],
              "visText": [
                ""
              ]
            }
          },
          {
            "id": "text",
            "prob": 3,
            "value": {
              "text": [
                "古代汉语 国学经典背诵"
              ],
              "visText": [
                ""
              ]
            }
          },
          {
            "id": "elem/@name",
            "prob": 2,
            "value": [
              "descendant::form[@name=\"zlpj_form\"]//SELECT[@name=\"kcmc\"]",
              "descendant::SELECT[@name=\"kcmc\"]"
            ]
          },
          {
            "id": "@id/word",
            "prob": 3,
            "value": [
              "descendant::FORM[@id=\"zlpj_form\"]//SELECT[@id=\"kcmc\"]",
              "descendant::SELECT[@id=\"kcmc\"]"
            ]
          },
          {
            "id": "@class/word",
            "prob": 1,
            "ordinal": [
              2,
              4
            ],
            "value": "DIV.main_box DIV.mid_box DIV.formbox TABLE TBODY TR TD SELECT"
          },
          {
            "id": "path/ordinal",
            "prob": 1,
            "value": "/HTML[1]/BODY[1]/FORM[1]/DIV[1]/DIV[1]/DIV[2]/TABLE[1]/TBODY[1]/TR[1]/TD[1]/SELECT[3]"
          },
          {
            "id": "input/type",
            "verifyEnabled": true,
            "value": "select-one"
          },
          {
            "id": "shield",
            "value": {
              "zIndex": "auto",
              "width": 96,
              "height": 19
            }
          }
        ]
      },
      "intendedRole": "listbox",
      "roles": "element,listbox",
      "monitored": true
    },
    "control5": {
      "location": {
        "data": {
          "tagName": "TD"
        },
        "locators": [
          {
            "id": "text",
            "prob": 3,
            "value": {
              "text": [
                "2015-2016 学年第 2 学期 古代汉语 国学经典背诵 教学质量 学生评价统计表"
              ],
              "visText": [
                "学年第 学期 教学质量 学生评价统计表"
              ]
            }
          },
          {
            "id": "@id/partialWord",
            "prob": 1,
            "disabled": true,
            "value": {
              "elemId": "Table1",
              "tagName": "TABLE",
              "prefix": "FORM[@id=\"zlpj_form\"]//",
              "suffix": "/TBODY[1]/TR[1]/TD[1]",
              "ratio": 0.155
            }
          },
          {
            "id": "path/ordinal",
            "prob": 1,
            "value": "/HTML[1]/BODY[1]/FORM[1]/DIV[1]/DIV[1]/DIV[2]/TABLE[1]/TBODY[1]/TR[1]/TD[1]"
          },
          {
            "id": "style/color",
            "value": [
              17,
              68,
              158
            ]
          },
          {
            "id": "shield",
            "value": {
              "zIndex": "auto",
              "width": 1059,
              "height": 19
            }
          }
        ]
      },
      "roles": "element",
      "content": true,
      "monitored": false
    },
    "control6": {
      "location": {
        "data": {
          "tagName": "SPAN"
        },
        "locators": [
          {
            "id": "button/text",
            "prob": 3,
            "value": {
              "text": [
                "上课校区： 长安校区"
              ],
              "visText": [
                "上课校区： 长安校区"
              ]
            }
          },
          {
            "id": "text",
            "prob": 3,
            "value": {
              "text": [
                "上课校区： 长安校区"
              ],
              "visText": [
                "上课校区： 长安校区"
              ]
            }
          },
          {
            "id": "@id/word",
            "prob": 3,
            "value": [
              "descendant::FORM[@id=\"zlpj_form\"]//SPAN[@id=\"skxq\"]",
              "descendant::SPAN[@id=\"skxq\"]"
            ]
          },
          {
            "id": "@class/word",
            "prob": 1,
            "ordinal": [
              1,
              10
            ],
            "value": "DIV.main_box DIV.mid_box DIV.formbox TABLE TBODY TR TD SPAN"
          },
          {
            "id": "path/ordinal",
            "prob": 1,
            "value": "/HTML[1]/BODY[1]/FORM[1]/DIV[1]/DIV[1]/DIV[2]/TABLE[1]/TBODY[1]/TR[2]/TD[1]/SPAN[1]"
          },
          {
            "id": "style/color",
            "value": [
              17,
              68,
              158
            ]
          },
          {
            "id": "elderLevel",
            "value": {
              "level": 0
            }
          },
          {
            "id": "shield",
            "value": {
              "zIndex": "auto",
              "width": 112,
              "height": 15
            }
          }
        ]
      },
      "roles": "element",
      "content": true,
      "monitored": true
    },
    "control7": {
      "location": {
        "data": {
          "tagName": "SPAN"
        },
        "locators": [
          {
            "id": "button/text",
            "prob": 3,
            "value": {
              "text": [
                "对教师评价分：91.357"
              ],
              "visText": [
                "对教师评价分：91.357"
              ]
            }
          },
          {
            "id": "text",
            "prob": 3,
            "value": {
              "text": [
                "对教师评价分：91.357"
              ],
              "visText": [
                "对教师评价分：91.357"
              ]
            }
          },
          {
            "id": "@id/partialWord",
            "prob": 1,
            "disabled": true,
            "value": {
              "elemId": "Table1",
              "tagName": "TABLE",
              "prefix": "FORM[@id=\"zlpj_form\"]//",
              "suffix": "/TBODY[1]/TR[3]/TD[1]/SPAN[1]",
              "ratio": 0.155
            }
          },
          {
            "id": "@id/nonWord",
            "prob": 1,
            "disabled": true,
            "fact": "js",
            "value": "descendant::FORM[@id=\"zlpj_form\"]//SPAN[@id=\"js\"]"
          },
          {
            "id": "@class/word",
            "prob": 1,
            "ordinal": [
              2,
              10
            ],
            "value": "DIV.main_box DIV.mid_box DIV.formbox TABLE TBODY TR TD SPAN"
          },
          {
            "id": "path/ordinal",
            "prob": 1,
            "value": "/HTML[1]/BODY[1]/FORM[1]/DIV[1]/DIV[1]/DIV[2]/TABLE[1]/TBODY[1]/TR[3]/TD[1]/SPAN[1]"
          },
          {
            "id": "style/color",
            "value": [
              17,
              68,
              158
            ]
          },
          {
            "id": "elderLevel",
            "value": {
              "level": 0
            }
          },
          {
            "id": "shield",
            "value": {
              "zIndex": "auto",
              "width": 128,
              "height": 15
            }
          }
        ]
      },
      "roles": "element",
      "content": true,
      "monitored": true
    },
    "control8": {
      "location": {
        "data": {
          "tagName": "SPAN"
        },
        "locators": [
          {
            "id": "button/text",
            "prob": 3,
            "value": {
              "text": [
                "参评学生人数：100"
              ],
              "visText": [
                "参评学生人数：100"
              ]
            }
          },
          {
            "id": "text",
            "prob": 3,
            "value": {
              "text": [
                "参评学生人数：100"
              ],
              "visText": [
                "参评学生人数：100"
              ]
            }
          },
          {
            "id": "@id/partialWord",
            "prob": 1,
            "disabled": true,
            "value": {
              "elemId": "Table1",
              "tagName": "TABLE",
              "prefix": "FORM[@id=\"zlpj_form\"]//",
              "suffix": "/TBODY[1]/TR[4]/TD[1]/SPAN[1]",
              "ratio": 0.155
            }
          },
          {
            "id": "@id/nonWord",
            "prob": 1,
            "disabled": true,
            "fact": "xk",
            "value": "descendant::FORM[@id=\"zlpj_form\"]//SPAN[@id=\"xk\"]"
          },
          {
            "id": "@class/word",
            "prob": 1,
            "ordinal": [
              5,
              10
            ],
            "value": "DIV.main_box DIV.mid_box DIV.formbox TABLE TBODY TR TD SPAN"
          },
          {
            "id": "path/ordinal",
            "prob": 1,
            "value": "/HTML[1]/BODY[1]/FORM[1]/DIV[1]/DIV[1]/DIV[2]/TABLE[1]/TBODY[1]/TR[4]/TD[1]/SPAN[1]"
          },
          {
            "id": "style/color",
            "value": [
              17,
              68,
              158
            ]
          },
          {
            "id": "elderLevel",
            "value": {
              "level": 0
            }
          },
          {
            "id": "shield",
            "value": {
              "zIndex": "auto",
              "width": 108,
              "height": 15
            }
          }
        ]
      },
      "roles": "element",
      "content": true,
      "monitored": true
    },
    "control9": {
      "location": {
        "data": {
          "tagName": "SPAN"
        },
        "locators": [
          {
            "id": "button/text",
            "prob": 3,
            "value": {
              "text": [
                "有效参评学生人数：94"
              ],
              "visText": [
                "有效参评学生人数：94"
              ]
            }
          },
          {
            "id": "text",
            "prob": 3,
            "value": {
              "text": [
                "有效参评学生人数：94"
              ],
              "visText": [
                "有效参评学生人数：94"
              ]
            }
          },
          {
            "id": "@id/partialWord",
            "prob": 1,
            "disabled": true,
            "value": {
              "elemId": "Table1",
              "tagName": "TABLE",
              "prefix": "FORM[@id=\"zlpj_form\"]//",
              "suffix": "/TBODY[1]/TR[4]/TD[2]/SPAN[1]",
              "ratio": 0.155
            }
          },
          {
            "id": "@id/nonWord",
            "prob": 1,
            "disabled": true,
            "fact": "pj",
            "value": "descendant::FORM[@id=\"zlpj_form\"]//SPAN[@id=\"pj\"]"
          },
          {
            "id": "@class/word",
            "prob": 1,
            "ordinal": [
              6,
              10
            ],
            "value": "DIV.main_box DIV.mid_box DIV.formbox TABLE TBODY TR TD SPAN"
          },
          {
            "id": "path/ordinal",
            "prob": 1,
            "value": "/HTML[1]/BODY[1]/FORM[1]/DIV[1]/DIV[1]/DIV[2]/TABLE[1]/TBODY[1]/TR[4]/TD[2]/SPAN[1]"
          },
          {
            "id": "style/color",
            "value": [
              17,
              68,
              158
            ]
          },
          {
            "id": "elderLevel",
            "value": {
              "level": 0
            }
          },
          {
            "id": "shield",
            "value": {
              "zIndex": "auto",
              "width": 124,
              "height": 15
            }
          }
        ]
      },
      "roles": "element",
      "content": true,
      "monitored": true
    },
    "control10": {
      "location": {
        "data": {
          "tagName": "SPAN"
        },
        "locators": [
          {
            "id": "button/text",
            "prob": 3,
            "value": {
              "text": [
                "对教师所有课程的加权平均分：91.307"
              ],
              "visText": [
                "对教师所有课程的加权平均分：91.307"
              ]
            }
          },
          {
            "id": "text",
            "prob": 3,
            "value": {
              "text": [
                "对教师所有课程的加权平均分：91.307"
              ],
              "visText": [
                "对教师所有课程的加权平均分：91.307"
              ]
            }
          },
          {
            "id": "@id/word",
            "prob": 3,
            "value": [
              "descendant::FORM[@id=\"zlpj_form\"]//SPAN[@id=\"jspzf\"]",
              "descendant::SPAN[@id=\"jspzf\"]"
            ]
          },
          {
            "id": "@class/word",
            "prob": 1,
            "ordinal": [
              7,
              10
            ],
            "value": "DIV.main_box DIV.mid_box DIV.formbox TABLE TBODY TR TD SPAN"
          },
          {
            "id": "path/ordinal",
            "prob": 1,
            "value": "/HTML[1]/BODY[1]/FORM[1]/DIV[1]/DIV[1]/DIV[2]/TABLE[1]/TBODY[1]/TR[4]/TD[3]/SPAN[1]"
          },
          {
            "id": "style/color",
            "value": [
              17,
              68,
              158
            ]
          },
          {
            "id": "elderLevel",
            "value": {
              "level": 0
            }
          },
          {
            "id": "shield",
            "value": {
              "zIndex": "auto",
              "width": 212,
              "height": 15
            }
          }
        ]
      },
      "roles": "element",
      "content": true,
      "monitored": true
    },
    "control11": {
      "location": {
        "data": {
          "tagName": "TABLE"
        },
        "locators": [
          {
            "id": "@id/word",
            "prob": 1,
            "value": [
              "descendant::FORM[@id=\"zlpj_form\"]/DIV[1]/DIV[1]/DIV[2]/TABLE[2]",
              "descendant::FORM[@id=\"zlpj_form\"]//TABLE"
            ]
          },
          {
            "id": "@class/word",
            "prob": 1,
            "value": "DIV.mid_box DIV.formbox TABLE.datelist"
          },
          {
            "id": "path/ordinal",
            "prob": 1,
            "value": "/HTML[1]/BODY[1]/FORM[1]/DIV[1]/DIV[1]/DIV[2]/TABLE[2]"
          },
          {
            "id": "style/color",
            "value": [
              17,
              68,
              158
            ]
          },
          {
            "id": "shield",
            "value": {
              "zIndex": "auto",
              "width": 1063,
              "height": 276
            }
          }
        ]
      },
      "intendedRole": "fragment",
      "roles": "element,fragment",
      "monitored": true
    },
    "control12": {
      "location": {
        "data": {
          "tagName": "DIV"
        },
        "locators": [
          {
            "id": "button/text",
            "prob": 3,
            "value": {
              "text": [
                "学生评语汇总："
              ],
              "visText": [
                "学生评语汇总："
              ]
            }
          },
          {
            "id": "text",
            "prob": 3,
            "value": {
              "text": [
                "学生评语汇总："
              ],
              "visText": [
                "学生评语汇总："
              ]
            }
          },
          {
            "id": "path/ordinal",
            "prob": 1,
            "value": "/HTML[1]/BODY[1]/FORM[1]/DIV[1]/DIV[1]/DIV[2]/PRE[1]/TABLE[1]/TBODY[1]/TR[1]/TD[1]/DIV[1]"
          },
          {
            "id": "style/color",
            "value": [
              17,
              68,
              158
            ]
          },
          {
            "id": "elderLevel",
            "value": {
              "level": 0
            }
          },
          {
            "id": "shield",
            "value": {
              "zIndex": "auto",
              "width": 1063,
              "height": 15
            }
          }
        ]
      },
      "roles": "element",
      "content": true,
      "monitored": false
    },
    "control14": {
      "location": {
        "data": {
          "tagName": "DIV"
        },
        "locators": [
          {
            "id": "text",
            "prob": 3,
            "value": {
              "text": [
                "1、单项均值为某项评价指标的有效评价分数的平均值。2、满意度为某项评价指标的所有评价分数的平均值的百分比值。"
              ],
              "visText": [
                "1、单项均值为某项评价指标的有效评价分数的平均值。 2、满意度为某项评价指标的所有评价分数的平均值的百分比值。"
              ]
            }
          },
          {
            "id": "@id/word",
            "prob": 3,
            "value": [
              "descendant::FORM[@id=\"zlpj_form\"]//DIV[@id=\"divbz\"]",
              "descendant::DIV[@id=\"divbz\"]"
            ]
          },
          {
            "id": "@class/word",
            "prob": 1,
            "ordinal": [
              1,
              2
            ],
            "value": "DIV.main_box DIV.mid_box DIV.formbox PRE DIV"
          },
          {
            "id": "path/ordinal",
            "prob": 1,
            "value": "/HTML[1]/BODY[1]/FORM[1]/DIV[1]/DIV[1]/DIV[2]/PRE[1]/DIV[1]"
          },
          {
            "id": "style/color",
            "value": [
              17,
              68,
              158
            ]
          },
          {
            "id": "shield",
            "value": {
              "zIndex": "auto",
              "width": 1063.296875,
              "height": 30
            }
          }
        ]
      },
      "intendedRole": "fragment",
      "roles": "element,fragment",
      "monitored": false
    },
    "control15": {
      "location": {
        "data": {
          "tagName": "SELECT"
        },
        "locators": [
          {
            "id": "elem/@name",
            "prob": 2,
            "value": [
              "descendant::form[@name=\"zlpj_form\"]//SELECT[@name=\"list_pjxx\"]",
              "descendant::SELECT[@name=\"list_pjxx\"]"
            ]
          },
          {
            "id": "@id/word",
            "prob": 3,
            "value": [
              "descendant::FORM[@id=\"zlpj_form\"]//SELECT[@id=\"list_pjxx\"]",
              "descendant::SELECT[@id=\"list_pjxx\"]"
            ]
          },
          {
            "id": "path/ordinal",
            "prob": 1,
            "value": "/HTML[1]/BODY[1]/FORM[1]/DIV[1]/DIV[1]/DIV[2]/PRE[1]/TABLE[1]/TBODY[1]/TR[1]/TD[1]/SELECT[1]"
          },
          {
            "id": "input/type",
            "verifyEnabled": true,
            "value": "select-one"
          },
          {
            "id": "shield",
            "value": {
              "zIndex": "auto",
              "width": 1063,
              "height": 150
            }
          }
        ]
      },
      "events": {
        "onGetData": "getData_control15"
      },
      "intendedRole": "custom",
      "roles": "element,listbox,custom",
      "monitored": true
    },
    "control16": {
      "location": {
        "data": {
          "tagName": "BODY"
        },
        "locators": [
          {
            "id": "path/ordinal",
            "prob": 1,
            "value": "/HTML[1]/BODY[1]"
          },
          {
            "id": "style/color",
            "value": [
              17,
              68,
              158
            ]
          },
          {
            "id": "shield",
            "value": {
              "zIndex": "auto",
              "width": 1085,
              "height": 628
            }
          }
        ]
      },
      "events": {
        "onGetData": "getData_control16"
      },
      "intendedRole": "custom",
      "roles": "element,custom",
      "monitored": false
    }
  },
  "contexts": {
    "context1": {
      "controls": [
        "control0",
        "control1",
        "control2",
        "control3",
        "control4",
        "control5",
        "control6",
        "control7",
        "control8",
        "control9",
        "control10",
        "control11",
        "control12",
        "control14",
        "control15",
        "control16"
      ],
      "anchors": []
    }
  },
  "flows": {
    "flow0": {
      "toContexts": [
        {
          "toContextId": "context1"
        },
        {
          "toContextId": "context0",
          "toModelId": "t_index"
        }
      ]
    }
  },
  "pages": {
    "page1": {
      "contextId": "context1",
      "layout": [
        {
          "id": "uiControl0",
          "display": {
            "class": "header",
            "title": "教师评教查询",
            "type": "header",
            "adapterId": "header",
            "adapter": {
              "templateType": ""
            }
          },
          "layout": []
        },
        {
          "id": "uiControl23",
          "controlId": "control16",
          "display": {
            "adapterId": "custom",
            "type": "custom",
            "adapter": {
              "templateType": "react",
              "events": {
                "onDoAction": "doAction_uiControl23",
                "onGetTemplate": "getTemplate_uiControl23"
              }
            }
          }
        },
        {
          "id": "uiControl234",
          "display": {
            "type": "accordion",
            "adapterId": "accordion",
            "adapter": {
              "templateType": ""
            }
          },
          "layout": [
            {
              "id": "uiControl234item",
              "display": {
                "title": "查询条件",
                "type": "accordionItem",
                "adapterId": "accordionItem",
                "adapter": {
                  "templateType": ""
                }
              },
              "layout": [
                {
                  "id": "uiControl1",
                  "display": {
                    "type": "card",
                    "adapterId": "card",
                    "class": "top1",
                    "adapter": {
                      "templateType": ""
                    }
                  },
                  "layout": [
                    {
                      "id": "uiControl1body",
                      "display": {
                        "type": "cardBody",
                        "adapterId": "cardBody",
                        "adapter": {
                          "templateType": ""
                        }
                      },
                      "layout": [
                        {
                          "id": "uiControl2",
                          "controlId": "control0",
                          "display": {
                            "adapterId": "listbox",
                            "type": "listbox",
                            "adapter": {
                              "templateType": ""
                            }
                          }
                        },
                        {
                          "id": "uiControl3",
                          "controlId": "control1",
                          "display": {
                            "adapterId": "content",
                            "type": "content",
                            "text": "学年&nbsp;&nbsp;&nbsp;&nbsp;第\t\t",
                            "adapter": {
                              "templateType": ""
                            }
                          }
                        },
                        {
                          "id": "uiControl4",
                          "controlId": "control2",
                          "display": {
                            "adapterId": "listbox",
                            "type": "listbox",
                            "adapter": {
                              "templateType": ""
                            }
                          }
                        },
                        {
                          "id": "uiControl5",
                          "controlId": "control3",
                          "display": {
                            "adapterId": "content",
                            "type": "content",
                            "text": "学期\t",
                            "adapter": {
                              "templateType": ""
                            }
                          }
                        }
                      ]
                    }
                  ]
                },
                {
                  "id": "uiControl6",
                  "display": {
                    "type": "card",
                    "adapterId": "card",
                    "class": "top2",
                    "adapter": {
                      "templateType": ""
                    }
                  },
                  "layout": [
                    {
                      "id": "uiControl6body",
                      "display": {
                        "type": "cardBody",
                        "adapterId": "cardBody",
                        "adapter": {
                          "templateType": ""
                        }
                      },
                      "layout": [
                        {
                          "id": "uiControl7",
                          "controlId": "control4",
                          "display": {
                            "adapterId": "listbox",
                            "type": "listbox",
                            "adapter": {
                              "templateType": ""
                            }
                          }
                        },
                        {
                          "id": "uiControl8",
                          "controlId": "control5",
                          "display": {
                            "adapterId": "content",
                            "type": "content",
                            "text": "教学质量\t\t\t\t\t\t\t\t\t学生评价统计表\t\t\t\t\t\t\t\t\t",
                            "adapter": {
                              "templateType": ""
                            }
                          }
                        }
                      ]
                    }
                  ]
                }
              ]
            }
          ]
        },
        {
          "id": "uiControl9",
          "display": {
            "type": "card",
            "adapterId": "card",
            "class": "top3",
            "adapter": {
              "templateType": ""
            }
          },
          "layout": [
            {
              "id": "uiControl9body",
              "display": {
                "type": "cardBody",
                "adapterId": "cardBody",
                "adapter": {
                  "templateType": ""
                }
              },
              "layout": [
                {
                  "id": "uiControl11",
                  "controlId": "control6",
                  "display": {
                    "adapterId": "content",
                    "type": "content",
                    "adapter": {
                      "templateType": ""
                    }
                  }
                },
                {
                  "id": "uiControl12",
                  "controlId": "control7",
                  "display": {
                    "adapterId": "content",
                    "type": "content",
                    "adapter": {
                      "templateType": ""
                    }
                  }
                },
                {
                  "id": "uiControl13",
                  "controlId": "control8",
                  "display": {
                    "adapterId": "content",
                    "type": "content",
                    "adapter": {
                      "templateType": ""
                    }
                  }
                },
                {
                  "id": "uiControl14",
                  "controlId": "control9",
                  "display": {
                    "adapterId": "content",
                    "type": "content",
                    "adapter": {
                      "templateType": ""
                    }
                  }
                },
                {
                  "id": "uiControl15",
                  "controlId": "control10",
                  "display": {
                    "adapterId": "content",
                    "type": "content",
                    "adapter": {
                      "templateType": ""
                    }
                  }
                }
              ]
            }
          ]
        },
        {
          "id": "uiControl16",
          "controlId": "control11",
          "display": {
            "adapterId": "fragment",
            "type": "fragment",
            "class": "table-a",
            "adapter": {
              "templateType": ""
            }
          }
        },
        {
          "id": "uiControl17",
          "display": {
            "type": "divider",
            "adapterId": "divider",
            "adapter": {
              "templateType": ""
            }
          }
        },
        {
          "id": "uiControl18",
          "controlId": "control12",
          "display": {
            "adapterId": "content",
            "type": "content",
            "class": "info",
            "adapter": {
              "templateType": ""
            }
          }
        },
        {
          "id": "uiControl21",
          "controlId": "control15",
          "display": {
            "adapterId": "custom",
            "type": "custom",
            "adapter": {
              "templateType": "react",
              "events": {
                "onDoAction": "doAction_uiControl21",
                "onGetTemplate": "getTemplate_uiControl21"
              }
            }
          }
        },
        {
          "id": "uiControl22",
          "display": {
            "type": "divider",
            "adapterId": "divider",
            "adapter": {
              "templateType": ""
            }
          }
        },
        {
          "id": "uiControl20",
          "controlId": "control14",
          "display": {
            "adapterId": "fragment",
            "type": "fragment",
            "class": "info1",
            "adapter": {
              "templateType": ""
            }
          }
        }
      ]
    }
  },
  "matchers": {
    "page/title": {
      "contexts": {
        "context1": [
          "现代教学管理信息系统"
        ]
      }
    },
    "page/urls": {
      "contexts": {
        "context1": [
          "117.35.118.209/js_zlpj.aspx?zgh=150528&xm=%CD%F5%C0%F2&gnmkdm=N122601"
        ]
      }
    },
    "page/ids": {
      "contexts": {
        "context1": [
          [
            "DATAGRID",
            "Panel",
            "TD",
            "Table",
            "divbz",
            "jc",
            "js",
            "jspzf",
            "jsyxpm",
            "kc",
            "kcmc",
            "lbl_xslx",
            "list_pjxx",
            "pj",
            "skxq",
            "xk",
            "xn",
            "xq",
            "yxpm",
            "zlpj_form"
          ]
        ]
      }
    },
    "page/classes": {
      "contexts": {
        "context1": [
          [
            "alt",
            "dateli",
            "footbox",
            "footbox_con",
            "footbutton",
            "formbox",
            "main_box",
            "mid_box",
            "pagination",
            "t",
            "thead",
            "title"
          ]
        ]
      }
    },
    "page/tagTriplets": {
      "contexts": {
        "context1": [
          [
            "-/-/FORM",
            "-/FORM/DIV",
            "-/FORM/INPUT-hidden",
            "-/FORM/SCRIPT",
            "DIV/DIV/DIV",
            "DIV/DIV/EM",
            "DIV/DIV/P",
            "DIV/DIV/PRE",
            "DIV/DIV/TABLE",
            "DIV/EM/SPAN",
            "DIV/PRE/DIV",
            "DIV/PRE/HR",
            "DIV/PRE/TABLE",
            "DIV/TABLE/TBODY",
            "FORM/DIV/DIV",
            "PRE/DIV/BR",
            "PRE/TABLE/TBODY",
            "TABLE/TBODY/TR",
            "TBODY/TR/TD",
            "TD/SELECT/OPTION",
            "TR/TD/DIV",
            "TR/TD/SELECT",
            "TR/TD/SPAN"
          ],
          [
            "-/-/FORM",
            "-/-/SCRIPT",
            "-/FORM/DIV",
            "-/FORM/INPUT-hidden",
            "-/FORM/SCRIPT",
            "DIV/DIV/DIV",
            "DIV/DIV/EM",
            "DIV/DIV/P",
            "DIV/DIV/PRE",
            "DIV/DIV/TABLE",
            "DIV/EM/SPAN",
            "DIV/PRE/DIV",
            "DIV/PRE/HR",
            "DIV/PRE/TABLE",
            "DIV/TABLE/TBODY",
            "FORM/DIV/DIV",
            "PRE/DIV/BR",
            "PRE/TABLE/TBODY",
            "TABLE/TBODY/TR",
            "TBODY/TR/TD",
            "TD/SELECT/OPTION",
            "TR/TD/DIV",
            "TR/TD/SELECT",
            "TR/TD/SPAN"
          ]
        ]
      }
    }
  }
}