{
  "version": "0.1",
  "id": "w_punishmentReport_stuInfo",
  "targetURL": "http://42.247.16.108/xgxt/wjcf_cfsbgl.do?method=cxCfsbList",
  "jsFile": "../../lib/base.js,../../lib/customTemplate.js,index.js",
  "cssFile": "../../lib/base.css",
  "requires": {
    "login": "../login/index.json",
    "w_punishmentReport": "../w_punishmentReport/index.json"
  },
  "chineseName": "违纪处分_处分上报_学生基本信息",
  "controls": {
    "control0": {
      "location": {
        "data": {
          "tagName": "BUTTON"
        },
        "locators": [
          {
            "id": "button/text",
            "prob": 3,
            "value": {
              "text": [
                "关 闭"
              ],
              "visText": [
                "关 闭"
              ]
            }
          },
          {
            "id": "text",
            "prob": 3,
            "value": {
              "text": [
                "关 闭"
              ],
              "visText": [
                "关 闭"
              ]
            }
          },
          {
            "id": "@id/word",
            "prob": 3,
            "value": [
              "descendant::FORM[@id=\"cfsbglForm\"]//BUTTON[@id=\"buttonClose\"]",
              "descendant::BUTTON[@id=\"buttonClose\"]"
            ]
          },
          {
            "id": "@class/word",
            "prob": 1,
            "ordinal": [
              0,
              2
            ],
            "value": "TABLE.formlist DIV.btn BUTTON"
          },
          {
            "id": "path/ordinal",
            "prob": 1,
            "value": "/HTML[1]/BODY[1]/FORM[1]/DIV[2]/TABLE[1]/TFOOT[1]/TR[1]/TD[1]/DIV[1]/BUTTON[1]"
          },
          {
            "id": "input/type",
            "verifyEnabled": true,
            "value": "button"
          },
          {
            "id": "elderLevel",
            "value": {
              "level": 0
            }
          },
          {
            "id": "shield",
            "value": {
              "zIndex": "auto",
              "width": 52.609375,
              "height": 19
            }
          }
        ]
      },
      "intendedRole": "button",
      "roles": "element,button",
      "monitored": false,
      "frameXPath": "//iframe[@name='parentDialog']<<IFRAME>>"
    },
    "control1": {
      "location": {
        "data": {
          "tagName": "TABLE"
        },
        "locators": [
          {
            "id": "@id/word",
            "prob": 2,
            "value": [
              "descendant::FORM[@id=\"cfsbglForm\"]/DIV[1]/TABLE[1]",
              "descendant::FORM[@id=\"cfsbglForm\"]//TABLE"
            ]
          },
          {
            "id": "@class/word",
            "prob": 1,
            "ordinal": [
              0,
              4
            ],
            "value": "TABLE.formlist"
          },
          {
            "id": "path/ordinal",
            "prob": 1,
            "value": "/HTML[1]/BODY[1]/FORM[1]/DIV[1]/TABLE[1]"
          },
          {
            "id": "shield",
            "value": {
              "zIndex": "auto",
              "width": 783,
              "height": 385
            }
          }
        ]
      },
      "intendedRole": "fragment",
      "roles": "element,fragment",
      "monitored": true,
      "frameXPath": "//iframe[@name='parentDialog']<<IFRAME>>"
    },
    "control2": {
      "location": {
        "data": {
          "tagName": "TH"
        },
        "locators": [
          {
            "id": "button/text",
            "prob": 3,
            "value": {
              "text": [
                "学号"
              ],
              "visText": [
                "学号"
              ]
            }
          },
          {
            "id": "text",
            "prob": 3,
            "value": {
              "text": [
                "学号"
              ],
              "visText": [
                "学号"
              ]
            }
          },
          {
            "id": "@class/word",
            "prob": 1,
            "ordinal": [
              0,
              36
            ],
            "value": "TABLE.formlist TBODY TR TH"
          },
          {
            "id": "path/ordinal",
            "prob": 1,
            "value": "/HTML[1]/BODY[1]/FORM[1]/DIV[1]/TABLE[1]/TBODY[1]/TR[1]/TH[1]"
          },
          {
            "id": "elderLevel",
            "value": {
              "level": 0
            }
          },
          {
            "id": "shield",
            "value": {
              "zIndex": "auto",
              "width": 157,
              "height": 28
            }
          }
        ]
      },
      "roles": "element",
      "text": "\n\t\t\t\t\t\n\t\t\t\t\t\t\n\t\t\t\t\t\t\t\n\t\t\t\t\t\t\n\t\t\t\t\t\n\t\t\t\t\t学号\n\t\t\t\t",
      "frameXPath": "//iframe[@name='parentDialog']<<IFRAME>>"
    }
  },
  "contexts": {
    "context2": {
      "controls": [
        "control0",
        "control1"
      ],
      "anchors": [
        "control2"
      ]
    }
  },
  "flows": {
    "flow0": {
      "toContexts": [
        {
          "toContextId": "context2"
        }
      ]
    },
    "flow1": {
      "fromContextId": "context2",
      "fromAction": "click",
      "fromControlId": "control0",
      "toContexts": [
        {
          "toContextId": "context2"
        },
        {
          "toContextId": "context1"
        },
        {
          "toContextId": "context1",
          "toModelId": "w_punishmentReport"
        }
      ]
    }
  },
  "pages": {
    "page2": {
      "contextId": "context2",
      "layout": [
        {
          "id": "uiControl26",
          "display": {
            "class": "xg_header",
            "title": "学生基本信息",
            "type": "header",
            "adapterId": "header",
            "adapter": {
              "templateType": ""
            }
          },
          "layout": []
        },
        {
          "id": "uiControl27",
          "controlId": "control0",
          "display": {
            "adapterId": "clickable",
            "type": "button",
            "text": "返回",
            "class": "xg_back",
            "hollow": false,
            "adapter": {
              "templateType": ""
            }
          }
        },
        {
          "id": "uiControl28",
          "display": {
            "type": "card",
            "adapterId": "card",
            "class": "xg_body",
            "adapter": {
              "templateType": ""
            }
          },
          "layout": [
            {
              "id": "uiControl28body",
              "display": {
                "type": "cardBody",
                "adapterId": "cardBody",
                "adapter": {
                  "templateType": ""
                }
              },
              "layout": [
                {
                  "id": "uiControl29",
                  "controlId": "control1",
                  "display": {
                    "adapterId": "fragment",
                    "type": "fragment",
                    "class": "w_yrdwgwsh_gwsh w_jxsq_jbxxTable w_yrdwgwsh_gwxx",
                    "adapter": {
                      "templateType": ""
                    }
                  }
                }
              ]
            }
          ]
        }
      ]
    }
  },
  "matchers": {
    "page/title": {
      "contexts": {
        "context2": [
          ""
        ]
      }
    },
    "page/urls": {
      "contexts": {
        "context2": [
          "42.247.16.108/xgxt/wjcf_cfsbgl.do?method=cxCfsbList"
        ]
      }
    },
    "page/ids": {
      "contexts": {
        "context2": [
          [
            "buttonClose",
            "cfid",
            "cflbdm",
            "commonfileupload-list-",
            "fjmc",
            "showCfqx",
            "xh"
          ],
          [
            " loadingfilepath_f",
            "buttonClose",
            "buttonSave",
            "bz",
            "cflbdm",
            "cfyydm",
            "commonfileupload-listfilepath_f",
            "commonfileuploadfilepath_f",
            "commonfileuploadfilepath_f_wrap",
            "filepath",
            "fjmc",
            "showCfqx",
            "tipsfilepath_f",
            "wjsj",
            "wjssjg",
            "xh",
            "xn",
            "xq"
          ],
          []
        ]
      }
    },
    "page/classes": {
      "contexts": {
        "context2": [
          [
            "btn",
            "formli",
            "t"
          ],
          [
            "MultiFile-applied",
            "MultiFile-wrap",
            "btn",
            "btn_",
            "bz",
            "formLi",
            "formli",
            "loading",
            "red",
            "t"
          ],
          [
            "ui_buttons",
            "ui_close",
            "ui_content",
            "ui_dialog",
            "ui_icon",
            "ui_loading",
            "ui_main",
            "ui_max",
            "ui_max_b",
            "ui_min",
            "ui_min_b",
            "ui_res",
            "ui_res_b",
            "ui_res_t",
            "ui_state_full",
            "ui_title",
            "ui_title_bar",
            "ui_title_buttons"
          ]
        ],
        "context1": [
          [
            " ui_",
            "Sort_up",
            "_b",
            "_t",
            "_type hover",
            "adv_filter",
            "btn_",
            "btn_c",
            "btn_cx",
            "btn_cz",
            "btn_dc",
            "btn_xg",
            "btn_zj",
            "buttonbox",
            "c",
            "clo",
            "dateline",
            "datetitle_",
            "down",
            "e",
            "e-icon",
            "earch_advanced",
            "elected-attr",
            "electedValue",
            "fir",
            "formbox",
            "hide",
            "huc",
            "la",
            "location",
            "more--item_bottom",
            "moreValue_click",
            "more_down",
            "name",
            "next pointer",
            "nowrap",
            "option",
            "pageleft",
            "pagenum",
            "pageright",
            "pagination",
            "paging",
            "prev pointer",
            "prompcon",
            "prop-item",
            "r",
            "red",
            "t pointer",
            "tab_cur",
            "tate_focu",
            "tate_lock",
            "tate_tip",
            "toolbox",
            "ui_b",
            "ui_border ui_",
            "ui_button",
            "ui_c",
            "ui_clo",
            "ui_content",
            "ui_dialog",
            "ui_icon",
            "ui_icon_bg",
            "ui_inner",
            "ui_l",
            "ui_lb",
            "ui_lt",
            "ui_main",
            "ui_max",
            "ui_max_b",
            "ui_min",
            "ui_min_b",
            "ui_r",
            "ui_rb",
            "ui_re",
            "ui_rt",
            "ui_t",
            "ui_title",
            "ui_title_bar",
            "ui_title_button",
            "ym-bc",
            "ym-bl",
            "ym-body",
            "ym-br",
            "ym-btn",
            "ym-header-text",
            "ym-header-tool",
            "ym-mc",
            "ym-ml",
            "ym-mr",
            "ym-tc",
            "ym-tl",
            "ym-tr",
            "ymPrompt_clo",
            "ymPrompt_max",
            "ymPrompt_min"
          ],
          [
            " ui_",
            "Sort_up",
            "_b",
            "_t",
            "_type",
            "adv_filter",
            "btn_",
            "btn_c",
            "btn_cx",
            "btn_cz",
            "btn_dc",
            "btn_xg",
            "btn_zj",
            "buttonbox",
            "c",
            "clo",
            "dateline",
            "datetitle_",
            "down",
            "e",
            "e-icon",
            "earch_advanced",
            "elected-attr",
            "electedValue",
            "fir",
            "formbox",
            "hide",
            "huc",
            "la",
            "location",
            "more--item_bottom",
            "moreValue_click",
            "more_down",
            "name",
            "next pointer",
            "nowrap",
            "option",
            "pageleft",
            "pagenum",
            "pageright",
            "pagination",
            "paging",
            "prev pointer",
            "prompcon",
            "prop-item",
            "r",
            "red",
            "t pointer",
            "tab_cur",
            "tate_focu",
            "tate_lock",
            "tate_tip",
            "toolbox",
            "ui_b",
            "ui_border ui_",
            "ui_button",
            "ui_c",
            "ui_clo",
            "ui_content",
            "ui_dialog",
            "ui_icon",
            "ui_icon_bg",
            "ui_inner",
            "ui_l",
            "ui_lb",
            "ui_lt",
            "ui_main",
            "ui_max",
            "ui_max_b",
            "ui_min",
            "ui_min_b",
            "ui_r",
            "ui_rb",
            "ui_re",
            "ui_rt",
            "ui_t",
            "ui_title",
            "ui_title_bar",
            "ui_title_button",
            "ym-bc",
            "ym-bl",
            "ym-body",
            "ym-br",
            "ym-btn",
            "ym-header-text",
            "ym-header-tool",
            "ym-mc",
            "ym-ml",
            "ym-mr",
            "ym-tc",
            "ym-tl",
            "ym-tr",
            "ymPrompt_clo",
            "ymPrompt_max",
            "ymPrompt_min"
          ],
          [
            "_type hover",
            "adv_filter",
            "btn_",
            "btn_c",
            "btn_cx",
            "btn_cz",
            "btn_dc",
            "btn_xg",
            "btn_zj",
            "buttonbox",
            "c",
            "datetitle_",
            "down",
            "earch_advanced",
            "elected-attr",
            "formbox",
            "hide",
            "huc",
            "location",
            "more--item_bottom",
            "option",
            "prompcon",
            "prop-item",
            "r",
            "tab_cur",
            "toolbox"
          ],
          [
            " ui_",
            "Sort_up",
            "_b",
            "_t",
            "_type hover",
            "adv_filter",
            "btnStyle handler",
            "btn_",
            "btn_c",
            "btn_cx",
            "btn_cz",
            "btn_dc",
            "btn_xg",
            "btn_zj",
            "buttonbox",
            "c",
            "clo",
            "dateline",
            "datetitle_",
            "down",
            "e",
            "e-icon",
            "earch_advanced",
            "elected-attr",
            "electedValue",
            "fir",
            "formbox",
            "hide",
            "huc",
            "la",
            "location",
            "more--item_bottom",
            "moreValue_click",
            "more_down",
            "name",
            "next pointer",
            "nowrap",
            "option",
            "pageleft",
            "pagenum",
            "pageright",
            "pagination",
            "paging",
            "prev pointer",
            "prompcon",
            "prop-item",
            "r",
            "red",
            "t pointer",
            "tab_cur",
            "tate_focu",
            "tate_lock",
            "tate_tip",
            "toolbox",
            "ui_b",
            "ui_border ui_",
            "ui_button",
            "ui_c",
            "ui_clo",
            "ui_content",
            "ui_dialog",
            "ui_icon",
            "ui_icon_bg",
            "ui_inner",
            "ui_l",
            "ui_lb",
            "ui_lt",
            "ui_main",
            "ui_max",
            "ui_max_b",
            "ui_min",
            "ui_min_b",
            "ui_r",
            "ui_rb",
            "ui_re",
            "ui_rt",
            "ui_t",
            "ui_title",
            "ui_title_bar",
            "ui_title_button",
            "ym-bc",
            "ym-bl",
            "ym-body ymPrompt_alert",
            "ym-br",
            "ym-btn",
            "ym-content",
            "ym-header-text",
            "ym-header-tool",
            "ym-mc",
            "ym-ml",
            "ym-mr",
            "ym-tc",
            "ym-tl",
            "ym-tr",
            "ymPrompt_clo",
            "ymPrompt_max",
            "ymPrompt_min"
          ],
          [
            " ui_",
            "Sort_up",
            "_b",
            "_t",
            "_type hover",
            "adv_filter",
            "btn_",
            "btn_c",
            "btn_cx",
            "btn_cz",
            "btn_dc",
            "btn_xg",
            "btn_zj",
            "buttonbox",
            "c",
            "dateline",
            "datetitle_",
            "down",
            "e",
            "earch_advanced",
            "elected-attr",
            "fir",
            "formbox",
            "hide",
            "huc",
            "la",
            "location",
            "more--item_bottom",
            "name",
            "next pointer",
            "nowrap",
            "option",
            "pageleft",
            "pagenum",
            "pageright",
            "pagination",
            "paging",
            "prev pointer",
            "prompcon",
            "prop-item",
            "r",
            "red",
            "t pointer",
            "tab_cur",
            "tate_focu",
            "tate_lock",
            "tate_tip",
            "toolbox",
            "ui_b",
            "ui_border ui_",
            "ui_button",
            "ui_c",
            "ui_clo",
            "ui_content",
            "ui_dialog",
            "ui_icon",
            "ui_icon_bg",
            "ui_inner",
            "ui_l",
            "ui_lb",
            "ui_lt",
            "ui_main",
            "ui_max",
            "ui_max_b",
            "ui_min",
            "ui_min_b",
            "ui_r",
            "ui_rb",
            "ui_re",
            "ui_rt",
            "ui_t",
            "ui_title",
            "ui_title_bar",
            "ui_title_button",
            "ym-bc",
            "ym-bl",
            "ym-body",
            "ym-br",
            "ym-btn",
            "ym-header-text",
            "ym-header-tool",
            "ym-mc",
            "ym-ml",
            "ym-mr",
            "ym-tc",
            "ym-tl",
            "ym-tr",
            "ymPrompt_clo",
            "ymPrompt_max",
            "ymPrompt_min"
          ],
          [
            " ui_",
            "Sort_up",
            "_b",
            "_t",
            "_type hover",
            "adv_filter",
            "btnStyle handler",
            "btn_",
            "btn_c",
            "btn_cx",
            "btn_cz",
            "btn_dc",
            "btn_xg",
            "btn_zj",
            "buttonbox",
            "c",
            "clo",
            "dateline",
            "datetitle_",
            "down",
            "e",
            "e-icon",
            "earch_advanced",
            "elected-attr",
            "electedValue",
            "fir",
            "formbox",
            "hide",
            "huc",
            "ible ui_",
            "la",
            "location",
            "more--item_bottom",
            "moreValue_click",
            "more_down",
            "name",
            "next pointer",
            "nowrap",
            "option",
            "pageleft",
            "pagenum",
            "pageright",
            "pagination",
            "paging",
            "prev pointer",
            "prompcon",
            "prop-item",
            "r",
            "red",
            "t pointer",
            "tab_cur",
            "tate_focu",
            "tate_full",
            "tate_lock",
            "tate_tip",
            "tate_vi",
            "toolbox",
            "ui_b",
            "ui_border ui_",
            "ui_button",
            "ui_c",
            "ui_clo",
            "ui_content",
            "ui_content ui_",
            "ui_dialog",
            "ui_icon",
            "ui_icon_bg",
            "ui_inner",
            "ui_l",
            "ui_lb",
            "ui_loading",
            "ui_lt",
            "ui_main",
            "ui_max",
            "ui_max_b",
            "ui_min",
            "ui_min_b",
            "ui_r",
            "ui_rb",
            "ui_re",
            "ui_rt",
            "ui_t",
            "ui_title",
            "ui_title_bar",
            "ui_title_button",
            "ym-bc",
            "ym-bl",
            "ym-body ymPrompt_confirm",
            "ym-br",
            "ym-btn",
            "ym-content",
            "ym-header-text",
            "ym-header-tool",
            "ym-mc",
            "ym-ml",
            "ym-mr",
            "ym-tc",
            "ym-tl",
            "ym-tr",
            "ymPrompt_clo",
            "ymPrompt_max",
            "ymPrompt_min"
          ],
          [
            " ui_",
            "Sort_up",
            "_b",
            "_t",
            "_type hover",
            "adv_filter",
            "btn_",
            "btn_c",
            "btn_cx",
            "btn_cz",
            "btn_dc",
            "btn_xg",
            "btn_zj",
            "buttonbox",
            "c",
            "dateline",
            "datetitle_",
            "down",
            "e",
            "earch_advanced",
            "elected-attr",
            "fir",
            "formbox",
            "hide",
            "huc",
            "ible ui_",
            "la",
            "location",
            "more--item_bottom",
            "next pointer",
            "nowrap",
            "option",
            "pageleft",
            "pagenum",
            "pageright",
            "pagination",
            "paging",
            "prev pointer",
            "prompcon",
            "prop-item",
            "r",
            "red",
            "t pointer",
            "tab_cur",
            "tate_focu",
            "tate_lock",
            "tate_tip",
            "tate_vi",
            "toolbox",
            "ui_b",
            "ui_border ui_",
            "ui_button",
            "ui_c",
            "ui_clo",
            "ui_content",
            "ui_dialog",
            "ui_icon",
            "ui_icon_bg",
            "ui_inner",
            "ui_l",
            "ui_lb",
            "ui_lt",
            "ui_main",
            "ui_max",
            "ui_max_b",
            "ui_min",
            "ui_min_b",
            "ui_r",
            "ui_rb",
            "ui_re",
            "ui_rt",
            "ui_t",
            "ui_title",
            "ui_title_bar",
            "ui_title_button"
          ],
          [
            " ui_",
            "Sort_up",
            "_b",
            "_t",
            "_type hover",
            "adv_filter",
            "btn_",
            "btn_c",
            "btn_cx",
            "btn_cz",
            "btn_dc",
            "btn_xg",
            "btn_zj",
            "buttonbox",
            "c",
            "clo",
            "dateline",
            "datetitle_",
            "down",
            "e",
            "e-icon",
            "earch_advanced",
            "elected-attr",
            "electedValue",
            "fir",
            "formbox",
            "hide",
            "huc",
            "ible ui_",
            "la",
            "location",
            "more--item_bottom",
            "moreValue_click",
            "more_down",
            "name",
            "next pointer",
            "nowrap",
            "option",
            "pageleft",
            "pagenum",
            "pageright",
            "pagination",
            "paging",
            "prev pointer",
            "prompcon",
            "prop-item",
            "r",
            "red",
            "t pointer",
            "tab_cur",
            "tate_focu",
            "tate_full",
            "tate_lock",
            "tate_tip",
            "tate_vi",
            "toolbox",
            "ui_b",
            "ui_border ui_",
            "ui_button",
            "ui_c",
            "ui_clo",
            "ui_content",
            "ui_content ui_",
            "ui_dialog",
            "ui_icon",
            "ui_icon_bg",
            "ui_inner",
            "ui_l",
            "ui_lb",
            "ui_loading",
            "ui_lt",
            "ui_main",
            "ui_max",
            "ui_max_b",
            "ui_min",
            "ui_min_b",
            "ui_r",
            "ui_rb",
            "ui_re",
            "ui_rt",
            "ui_t",
            "ui_title",
            "ui_title_bar",
            "ui_title_button",
            "ym-bc",
            "ym-bl",
            "ym-body",
            "ym-br",
            "ym-btn",
            "ym-header-text",
            "ym-header-tool",
            "ym-mc",
            "ym-ml",
            "ym-mr",
            "ym-tc",
            "ym-tl",
            "ym-tr",
            "ymPrompt_clo",
            "ymPrompt_max",
            "ymPrompt_min"
          ],
          [
            " ui_",
            "Sort_up",
            "_b",
            "_t",
            "_type hover",
            "adv_filter",
            "btn_",
            "btn_c",
            "btn_cx",
            "btn_cz",
            "btn_dc",
            "btn_xg",
            "btn_zj",
            "buttonbox",
            "c",
            "clo",
            "dateline",
            "datetitle_",
            "down",
            "e",
            "e-icon",
            "earch_advanced",
            "elected-attr",
            "electedValue",
            "fir",
            "formbox",
            "hide",
            "huc",
            "la",
            "location",
            "more--item_bottom",
            "moreValue_click",
            "more_down",
            "name",
            "next pointer",
            "nowrap",
            "option",
            "pageleft",
            "pagenum",
            "pageright",
            "pagination",
            "paging",
            "prev pointer",
            "prompcon",
            "prop-item",
            "r",
            "red",
            "t pointer",
            "tab_cur",
            "tate_lock",
            "tate_tip",
            "toolbox",
            "ui_b",
            "ui_border",
            "ui_border ui_",
            "ui_button",
            "ui_c",
            "ui_clo",
            "ui_content",
            "ui_dialog",
            "ui_icon",
            "ui_icon_bg",
            "ui_inner",
            "ui_l",
            "ui_lb",
            "ui_lt",
            "ui_main",
            "ui_max",
            "ui_max_b",
            "ui_min",
            "ui_min_b",
            "ui_r",
            "ui_rb",
            "ui_re",
            "ui_rt",
            "ui_t",
            "ui_title",
            "ui_title_bar",
            "ui_title_button",
            "ym-bc",
            "ym-bl",
            "ym-body",
            "ym-br",
            "ym-btn",
            "ym-header-text",
            "ym-header-tool",
            "ym-mc",
            "ym-ml",
            "ym-mr",
            "ym-tc",
            "ym-tl",
            "ym-tr",
            "ymPrompt_clo",
            "ymPrompt_max",
            "ymPrompt_min"
          ]
        ]
      }
    },
    "page/tagTriplets": {
      "contexts": {
        "context2": [
          [
            "-/-/DIV",
            "-/-/INPUT-hidden",
            "-/DIV/TABLE",
            "DIV/TABLE/TBODY",
            "DIV/TABLE/TFOOT",
            "DIV/TABLE/THEAD",
            "TABLE/TBODY/TR",
            "TABLE/TFOOT/TR",
            "TABLE/THEAD/TR",
            "TBODY/TR/TD",
            "TBODY/TR/TH",
            "TD/DIV/BUTTON",
            "TD/DIV/SPAN",
            "TFOOT/TR/TD",
            "THEAD/TR/TH",
            "TR/TD/DIV",
            "TR/TD/INPUT-hidden",
            "TR/TD/SCRIPT",
            "TR/TD/SPAN",
            "TR/TH/SPAN"
          ],
          [
            "-/-/DIV",
            "-/-/INPUT-hidden",
            "-/DIV/TABLE",
            "DIV/TABLE/TBODY",
            "DIV/TABLE/TFOOT",
            "DIV/TABLE/THEAD",
            "TABLE/TBODY/TR",
            "TABLE/TFOOT/TR",
            "TABLE/THEAD/TR",
            "TBODY/TR/TD",
            "TBODY/TR/TH",
            "TD/DIV/BUTTON",
            "TD/DIV/INPUT-file",
            "TD/DIV/SPAN",
            "TD/SELECT/OPTION",
            "TD/SPAN/BR",
            "TD/TABLE/TBODY",
            "TD/TABLE/THEAD",
            "TFOOT/TR/TD",
            "TH/FONT/B",
            "THEAD/TR/TD",
            "THEAD/TR/TH",
            "TR/TD/B",
            "TR/TD/BUTTON",
            "TR/TD/DIV",
            "TR/TD/INPUT-hidden",
            "TR/TD/INPUT-text",
            "TR/TD/SCRIPT",
            "TR/TD/SELECT",
            "TR/TD/SPAN",
            "TR/TD/TABLE",
            "TR/TD/TEXTAREA",
            "TR/TH/BR",
            "TR/TH/FONT",
            "TR/TH/SPAN"
          ],
          [
            "-/-/TABLE",
            "-/TABLE/TBODY",
            "DIV/A/B",
            "DIV/DIV/A",
            "DIV/DIV/SPAN",
            "TABLE/TBODY/TR",
            "TBODY/TR/TD",
            "TD/DIV/DIV",
            "TD/DIV/IFRAME",
            "TR/TD/DIV"
          ]
        ]
      }
    }
  }
}