{
  "version": "0.1",
  "id": "hdbm_wsbm_xq",
  "targetURL": "http://117.35.118.209/bmxmbqk.aspx?xh=121111",
  "jsFile": "../../lib/base.js,../../lib/customTemplate.js,index.js",
  "cssFile": "../../lib/base.css,index.css",
  "requires": {
    "login": "../login/index.json"
  },
  "chineseName": "活动报名-网上报名-详情",
  "controls": {
    "control0": {
      "location": {
        "data": {
          "tagName": "IMG"
        },
        "locators": [
          {
            "id": "@alt",
            "prob": 2,
            "value": {
              "text": [
                "照片"
              ]
            }
          },
          {
            "id": "img/@src",
            "prob": 1,
            "value": {
              "pathname": "/readimagexs.aspx",
              "search": "xh=121111"
            }
          },
          {
            "id": "@id/word",
            "prob": 3,
            "value": "descendant::IMG[@id=\"xszp\"]"
          },
          {
            "id": "@class/word",
            "prob": 1,
            "value": "DIV.mid_box SPAN.formbox TABLE.datelist TBODY TR TD IMG"
          },
          {
            "id": "path/ordinal",
            "prob": 1,
            "value": "/HTML[1]/BODY[1]/FORM[1]/DIV[1]/DIV[1]/SPAN[1]/TABLE[1]/TBODY[1]/TR[1]/TD[2]/IMG[1]"
          },
          {
            "id": "elderLevel",
            "value": {
              "level": 0
            }
          },
          {
            "id": "shield",
            "value": {
              "zIndex": "auto",
              "width": 112,
              "height": 144
            }
          }
        ]
      },
      "roles": "element,image,button",
      "monitored": false
    },
    "control1": {
      "location": {
        "data": {
          "tagName": "SPAN"
        },
        "locators": [
          {
            "id": "button/text",
            "prob": 3,
            "value": {
              "text": [
                "2016-2017"
              ],
              "visText": [
                "2016-2017"
              ]
            }
          },
          {
            "id": "text",
            "prob": 3,
            "value": {
              "text": [
                "2016-2017"
              ],
              "visText": [
                "2016-2017"
              ]
            }
          },
          {
            "id": "@id/word",
            "prob": 3,
            "value": "descendant::SPAN[@id=\"lbl_xn\"]"
          },
          {
            "id": "@class/word",
            "prob": 1,
            "ordinal": [
              0,
              8
            ],
            "value": "SPAN.formbox TABLE.datelist TD.trbg1 SPAN"
          },
          {
            "id": "path/ordinal",
            "prob": 1,
            "value": "/HTML[1]/BODY[1]/FORM[1]/DIV[1]/DIV[1]/SPAN[1]/TABLE[1]/TBODY[1]/TR[1]/TD[1]/SPAN[1]"
          },
          {
            "id": "elderLevel",
            "value": {
              "level": 0
            }
          },
          {
            "id": "shield",
            "value": {
              "zIndex": "auto",
              "width": 69,
              "height": 15
            }
          }
        ]
      },
      "roles": "element",
      "content": true,
      "monitored": false
    },
    "control2": {
      "location": {
        "data": {
          "tagName": "TD"
        },
        "locators": [
          {
            "id": "button/text",
            "prob": 3,
            "value": {
              "text": [
                "学号： 121111"
              ],
              "visText": [
                "学号： 121111"
              ]
            }
          },
          {
            "id": "text",
            "prob": 3,
            "value": {
              "text": [
                "学号： 121111"
              ],
              "visText": [
                "学号： 121111"
              ]
            }
          },
          {
            "id": "@id/partialWord",
            "prob": 1,
            "disabled": true,
            "value": {
              "elemId": "Form1",
              "tagName": "FORM",
              "prefix": "",
              "suffix": "/DIV[1]/DIV[1]/SPAN[1]/TABLE[1]/TBODY[1]/TR[2]/TD[1]",
              "ratio": 0.81
            }
          },
          {
            "id": "@class/word",
            "prob": 1,
            "ordinal": [
              1,
              9
            ],
            "value": "SPAN.formbox TABLE.datelist TD.trbg1"
          },
          {
            "id": "path/ordinal",
            "prob": 1,
            "value": "/HTML[1]/BODY[1]/FORM[1]/DIV[1]/DIV[1]/SPAN[1]/TABLE[1]/TBODY[1]/TR[2]/TD[1]"
          },
          {
            "id": "shield",
            "value": {
              "zIndex": "auto",
              "width": 366,
              "height": 25
            }
          }
        ]
      },
      "roles": "element",
      "content": true,
      "monitored": false
    },
    "control3": {
      "location": {
        "data": {
          "tagName": "SPAN"
        },
        "locators": [
          {
            "id": "button/text",
            "prob": 3,
            "value": {
              "text": [
                "2016-2017"
              ],
              "visText": [
                "2016-2017"
              ]
            }
          },
          {
            "id": "text",
            "prob": 3,
            "value": {
              "text": [
                "2016-2017"
              ],
              "visText": [
                "2016-2017"
              ]
            }
          },
          {
            "id": "@id/word",
            "prob": 3,
            "value": "descendant::SPAN[@id=\"lbl_xn\"]"
          },
          {
            "id": "@class/word",
            "prob": 1,
            "ordinal": [
              0,
              8
            ],
            "value": "SPAN.formbox TABLE.datelist TD.trbg1 SPAN"
          },
          {
            "id": "path/ordinal",
            "prob": 1,
            "value": "/HTML[1]/BODY[1]/FORM[1]/DIV[1]/DIV[1]/SPAN[1]/TABLE[1]/TBODY[1]/TR[1]/TD[1]/SPAN[1]"
          },
          {
            "id": "elderLevel",
            "value": {
              "level": 0
            }
          },
          {
            "id": "shield",
            "value": {
              "zIndex": "auto",
              "width": 69,
              "height": 15
            }
          }
        ]
      },
      "roles": "element",
      "content": true,
      "monitored": false
    },
    "control4": {
      "location": {
        "data": {
          "tagName": "SPAN"
        },
        "locators": [
          {
            "id": "@id/word",
            "prob": 3,
            "value": "descendant::SPAN[@id=\"lbl_xq\"]"
          },
          {
            "id": "@class/word",
            "prob": 1,
            "ordinal": [
              1,
              8
            ],
            "value": "SPAN.formbox TABLE.datelist TD.trbg1 SPAN"
          },
          {
            "id": "path/ordinal",
            "prob": 1,
            "value": "/HTML[1]/BODY[1]/FORM[1]/DIV[1]/DIV[1]/SPAN[1]/TABLE[1]/TBODY[1]/TR[1]/TD[1]/SPAN[2]"
          },
          {
            "id": "elderLevel",
            "value": {
              "level": 0
            }
          },
          {
            "id": "shield",
            "value": {
              "zIndex": "auto",
              "width": 8,
              "height": 15
            }
          }
        ]
      },
      "roles": "element",
      "content": true,
      "monitored": false
    },
    "control5": {
      "location": {
        "data": {
          "tagName": "TD"
        },
        "locators": [
          {
            "id": "button/text",
            "prob": 3,
            "value": {
              "text": [
                "姓名： 盛静静"
              ],
              "visText": [
                "姓名： 盛静静"
              ]
            }
          },
          {
            "id": "text",
            "prob": 3,
            "value": {
              "text": [
                "姓名： 盛静静"
              ],
              "visText": [
                "姓名： 盛静静"
              ]
            }
          },
          {
            "id": "@id/partialWord",
            "prob": 1,
            "disabled": true,
            "value": {
              "elemId": "Form1",
              "tagName": "FORM",
              "prefix": "",
              "suffix": "/DIV[1]/DIV[1]/SPAN[1]/TABLE[1]/TBODY[1]/TR[3]/TD[1]",
              "ratio": 0.81
            }
          },
          {
            "id": "@class/word",
            "prob": 1,
            "ordinal": [
              2,
              9
            ],
            "value": "SPAN.formbox TABLE.datelist TD.trbg1"
          },
          {
            "id": "path/ordinal",
            "prob": 1,
            "value": "/HTML[1]/BODY[1]/FORM[1]/DIV[1]/DIV[1]/SPAN[1]/TABLE[1]/TBODY[1]/TR[3]/TD[1]"
          },
          {
            "id": "shield",
            "value": {
              "zIndex": "auto",
              "width": 366,
              "height": 25
            }
          }
        ]
      },
      "roles": "element",
      "content": true,
      "monitored": false
    },
    "control6": {
      "location": {
        "data": {
          "tagName": "TD"
        },
        "locators": [
          {
            "id": "button/text",
            "prob": 3,
            "value": {
              "text": [
                "性别： 女"
              ],
              "visText": [
                "性别： 女"
              ]
            }
          },
          {
            "id": "text",
            "prob": 3,
            "value": {
              "text": [
                "性别： 女"
              ],
              "visText": [
                "性别： 女"
              ]
            }
          },
          {
            "id": "@id/partialWord",
            "prob": 1,
            "disabled": true,
            "value": {
              "elemId": "Form1",
              "tagName": "FORM",
              "prefix": "",
              "suffix": "/DIV[1]/DIV[1]/SPAN[1]/TABLE[1]/TBODY[1]/TR[4]/TD[1]",
              "ratio": 0.81
            }
          },
          {
            "id": "@class/word",
            "prob": 1,
            "ordinal": [
              3,
              9
            ],
            "value": "SPAN.formbox TABLE.datelist TD.trbg1"
          },
          {
            "id": "path/ordinal",
            "prob": 1,
            "value": "/HTML[1]/BODY[1]/FORM[1]/DIV[1]/DIV[1]/SPAN[1]/TABLE[1]/TBODY[1]/TR[4]/TD[1]"
          },
          {
            "id": "shield",
            "value": {
              "zIndex": "auto",
              "width": 366,
              "height": 25
            }
          }
        ]
      },
      "roles": "element",
      "content": true,
      "monitored": false
    },
    "control7": {
      "location": {
        "data": {
          "tagName": "TD"
        },
        "locators": [
          {
            "id": "button/text",
            "prob": 3,
            "value": {
              "text": [
                "出生日期： 1991-08-13"
              ],
              "visText": [
                "出生日期： 1991-08-13"
              ]
            }
          },
          {
            "id": "text",
            "prob": 3,
            "value": {
              "text": [
                "出生日期： 1991-08-13"
              ],
              "visText": [
                "出生日期： 1991-08-13"
              ]
            }
          },
          {
            "id": "@id/partialWord",
            "prob": 1,
            "disabled": true,
            "value": {
              "elemId": "Form1",
              "tagName": "FORM",
              "prefix": "",
              "suffix": "/DIV[1]/DIV[1]/SPAN[1]/TABLE[1]/TBODY[1]/TR[5]/TD[1]",
              "ratio": 0.81
            }
          },
          {
            "id": "@class/word",
            "prob": 1,
            "ordinal": [
              4,
              9
            ],
            "value": "SPAN.formbox TABLE.datelist TD.trbg1"
          },
          {
            "id": "path/ordinal",
            "prob": 1,
            "value": "/HTML[1]/BODY[1]/FORM[1]/DIV[1]/DIV[1]/SPAN[1]/TABLE[1]/TBODY[1]/TR[5]/TD[1]"
          },
          {
            "id": "shield",
            "value": {
              "zIndex": "auto",
              "width": 366,
              "height": 25
            }
          }
        ]
      },
      "roles": "element",
      "content": true,
      "monitored": false
    },
    "control8": {
      "location": {
        "data": {
          "tagName": "TD"
        },
        "locators": [
          {
            "id": "button/text",
            "prob": 3,
            "value": {
              "text": [
                "源信息身份证号： 372924199108135449"
              ],
              "visText": [
                "源信息身份证号： 372924199108135449"
              ]
            }
          },
          {
            "id": "text",
            "prob": 3,
            "value": {
              "text": [
                "源信息身份证号： 372924199108135449"
              ],
              "visText": [
                "源信息身份证号： 372924199108135449"
              ]
            }
          },
          {
            "id": "@id/partialWord",
            "prob": 1,
            "disabled": true,
            "value": {
              "elemId": "Form1",
              "tagName": "FORM",
              "prefix": "",
              "suffix": "/DIV[1]/DIV[1]/SPAN[1]/TABLE[1]/TBODY[1]/TR[6]/TD[1]",
              "ratio": 0.81
            }
          },
          {
            "id": "@class/word",
            "prob": 1,
            "ordinal": [
              5,
              9
            ],
            "value": "SPAN.formbox TABLE.datelist TD.trbg1"
          },
          {
            "id": "path/ordinal",
            "prob": 1,
            "value": "/HTML[1]/BODY[1]/FORM[1]/DIV[1]/DIV[1]/SPAN[1]/TABLE[1]/TBODY[1]/TR[6]/TD[1]"
          },
          {
            "id": "shield",
            "value": {
              "zIndex": "auto",
              "width": 366,
              "height": 25
            }
          }
        ]
      },
      "roles": "element",
      "content": true,
      "monitored": false
    },
    "control9": {
      "location": {
        "data": {
          "tagName": "TD"
        },
        "locators": [
          {
            "id": "button/text",
            "prob": 3,
            "value": {
              "text": [
                "学制： 4"
              ],
              "visText": [
                "学制： 4"
              ]
            }
          },
          {
            "id": "text",
            "prob": 3,
            "value": {
              "text": [
                "学制： 4"
              ],
              "visText": [
                "学制： 4"
              ]
            }
          },
          {
            "id": "@id/partialWord",
            "prob": 1,
            "disabled": true,
            "value": {
              "elemId": "Form1",
              "tagName": "FORM",
              "prefix": "",
              "suffix": "/DIV[1]/DIV[1]/SPAN[1]/TABLE[1]/TBODY[1]/TR[11]/TD[1]",
              "ratio": 0.81
            }
          },
          {
            "id": "@id/nonWord",
            "prob": 1,
            "disabled": true,
            "fact": "xz",
            "value": "descendant::TD[@id=\"xz\"]"
          },
          {
            "id": "@class/word",
            "prob": 1,
            "ordinal": [
              6,
              9
            ],
            "value": "SPAN.formbox TABLE.datelist TD.trbg1"
          },
          {
            "id": "path/ordinal",
            "prob": 1,
            "value": "/HTML[1]/BODY[1]/FORM[1]/DIV[1]/DIV[1]/SPAN[1]/TABLE[1]/TBODY[1]/TR[11]/TD[1]"
          },
          {
            "id": "shield",
            "value": {
              "zIndex": "auto",
              "width": 366,
              "height": 24
            }
          }
        ]
      },
      "roles": "element",
      "content": true,
      "monitored": false
    },
    "control10": {
      "location": {
        "data": {
          "tagName": "TD"
        },
        "locators": [
          {
            "id": "button/text",
            "prob": 3,
            "value": {
              "text": [
                "已报项目："
              ],
              "visText": [
                "已报项目："
              ]
            }
          },
          {
            "id": "text",
            "prob": 3,
            "value": {
              "text": [
                "已报项目："
              ],
              "visText": [
                "已报项目："
              ]
            }
          },
          {
            "id": "@id/partialWord",
            "prob": 1,
            "disabled": true,
            "value": {
              "elemId": "Form1",
              "tagName": "FORM",
              "prefix": "",
              "suffix": "/DIV[1]/DIV[1]/SPAN[1]/TABLE[1]/TBODY[1]/TR[12]/TD[1]",
              "ratio": 0.81
            }
          },
          {
            "id": "@class/word",
            "prob": 1,
            "ordinal": [
              7,
              9
            ],
            "value": "SPAN.formbox TABLE.datelist TD.trbg1"
          },
          {
            "id": "path/ordinal",
            "prob": 1,
            "value": "/HTML[1]/BODY[1]/FORM[1]/DIV[1]/DIV[1]/SPAN[1]/TABLE[1]/TBODY[1]/TR[12]/TD[1]"
          },
          {
            "id": "elderLevel",
            "value": {
              "level": 0
            }
          },
          {
            "id": "shield",
            "value": {
              "zIndex": "auto",
              "width": 1078,
              "height": 25
            }
          }
        ]
      },
      "roles": "element",
      "content": true,
      "monitored": false
    },
    "control11": {
      "location": {
        "data": {
          "tagName": "TABLE"
        },
        "locators": [
          {
            "id": "button/text",
            "prob": 3,
            "value": {
              "text": [
                "序号名称类别身份证号预定教材预定大纲是否缴费"
              ],
              "visText": [
                "序号名称类别身份证号预定教材预定大纲是否缴费"
              ]
            }
          },
          {
            "id": "text",
            "prob": 3,
            "value": {
              "text": [
                "序号名称类别身份证号预定教材预定大纲是否缴费"
              ],
              "visText": [
                "序号 名称 类别 身份证号 预定教材 预定大纲 是否缴费"
              ]
            }
          },
          {
            "id": "@id/word",
            "prob": 3,
            "value": "descendant::TABLE[@id=\"DBGridInfo\"]"
          },
          {
            "id": "@class/word",
            "prob": 1,
            "value": "TABLE.datelist TD.trbg1 TABLE.datelist"
          },
          {
            "id": "path/ordinal",
            "prob": 1,
            "value": "/HTML[1]/BODY[1]/FORM[1]/DIV[1]/DIV[1]/SPAN[1]/TABLE[1]/TBODY[1]/TR[13]/TD[1]/TABLE[1]"
          },
          {
            "id": "style/color",
            "value": [
              17,
              68,
              158
            ]
          },
          {
            "id": "shield",
            "value": {
              "zIndex": "auto",
              "width": 1065,
              "height": 26
            }
          }
        ]
      },
      "events": {
        "onGetData": "getData_control11"
      },
      "intendedRole": "custom",
      "roles": "element,custom",
      "monitored": false
    },
    "control12": {
      "location": {
        "data": {
          "tagName": "BODY"
        },
        "locators": [
          {
            "id": "path/ordinal",
            "prob": 1,
            "value": "/HTML[1]/BODY[1]"
          },
          {
            "id": "style/color",
            "value": [
              17,
              68,
              158
            ]
          },
          {
            "id": "shield",
            "value": {
              "zIndex": "auto",
              "width": 1102,
              "height": 616
            }
          }
        ]
      },
      "events": {
        "onGetData": "getData_control12"
      },
      "intendedRole": "custom",
      "roles": "element,custom",
      "monitored": false
    }
  },
  "contexts": {
    "context2": {
      "controls": [
        "control0",
        "control1",
        "control2",
        "control3",
        "control4",
        "control5",
        "control6",
        "control7",
        "control8",
        "control9",
        "control10",
        "control11",
        "control12"
      ],
      "anchors": []
    }
  },
  "flows": {
    "flow0": {
      "toContexts": [
        {
          "toContextId": "context2"
        }
      ]
    }
  },
  "pages": {
    "page2": {
      "contextId": "context2",
      "layout": [
        {
          "id": "uiControl0",
          "display": {
            "class": "navbar navbar-primary header",
            "title": "个人信息",
            "type": "header",
            "adapterId": "header",
            "adapter": {
              "templateType": ""
            }
          },
          "layout": []
        },
        {
          "id": "uiControl1",
          "display": {
            "type": "card",
            "adapterId": "card",
            "class": "q-zp",
            "adapter": {
              "templateType": ""
            }
          },
          "layout": [
            {
              "id": "uiControl1body",
              "display": {
                "type": "cardBody",
                "adapterId": "cardBody",
                "adapter": {
                  "templateType": ""
                }
              },
              "layout": [
                {
                  "id": "uiControl2",
                  "controlId": "control0",
                  "display": {
                    "adapterId": "image_link",
                    "type": "image",
                    "adapter": {
                      "templateType": ""
                    }
                  }
                }
              ]
            }
          ]
        },
        {
          "id": "uiControl3",
          "display": {
            "type": "card",
            "adapterId": "card",
            "class": "q-bmxq-content",
            "adapter": {
              "templateType": ""
            }
          },
          "layout": [
            {
              "id": "uiControl3body",
              "display": {
                "type": "cardBody",
                "adapterId": "cardBody",
                "adapter": {
                  "templateType": ""
                }
              },
              "layout": [
                {
                  "id": "uiControl12",
                  "display": {
                    "type": "grid",
                    "adapterId": "grid",
                    "adapter": {
                      "templateType": ""
                    }
                  },
                  "layout": [
                    {
                      "id": "uiControl12row0",
                      "display": {
                        "cols": 3,
                        "type": "col",
                        "adapterId": "col",
                        "adapter": {
                          "templateType": ""
                        }
                      },
                      "layout": [
                        {
                          "id": "uiControl13",
                          "display": {
                            "text": "报名学年：",
                            "type": "content",
                            "adapterId": "staticContent",
                            "adapter": {
                              "templateType": ""
                            }
                          }
                        },
                        {
                          "id": "uiControl15",
                          "controlId": "control3",
                          "display": {
                            "adapterId": "content",
                            "type": "content",
                            "adapter": {
                              "templateType": ""
                            }
                          }
                        }
                      ]
                    },
                    {
                      "id": "uiControl12row1",
                      "display": {
                        "cols": 3,
                        "type": "col",
                        "adapterId": "col",
                        "adapter": {
                          "templateType": ""
                        }
                      },
                      "layout": [
                        {
                          "id": "uiControl14",
                          "display": {
                            "text": "报名学期：",
                            "type": "content",
                            "adapterId": "staticContent",
                            "adapter": {
                              "templateType": ""
                            }
                          }
                        },
                        {
                          "id": "uiControl16",
                          "controlId": "control4",
                          "display": {
                            "adapterId": "content",
                            "type": "content",
                            "adapter": {
                              "templateType": ""
                            }
                          }
                        }
                      ]
                    }
                  ]
                },
                {
                  "id": "uiControl11",
                  "controlId": "control2",
                  "display": {
                    "adapterId": "content",
                    "type": "content",
                    "adapter": {
                      "templateType": ""
                    }
                  }
                },
                {
                  "id": "uiControl17",
                  "controlId": "control5",
                  "display": {
                    "adapterId": "content",
                    "type": "content",
                    "adapter": {
                      "templateType": ""
                    }
                  }
                },
                {
                  "id": "uiControl18",
                  "controlId": "control6",
                  "display": {
                    "adapterId": "content",
                    "type": "content",
                    "adapter": {
                      "templateType": ""
                    }
                  }
                },
                {
                  "id": "uiControl19",
                  "controlId": "control7",
                  "display": {
                    "adapterId": "content",
                    "type": "content",
                    "adapter": {
                      "templateType": ""
                    }
                  }
                },
                {
                  "id": "uiControl20",
                  "controlId": "control8",
                  "display": {
                    "adapterId": "content",
                    "type": "content",
                    "adapter": {
                      "templateType": ""
                    }
                  }
                },
                {
                  "id": "uiControl21",
                  "controlId": "control9",
                  "display": {
                    "adapterId": "content",
                    "type": "content",
                    "adapter": {
                      "templateType": ""
                    }
                  }
                },
                {
                  "id": "uiControl22",
                  "controlId": "control10",
                  "display": {
                    "adapterId": "content",
                    "type": "content",
                    "adapter": {
                      "templateType": ""
                    }
                  }
                }
              ]
            }
          ]
        },
        {
          "id": "uiControl23",
          "display": {
            "type": "card",
            "adapterId": "card",
            "class": "table-a q-table-content",
            "adapter": {
              "templateType": ""
            }
          },
          "layout": [
            {
              "id": "uiControl23body",
              "display": {
                "type": "cardBody",
                "adapterId": "cardBody",
                "adapter": {
                  "templateType": ""
                }
              },
              "layout": [
                {
                  "id": "uiControl4",
                  "controlId": "control11",
                  "display": {
                    "adapterId": "custom",
                    "type": "custom",
                    "adapter": {
                      "templateType": "react",
                      "events": {
                        "onDoAction": "doAction_uiControl4",
                        "onGetTemplate": "getTemplate_uiControl4"
                      }
                    }
                  }
                }
              ]
            }
          ]
        },
        {
          "id": "uiControl5",
          "display": {
            "type": "card",
            "adapterId": "card",
            "class": "btn-submit",
            "adapter": {
              "templateType": ""
            }
          },
          "layout": [
            {
              "id": "uiControl5body",
              "display": {
                "type": "cardBody",
                "adapterId": "cardBody",
                "adapter": {
                  "templateType": ""
                }
              },
              "layout": [
                {
                  "id": "uiControl6",
                  "controlId": "control12",
                  "display": {
                    "adapterId": "custom",
                    "type": "custom",
                    "adapter": {
                      "templateType": "react",
                      "events": {
                        "onDoAction": "doAction_uiControl6",
                        "onGetTemplate": "getTemplate_uiControl6"
                      }
                    }
                  }
                }
              ]
            }
          ]
        }
      ]
    }
  },
  "matchers": {
    "page/title": {
      "contexts": {
        "context2": [
          "现代教学管理信息系统"
        ]
      }
    },
    "page/urls": {
      "contexts": {
        "context2": [
          "117.35.118.209/bmxmbqk.aspx?xh=121111"
        ]
      }
    },
    "page/ids": {
      "contexts": {
        "context2": [
          [
            "DBGridInfo",
            "Form",
            "Hid",
            "Popup",
            "btnClose",
            "btnSave",
            "btpost",
            "lb_xz",
            "lbl_csrq",
            "lbl_sfzh",
            "lbl_xb",
            "lbl_xh",
            "lbl_xm",
            "lbl_xn",
            "lbl_xq",
            "td",
            "tdCns",
            "xszp",
            "xz"
          ]
        ]
      }
    },
    "page/classes": {
      "contexts": {
        "context2": [
          [
            "dateli",
            "footbox",
            "footbox_con",
            "footbutton",
            "formbox",
            "main_box",
            "mid_box",
            "pagination",
            "parent",
            "t",
            "tb",
            "thead",
            "title",
            "tran",
            "trbg"
          ]
        ]
      }
    },
    "page/tagTriplets": {
      "contexts": {
        "context2": [
          [
            "-/-/FORM",
            "-/FORM/DIV",
            "-/FORM/INPUT-hidden",
            "-/FORM/SCRIPT",
            "DIV/DIV/DIV",
            "DIV/DIV/EM",
            "DIV/DIV/P",
            "DIV/DIV/SPAN",
            "DIV/EM/FONT",
            "DIV/EM/SPAN",
            "DIV/P/FONT",
            "DIV/SPAN/TABLE",
            "DIV/TABLE/TBODY",
            "FORM/DIV/DIV",
            "FORM/DIV/EM",
            "FORM/DIV/TABLE",
            "SPAN/TABLE/TBODY",
            "TABLE/TBODY/TR",
            "TBODY/TR/TD",
            "TD/FONT/SPAN",
            "TD/FONT/STRONG",
            "TD/TABLE/TBODY",
            "TR/TD/FONT",
            "TR/TD/IMG",
            "TR/TD/INPUT-button",
            "TR/TD/INPUT-hidden",
            "TR/TD/SPAN",
            "TR/TD/TABLE"
          ]
        ]
      }
    }
  }
}