{
  "version": "0.1",
  "id": "xs_xsgrkb",
  "targetURL": "http://117.35.118.209/xskbcx.aspx?xh=121111&xm=%CA%A2%BE%B2%BE%B2&gnmkdm=N121602",
  "jsFile": "../../lib/base.js,../../lib/customTemplate.js,index.js",
  "cssFile": "../../lib/base.css,index.css",
  "chineseName": "学生--学生个人课表",
  "description": "",
  "controls": {
    "control0": {
      "location": {
        "data": {
          "tagName": "SELECT"
        },
        "locators": [
          {
            "id": "button/text",
            "prob": 3,
            "value": {
              "text": [
                "2015-2016"
              ],
              "visText": [
                ""
              ]
            }
          },
          {
            "id": "text",
            "prob": 3,
            "value": {
              "text": [
                "2015-2016"
              ],
              "visText": [
                ""
              ]
            }
          },
          {
            "id": "elem/@name",
            "prob": 2,
            "value": [
              "descendant::form[@name=\"xskb_form\"]//SELECT[@name=\"xnd\"]",
              "descendant::SELECT[@name=\"xnd\"]"
            ]
          },
          {
            "id": "@id/word",
            "prob": 3,
            "value": [
              "descendant::FORM[@id=\"xskb_form\"]//SELECT[@id=\"xnd\"]",
              "descendant::SELECT[@id=\"xnd\"]"
            ]
          },
          {
            "id": "@class/word",
            "prob": 1,
            "ordinal": [
              0,
              2
            ],
            "value": "DIV.mid_box SPAN.formbox TABLE.formlist TBODY TR TD SELECT"
          },
          {
            "id": "path/ordinal",
            "prob": 1,
            "value": "/HTML[1]/BODY[1]/FORM[1]/DIV[1]/DIV[1]/SPAN[1]/TABLE[1]/TBODY[1]/TR[1]/TD[1]/SELECT[1]"
          },
          {
            "id": "input/type",
            "verifyEnabled": true,
            "value": "select-one"
          },
          {
            "id": "shield",
            "value": {
              "zIndex": "auto",
              "width": 93,
              "height": 19
            }
          }
        ]
      },
      "intendedRole": "listbox",
      "roles": "element,listbox",
      "monitored": true
    },
    "control1": {
      "location": {
        "data": {
          "tagName": "FONT"
        },
        "locators": [
          {
            "id": "button/text",
            "prob": 3,
            "value": {
              "text": [
                "学年第"
              ],
              "visText": [
                "学年第"
              ]
            }
          },
          {
            "id": "text",
            "prob": 3,
            "value": {
              "text": [
                "学年第"
              ],
              "visText": [
                "学年第"
              ]
            }
          },
          {
            "id": "@class/word",
            "prob": 1,
            "ordinal": [
              0,
              4
            ],
            "value": "DIV.mid_box SPAN.formbox TABLE.formlist TBODY TR TD SPAN FONT"
          },
          {
            "id": "path/ordinal",
            "prob": 1,
            "value": "/HTML[1]/BODY[1]/FORM[1]/DIV[1]/DIV[1]/SPAN[1]/TABLE[1]/TBODY[1]/TR[1]/TD[1]/SPAN[1]/FONT[1]"
          },
          {
            "id": "style/color",
            "value": [
              95,
              116,
              133
            ]
          },
          {
            "id": "elderLevel",
            "value": {
              "level": 0
            }
          },
          {
            "id": "shield",
            "value": {
              "zIndex": "auto",
              "width": 54,
              "height": 22
            }
          }
        ]
      },
      "roles": "element",
      "content": true,
      "monitored": false
    },
    "control2": {
      "location": {
        "data": {
          "tagName": "SELECT"
        },
        "locators": [
          {
            "id": "button/text",
            "prob": 3,
            "value": {
              "text": [
                "1 2 3"
              ],
              "visText": [
                ""
              ]
            }
          },
          {
            "id": "text",
            "prob": 3,
            "value": {
              "text": [
                "1 2 3"
              ],
              "visText": [
                ""
              ]
            }
          },
          {
            "id": "elem/@name",
            "prob": 2,
            "value": [
              "descendant::form[@name=\"xskb_form\"]//SELECT[@name=\"xqd\"]",
              "descendant::SELECT[@name=\"xqd\"]"
            ]
          },
          {
            "id": "@id/word",
            "prob": 3,
            "value": [
              "descendant::FORM[@id=\"xskb_form\"]//SELECT[@id=\"xqd\"]",
              "descendant::SELECT[@id=\"xqd\"]"
            ]
          },
          {
            "id": "@class/word",
            "prob": 1,
            "ordinal": [
              1,
              2
            ],
            "value": "DIV.mid_box SPAN.formbox TABLE.formlist TBODY TR TD SELECT"
          },
          {
            "id": "path/ordinal",
            "prob": 1,
            "value": "/HTML[1]/BODY[1]/FORM[1]/DIV[1]/DIV[1]/SPAN[1]/TABLE[1]/TBODY[1]/TR[1]/TD[1]/SELECT[2]"
          },
          {
            "id": "input/type",
            "verifyEnabled": true,
            "value": "select-one"
          },
          {
            "id": "shield",
            "value": {
              "zIndex": "auto",
              "width": 32,
              "height": 19
            }
          }
        ]
      },
      "intendedRole": "listbox",
      "roles": "element,listbox",
      "monitored": true
    },
    "control3": {
      "location": {
        "data": {
          "tagName": "FONT"
        },
        "locators": [
          {
            "id": "button/text",
            "prob": 3,
            "value": {
              "text": [
                "学期学生个人课程表"
              ],
              "visText": [
                "学期学生个人课程表"
              ]
            }
          },
          {
            "id": "text",
            "prob": 3,
            "value": {
              "text": [
                "学期学生个人课程表"
              ],
              "visText": [
                "学期学生个人课程表"
              ]
            }
          },
          {
            "id": "@class/word",
            "prob": 1,
            "ordinal": [
              1,
              4
            ],
            "value": "DIV.mid_box SPAN.formbox TABLE.formlist TBODY TR TD SPAN FONT"
          },
          {
            "id": "path/ordinal",
            "prob": 1,
            "value": "/HTML[1]/BODY[1]/FORM[1]/DIV[1]/DIV[1]/SPAN[1]/TABLE[1]/TBODY[1]/TR[1]/TD[1]/SPAN[2]/FONT[1]"
          },
          {
            "id": "style/color",
            "value": [
              95,
              116,
              133
            ]
          },
          {
            "id": "elderLevel",
            "value": {
              "level": 0
            }
          },
          {
            "id": "shield",
            "value": {
              "zIndex": "auto",
              "width": 162,
              "height": 22
            }
          }
        ]
      },
      "roles": "element",
      "content": true,
      "monitored": false
    },
    "control4": {
      "location": {
        "data": {
          "tagName": "TABLE"
        },
        "locators": [
          {
            "id": "text",
            "prob": 3,
            "value": {
              "text": [
                "时间星期一星期二星期三星期四星期五星期六星期日 早晨 上午第1节 第2节 第3节 第4节 下午第5节 第6节 第7节 第8节 晚上第9节 第10节"
              ],
              "visText": [
                "时间 星期一 星期二 星期三 星期四 星期五 星期六 星期日 早晨 上午 第1节 第2节 第3节 第4节 下午 第5节 第6节 第7节 第8节 晚上 第9节 第10节"
              ]
            }
          },
          {
            "id": "@id/word",
            "prob": 2,
            "value": [
              "descendant::FORM[@id=\"xskb_form\"]/DIV[1]/DIV[1]/SPAN[1]/TABLE[2]",
              "descendant::FORM[@id=\"xskb_form\"]//TABLE"
            ]
          },
          {
            "id": "@class/word",
            "prob": 1,
            "value": "DIV.mid_box SPAN.formbox TABLE.blacktab"
          },
          {
            "id": "path/ordinal",
            "prob": 1,
            "value": "/HTML[1]/BODY[1]/FORM[1]/DIV[1]/DIV[1]/SPAN[1]/TABLE[2]"
          },
          {
            "id": "style/color",
            "value": [
              17,
              68,
              158
            ]
          },
          {
            "id": "shield",
            "value": {
              "zIndex": "auto",
              "width": 863,
              "height": 637
            }
          }
        ]
      },
      "intendedRole": "fragment",
      "roles": "element,fragment",
      "monitored": true
    },
    "control6": {
      "location": {
        "data": {
          "tagName": "TABLE"
        },
        "locators": [
          {
            "id": "button/text",
            "prob": 3,
            "value": {
              "text": [
                "编号课程名称原上课时间地点教师现上课时间地点教师申请时间"
              ],
              "visText": [
                "编号课程名称原上课时间地点教师现上课时间地点教师申请时间"
              ]
            }
          },
          {
            "id": "text",
            "prob": 3,
            "value": {
              "text": [
                "编号课程名称原上课时间地点教师现上课时间地点教师申请时间"
              ],
              "visText": [
                "编号 课程名称 原上课时间地点教师 现上课时间地点教师 申请时间"
              ]
            }
          },
          {
            "id": "@id/word",
            "prob": 3,
            "value": [
              "descendant::FORM[@id=\"xskb_form\"]//TABLE[@id=\"DBGrid\"]",
              "descendant::TABLE[@id=\"DBGrid\"]"
            ]
          },
          {
            "id": "@class/word",
            "prob": 1,
            "ordinal": [
              0,
              4
            ],
            "value": "DIV.mid_box SPAN.formbox TABLE.datelist"
          },
          {
            "id": "path/ordinal",
            "prob": 1,
            "value": "/HTML[1]/BODY[1]/FORM[1]/DIV[1]/DIV[1]/SPAN[1]/TABLE[3]"
          },
          {
            "id": "style/color",
            "value": [
              17,
              68,
              158
            ]
          },
          {
            "id": "shield",
            "value": {
              "zIndex": "auto",
              "width": 863,
              "height": 26
            }
          }
        ]
      },
      "intendedRole": "fragment",
      "roles": "element,fragment",
      "monitored": true
    },
    "control8": {
      "location": {
        "data": {
          "tagName": "TABLE"
        },
        "locators": [
          {
            "id": "text",
            "prob": 3,
            "value": {
              "text": [
                "课程名称教师学分起止周上课时间上课地点 毕业实习及总结王文佳4.001-18 毕业教育王文佳101-04"
              ],
              "visText": [
                "课程名称 教师 学分 起止周 上课时间 上课地点 毕业实习及总结 王文佳 4.0 01-18 毕业教育 王文佳 1 01-04"
              ]
            }
          },
          {
            "id": "@id/partialWord",
            "prob": 1,
            "disabled": true,
            "value": {
              "elemId": "Table3",
              "tagName": "TABLE",
              "prefix": "FORM[@id=\"xskb_form\"]//",
              "suffix": "/TBODY[1]/TR[2]/TD[1]",
              "ratio": 0.285
            }
          },
          {
            "id": "@class/word",
            "prob": 1,
            "ordinal": [
              0,
              3
            ],
            "value": "SPAN.formbox TABLE.noprint TABLE.datelist"
          },
          {
            "id": "path/ordinal",
            "prob": 1,
            "value": "/HTML[1]/BODY[1]/FORM[1]/DIV[1]/DIV[1]/SPAN[1]/TABLE[4]/TBODY[1]/TR[2]/TD[1]/TABLE[1]"
          },
          {
            "id": "style/color",
            "value": [
              17,
              68,
              158
            ]
          },
          {
            "id": "shield",
            "value": {
              "zIndex": "auto",
              "width": 859,
              "height": 76
            }
          }
        ]
      },
      "intendedRole": "fragment",
      "roles": "element,fragment",
      "monitored": true
    },
    "control10": {
      "location": {
        "data": {
          "tagName": "TABLE"
        },
        "locators": [
          {
            "id": "button/text",
            "prob": 3,
            "value": {
              "text": [
                "学年学期课程名称实习时间模块代号先修模块实习编号"
              ],
              "visText": [
                "学年学期课程名称实习时间模块代号先修模块实习编号"
              ]
            }
          },
          {
            "id": "text",
            "prob": 3,
            "value": {
              "text": [
                "学年学期课程名称实习时间模块代号先修模块实习编号"
              ],
              "visText": [
                "学年 学期 课程名称 实习时间 模块代号 先修模块 实习编号"
              ]
            }
          },
          {
            "id": "@id/word",
            "prob": 3,
            "value": [
              "descendant::FORM[@id=\"xskb_form\"]//TABLE[@id=\"DBGridYxkc\"]",
              "descendant::TABLE[@id=\"DBGridYxkc\"]"
            ]
          },
          {
            "id": "@id/partialWord",
            "prob": 1,
            "disabled": true,
            "value": {
              "elemId": "Table3",
              "tagName": "TABLE",
              "prefix": "FORM[@id=\"xskb_form\"]//",
              "suffix": "/TBODY[1]/TR[4]/TD[1]",
              "ratio": 0.285
            }
          },
          {
            "id": "@class/word",
            "prob": 1,
            "ordinal": [
              1,
              3
            ],
            "value": "SPAN.formbox TABLE.noprint TABLE.datelist"
          },
          {
            "id": "path/ordinal",
            "prob": 1,
            "value": "/HTML[1]/BODY[1]/FORM[1]/DIV[1]/DIV[1]/SPAN[1]/TABLE[4]/TBODY[1]/TR[4]/TD[1]/TABLE[1]"
          },
          {
            "id": "style/color",
            "value": [
              17,
              68,
              158
            ]
          },
          {
            "id": "shield",
            "value": {
              "zIndex": "auto",
              "width": 859,
              "height": 26
            }
          }
        ]
      },
      "intendedRole": "fragment",
      "roles": "element,fragment",
      "monitored": true
    },
    "control12": {
      "location": {
        "data": {
          "tagName": "TABLE"
        },
        "locators": [
          {
            "id": "text",
            "prob": 3,
            "value": {
              "text": [
                "学年学期课程名称教师姓名学分 2015-20162毕业论文（设计）王文佳13 2015-20162毕业实习及总结王文佳4.0 2015-20162毕业教育王文佳1"
              ],
              "visText": [
                "学年 学期 课程名称 教师姓名 学分 2015-2016 2 毕业论文（设计） 王文佳 13 2015-2016 2 毕业实习及总结 王文佳 4.0 2015-2016 2 毕业教育 王文佳 1"
              ]
            }
          },
          {
            "id": "@id/partialWord",
            "prob": 1,
            "disabled": true,
            "value": {
              "elemId": "Table3",
              "tagName": "TABLE",
              "prefix": "FORM[@id=\"xskb_form\"]//",
              "suffix": "/TBODY[1]/TR[6]/TD[1]",
              "ratio": 0.285
            }
          },
          {
            "id": "@class/word",
            "prob": 1,
            "ordinal": [
              2,
              3
            ],
            "value": "SPAN.formbox TABLE.noprint TABLE.datelist"
          },
          {
            "id": "path/ordinal",
            "prob": 1,
            "value": "/HTML[1]/BODY[1]/FORM[1]/DIV[1]/DIV[1]/SPAN[1]/TABLE[4]/TBODY[1]/TR[6]/TD[1]/TABLE[1]"
          },
          {
            "id": "style/color",
            "value": [
              17,
              68,
              158
            ]
          },
          {
            "id": "shield",
            "value": {
              "zIndex": "auto",
              "width": 859,
              "height": 101
            }
          }
        ]
      },
      "intendedRole": "fragment",
      "roles": "element,fragment",
      "monitored": true
    },
    "control13": {
      "location": {
        "data": {
          "tagName": "TR"
        },
        "locators": [
          {
            "id": "text",
            "prob": 3,
            "value": {
              "text": [
                "学号：121111| 姓名：盛静静| 学院：艺术设计学院| 专业：环境艺术设计| 行政班：环艺1201"
              ],
              "visText": [
                "学号：121111| 姓名：盛静静| 学院：艺术设计学院| 专业：环境艺术设计| 行政班：环艺1201"
              ]
            }
          },
          {
            "id": "@class/word",
            "prob": 1,
            "ordinal": [
              1,
              2
            ],
            "value": "DIV.mid_box SPAN.formbox TABLE.formlist TBODY TR"
          },
          {
            "id": "path/ordinal",
            "prob": 1,
            "value": "/HTML[1]/BODY[1]/FORM[1]/DIV[1]/DIV[1]/SPAN[1]/TABLE[1]/TBODY[1]/TR[2]"
          },
          {
            "id": "style/color",
            "value": [
              17,
              68,
              158
            ]
          },
          {
            "id": "shield",
            "value": {
              "zIndex": "auto",
              "width": 862,
              "height": 28
            }
          }
        ]
      },
      "events": {
        "onGetData": "getData_control13"
      },
      "intendedRole": "custom",
      "roles": "element,custom",
      "monitored": false
    },
    "control14": {
      "location": {
        "data": {
          "tagName": "BODY"
        },
        "locators": [
          {
            "id": "path/ordinal",
            "prob": 1,
            "value": "/HTML[1]/BODY[1]"
          },
          {
            "id": "style/color",
            "value": [
              17,
              68,
              158
            ]
          },
          {
            "id": "shield",
            "value": {
              "zIndex": "auto",
              "width": 1125,
              "height": 1088
            }
          }
        ]
      },
      "events": {
        "onGetData": "getData_control14"
      },
      "intendedRole": "custom",
      "roles": "element,custom",
      "monitored": false
    }
  },
  "contexts": {
    "context0": {
      "controls": [
        "control0",
        "control1",
        "control2",
        "control3",
        "control4",
        "control6",
        "control8",
        "control10",
        "control12",
        "control13",
        "control14"
      ],
      "anchors": []
    }
  },
  "flows": {
    "flow0": {
      "toContexts": [
        {
          "toContextId": "context0"
        }
      ]
    }
  },
  "pages": {
    "page0": {
      "contextId": "context0",
      "layout": [
        {
          "id": "uiControl0",
          "display": {
            "class": "header",
            "title": "学生个人课表",
            "type": "header",
            "adapterId": "header",
            "adapter": {
              "templateType": ""
            }
          },
          "layout": []
        },
        {
          "id": "uiControl8",
          "controlId": "control14",
          "display": {
            "adapterId": "custom",
            "type": "custom",
            "adapter": {
              "templateType": "react",
              "events": {
                "onDoAction": "doAction_uiControl8",
                "onGetTemplate": "getTemplate_uiControl8"
              }
            }
          }
        },
        {
          "id": "uiControl239",
          "display": {
            "type": "accordion",
            "adapterId": "accordion",
            "adapter": {
              "templateType": ""
            }
          },
          "layout": [
            {
              "id": "uiControl239item",
              "display": {
                "title": "查询条件",
                "type": "accordionItem",
                "adapterId": "accordionItem",
                "adapter": {
                  "templateType": ""
                }
              },
              "layout": [
                {
                  "id": "uiControl1",
                  "display": {
                    "type": "card",
                    "adapterId": "card",
                    "class": "yl_xsgrkb_top",
                    "adapter": {
                      "templateType": ""
                    }
                  },
                  "layout": [
                    {
                      "id": "uiControl1body",
                      "display": {
                        "type": "cardBody",
                        "adapterId": "cardBody",
                        "adapter": {
                          "templateType": ""
                        }
                      },
                      "layout": [
                        {
                          "id": "uiControl2",
                          "controlId": "control0",
                          "display": {
                            "adapterId": "listbox",
                            "type": "listbox",
                            "adapter": {
                              "templateType": ""
                            }
                          }
                        },
                        {
                          "id": "uiControl3",
                          "controlId": "control1",
                          "display": {
                            "adapterId": "content",
                            "type": "content",
                            "class": "yl_text",
                            "adapter": {
                              "templateType": ""
                            }
                          }
                        },
                        {
                          "id": "uiControl4",
                          "controlId": "control2",
                          "display": {
                            "adapterId": "listbox",
                            "type": "listbox",
                            "adapter": {
                              "templateType": ""
                            }
                          }
                        },
                        {
                          "id": "uiControl5",
                          "controlId": "control3",
                          "display": {
                            "adapterId": "content",
                            "type": "content",
                            "text": "学期",
                            "class": "yl_text",
                            "adapter": {
                              "templateType": ""
                            }
                          }
                        },
                        {
                          "id": "uiControl17",
                          "controlId": "control13",
                          "display": {
                            "adapterId": "custom",
                            "type": "custom",
                            "adapter": {
                              "templateType": "react",
                              "events": {
                                "onDoAction": "doAction_uiControl17",
                                "onGetTemplate": "getTemplate_uiControl17"
                              }
                            }
                          }
                        }
                      ]
                    }
                  ]
                }
              ]
            }
          ]
        },
        {
          "id": "uiControl6",
          "display": {
            "type": "card",
            "adapterId": "card",
            "class": "yl_xsgrkb_center",
            "adapter": {
              "templateType": ""
            }
          },
          "layout": [
            {
              "id": "uiControl6body",
              "display": {
                "type": "cardBody",
                "adapterId": "cardBody",
                "adapter": {
                  "templateType": ""
                }
              },
              "layout": [
                {
                  "id": "uiControl7",
                  "controlId": "control4",
                  "display": {
                    "adapterId": "fragment",
                    "type": "fragment",
                    "class": "table-a",
                    "adapter": {
                      "templateType": ""
                    }
                  }
                }
              ]
            }
          ]
        },
        {
          "id": "uiControl19",
          "display": {
            "type": "accordion",
            "adapterId": "accordion",
            "adapter": {
              "templateType": ""
            }
          },
          "layout": [
            {
              "id": "uiControl19item",
              "display": {
                "title": "调、停（补）课信息：",
                "type": "accordionItem",
                "adapterId": "accordionItem",
                "adapter": {
                  "templateType": ""
                }
              },
              "layout": [
                {
                  "id": "uiControl10",
                  "controlId": "control6",
                  "display": {
                    "adapterId": "fragment",
                    "type": "fragment",
                    "class": "table-a",
                    "adapter": {
                      "templateType": ""
                    }
                  }
                }
              ]
            }
          ]
        },
        {
          "id": "uiControl20",
          "display": {
            "type": "accordion",
            "adapterId": "accordion",
            "adapter": {
              "templateType": ""
            }
          },
          "layout": [
            {
              "id": "uiControl20item",
              "display": {
                "title": "实践课(或无上课时间)信息：",
                "type": "accordionItem",
                "adapterId": "accordionItem",
                "adapter": {
                  "templateType": ""
                }
              },
              "layout": [
                {
                  "id": "uiControl12",
                  "controlId": "control8",
                  "display": {
                    "adapterId": "fragment",
                    "type": "fragment",
                    "class": "table-a",
                    "adapter": {
                      "templateType": ""
                    }
                  }
                }
              ]
            }
          ]
        },
        {
          "id": "uiControl21",
          "display": {
            "type": "accordion",
            "adapterId": "accordion",
            "adapter": {
              "templateType": ""
            }
          },
          "layout": [
            {
              "id": "uiControl21item",
              "display": {
                "title": "实习课信息：",
                "type": "accordionItem",
                "adapterId": "accordionItem",
                "adapter": {
                  "templateType": ""
                }
              },
              "layout": [
                {
                  "id": "uiControl14",
                  "controlId": "control10",
                  "display": {
                    "adapterId": "fragment",
                    "type": "fragment",
                    "class": "table-a",
                    "adapter": {
                      "templateType": ""
                    }
                  }
                }
              ]
            }
          ]
        },
        {
          "id": "uiControl9",
          "display": {
            "type": "accordion",
            "adapterId": "accordion",
            "adapter": {
              "templateType": ""
            }
          },
          "layout": [
            {
              "id": "uiControl9item",
              "display": {
                "title": "未安排上课时间的课程：",
                "type": "accordionItem",
                "adapterId": "accordionItem",
                "adapter": {
                  "templateType": ""
                }
              },
              "layout": [
                {
                  "id": "uiControl16",
                  "controlId": "control12",
                  "display": {
                    "adapterId": "fragment",
                    "type": "fragment",
                    "class": "table-a",
                    "adapter": {
                      "templateType": ""
                    }
                  }
                }
              ]
            }
          ]
        }
      ]
    }
  },
  "matchers": {
    "page/title": {
      "contexts": {
        "context0": [
          "现代教学管理信息系统"
        ]
      }
    },
    "page/urls": {
      "contexts": {
        "context0": [
          "117.35.118.209/xskbcx.aspx?xh=121111&xm=%CA%A2%BE%B2%BE%B2&gnmkdm=N121602"
        ]
      }
    },
    "page/ids": {
      "contexts": {
        "context0": [
          [
            "DBGrid",
            "DBGridYxkc",
            "DataGrid",
            "Datagrid",
            "Label",
            "Table",
            "btnPrint",
            "labTS",
            "labTip",
            "xnd",
            "xqd",
            "xskb_form"
          ]
        ]
      }
    },
    "page/classes": {
      "contexts": {
        "context0": [
          [
            "alt",
            "blacktab",
            "button",
            "dateli",
            "footbox noprint",
            "footbox_con",
            "footbutton",
            "formbox",
            "formli",
            "main_box",
            "mid_box",
            "noprint",
            "pagination",
            "t",
            "t noprint",
            "thead",
            "title noprint",
            "trbg"
          ],
          [
            "blacktab",
            "button",
            "dateli",
            "footbox noprint",
            "footbox_con",
            "footbutton",
            "formbox",
            "formli",
            "main_box",
            "mid_box",
            "noprint",
            "pagination",
            "t",
            "t noprint",
            "thead",
            "title noprint",
            "trbg"
          ]
        ]
      }
    },
    "page/tagTriplets": {
      "contexts": {
        "context0": [
          [
            "-/-/FORM",
            "-/FORM/DIV",
            "-/FORM/INPUT-hidden",
            "-/FORM/SCRIPT",
            "DIV/DIV/DIV",
            "DIV/DIV/EM",
            "DIV/DIV/P",
            "DIV/DIV/SPAN",
            "DIV/EM/SPAN",
            "DIV/SPAN/BR",
            "DIV/SPAN/DIV",
            "DIV/SPAN/TABLE",
            "FORM/DIV/DIV",
            "SPAN/TABLE/TBODY",
            "TABLE/TBODY/TR",
            "TBODY/TR/TD",
            "TD/SELECT/OPTION",
            "TD/SPAN/FONT",
            "TD/TABLE/TBODY",
            "TR/TD/INPUT-button",
            "TR/TD/SELECT",
            "TR/TD/SPAN",
            "TR/TD/TABLE"
          ],
          [
            "-/-/FORM",
            "-/-/SCRIPT",
            "-/FORM/DIV",
            "-/FORM/INPUT-hidden",
            "-/FORM/SCRIPT",
            "DIV/DIV/DIV",
            "DIV/DIV/EM",
            "DIV/DIV/P",
            "DIV/DIV/SPAN",
            "DIV/EM/SPAN",
            "DIV/SPAN/BR",
            "DIV/SPAN/DIV",
            "DIV/SPAN/TABLE",
            "FORM/DIV/DIV",
            "SPAN/TABLE/TBODY",
            "TABLE/TBODY/TR",
            "TBODY/TR/TD",
            "TD/SELECT/OPTION",
            "TD/SPAN/FONT",
            "TD/TABLE/TBODY",
            "TR/TD/INPUT-button",
            "TR/TD/SELECT",
            "TR/TD/SPAN",
            "TR/TD/TABLE"
          ]
        ]
      }
    }
  }
}