{
  "version": "0.1",
  "id": "w_stuPostAudit_basicInfo",
  "targetURL": "http://42.247.16.108/xgxt/qgzx_xsgwsh.do?method=xsgwshCx",
  "jsFile": "index.js",
  "chineseName": "学生岗位审核_基本信息",
  "description": "",
  "controls": {
    "control86": {
      "location": {
        "data": {
          "tagName": "BUTTON"
        },
        "locators": [
          {
            "id": "button/text",
            "prob": 3,
            "value": {
              "text": [
                "关 闭"
              ],
              "visText": [
                "关 闭"
              ]
            }
          },
          {
            "id": "text",
            "prob": 3,
            "value": {
              "text": [
                "关 闭"
              ],
              "visText": [
                "关 闭"
              ]
            }
          },
          {
            "id": "elem/@name",
            "prob": 2,
            "value": [
              "descendant::form[@name=\"xsgwshForm\"]//BUTTON[@name=\"关 闭\"]",
              "descendant::BUTTON[@name=\"关 闭\"]"
            ]
          },
          {
            "id": "@class/word",
            "prob": 1,
            "ordinal": [
              0,
              2
            ],
            "value": "TABLE.formlist DIV.btn BUTTON"
          },
          {
            "id": "path/ordinal",
            "prob": 1,
            "value": "/HTML[1]/BODY[1]/FORM[1]/TABLE[1]/TFOOT[1]/TR[1]/TD[1]/DIV[1]/BUTTON[1]"
          },
          {
            "id": "input/type",
            "verifyEnabled": true,
            "value": "button"
          },
          {
            "id": "elderLevel",
            "value": {
              "level": 0
            }
          },
          {
            "id": "shield",
            "value": {
              "zIndex": "auto",
              "width": 52.609375,
              "height": 19
            }
          }
        ]
      },
      "intendedRole": "button",
      "roles": "element,button",
      "monitored": false,
      "frameXPath": "//iframe[@name='parentDialog']<<IFRAME>>"
    },
    "control87": {
      "location": {
        "data": {
          "tagName": "TH"
        },
        "locators": [
          {
            "id": "button/text",
            "prob": 3,
            "value": {
              "text": [
                "基本信息"
              ],
              "visText": [
                "基本信息"
              ]
            }
          },
          {
            "id": "text",
            "prob": 3,
            "value": {
              "text": [
                "基本信息"
              ],
              "visText": [
                "基本信息"
              ]
            }
          },
          {
            "id": "@class/word",
            "prob": 1,
            "ordinal": [
              0,
              8
            ],
            "value": "TABLE.formlist THEAD TR TH"
          },
          {
            "id": "path/ordinal",
            "prob": 1,
            "value": "/HTML[1]/BODY[1]/FORM[1]/DIV[1]/TABLE[1]/THEAD[1]/TR[1]/TH[1]"
          },
          {
            "id": "style/color",
            "value": [
              0,
              87,
              156
            ]
          },
          {
            "id": "shield",
            "value": {
              "zIndex": "auto",
              "width": 748,
              "height": 33
            }
          }
        ]
      },
      "intendedRole": "fragment",
      "roles": "element,fragment",
      "monitored": false,
      "frameXPath": "//iframe[@name='parentDialog']<<IFRAME>>"
    },
    "control89": {
      "location": {
        "data": {
          "tagName": "TBODY"
        },
        "locators": [
          {
            "id": "text",
            "prob": 3,
            "value": {
              "text": [
                "学号 194416 姓名 李丹 性别 女 年级 2013 学院 会计学院 专业 会计学 班级 会计学1307 政治面貌 中国共产主义青年团团员 民族 汉族 银行名称 银行卡号"
              ],
              "visText": [
                "学号 194416 姓名 李丹 性别 女 年级 2013 学院 会计学院 专业 会计学 班级 会计学1307 政治面貌 中国共产主义青年团团员 民族 汉族 银行名称 银行卡号"
              ]
            }
          },
          {
            "id": "@id/word",
            "prob": 2,
            "value": [
              "descendant::FORM[@id=\"demoForm\"]/DIV[1]/TABLE[1]/TBODY[1]",
              "descendant::FORM[@id=\"demoForm\"]//TBODY"
            ]
          },
          {
            "id": "@class/word",
            "prob": 1,
            "ordinal": [
              0,
              10
            ],
            "value": "TABLE.formlist TBODY"
          },
          {
            "id": "path/ordinal",
            "prob": 1,
            "value": "/HTML[1]/BODY[1]/FORM[1]/DIV[1]/TABLE[1]/TBODY[1]"
          },
          {
            "id": "shield",
            "value": {
              "zIndex": "auto",
              "width": 748,
              "height": 192
            }
          }
        ]
      },
      "events": {
        "onGetData": "getData_control89"
      },
      "intendedRole": "custom",
      "roles": "element,link,custom",
      "monitored": true,
      "frameXPath": "//iframe[@name='parentDialog']<<IFRAME>>"
    },
    "control90": {
      "location": {
        "data": {
          "tagName": "TH"
        },
        "locators": [
          {
            "id": "button/text",
            "prob": 3,
            "value": {
              "text": [
                "岗位信息"
              ],
              "visText": [
                "岗位信息"
              ]
            }
          },
          {
            "id": "text",
            "prob": 3,
            "value": {
              "text": [
                "岗位信息"
              ],
              "visText": [
                "岗位信息"
              ]
            }
          },
          {
            "id": "@class/word",
            "prob": 1,
            "ordinal": [
              1,
              8
            ],
            "value": "TABLE.formlist THEAD TR TH"
          },
          {
            "id": "path/ordinal",
            "prob": 1,
            "value": "/HTML[1]/BODY[1]/FORM[1]/DIV[1]/TABLE[1]/THEAD[2]/TR[1]/TH[1]"
          },
          {
            "id": "style/color",
            "value": [
              0,
              87,
              156
            ]
          },
          {
            "id": "shield",
            "value": {
              "zIndex": "auto",
              "width": 748,
              "height": 33
            }
          }
        ]
      },
      "intendedRole": "fragment",
      "roles": "element,fragment",
      "monitored": false,
      "frameXPath": "//iframe[@name='parentDialog']<<IFRAME>>"
    },
    "control91": {
      "location": {
        "data": {
          "tagName": "TH"
        },
        "locators": [
          {
            "id": "button/text",
            "prob": 3,
            "value": {
              "text": [
                "申请信息"
              ],
              "visText": [
                "申请信息"
              ]
            }
          },
          {
            "id": "text",
            "prob": 3,
            "value": {
              "text": [
                "申请信息"
              ],
              "visText": [
                "申请信息"
              ]
            }
          },
          {
            "id": "@class/word",
            "prob": 1,
            "ordinal": [
              2,
              8
            ],
            "value": "TABLE.formlist THEAD TR TH"
          },
          {
            "id": "path/ordinal",
            "prob": 1,
            "value": "/HTML[1]/BODY[1]/FORM[1]/DIV[1]/TABLE[1]/THEAD[3]/TR[1]/TH[1]"
          },
          {
            "id": "style/color",
            "value": [
              0,
              87,
              156
            ]
          },
          {
            "id": "shield",
            "value": {
              "zIndex": "auto",
              "width": 748,
              "height": 33
            }
          }
        ]
      },
      "intendedRole": "fragment",
      "roles": "element,fragment",
      "monitored": false,
      "frameXPath": "//iframe[@name='parentDialog']<<IFRAME>>"
    },
    "control92": {
      "location": {
        "data": {
          "tagName": "TH"
        },
        "locators": [
          {
            "id": "button/text",
            "prob": 3,
            "value": {
              "text": [
                "审核信息"
              ],
              "visText": [
                "审核信息"
              ]
            }
          },
          {
            "id": "text",
            "prob": 3,
            "value": {
              "text": [
                "审核信息"
              ],
              "visText": [
                "审核信息"
              ]
            }
          },
          {
            "id": "@class/word",
            "prob": 1,
            "ordinal": [
              3,
              8
            ],
            "value": "TABLE.formlist THEAD TR TH"
          },
          {
            "id": "path/ordinal",
            "prob": 1,
            "value": "/HTML[1]/BODY[1]/FORM[1]/DIV[1]/TABLE[1]/THEAD[4]/TR[1]/TH[1]"
          },
          {
            "id": "style/color",
            "value": [
              0,
              87,
              156
            ]
          },
          {
            "id": "shield",
            "value": {
              "zIndex": "auto",
              "width": 748,
              "height": 33
            }
          }
        ]
      },
      "intendedRole": "fragment",
      "roles": "element,fragment",
      "monitored": false,
      "frameXPath": "//iframe[@name='parentDialog']<<IFRAME>>"
    },
    "control93": {
      "location": {
        "data": {
          "tagName": "TBODY"
        },
        "locators": [
          {
            "id": "text",
            "prob": 3,
            "value": {
              "text": [
                "选择岗位 学年 2015-2016 用人单位 学生服务中心 岗位名称 重庆老字号（晓苑餐厅） 岗位性质 服务员 需求人数 1 困难生数 0 是否受岗位申请数限制 是 岗位酬金上限 1200 元/月 (该岗位每人每月酬金上限) 当前在岗人数 0 岗位描述 兼职时间：11:50-12:50； 薪资待遇：5元/小时（管饭） 岗位人员要求 限女生 岗位预期人员效果 备注"
              ],
              "visText": [
                "学年 2015-2016 用人单位 学生服务中心 岗位名称 重庆老字号（晓苑餐厅） 岗位性质 服务员 需求人数 1 困难生数 0 是否受岗位申请数限制 是 岗位酬金上限 1200 元/月 (该岗位每人每月酬金上限) 当前在岗人数 0 岗位描述 兼职时间：11:50-12:50； 薪资待遇：5元/小时（管饭） 岗位人员要求 限女生 岗位预期人员效果 备注"
              ]
            }
          },
          {
            "id": "@id/word",
            "prob": 3,
            "value": [
              "descendant::FORM[@id=\"demoForm\"]//TBODY[@id=\"tbody_gwxx\"]",
              "descendant::TBODY[@id=\"tbody_gwxx\"]"
            ]
          },
          {
            "id": "@class/word",
            "prob": 1,
            "ordinal": [
              1,
              10
            ],
            "value": "TABLE.formlist TBODY"
          },
          {
            "id": "path/ordinal",
            "prob": 1,
            "value": "/HTML[1]/BODY[1]/FORM[1]/DIV[1]/TABLE[1]/TBODY[2]"
          },
          {
            "id": "shield",
            "value": {
              "zIndex": "auto",
              "width": 748,
              "height": 358
            }
          }
        ]
      },
      "events": {
        "onGetData": "getData_control93"
      },
      "intendedRole": "custom",
      "roles": "element,custom",
      "monitored": true,
      "frameXPath": "//iframe[@name='parentDialog']<<IFRAME>>"
    },
    "control94": {
      "location": {
        "data": {
          "tagName": "TBODY"
        },
        "locators": [
          {
            "id": "text",
            "prob": 3,
            "value": {
              "text": [
                "申请时间 2016-06-15 19:35:49 申请理由 勤工俭学，努力学习，充实生活"
              ],
              "visText": [
                "申请时间 2016-06-15 19:35:49 申请理由 勤工俭学，努力学习，充实生活"
              ]
            }
          },
          {
            "id": "@id/word",
            "prob": 2,
            "value": [
              "descendant::FORM[@id=\"demoForm\"]/DIV[1]/TABLE[1]/TBODY[3]",
              "descendant::FORM[@id=\"demoForm\"]//TBODY"
            ]
          },
          {
            "id": "@class/word",
            "prob": 1,
            "ordinal": [
              2,
              10
            ],
            "value": "TABLE.formlist TBODY"
          },
          {
            "id": "path/ordinal",
            "prob": 1,
            "value": "/HTML[1]/BODY[1]/FORM[1]/DIV[1]/TABLE[1]/TBODY[3]"
          },
          {
            "id": "shield",
            "value": {
              "zIndex": "auto",
              "width": 748,
              "height": 64
            }
          }
        ]
      },
      "events": {
        "onGetData": "getData_control94"
      },
      "intendedRole": "custom",
      "roles": "element,custom",
      "monitored": true,
      "frameXPath": "//iframe[@name='parentDialog']<<IFRAME>>"
    },
    "control95": {
      "location": {
        "data": {
          "tagName": "TBODY"
        },
        "locators": [
          {
            "id": "button/text",
            "prob": 3,
            "value": {
              "text": [
                "序号 审核岗位 审核人 审核结果 审核时间 审核意见 1 辅导员 待审核"
              ],
              "visText": [
                "序号 审核岗位 审核人 审核结果 审核时间 审核意见 1 辅导员 待审核"
              ]
            }
          },
          {
            "id": "text",
            "prob": 3,
            "value": {
              "text": [
                "序号 审核岗位 审核人 审核结果 审核时间 审核意见 1 辅导员 待审核"
              ],
              "visText": [
                "序号 审核岗位 审核人 审核结果 审核时间 审核意见 1 辅导员 待审核"
              ]
            }
          },
          {
            "id": "@id/word",
            "prob": 2,
            "value": [
              "descendant::FORM[@id=\"demoForm\"]//TD[@id=\"shlccx\"]//TABLE[@id=\"shlccx_table\"]/TBODY[1]",
              "descendant::FORM[@id=\"demoForm\"]//TD[@id=\"shlccx\"]//TABLE[@id=\"shlccx_table\"]//TBODY",
              "descendant::TD[@id=\"shlccx\"]//TABLE[@id=\"shlccx_table\"]//TBODY",
              "descendant::TABLE[@id=\"shlccx_table\"]//TBODY"
            ]
          },
          {
            "id": "@class/word",
            "prob": 1,
            "ordinal": [
              0,
              2
            ],
            "value": "TABLE.formlist DIV.con_overlfow TABLE.formlist TBODY"
          },
          {
            "id": "path/ordinal",
            "prob": 1,
            "value": "/HTML[1]/BODY[1]/FORM[1]/DIV[1]/TABLE[1]/TBODY[4]/TR[1]/TD[1]/DIV[1]/TABLE[1]/TBODY[1]"
          },
          {
            "id": "shield",
            "value": {
              "zIndex": "auto",
              "width": 732,
              "height": 64
            }
          }
        ]
      },
      "events": {
        "onGetData": "getData_control95"
      },
      "intendedRole": "custom",
      "roles": "element,custom",
      "monitored": true,
      "frameXPath": "//iframe[@name='parentDialog']<<IFRAME>>"
    }
  },
  "contexts": {
    "context7": {
      "controls": [
        "control86",
        "control87",
        "control89",
        "control90",
        "control91",
        "control92",
        "control93",
        "control94",
        "control95"
      ],
      "anchors": []
    }
  },
  "flows": {
    "flow33": {
      "toContexts": [
        {
          "toContextId": "context7"
        }
      ]
    },
    "flow32": {
      "fromContextId": "context7",
      "fromAction": "click",
      "fromControlId": "control86",
      "toContexts": [
        {
          "toContextId": "context7"
        }
      ]
    },
    "flow34": {
      "fromContextId": "context7",
      "fromAction": "click",
      "fromControlId": "control93",
      "toContexts": [
        {
          "toContextId": "context7"
        }
      ]
    },
    "flow37": {
      "fromContextId": "context7",
      "fromAction": "click",
      "fromControlId": "control94",
      "toContexts": [
        {
          "toContextId": "context7"
        }
      ]
    }
  },
  "pages": {
    "page7": {
      "contextId": "context7",
      "layout": [
        {
          "id": "uiControl144",
          "display": {
            "class": "navbar navbar-primary xg_header",
            "title": "查看",
            "type": "header",
            "adapterId": "header",
            "adapter": {
              "templateType": ""
            }
          },
          "layout": [
            {
              "id": "uiControl144headerLeft",
              "display": {
                "type": "headerLeft",
                "adapterId": "headerLeft",
                "adapter": {
                  "templateType": ""
                }
              },
              "layout": [
                {
                  "id": "uiControl145",
                  "controlId": "control86",
                  "display": {
                    "adapterId": "clickable",
                    "type": "button",
                    "text": "< 返回",
                    "class": "xg_back",
                    "adapter": {
                      "templateType": ""
                    }
                  }
                }
              ]
            }
          ]
        },
        {
          "id": "uiControl146",
          "display": {
            "type": "card",
            "adapterId": "card",
            "adapter": {
              "templateType": ""
            }
          },
          "layout": [
            {
              "id": "uiControl146body",
              "display": {
                "type": "cardBody",
                "adapterId": "cardBody",
                "adapter": {
                  "templateType": ""
                }
              },
              "layout": [
                {
                  "id": "uiControl147",
                  "controlId": "control87",
                  "display": {
                    "adapterId": "fragment",
                    "type": "fragment",
                    "class": "w_xsgwsh_title",
                    "adapter": {
                      "templateType": ""
                    }
                  }
                },
                {
                  "id": "uiControl149",
                  "controlId": "control89",
                  "display": {
                    "adapterId": "custom",
                    "type": "custom",
                    "adapter": {
                      "templateType": "react",
                      "events": {
                        "onDoAction": "doAction_uiControl149",
                        "onGetTemplate": "getTemplate_uiControl149"
                      }
                    }
                  }
                },
                {
                  "id": "uiControl150",
                  "controlId": "control90",
                  "display": {
                    "adapterId": "fragment",
                    "type": "fragment",
                    "class": "w_xsgwsh_title",
                    "adapter": {
                      "templateType": ""
                    }
                  }
                },
                {
                  "id": "uiControl153",
                  "controlId": "control93",
                  "display": {
                    "adapterId": "custom",
                    "type": "custom",
                    "adapter": {
                      "templateType": "react",
                      "events": {
                        "onDoAction": "doAction_uiControl153",
                        "onGetTemplate": "getTemplate_uiControl153"
                      }
                    }
                  }
                },
                {
                  "id": "uiControl151",
                  "controlId": "control91",
                  "display": {
                    "adapterId": "fragment",
                    "type": "fragment",
                    "class": "w_xsgwsh_title",
                    "adapter": {
                      "templateType": ""
                    }
                  }
                },
                {
                  "id": "uiControl154",
                  "controlId": "control94",
                  "display": {
                    "adapterId": "custom",
                    "type": "custom",
                    "adapter": {
                      "templateType": "react",
                      "events": {
                        "onDoAction": "doAction_uiControl154",
                        "onGetTemplate": "getTemplate_uiControl154"
                      }
                    }
                  }
                },
                {
                  "id": "uiControl152",
                  "controlId": "control92",
                  "display": {
                    "adapterId": "fragment",
                    "type": "fragment",
                    "class": "w_xsgwsh_title",
                    "adapter": {
                      "templateType": ""
                    }
                  }
                },
                {
                  "id": "uiControl155",
                  "controlId": "control95",
                  "display": {
                    "adapterId": "custom",
                    "type": "custom",
                    "adapter": {
                      "templateType": "react",
                      "events": {
                        "onDoAction": "doAction_uiControl155",
                        "onGetTemplate": "getTemplate_uiControl155"
                      }
                    }
                  }
                }
              ]
            }
          ]
        }
      ]
    }
  },
  "matchers": {
    "page/title": {
      "contexts": {
        "context7": [
          ""
        ]
      }
    },
    "page/urls": {
      "contexts": {
        "context7": [
          "42.247.16.108/xgxt/qgzx_xsgwsh.do?method=xsgwshCx"
        ]
      }
    },
    "page/ids": {
      "contexts": {
        "context7": [
          [
            "gwcjsxTr",
            "gwcjsxh",
            "gwdm",
            "gwid",
            "sh_th",
            "shlccx",
            "shlccx_table",
            "tbody_gwxx",
            "xxdm"
          ]
        ]
      }
    },
    "page/classes": {
      "contexts": {
        "context7": [
          [
            "btn_",
            "con_overlfow",
            "formlist",
            "name"
          ]
        ]
      }
    },
    "page/tagTriplets": {
      "contexts": {
        "context7": [
          [
            "-/-/INPUT-hidden",
            "-/-/TBODY",
            "-/-/THEAD",
            "-/TBODY/TR",
            "-/THEAD/TR",
            "DIV/TABLE/TBODY",
            "TABLE/TBODY/TR",
            "TBODY/TR/TD",
            "TBODY/TR/TH",
            "TD/DIV/TABLE",
            "THEAD/TR/TH",
            "TR/TD/A",
            "TR/TD/BUTTON",
            "TR/TD/DIV",
            "TR/TD/FONT",
            "TR/TD/INPUT-hidden",
            "TR/TD/SPAN",
            "TR/TD/STYLE",
            "TR/TH/FONT",
            "TR/TH/INPUT-hidden",
            "TR/TH/SPAN"
          ]
        ]
      }
    }
  }
}