{
  "version": "0.1",
  "id": "bjkb",
  "targetURL": "http://117.35.118.209/tjkbcx.aspx?zgh=150159&xm=%BC%D6%D0%C5%D2%E5&gnmkdm=N122302",
  "jsFile": "../../lib/base.js,../../lib/customTemplate.js,index.js",
  "cssFile": "../../lib/base.css,index.css",
  "requires": {
    "t_index": "../t_index/index.json"
  },
  "chineseName": "班级课表",
  "description": "",
  "controls": {
    "control1": {
      "location": {
        "data": {
          "tagName": "SELECT"
        },
        "locators": [
          {
            "id": "button/text",
            "prob": 3,
            "value": {
              "text": [
                "2015-2016"
              ],
              "visText": [
                ""
              ]
            }
          },
          {
            "id": "text",
            "prob": 3,
            "value": {
              "text": [
                "2015-2016"
              ],
              "visText": [
                ""
              ]
            }
          },
          {
            "id": "elem/@name",
            "prob": 1,
            "value": "descendant::SELECT[@name=\"xn\"]"
          },
          {
            "id": "@id/partialWord",
            "prob": 1,
            "disabled": true,
            "value": {
              "elemId": "Table1",
              "tagName": "TABLE",
              "prefix": "",
              "suffix": "/TBODY[1]/TR[1]/TD[1]",
              "ratio": 0.204
            }
          },
          {
            "id": "@id/nonWord",
            "prob": 1,
            "disabled": true,
            "fact": "xn",
            "value": "descendant::SELECT[@id=\"xn\"]"
          },
          {
            "id": "@class/word",
            "prob": 1,
            "ordinal": [
              0,
              6
            ],
            "value": "DIV.toolbox DIV.searchbox TABLE TBODY TR TD SELECT"
          },
          {
            "id": "path/ordinal",
            "prob": 1,
            "value": "/HTML[1]/BODY[1]/FORM[1]/DIV[1]/DIV[2]/TABLE[1]/TBODY[1]/TR[1]/TD[1]/SELECT[1]"
          },
          {
            "id": "input/type",
            "verifyEnabled": true,
            "value": "select-one"
          },
          {
            "id": "shield",
            "value": {
              "zIndex": "auto",
              "width": 93,
              "height": 19
            }
          }
        ]
      },
      "intendedRole": "listbox",
      "roles": "element,listbox",
      "monitored": true
    },
    "control2": {
      "location": {
        "data": {
          "tagName": "TD"
        },
        "locators": [
          {
            "id": "text",
            "prob": 3,
            "value": {
              "text": [
                "学 年: 2015-2016"
              ],
              "visText": [
                "学 年:"
              ]
            }
          },
          {
            "id": "@id/partialWord",
            "prob": 1,
            "disabled": true,
            "value": {
              "elemId": "Table1",
              "tagName": "TABLE",
              "prefix": "",
              "suffix": "/TBODY[1]/TR[1]",
              "ratio": 0.204
            }
          },
          {
            "id": "@class/word",
            "prob": 1,
            "ordinal": [
              0,
              6
            ],
            "value": "DIV.toolbox DIV.searchbox TABLE TBODY TR TD"
          },
          {
            "id": "path/ordinal",
            "prob": 1,
            "value": "/HTML[1]/BODY[1]/FORM[1]/DIV[1]/DIV[2]/TABLE[1]/TBODY[1]/TR[1]/TD[1]"
          },
          {
            "id": "style/color",
            "value": [
              17,
              68,
              158
            ]
          },
          {
            "id": "shield",
            "value": {
              "zIndex": "auto",
              "width": 153,
              "height": 19
            }
          }
        ]
      },
      "roles": "element",
      "content": true,
      "monitored": false
    },
    "control3": {
      "location": {
        "data": {
          "tagName": "TD"
        },
        "locators": [
          {
            "id": "text",
            "prob": 3,
            "value": {
              "text": [
                "学期: 2"
              ],
              "visText": [
                "学期:"
              ]
            }
          },
          {
            "id": "@id/partialWord",
            "prob": 1,
            "disabled": true,
            "value": {
              "elemId": "Table1",
              "tagName": "TABLE",
              "prefix": "",
              "suffix": "/TBODY[1]/TR[1]",
              "ratio": 0.204
            }
          },
          {
            "id": "@class/word",
            "prob": 1,
            "ordinal": [
              1,
              6
            ],
            "value": "DIV.toolbox DIV.searchbox TABLE TBODY TR TD"
          },
          {
            "id": "path/ordinal",
            "prob": 1,
            "value": "/HTML[1]/BODY[1]/FORM[1]/DIV[1]/DIV[2]/TABLE[1]/TBODY[1]/TR[1]/TD[2]"
          },
          {
            "id": "style/color",
            "value": [
              17,
              68,
              158
            ]
          },
          {
            "id": "shield",
            "value": {
              "zIndex": "auto",
              "width": 141,
              "height": 19
            }
          }
        ]
      },
      "roles": "element",
      "content": true,
      "monitored": false
    },
    "control4": {
      "location": {
        "data": {
          "tagName": "SELECT"
        },
        "locators": [
          {
            "id": "elem/@name",
            "prob": 1,
            "value": "descendant::SELECT[@name=\"xq\"]"
          },
          {
            "id": "@id/partialWord",
            "prob": 1,
            "disabled": true,
            "value": {
              "elemId": "Table1",
              "tagName": "TABLE",
              "prefix": "",
              "suffix": "/TBODY[1]/TR[1]/TD[2]",
              "ratio": 0.204
            }
          },
          {
            "id": "@id/nonWord",
            "prob": 1,
            "disabled": true,
            "fact": "xq",
            "value": "descendant::SELECT[@id=\"xq\"]"
          },
          {
            "id": "@class/word",
            "prob": 1,
            "ordinal": [
              1,
              6
            ],
            "value": "DIV.toolbox DIV.searchbox TABLE TBODY TR TD SELECT"
          },
          {
            "id": "path/ordinal",
            "prob": 1,
            "value": "/HTML[1]/BODY[1]/FORM[1]/DIV[1]/DIV[2]/TABLE[1]/TBODY[1]/TR[1]/TD[2]/SELECT[1]"
          },
          {
            "id": "input/type",
            "verifyEnabled": true,
            "value": "select-one"
          },
          {
            "id": "shield",
            "value": {
              "zIndex": "auto",
              "width": 32,
              "height": 19
            }
          }
        ]
      },
      "intendedRole": "listbox",
      "roles": "element,listbox",
      "monitored": true
    },
    "control6": {
      "location": {
        "data": {
          "tagName": "TD"
        },
        "locators": [
          {
            "id": "text",
            "prob": 3,
            "value": {
              "text": [
                "年 级: 2015 2014 2013 2012"
              ],
              "visText": [
                "年 级:"
              ]
            }
          },
          {
            "id": "@id/partialWord",
            "prob": 1,
            "disabled": true,
            "value": {
              "elemId": "Table1",
              "tagName": "TABLE",
              "prefix": "",
              "suffix": "/TBODY[1]/TR[1]",
              "ratio": 0.204
            }
          },
          {
            "id": "@class/word",
            "prob": 1,
            "ordinal": [
              2,
              6
            ],
            "value": "DIV.toolbox DIV.searchbox TABLE TBODY TR TD"
          },
          {
            "id": "path/ordinal",
            "prob": 1,
            "value": "/HTML[1]/BODY[1]/FORM[1]/DIV[1]/DIV[2]/TABLE[1]/TBODY[1]/TR[1]/TD[3]"
          },
          {
            "id": "style/color",
            "value": [
              17,
              68,
              158
            ]
          },
          {
            "id": "shield",
            "value": {
              "zIndex": "auto",
              "width": 161,
              "height": 19
            }
          }
        ]
      },
      "roles": "element",
      "content": true,
      "monitored": false
    },
    "control7": {
      "location": {
        "data": {
          "tagName": "SELECT"
        },
        "locators": [
          {
            "id": "button/text",
            "prob": 3,
            "value": {
              "text": [
                "2015 2014 2013 2012"
              ],
              "visText": [
                ""
              ]
            }
          },
          {
            "id": "text",
            "prob": 3,
            "value": {
              "text": [
                "2015 2014 2013 2012"
              ],
              "visText": [
                ""
              ]
            }
          },
          {
            "id": "elem/@name",
            "prob": 1,
            "value": "descendant::SELECT[@name=\"nj\"]"
          },
          {
            "id": "@id/partialWord",
            "prob": 1,
            "disabled": true,
            "value": {
              "elemId": "Table1",
              "tagName": "TABLE",
              "prefix": "",
              "suffix": "/TBODY[1]/TR[1]/TD[3]",
              "ratio": 0.204
            }
          },
          {
            "id": "@id/nonWord",
            "prob": 1,
            "disabled": true,
            "fact": "nj",
            "value": "descendant::SELECT[@id=\"nj\"]"
          },
          {
            "id": "@class/word",
            "prob": 1,
            "ordinal": [
              2,
              6
            ],
            "value": "DIV.toolbox DIV.searchbox TABLE TBODY TR TD SELECT"
          },
          {
            "id": "path/ordinal",
            "prob": 1,
            "value": "/HTML[1]/BODY[1]/FORM[1]/DIV[1]/DIV[2]/TABLE[1]/TBODY[1]/TR[1]/TD[3]/SELECT[1]"
          },
          {
            "id": "input/type",
            "verifyEnabled": true,
            "value": "select-one"
          },
          {
            "id": "shield",
            "value": {
              "zIndex": "auto",
              "width": 56,
              "height": 19
            }
          }
        ]
      },
      "intendedRole": "listbox",
      "roles": "element,listbox",
      "monitored": true
    },
    "control8": {
      "location": {
        "data": {
          "tagName": "TD"
        },
        "locators": [
          {
            "id": "text",
            "prob": 3,
            "value": {
              "text": [
                "学院名称: 艺术设计学院 传媒学院 会计学院 中兴电信学院 商学院 人文学院 医学院 建筑工程学院 国际教育学院"
              ],
              "visText": [
                "学院名称:"
              ]
            }
          },
          {
            "id": "@id/partialWord",
            "prob": 1,
            "disabled": true,
            "value": {
              "elemId": "Table1",
              "tagName": "TABLE",
              "prefix": "",
              "suffix": "/TBODY[1]/TR[2]",
              "ratio": 0.204
            }
          },
          {
            "id": "@class/word",
            "prob": 1,
            "ordinal": [
              3,
              6
            ],
            "value": "DIV.toolbox DIV.searchbox TABLE TBODY TR TD"
          },
          {
            "id": "path/ordinal",
            "prob": 1,
            "value": "/HTML[1]/BODY[1]/FORM[1]/DIV[1]/DIV[2]/TABLE[1]/TBODY[1]/TR[2]/TD[1]"
          },
          {
            "id": "style/color",
            "value": [
              17,
              68,
              158
            ]
          },
          {
            "id": "shield",
            "value": {
              "zIndex": "auto",
              "width": 153,
              "height": 19
            }
          }
        ]
      },
      "roles": "element",
      "content": true,
      "monitored": false
    },
    "control9": {
      "location": {
        "data": {
          "tagName": "SELECT"
        },
        "locators": [
          {
            "id": "text",
            "prob": 3,
            "value": {
              "text": [
                "艺术设计学院 传媒学院 会计学院 中兴电信学院 商学院 人文学院 医学院 建筑工程学院 国际教育学院"
              ],
              "visText": [
                ""
              ]
            }
          },
          {
            "id": "elem/@name",
            "prob": 1,
            "value": "descendant::SELECT[@name=\"xy\"]"
          },
          {
            "id": "@id/partialWord",
            "prob": 1,
            "disabled": true,
            "value": {
              "elemId": "Table1",
              "tagName": "TABLE",
              "prefix": "",
              "suffix": "/TBODY[1]/TR[2]/TD[1]",
              "ratio": 0.204
            }
          },
          {
            "id": "@id/nonWord",
            "prob": 1,
            "disabled": true,
            "fact": "xy",
            "value": "descendant::SELECT[@id=\"xy\"]"
          },
          {
            "id": "@class/word",
            "prob": 1,
            "ordinal": [
              3,
              6
            ],
            "value": "DIV.toolbox DIV.searchbox TABLE TBODY TR TD SELECT"
          },
          {
            "id": "path/ordinal",
            "prob": 1,
            "value": "/HTML[1]/BODY[1]/FORM[1]/DIV[1]/DIV[2]/TABLE[1]/TBODY[1]/TR[2]/TD[1]/SELECT[1]"
          },
          {
            "id": "input/type",
            "verifyEnabled": true,
            "value": "select-one"
          },
          {
            "id": "shield",
            "value": {
              "zIndex": "auto",
              "width": 96,
              "height": 19
            }
          }
        ]
      },
      "intendedRole": "listbox",
      "roles": "element,listbox",
      "monitored": true
    },
    "control10": {
      "location": {
        "data": {
          "tagName": "TD"
        },
        "locators": [
          {
            "id": "text",
            "prob": 3,
            "value": {
              "text": [
                "专业: 动画 服装与服饰设计 视觉传达设计 环境艺术设计"
              ],
              "visText": [
                "专业:"
              ]
            }
          },
          {
            "id": "@id/partialWord",
            "prob": 1,
            "disabled": true,
            "value": {
              "elemId": "Table1",
              "tagName": "TABLE",
              "prefix": "",
              "suffix": "/TBODY[1]/TR[2]",
              "ratio": 0.204
            }
          },
          {
            "id": "@class/word",
            "prob": 1,
            "ordinal": [
              4,
              6
            ],
            "value": "DIV.toolbox DIV.searchbox TABLE TBODY TR TD"
          },
          {
            "id": "path/ordinal",
            "prob": 1,
            "value": "/HTML[1]/BODY[1]/FORM[1]/DIV[1]/DIV[2]/TABLE[1]/TBODY[1]/TR[2]/TD[2]"
          },
          {
            "id": "style/color",
            "value": [
              17,
              68,
              158
            ]
          },
          {
            "id": "shield",
            "value": {
              "zIndex": "auto",
              "width": 141,
              "height": 19
            }
          }
        ]
      },
      "roles": "element",
      "content": true,
      "monitored": false
    },
    "control11": {
      "location": {
        "data": {
          "tagName": "SELECT"
        },
        "locators": [
          {
            "id": "button/text",
            "prob": 3,
            "value": {
              "text": [
                "动画 服装与服饰设计 视觉传达设计 环境艺术设计"
              ],
              "visText": [
                ""
              ]
            }
          },
          {
            "id": "text",
            "prob": 3,
            "value": {
              "text": [
                "动画 服装与服饰设计 视觉传达设计 环境艺术设计"
              ],
              "visText": [
                ""
              ]
            }
          },
          {
            "id": "elem/@name",
            "prob": 1,
            "value": "descendant::SELECT[@name=\"zy\"]"
          },
          {
            "id": "@id/partialWord",
            "prob": 1,
            "disabled": true,
            "value": {
              "elemId": "Table1",
              "tagName": "TABLE",
              "prefix": "",
              "suffix": "/TBODY[1]/TR[2]/TD[2]",
              "ratio": 0.204
            }
          },
          {
            "id": "@id/nonWord",
            "prob": 1,
            "disabled": true,
            "fact": "zy",
            "value": "descendant::SELECT[@id=\"zy\"]"
          },
          {
            "id": "@class/word",
            "prob": 1,
            "ordinal": [
              4,
              6
            ],
            "value": "DIV.toolbox DIV.searchbox TABLE TBODY TR TD SELECT"
          },
          {
            "id": "path/ordinal",
            "prob": 1,
            "value": "/HTML[1]/BODY[1]/FORM[1]/DIV[1]/DIV[2]/TABLE[1]/TBODY[1]/TR[2]/TD[2]/SELECT[1]"
          },
          {
            "id": "input/type",
            "verifyEnabled": true,
            "value": "select-one"
          },
          {
            "id": "shield",
            "value": {
              "zIndex": "auto",
              "width": 108,
              "height": 19
            }
          }
        ]
      },
      "intendedRole": "listbox",
      "roles": "element,listbox",
      "monitored": true
    },
    "control12": {
      "location": {
        "data": {
          "tagName": "TD"
        },
        "locators": [
          {
            "id": "text",
            "prob": 3,
            "value": {
              "text": [
                "推荐课表: 动画1501 服饰设计1501 视觉传达1501 视觉传达1502 环艺1501 环艺1502"
              ],
              "visText": [
                "推荐课表:"
              ]
            }
          },
          {
            "id": "@id/partialWord",
            "prob": 1,
            "disabled": true,
            "value": {
              "elemId": "Table1",
              "tagName": "TABLE",
              "prefix": "",
              "suffix": "/TBODY[1]/TR[2]",
              "ratio": 0.204
            }
          },
          {
            "id": "@class/word",
            "prob": 1,
            "ordinal": [
              5,
              6
            ],
            "value": "DIV.toolbox DIV.searchbox TABLE TBODY TR TD"
          },
          {
            "id": "path/ordinal",
            "prob": 1,
            "value": "/HTML[1]/BODY[1]/FORM[1]/DIV[1]/DIV[2]/TABLE[1]/TBODY[1]/TR[2]/TD[3]"
          },
          {
            "id": "style/color",
            "value": [
              17,
              68,
              158
            ]
          },
          {
            "id": "shield",
            "value": {
              "zIndex": "auto",
              "width": 161,
              "height": 19
            }
          }
        ]
      },
      "roles": "element",
      "content": true,
      "monitored": false
    },
    "control13": {
      "location": {
        "data": {
          "tagName": "SELECT"
        },
        "locators": [
          {
            "id": "text",
            "prob": 3,
            "value": {
              "text": [
                "动画1501 服饰设计1501 视觉传达1501 视觉传达1502 环艺1501 环艺1502"
              ],
              "visText": [
                ""
              ]
            }
          },
          {
            "id": "elem/@name",
            "prob": 1,
            "value": "descendant::SELECT[@name=\"kb\"]"
          },
          {
            "id": "@id/partialWord",
            "prob": 1,
            "disabled": true,
            "value": {
              "elemId": "Table1",
              "tagName": "TABLE",
              "prefix": "",
              "suffix": "/TBODY[1]/TR[2]/TD[3]",
              "ratio": 0.204
            }
          },
          {
            "id": "@id/nonWord",
            "prob": 1,
            "disabled": true,
            "fact": "kb",
            "value": "descendant::SELECT[@id=\"kb\"]"
          },
          {
            "id": "@class/word",
            "prob": 1,
            "ordinal": [
              5,
              6
            ],
            "value": "DIV.toolbox DIV.searchbox TABLE TBODY TR TD SELECT"
          },
          {
            "id": "path/ordinal",
            "prob": 1,
            "value": "/HTML[1]/BODY[1]/FORM[1]/DIV[1]/DIV[2]/TABLE[1]/TBODY[1]/TR[2]/TD[3]/SELECT[1]"
          },
          {
            "id": "input/type",
            "verifyEnabled": true,
            "value": "select-one"
          },
          {
            "id": "shield",
            "value": {
              "zIndex": "auto",
              "width": 104,
              "height": 19
            }
          }
        ]
      },
      "intendedRole": "listbox",
      "roles": "element,listbox",
      "monitored": true
    },
    "control14": {
      "location": {
        "data": {
          "tagName": "TABLE"
        },
        "locators": [
          {
            "id": "text",
            "prob": 3,
            "value": {
              "text": [
                "时间星期一星期二星期三星期四星期五星期六星期日 早晨 上午第1节 第2节 第3节 第4节 下午第5节 第6节 第7节 第8节 晚上第9节 第10节"
              ],
              "visText": [
                "时间 星期一 星期二 星期三 星期四 星期五 星期六 星期日 早晨 上午 第1节 第2节 第3节 第4节 下午 第5节 第6节 第7节 第8节 晚上 第9节 第10节"
              ]
            }
          },
          {
            "id": "@id/partialWord",
            "prob": 1,
            "disabled": true,
            "value": {
              "elemId": "Form1",
              "tagName": "FORM",
              "prefix": "",
              "suffix": "/DIV[2]/DIV[1]/SPAN[1]",
              "ratio": 0.922
            }
          },
          {
            "id": "@class/word",
            "prob": 1,
            "value": "DIV.mid_box SPAN.formbox TABLE.blacktab"
          },
          {
            "id": "path/ordinal",
            "prob": 1,
            "value": "/HTML[1]/BODY[1]/FORM[1]/DIV[2]/DIV[1]/SPAN[1]/TABLE[1]"
          },
          {
            "id": "style/color",
            "value": [
              17,
              68,
              158
            ]
          },
          {
            "id": "shield",
            "value": {
              "zIndex": "auto",
              "width": 863,
              "height": 637
            }
          }
        ]
      },
      "intendedRole": "fragment",
      "roles": "element,fragment",
      "monitored": false
    },
    "control17": {
      "location": {
        "data": {
          "tagName": "TABLE"
        },
        "locators": [
          {
            "id": "text",
            "prob": 3,
            "value": {
              "text": [
                "课程名称教师学分起止周上课时间上课地点 生涯规划与体验教育（社团体验）韩斌0.516-17"
              ],
              "visText": [
                "课程名称 教师 学分 起止周 上课时间 上课地点 生涯规划与体验教育（社团体验） 韩斌 0.5 16-17"
              ]
            }
          },
          {
            "id": "@class/word",
            "prob": 1,
            "ordinal": [
              0,
              2
            ],
            "value": "DIV.mid_box SPAN.formbox TABLE.datelist"
          },
          {
            "id": "path/ordinal",
            "prob": 1,
            "value": "/HTML[1]/BODY[1]/FORM[1]/DIV[2]/DIV[1]/SPAN[1]/TABLE[2]/TBODY[1]/TR[3]/TD[1]/TABLE[1]"
          },
          {
            "id": "style/color",
            "value": [
              17,
              68,
              158
            ]
          },
          {
            "id": "shield",
            "value": {
              "zIndex": "auto",
              "width": 859,
              "height": 51
            }
          }
        ]
      },
      "intendedRole": "fragment",
      "roles": "element,fragment",
      "monitored": false
    },
    "control18": {
      "location": {
        "data": {
          "tagName": "TABLE"
        },
        "locators": [
          {
            "id": "button/text",
            "prob": 3,
            "value": {
              "text": [
                "编号课程名称原上课时间地点现上课时间地点申请时间"
              ],
              "visText": [
                "编号课程名称原上课时间地点现上课时间地点申请时间"
              ]
            }
          },
          {
            "id": "text",
            "prob": 3,
            "value": {
              "text": [
                "编号课程名称原上课时间地点现上课时间地点申请时间"
              ],
              "visText": [
                "编号 课程名称 原上课时间地点 现上课时间地点 申请时间"
              ]
            }
          },
          {
            "id": "@id/word",
            "prob": 3,
            "value": "descendant::TABLE[@id=\"DBGrid\"]"
          },
          {
            "id": "@id/partialWord",
            "prob": 1,
            "disabled": true,
            "value": {
              "elemId": "Form1",
              "tagName": "FORM",
              "prefix": "",
              "suffix": "/DIV[2]/DIV[1]/SPAN[1]",
              "ratio": 0.952
            }
          },
          {
            "id": "@class/word",
            "prob": 1,
            "ordinal": [
              1,
              2
            ],
            "value": "DIV.mid_box SPAN.formbox TABLE.datelist"
          },
          {
            "id": "path/ordinal",
            "prob": 1,
            "value": "/HTML[1]/BODY[1]/FORM[1]/DIV[2]/DIV[1]/SPAN[1]/TABLE[3]"
          },
          {
            "id": "style/color",
            "value": [
              17,
              68,
              158
            ]
          },
          {
            "id": "shield",
            "value": {
              "zIndex": "auto",
              "width": 863,
              "height": 26
            }
          }
        ]
      },
      "intendedRole": "fragment",
      "roles": "element,fragment",
      "monitored": false
    },
    "control19": {
      "location": {
        "data": {
          "tagName": "BODY"
        },
        "locators": [
          {
            "id": "path/ordinal",
            "prob": 1,
            "value": "/HTML[1]/BODY[1]"
          },
          {
            "id": "style/color",
            "value": [
              17,
              68,
              158
            ]
          },
          {
            "id": "shield",
            "value": {
              "zIndex": "auto",
              "width": 1125,
              "height": 761
            }
          }
        ]
      },
      "events": {
        "onGetData": "getData_control19"
      },
      "intendedRole": "custom",
      "roles": "element,custom",
      "monitored": false
    },
    "control20": {
      "location": {
        "data": {
          "tagName": "TR"
        },
        "locators": [
          {
            "id": "button/text",
            "prob": 3,
            "value": {
              "text": [
                "时间星期一星期二星期三星期四星期五星期六星期日"
              ],
              "visText": [
                "时间星期一星期二星期三星期四星期五星期六星期日"
              ]
            }
          },
          {
            "id": "text",
            "prob": 3,
            "value": {
              "text": [
                "时间星期一星期二星期三星期四星期五星期六星期日"
              ],
              "visText": [
                "时间 星期一 星期二 星期三 星期四 星期五 星期六 星期日"
              ]
            }
          },
          {
            "id": "@id/partialWord",
            "prob": 1,
            "disabled": true,
            "value": {
              "elemId": "Table6",
              "tagName": "TABLE",
              "prefix": "",
              "suffix": "/TBODY[1]/TR[1]",
              "ratio": 0.526
            }
          },
          {
            "id": "@class/word",
            "prob": 1,
            "ordinal": [
              0,
              12
            ],
            "value": "DIV.mid_box SPAN.formbox TABLE.blacktab TBODY TR"
          },
          {
            "id": "path/ordinal",
            "prob": 1,
            "value": "/HTML[1]/BODY[1]/FORM[1]/DIV[2]/DIV[1]/SPAN[1]/TABLE[1]/TBODY[1]/TR[1]"
          },
          {
            "id": "style/color",
            "value": [
              17,
              68,
              158
            ]
          },
          {
            "id": "shield",
            "value": {
              "zIndex": "auto",
              "width": 1062,
              "height": 28
            }
          }
        ]
      },
      "roles": "element",
      "text": "\n\t\t时间星期一星期二星期三星期四星期五星期六星期日\n\t"
    }
  },
  "contexts": {
    "context0": {
      "controls": [
        "control1",
        "control2",
        "control3",
        "control4",
        "control6",
        "control7",
        "control8",
        "control9",
        "control10",
        "control11",
        "control12",
        "control13",
        "control14",
        "control17",
        "control18",
        "control19"
      ],
      "anchors": [
        "control20"
      ]
    }
  },
  "flows": {
    "flow0": {
      "toContexts": [
        {
          "toContextId": "context0"
        },
        {
          "toContextId": "context0",
          "toModelId": "t_index"
        }
      ]
    },
    "flow1": {
      "fromContextId": "context0",
      "fromAction": "click",
      "fromControlId": "control0",
      "toContexts": [
        {
          "toContextId": "context0"
        }
      ]
    },
    "flow2": {
      "fromContextId": "context0",
      "fromAction": "click",
      "fromControlId": "control7",
      "toContexts": [
        {
          "toContextId": "context0"
        }
      ]
    },
    "flow3": {
      "fromContextId": "context0",
      "fromAction": "click",
      "fromControlId": "control11",
      "toContexts": [
        {
          "toContextId": "context0"
        }
      ]
    },
    "flow4": {
      "fromContextId": "context0",
      "fromAction": "click",
      "fromControlId": "control13",
      "toContexts": [
        {
          "toContextId": "context0"
        }
      ]
    },
    "flow5": {
      "fromContextId": "context0",
      "fromAction": "click",
      "fromControlId": "control1",
      "toContexts": [
        {
          "toContextId": "context0"
        }
      ]
    },
    "flow6": {
      "fromContextId": "context0",
      "fromAction": "click",
      "fromControlId": "control4",
      "toContexts": [
        {
          "toContextId": "context0"
        }
      ]
    },
    "flow7": {
      "fromContextId": "context0",
      "fromAction": "click",
      "fromControlId": "control9",
      "toContexts": [
        {
          "toContextId": "context0"
        }
      ]
    }
  },
  "pages": {
    "page0": {
      "contextId": "context0",
      "layout": [
        {
          "id": "uiControl0",
          "display": {
            "class": "header",
            "title": "班级课表查询",
            "type": "header",
            "adapterId": "header",
            "adapter": {
              "templateType": ""
            }
          },
          "layout": []
        },
        {
          "id": "uiControl21",
          "controlId": "control19",
          "display": {
            "adapterId": "custom",
            "type": "custom",
            "adapter": {
              "templateType": "react",
              "events": {
                "onDoAction": "doAction_uiControl21",
                "onGetTemplate": "getTemplate_uiControl21"
              }
            }
          }
        },
        {
          "id": "uiControl223",
          "display": {
            "type": "accordion",
            "adapterId": "accordion",
            "adapter": {
              "templateType": ""
            }
          },
          "layout": [
            {
              "id": "uiControl223item",
              "display": {
                "title": "查询条件",
                "type": "accordionItem",
                "adapterId": "accordionItem",
                "adapter": {
                  "templateType": ""
                }
              },
              "layout": [
                {
                  "id": "uiControl2",
                  "display": {
                    "type": "card",
                    "adapterId": "card",
                    "class": "yl_bj_top",
                    "adapter": {
                      "templateType": ""
                    }
                  },
                  "layout": [
                    {
                      "id": "uiControl2body",
                      "display": {
                        "type": "cardBody",
                        "adapterId": "cardBody",
                        "adapter": {
                          "templateType": ""
                        }
                      },
                      "layout": [
                        {
                          "id": "uiControl4",
                          "controlId": "control2",
                          "display": {
                            "adapterId": "content",
                            "type": "content",
                            "class": "yl_left",
                            "text": "学      年：\t\t\t\t\t\t\t\t\t",
                            "adapter": {
                              "templateType": ""
                            }
                          }
                        },
                        {
                          "id": "uiControl3",
                          "controlId": "control1",
                          "display": {
                            "adapterId": "listbox",
                            "type": "listbox",
                            "adapter": {
                              "templateType": ""
                            }
                          }
                        },
                        {
                          "id": "uiControl5",
                          "controlId": "control3",
                          "display": {
                            "adapterId": "content",
                            "type": "content",
                            "text": "学      期：\t\t\t\t\t\t\t\t\t\t\t\t\t\t\t\t\t",
                            "class": "yl_left",
                            "adapter": {
                              "templateType": ""
                            }
                          }
                        },
                        {
                          "id": "uiControl6",
                          "controlId": "control4",
                          "display": {
                            "adapterId": "listbox",
                            "type": "listbox",
                            "adapter": {
                              "templateType": ""
                            }
                          }
                        },
                        {
                          "id": "uiControl8",
                          "controlId": "control6",
                          "display": {
                            "adapterId": "content",
                            "type": "content",
                            "class": "yl_left",
                            "text": "年      级：\t\t\t\t\t\t\t\t\t",
                            "adapter": {
                              "templateType": ""
                            }
                          }
                        },
                        {
                          "id": "uiControl9",
                          "controlId": "control7",
                          "display": {
                            "adapterId": "listbox",
                            "type": "listbox",
                            "adapter": {
                              "templateType": ""
                            }
                          }
                        },
                        {
                          "id": "uiControl10",
                          "controlId": "control8",
                          "display": {
                            "adapterId": "content",
                            "type": "content",
                            "class": "yl_left",
                            "text": "学院名称：\t\t\t\t\t\t\t\t",
                            "adapter": {
                              "templateType": ""
                            }
                          }
                        },
                        {
                          "id": "uiControl11",
                          "controlId": "control9",
                          "display": {
                            "adapterId": "listbox",
                            "type": "listbox",
                            "adapter": {
                              "templateType": ""
                            }
                          }
                        },
                        {
                          "id": "uiControl12",
                          "controlId": "control10",
                          "display": {
                            "adapterId": "content",
                            "type": "content",
                            "text": "专      业：\t\t\t\t\t\t\t\t\t",
                            "class": "yl_left",
                            "adapter": {
                              "templateType": ""
                            }
                          }
                        },
                        {
                          "id": "uiControl13",
                          "controlId": "control11",
                          "display": {
                            "adapterId": "listbox",
                            "type": "listbox",
                            "adapter": {
                              "templateType": ""
                            }
                          }
                        },
                        {
                          "id": "uiControl14",
                          "controlId": "control12",
                          "display": {
                            "adapterId": "content",
                            "type": "content",
                            "class": "yl_left",
                            "text": "推荐课表：\t\t\t\t\t\t\t\t\t\t\t\t\t\t\t\t\t",
                            "adapter": {
                              "templateType": ""
                            }
                          }
                        },
                        {
                          "id": "uiControl15",
                          "controlId": "control13",
                          "display": {
                            "adapterId": "listbox",
                            "type": "listbox",
                            "adapter": {
                              "templateType": ""
                            }
                          }
                        }
                      ]
                    }
                  ]
                }
              ]
            }
          ]
        },
        {
          "id": "uiControl1",
          "display": {
            "type": "card",
            "adapterId": "card",
            "class": "yl_bj_center",
            "adapter": {
              "templateType": ""
            }
          },
          "layout": [
            {
              "id": "uiControl1body",
              "display": {
                "type": "cardBody",
                "adapterId": "cardBody",
                "adapter": {
                  "templateType": ""
                }
              },
              "layout": [
                {
                  "id": "uiControl7",
                  "controlId": "control14",
                  "display": {
                    "adapterId": "fragment",
                    "type": "fragment",
                    "class": "table-a",
                    "adapter": {
                      "templateType": ""
                    }
                  }
                }
              ]
            }
          ]
        },
        {
          "id": "uiControl22",
          "display": {
            "type": "accordion",
            "adapterId": "accordion",
            "adapter": {
              "templateType": ""
            }
          },
          "layout": [
            {
              "id": "uiControl22item",
              "display": {
                "title": "实践课(或无上课时间)信息：",
                "type": "accordionItem",
                "adapterId": "accordionItem",
                "adapter": {
                  "templateType": ""
                }
              },
              "layout": [
                {
                  "id": "uiControl19",
                  "controlId": "control17",
                  "display": {
                    "adapterId": "fragment",
                    "type": "fragment",
                    "class": "table-a",
                    "adapter": {
                      "templateType": ""
                    }
                  }
                }
              ]
            }
          ]
        },
        {
          "id": "uiControl25",
          "display": {
            "type": "accordion",
            "adapterId": "accordion",
            "adapter": {
              "templateType": ""
            }
          },
          "layout": [
            {
              "id": "uiControl25item",
              "display": {
                "title": "调、停（补）课信息：\t",
                "type": "accordionItem",
                "adapterId": "accordionItem",
                "adapter": {
                  "templateType": ""
                }
              },
              "layout": [
                {
                  "id": "uiControl20",
                  "controlId": "control18",
                  "display": {
                    "adapterId": "fragment",
                    "type": "fragment",
                    "class": "table-a",
                    "adapter": {
                      "templateType": ""
                    }
                  }
                }
              ]
            }
          ]
        }
      ]
    }
  },
  "matchers": {
    "page/title": {
      "contexts": {
        "context0": [
          "现代教学管理信息系统"
        ]
      }
    },
    "page/urls": {
      "contexts": {
        "context0": [
          "117.35.118.209/tjkbcx.aspx?zgh=150134&xm=%D0%EC%C0%DA&gnmkdm=N122302",
          "117.35.118.209/tjkbcx.aspx?zgh=150159&xm=%BC%D6%D0%C5%D2%E5&gnmkdm=N122302",
          "117.35.118.209/tjkbcx.aspx?zgh=150528&xm=%CD%F5%C0%F2&gnmkdm=N122302",
          "117.35.118.209/js_jkjscxxx.aspx?zgh=150528&xm=%CD%F5%C0%F2&gnmkdm=N122306"
        ]
      }
    },
    "page/ids": {
      "contexts": {
        "context0": [
          [
            "Form",
            "Table",
            "kb",
            "lbl_bz",
            "nj",
            "xn",
            "xq",
            "xy",
            "zy"
          ],
          [
            "DBGrid",
            "DataGrid",
            "Form",
            "Table",
            "kb",
            "lbl_bz",
            "nj",
            "xn",
            "xq",
            "xy",
            "zy"
          ],
          [
            "Form",
            "Label",
            "Table",
            "ddl_sjdd",
            "grid_kcxx",
            "xn",
            "xq"
          ]
        ]
      }
    },
    "page/classes": {
      "contexts": {
        "context0": [
          [
            "blacktab",
            "buttonbox",
            "earch_con",
            "earch_title",
            "earchbox",
            "footbox",
            "footbox_con",
            "footbutton",
            "formbox",
            "main_box",
            "mid_box",
            "pagination",
            "title",
            "toolbox",
            "toolbox_fot",
            "trtitle"
          ],
          [
            "blacktab",
            "buttonbox",
            "dateli",
            "earch_con",
            "earch_title",
            "earchbox",
            "footbox",
            "footbox_con",
            "footbutton",
            "formbox",
            "main_box",
            "mid_box",
            "pagination",
            "t",
            "thead",
            "title",
            "toolbox",
            "toolbox_fot",
            "trtitle"
          ],
          [
            "alt",
            "blacktab",
            "buttonbox",
            "dateli",
            "earch_con",
            "earch_title",
            "earchbox",
            "footbox",
            "footbox_con",
            "footbutton",
            "formbox",
            "main_box",
            "mid_box",
            "pagination",
            "t",
            "thead",
            "title",
            "toolbox",
            "toolbox_fot",
            "trtitle"
          ],
          [
            "buttonbox",
            "dateli",
            "earch_con",
            "earch_title",
            "earchbox",
            "footbox",
            "footbox_con",
            "footbutton",
            "formbox",
            "main_box",
            "mid_box",
            "pagination",
            "t",
            "thead",
            "title",
            "toolbox",
            "toolbox_fot"
          ]
        ]
      }
    },
    "page/tagTriplets": {
      "contexts": {
        "context0": [
          [
            "-/-/FORM",
            "-/FORM/DIV",
            "-/FORM/INPUT-hidden",
            "-/FORM/SCRIPT",
            "DIV/DIV/DIV",
            "DIV/DIV/EM",
            "DIV/DIV/P",
            "DIV/DIV/SPAN",
            "DIV/DIV/TABLE",
            "DIV/EM/SPAN",
            "DIV/P/EM",
            "DIV/SPAN/DIV",
            "DIV/SPAN/TABLE",
            "DIV/TABLE/TBODY",
            "FORM/DIV/DIV",
            "FORM/DIV/P",
            "SPAN/TABLE/TBODY",
            "TABLE/TBODY/TR",
            "TBODY/TR/TD",
            "TD/DIV/SPAN",
            "TD/SELECT/OPTION",
            "TR/TD/DIV",
            "TR/TD/SELECT"
          ],
          [
            "-/-/FORM",
            "-/FORM/DIV",
            "-/FORM/INPUT-hidden",
            "-/FORM/SCRIPT",
            "DIV/DIV/DIV",
            "DIV/DIV/EM",
            "DIV/DIV/P",
            "DIV/DIV/SPAN",
            "DIV/DIV/TABLE",
            "DIV/EM/SPAN",
            "DIV/P/EM",
            "DIV/SPAN/DIV",
            "DIV/SPAN/TABLE",
            "DIV/TABLE/TBODY",
            "FORM/DIV/DIV",
            "FORM/DIV/P",
            "SPAN/TABLE/TBODY",
            "TABLE/TBODY/TR",
            "TBODY/TR/TD",
            "TD/DIV/SPAN",
            "TD/SELECT/OPTION",
            "TD/TABLE/TBODY",
            "TR/TD/BR",
            "TR/TD/DIV",
            "TR/TD/SELECT",
            "TR/TD/TABLE"
          ],
          [
            "-/-/FORM",
            "-/FORM/DIV",
            "-/FORM/INPUT-hidden",
            "-/FORM/SCRIPT",
            "DIV/DIV/DIV",
            "DIV/DIV/EM",
            "DIV/DIV/P",
            "DIV/DIV/SPAN",
            "DIV/DIV/TABLE",
            "DIV/EM/SPAN",
            "DIV/P/EM",
            "DIV/SPAN/FIELDSET",
            "DIV/SPAN/TABLE",
            "DIV/TABLE/TBODY",
            "FIELDSET/LEGEND/SPAN",
            "FORM/DIV/DIV",
            "FORM/DIV/P",
            "LEGEND/SPAN/FONT",
            "SPAN/FIELDSET/LEGEND",
            "SPAN/TABLE/TBODY",
            "TABLE/TBODY/TR",
            "TBODY/TR/TD",
            "TD/SELECT/OPTION",
            "TR/TD/SELECT"
          ],
          [
            "-/-/FORM",
            "-/-/SCRIPT",
            "-/FORM/DIV",
            "-/FORM/INPUT-hidden",
            "-/FORM/SCRIPT",
            "DIV/DIV/DIV",
            "DIV/DIV/EM",
            "DIV/DIV/P",
            "DIV/DIV/SPAN",
            "DIV/EM/SPAN",
            "DIV/P/EM",
            "DIV/P/TABLE",
            "DIV/SPAN/DIV",
            "DIV/SPAN/TABLE",
            "FORM/DIV/DIV",
            "FORM/DIV/P",
            "P/TABLE/TBODY",
            "SPAN/TABLE/TBODY",
            "TABLE/TBODY/TR",
            "TBODY/TR/TD",
            "TD/DIV/SPAN",
            "TD/SELECT/OPTION",
            "TR/TD/DIV",
            "TR/TD/SELECT"
          ]
        ]
      }
    }
  }
}