{
  "version": "0.1",
  "id": "q_party_select",
  "targetURL": "http://42.247.16.108/xgxt/xsxx_xsgl.do",
  "jsFile": "../../lib/base.js,../../lib/customTemplate.js,index.js",
  "cssFile": "../../lib/base.css,index.css",
  "requires": {},
  "chineseName": "党团建设-党团信息申请-申请-选择",
  "controls": {
    "control0": {
      "location": {
        "data": {
          "tagName": "DIV"
        },
        "locators": [
          {
            "id": "button/text",
            "prob": 3,
            "value": {
              "text": [
                "全部 学号 姓名"
              ],
              "visText": [
                ""
              ]
            }
          },
          {
            "id": "text",
            "prob": 3,
            "value": {
              "text": [
                "全部 学号 姓名"
              ],
              "visText": [
                ""
              ]
            }
          },
          {
            "id": "@id/word",
            "prob": 3,
            "value": "descendant::DIV[@id=\"options\"]"
          },
          {
            "id": "@class/word",
            "prob": 1,
            "ordinal": [
              0,
              2
            ],
            "value": "DIV.search_advanced DIV.adv_filter DIV.options_type1"
          },
          {
            "id": "path/ordinal",
            "prob": 1,
            "value": "/HTML[1]/BODY[1]/FORM[1]/DIV[1]/DIV[1]/DIV[1]/TABLE[1]/TBODY[1]/TR[1]/TD[1]/DIV[1]"
          },
          {
            "id": "shield",
            "value": {
              "zIndex": "auto",
              "width": 81,
              "height": 25
            }
          }
        ]
      },
      "events": {
        "onGetData": "getData_control0"
      },
      "intendedRole": "custom",
      "roles": "element,custom",
      "monitored": false,
      "frameXPath": "//iframe[@name='childDialog']<<IFRAME>>"
    },
    "control1": {
      "location": {
        "data": {
          "tagName": "INPUT"
        },
        "locators": [
          {
            "id": "elem/@name",
            "prob": 2,
            "value": [
              "descendant::form[@name=\"xsxxForm\"]//INPUT[@name=\"searchModel.input_mhcx\"]",
              "descendant::INPUT[@name=\"searchModel.input_mhcx\"]"
            ]
          },
          {
            "id": "@id/word",
            "prob": 3,
            "value": "descendant::INPUT[@id=\"input_mhcx\"]"
          },
          {
            "id": "@class/word",
            "prob": 1,
            "ordinal": [
              3,
              12
            ],
            "value": "DIV.toolbox DIV.search_advanced DIV.adv_filter TABLE TBODY TR TD INPUT"
          },
          {
            "id": "path/ordinal",
            "prob": 1,
            "value": "/HTML[1]/BODY[1]/FORM[1]/DIV[1]/DIV[1]/DIV[1]/TABLE[1]/TBODY[1]/TR[1]/TD[1]/INPUT[1]"
          },
          {
            "id": "input/type",
            "verifyEnabled": true,
            "value": "text"
          },
          {
            "id": "elderLevel",
            "value": {
              "level": 0
            }
          },
          {
            "id": "shield",
            "value": {
              "zIndex": "auto",
              "width": 383,
              "height": 24
            }
          }
        ]
      },
      "intendedRole": "textbox",
      "roles": "element,textbox",
      "monitored": true,
      "frameXPath": "//iframe[@name='childDialog']<<IFRAME>>"
    },
    "control2": {
      "location": {
        "data": {
          "tagName": "BUTTON"
        },
        "locators": [
          {
            "id": "button/text",
            "prob": 3,
            "value": {
              "text": [
                "查 询"
              ],
              "visText": [
                "查 询"
              ]
            }
          },
          {
            "id": "text",
            "prob": 3,
            "value": {
              "text": [
                "查 询"
              ],
              "visText": [
                "查 询"
              ]
            }
          },
          {
            "id": "@id/word",
            "prob": 3,
            "value": "descendant::BUTTON[@id=\"search_go\"]"
          },
          {
            "id": "@class/word",
            "prob": 1,
            "ordinal": [
              0,
              2
            ],
            "value": "DIV.search_advanced DIV.adv_filter BUTTON.btn_cx"
          },
          {
            "id": "path/ordinal",
            "prob": 1,
            "value": "/HTML[1]/BODY[1]/FORM[1]/DIV[1]/DIV[1]/DIV[1]/TABLE[1]/TBODY[1]/TR[1]/TD[1]/BUTTON[1]"
          },
          {
            "id": "input/type",
            "verifyEnabled": true,
            "value": "button"
          },
          {
            "id": "elderLevel",
            "value": {
              "level": 0
            }
          },
          {
            "id": "shield",
            "value": {
              "zIndex": "auto",
              "width": 52.609375,
              "height": 19
            }
          }
        ]
      },
      "intendedRole": "button",
      "roles": "element,button",
      "monitored": false,
      "frameXPath": "//iframe[@name='childDialog']<<IFRAME>>"
    },
    "control3": {
      "location": {
        "data": {
          "tagName": "BUTTON"
        },
        "locators": [
          {
            "id": "button/text",
            "prob": 3,
            "value": {
              "text": [
                "重 置"
              ],
              "visText": [
                "重 置"
              ]
            }
          },
          {
            "id": "text",
            "prob": 3,
            "value": {
              "text": [
                "重 置"
              ],
              "visText": [
                "重 置"
              ]
            }
          },
          {
            "id": "@class/word",
            "prob": 1,
            "ordinal": [
              0,
              2
            ],
            "value": "DIV.search_advanced DIV.adv_filter BUTTON.btn_cz"
          },
          {
            "id": "path/ordinal",
            "prob": 1,
            "value": "/HTML[1]/BODY[1]/FORM[1]/DIV[1]/DIV[1]/DIV[1]/TABLE[1]/TBODY[1]/TR[1]/TD[1]/BUTTON[2]"
          },
          {
            "id": "input/type",
            "verifyEnabled": true,
            "value": "button"
          },
          {
            "id": "elderLevel",
            "value": {
              "level": 0
            }
          },
          {
            "id": "shield",
            "value": {
              "zIndex": "auto",
              "width": 52.609375,
              "height": 19
            }
          }
        ]
      },
      "intendedRole": "button",
      "roles": "element,button",
      "monitored": false,
      "frameXPath": "//iframe[@name='childDialog']<<IFRAME>>"
    },
    "control5": {
      "location": {
        "data": {
          "tagName": "H3"
        },
        "locators": [
          {
            "id": "button/text",
            "prob": 3,
            "value": {
              "text": [
                "学生信息列表"
              ],
              "visText": [
                "学生信息列表"
              ]
            }
          },
          {
            "id": "text",
            "prob": 3,
            "value": {
              "text": [
                "学生信息列表"
              ],
              "visText": [
                "学生信息列表"
              ]
            }
          },
          {
            "id": "@class/word",
            "prob": 1,
            "ordinal": [
              0,
              2
            ],
            "value": "H3.datetitle_01"
          },
          {
            "id": "path/ordinal",
            "prob": 1,
            "value": "/HTML[1]/BODY[1]/DIV[2]/H3[1]"
          },
          {
            "id": "shield",
            "value": {
              "zIndex": "auto",
              "width": 800,
              "height": 28
            }
          }
        ]
      },
      "roles": "element",
      "text": "\n\t\t\t\t 学生信息列表\n\t\t\t\t \n\t\t\t",
      "frameXPath": "//iframe[@name='childDialog']<<IFRAME>>"
    },
    "control8": {
      "location": {
        "data": {
          "tagName": "A"
        },
        "locators": [
          {
            "id": "button/text",
            "prob": 3,
            "value": {
              "text": [
                "首 页"
              ],
              "visText": [
                "首 页"
              ]
            }
          },
          {
            "id": "text",
            "prob": 3,
            "value": {
              "text": [
                "首 页"
              ],
              "visText": [
                "首 页"
              ]
            }
          },
          {
            "id": "@title",
            "prob": 2,
            "value": {
              "text": [
                "首页"
              ]
            }
          },
          {
            "id": "@id/word",
            "prob": 3,
            "value": [
              "descendant::DIV[@id=\"pager\"]//A[@id=\"first\"]",
              "descendant::A[@id=\"first\"]"
            ]
          },
          {
            "id": "@class/word",
            "prob": 1,
            "ordinal": [
              0,
              2
            ],
            "value": "DIV.pageright DIV.paging A.first.pointer"
          },
          {
            "id": "path/ordinal",
            "prob": 1,
            "value": "/HTML[1]/BODY[1]/DIV[4]/DIV[2]/DIV[1]/A[1]"
          },
          {
            "id": "elderLevel",
            "value": {
              "level": 0
            }
          },
          {
            "id": "shield",
            "value": {
              "zIndex": "auto",
              "width": 46,
              "height": 19
            }
          }
        ]
      },
      "intendedRole": "button",
      "roles": "element,button,link",
      "monitored": false,
      "frameXPath": "//iframe[@name='childDialog']<<IFRAME>>"
    },
    "control13": {
      "location": {
        "data": {
          "tagName": "DIV"
        },
        "locators": [
          {
            "id": "button/text",
            "prob": 3,
            "ordinal": [
              1,
              2
            ],
            "value": {
              "text": [
                "确认内容01r确定要删除所有的过滤条件?"
              ],
              "visText": [
                "确认内容确定要删除所有的过滤条件?"
              ]
            }
          },
          {
            "id": "text",
            "prob": 3,
            "value": {
              "text": [
                "确认内容01r确定要删除所有的过滤条件?"
              ],
              "visText": [
                "确认内容 确定要删除所有的过滤条件?"
              ]
            }
          },
          {
            "id": "@id/partialWord",
            "prob": 3,
            "value": {
              "elemId": "ym-window",
              "tagName": "DIV",
              "prefix": "",
              "suffix": "",
              "ratio": 0
            }
          },
          {
            "id": "path/ordinal",
            "prob": 1,
            "value": "/HTML[1]/BODY[1]/DIV[6]/DIV[2]"
          },
          {
            "id": "shield",
            "value": {
              "zIndex": "10001",
              "width": 302,
              "height": 186
            }
          }
        ]
      },
      "events": {
        "onGetData": "getData_control13"
      },
      "intendedRole": "custom",
      "roles": "element,custom",
      "monitored": false,
      "frameXPath": "//iframe[@name='childDialog']<<IFRAME>>"
    },
    "control14": {
      "location": {
        "data": {
          "tagName": "H3"
        },
        "locators": [
          {
            "id": "button/text",
            "prob": 3,
            "value": {
              "text": [
                "学生信息列表"
              ],
              "visText": [
                "学生信息列表"
              ]
            }
          },
          {
            "id": "text",
            "prob": 3,
            "value": {
              "text": [
                "学生信息列表"
              ],
              "visText": [
                "学生信息列表"
              ]
            }
          },
          {
            "id": "@class/word",
            "prob": 1,
            "ordinal": [
              0,
              2
            ],
            "value": "H3.datetitle_01"
          },
          {
            "id": "path/ordinal",
            "prob": 1,
            "value": "/HTML[1]/BODY[1]/DIV[2]/H3[1]"
          },
          {
            "id": "shield",
            "value": {
              "zIndex": "auto",
              "width": 800,
              "height": 28
            }
          }
        ]
      },
      "roles": "element",
      "text": "\n\t\t\t\t 学生信息列表\n\t\t\t\t \n\t\t\t",
      "frameXPath": "//iframe[@name='childDialog']<<IFRAME>>"
    },
    "control15": {
      "location": {
        "data": {
          "tagName": "DIV"
        },
        "locators": [
          {
            "id": "button/text",
            "prob": 3,
            "value": {
              "text": [
                "学生信息列表"
              ],
              "visText": [
                "学生信息列表"
              ]
            }
          },
          {
            "id": "text",
            "prob": 3,
            "value": {
              "text": [
                "学生信息列表"
              ],
              "visText": [
                "学生信息列表"
              ]
            }
          },
          {
            "id": "path/ordinal",
            "prob": 1,
            "value": "/HTML[1]/BODY[1]/DIV[2]"
          },
          {
            "id": "shield",
            "value": {
              "zIndex": "auto",
              "width": 800,
              "height": 28
            }
          }
        ]
      },
      "roles": "element",
      "text": "\n\t\t\t\t\t\n\t\t\t\n\t\t\t\t 学生信息列表\n\t\t\t\t \n\t\t\t\n\t\t",
      "frameXPath": "//iframe[@name='childDialog']<<IFRAME>>"
    },
    "control17": {
      "location": {
        "data": {
          "tagName": "A"
        },
        "locators": [
          {
            "id": "button/text",
            "prob": 3,
            "value": {
              "text": [
                "上一页"
              ],
              "visText": [
                "上一页"
              ]
            }
          },
          {
            "id": "text",
            "prob": 3,
            "value": {
              "text": [
                "上一页"
              ],
              "visText": [
                "上一页"
              ]
            }
          },
          {
            "id": "@title",
            "prob": 2,
            "value": {
              "text": [
                "上一页"
              ]
            }
          },
          {
            "id": "@id/word",
            "prob": 3,
            "value": [
              "descendant::DIV[@id=\"pager\"]//A[@id=\"back\"]",
              "descendant::A[@id=\"back\"]"
            ]
          },
          {
            "id": "@class/word",
            "prob": 1,
            "ordinal": [
              0,
              2
            ],
            "value": "DIV.pageright DIV.paging A.prev.pointer"
          },
          {
            "id": "path/ordinal",
            "prob": 1,
            "value": "/HTML[1]/BODY[1]/DIV[4]/DIV[2]/DIV[1]/A[2]"
          },
          {
            "id": "elderLevel",
            "value": {
              "level": 0
            }
          },
          {
            "id": "shield",
            "value": {
              "zIndex": "auto",
              "width": 54,
              "height": 19
            }
          }
        ]
      },
      "intendedRole": "button",
      "roles": "element,button,link",
      "monitored": false,
      "frameXPath": "//iframe[@name='childDialog']<<IFRAME>>"
    },
    "control18": {
      "location": {
        "data": {
          "tagName": "A"
        },
        "locators": [
          {
            "id": "button/text",
            "prob": 3,
            "value": {
              "text": [
                "下一页"
              ],
              "visText": [
                "下一页"
              ]
            }
          },
          {
            "id": "text",
            "prob": 3,
            "value": {
              "text": [
                "下一页"
              ],
              "visText": [
                "下一页"
              ]
            }
          },
          {
            "id": "@title",
            "prob": 2,
            "value": {
              "text": [
                "下一页"
              ]
            }
          },
          {
            "id": "@id/word",
            "prob": 3,
            "value": [
              "descendant::DIV[@id=\"pager\"]//A[@id=\"next\"]",
              "descendant::A[@id=\"next\"]"
            ]
          },
          {
            "id": "@class/word",
            "prob": 1,
            "ordinal": [
              0,
              2
            ],
            "value": "DIV.pageright DIV.paging A.next.pointer"
          },
          {
            "id": "path/ordinal",
            "prob": 1,
            "value": "/HTML[1]/BODY[1]/DIV[4]/DIV[2]/DIV[1]/A[3]"
          },
          {
            "id": "elderLevel",
            "value": {
              "level": 0
            }
          },
          {
            "id": "shield",
            "value": {
              "zIndex": "auto",
              "width": 54,
              "height": 19
            }
          }
        ]
      },
      "intendedRole": "button",
      "roles": "element,button,link",
      "monitored": false,
      "frameXPath": "//iframe[@name='childDialog']<<IFRAME>>"
    },
    "control19": {
      "location": {
        "data": {
          "tagName": "A"
        },
        "locators": [
          {
            "id": "button/text",
            "prob": 3,
            "value": {
              "text": [
                "末 页"
              ],
              "visText": [
                "末 页"
              ]
            }
          },
          {
            "id": "text",
            "prob": 3,
            "value": {
              "text": [
                "末 页"
              ],
              "visText": [
                "末 页"
              ]
            }
          },
          {
            "id": "@title",
            "prob": 2,
            "value": {
              "text": [
                "末页"
              ]
            }
          },
          {
            "id": "@id/word",
            "prob": 3,
            "value": [
              "descendant::DIV[@id=\"pager\"]//A[@id=\"last\"]",
              "descendant::A[@id=\"last\"]"
            ]
          },
          {
            "id": "@class/word",
            "prob": 1,
            "ordinal": [
              0,
              2
            ],
            "value": "DIV.pageright DIV.paging A.last.pointer"
          },
          {
            "id": "path/ordinal",
            "prob": 1,
            "value": "/HTML[1]/BODY[1]/DIV[4]/DIV[2]/DIV[1]/A[4]"
          },
          {
            "id": "elderLevel",
            "value": {
              "level": 0
            }
          },
          {
            "id": "shield",
            "value": {
              "zIndex": "auto",
              "width": 46,
              "height": 19
            }
          }
        ]
      },
      "intendedRole": "button",
      "roles": "element,button,link",
      "monitored": false,
      "frameXPath": "//iframe[@name='childDialog']<<IFRAME>>"
    },
    "control20": {
      "location": {
        "data": {
          "tagName": "A"
        },
        "locators": [
          {
            "id": "button/text",
            "prob": 3,
            "value": {
              "text": [
                "末 页"
              ],
              "visText": [
                "末 页"
              ]
            }
          },
          {
            "id": "text",
            "prob": 3,
            "value": {
              "text": [
                "末 页"
              ],
              "visText": [
                "末 页"
              ]
            }
          },
          {
            "id": "@title",
            "prob": 2,
            "value": {
              "text": [
                "末页"
              ]
            }
          },
          {
            "id": "@id/word",
            "prob": 3,
            "value": [
              "descendant::DIV[@id=\"pager\"]//A[@id=\"last\"]",
              "descendant::A[@id=\"last\"]"
            ]
          },
          {
            "id": "@class/word",
            "prob": 1,
            "ordinal": [
              0,
              2
            ],
            "value": "DIV.pageright DIV.paging A.last.pointer"
          },
          {
            "id": "path/ordinal",
            "prob": 1,
            "value": "/HTML[1]/BODY[1]/DIV[4]/DIV[2]/DIV[1]/A[4]"
          },
          {
            "id": "elderLevel",
            "value": {
              "level": 0
            }
          },
          {
            "id": "shield",
            "value": {
              "zIndex": "auto",
              "width": 46,
              "height": 19
            }
          }
        ]
      },
      "intendedRole": "button",
      "roles": "element,button,link",
      "monitored": false,
      "frameXPath": "//iframe[@name='childDialog']<<IFRAME>>"
    },
    "control22": {
      "location": {
        "data": {
          "tagName": "INPUT"
        },
        "locators": [
          {
            "id": "elem/@name",
            "prob": 2,
            "value": [
              "descendant::form[@name=\"xsxxForm\"]//INPUT[@name=\"searchModel.input_mhcx\"]",
              "descendant::INPUT[@name=\"searchModel.input_mhcx\"]"
            ]
          },
          {
            "id": "@id/word",
            "prob": 3,
            "value": "descendant::INPUT[@id=\"input_mhcx\"]"
          },
          {
            "id": "@class/word",
            "prob": 1,
            "ordinal": [
              3,
              12
            ],
            "value": "DIV.toolbox DIV.search_advanced DIV.adv_filter TABLE TBODY TR TD INPUT"
          },
          {
            "id": "path/ordinal",
            "prob": 1,
            "value": "/HTML[1]/BODY[1]/FORM[1]/DIV[1]/DIV[1]/DIV[1]/TABLE[1]/TBODY[1]/TR[1]/TD[1]/INPUT[1]"
          },
          {
            "id": "input/type",
            "verifyEnabled": true,
            "value": "text"
          },
          {
            "id": "elderLevel",
            "value": {
              "level": 0
            }
          },
          {
            "id": "shield",
            "value": {
              "zIndex": "auto",
              "width": 383,
              "height": 24
            }
          }
        ]
      },
      "intendedRole": "textbox",
      "roles": "element,textbox",
      "monitored": true,
      "frameXPath": "//iframe[@name='childDialog']<<IFRAME>>"
    },
    "control23": {
      "location": {
        "data": {
          "tagName": "BUTTON"
        },
        "locators": [
          {
            "id": "button/text",
            "prob": 3,
            "value": {
              "text": [
                "查 询"
              ],
              "visText": [
                "查 询"
              ]
            }
          },
          {
            "id": "text",
            "prob": 3,
            "value": {
              "text": [
                "查 询"
              ],
              "visText": [
                "查 询"
              ]
            }
          },
          {
            "id": "@id/word",
            "prob": 3,
            "value": "descendant::BUTTON[@id=\"search_go\"]"
          },
          {
            "id": "@class/word",
            "prob": 1,
            "ordinal": [
              0,
              2
            ],
            "value": "DIV.search_advanced DIV.adv_filter BUTTON.btn_cx"
          },
          {
            "id": "path/ordinal",
            "prob": 1,
            "value": "/HTML[1]/BODY[1]/FORM[1]/DIV[1]/DIV[1]/DIV[1]/TABLE[1]/TBODY[1]/TR[1]/TD[1]/BUTTON[1]"
          },
          {
            "id": "input/type",
            "verifyEnabled": true,
            "value": "button"
          },
          {
            "id": "elderLevel",
            "value": {
              "level": 0
            }
          },
          {
            "id": "shield",
            "value": {
              "zIndex": "auto",
              "width": 52.609375,
              "height": 19
            }
          }
        ]
      },
      "intendedRole": "button",
      "roles": "element,button",
      "monitored": false,
      "frameXPath": "//iframe[@name='childDialog']<<IFRAME>>"
    },
    "control24": {
      "location": {
        "data": {
          "tagName": "BUTTON"
        },
        "locators": [
          {
            "id": "button/text",
            "prob": 3,
            "value": {
              "text": [
                "重 置"
              ],
              "visText": [
                "重 置"
              ]
            }
          },
          {
            "id": "text",
            "prob": 3,
            "value": {
              "text": [
                "重 置"
              ],
              "visText": [
                "重 置"
              ]
            }
          },
          {
            "id": "@class/word",
            "prob": 1,
            "ordinal": [
              0,
              2
            ],
            "value": "DIV.search_advanced DIV.adv_filter BUTTON.btn_cz"
          },
          {
            "id": "path/ordinal",
            "prob": 1,
            "value": "/HTML[1]/BODY[1]/FORM[1]/DIV[1]/DIV[1]/DIV[1]/TABLE[1]/TBODY[1]/TR[1]/TD[1]/BUTTON[2]"
          },
          {
            "id": "input/type",
            "verifyEnabled": true,
            "value": "button"
          },
          {
            "id": "elderLevel",
            "value": {
              "level": 0
            }
          },
          {
            "id": "shield",
            "value": {
              "zIndex": "auto",
              "width": 52.609375,
              "height": 19
            }
          }
        ]
      },
      "intendedRole": "button",
      "roles": "element,button",
      "monitored": false,
      "frameXPath": "//iframe[@name='childDialog']<<IFRAME>>"
    },
    "control25": {
      "location": {
        "data": {
          "tagName": "TBODY"
        },
        "locators": [
          {
            "id": "@id/word",
            "prob": 2,
            "value": [
              "descendant::TABLE[@id=\"dataTable\"]/TBODY[1]",
              "descendant::TABLE[@id=\"dataTable\"]//TBODY"
            ]
          },
          {
            "id": "@class/word",
            "prob": 1,
            "ordinal": [
              0,
              2
            ],
            "value": "DIV.formbox TABLE.dateline TBODY"
          },
          {
            "id": "path/ordinal",
            "prob": 1,
            "value": "/HTML[1]/BODY[1]/DIV[3]/TABLE[1]/TBODY[1]"
          },
          {
            "id": "shield",
            "value": {
              "zIndex": "auto",
              "width": 799,
              "height": 280
            }
          }
        ]
      },
      "events": {
        "onGetData": "getData_control25"
      },
      "intendedRole": "custom",
      "roles": "element,custom",
      "monitored": false,
      "frameXPath": "//iframe[@name='childDialog']<<IFRAME>>"
    },
    "control26": {
      "location": {
        "data": {
          "tagName": "P"
        },
        "locators": [
          {
            "id": "text",
            "prob": 3,
            "value": {
              "text": [
                "第/2472页，每页显示102050100200条 / 共24714条记录"
              ],
              "visText": [
                "第/2472页，每页显示条 / 共24714条记录"
              ]
            }
          },
          {
            "id": "@id/word",
            "prob": 2,
            "value": [
              "descendant::DIV[@id=\"pager\"]/DIV[1]/P[1]",
              "descendant::DIV[@id=\"pager\"]//P"
            ]
          },
          {
            "id": "@class/word",
            "prob": 1,
            "ordinal": [
              0,
              2
            ],
            "value": "DIV.pagination DIV.pageleft P.pagenum"
          },
          {
            "id": "path/ordinal",
            "prob": 1,
            "value": "/HTML[1]/BODY[1]/DIV[4]/DIV[1]/P[1]"
          },
          {
            "id": "shield",
            "value": {
              "zIndex": "auto",
              "width": 316,
              "height": 14
            }
          }
        ]
      },
      "events": {
        "onGetData": "getData_control26"
      },
      "intendedRole": "custom",
      "roles": "element,custom",
      "monitored": true,
      "frameXPath": "//iframe[@name='childDialog']<<IFRAME>>"
    },
    "control27": {
      "location": {
        "data": {
          "tagName": "A"
        },
        "locators": [
          {
            "id": "button/text",
            "prob": 3,
            "value": {
              "text": [
                "首 页"
              ],
              "visText": [
                "首 页"
              ]
            }
          },
          {
            "id": "text",
            "prob": 3,
            "value": {
              "text": [
                "首 页"
              ],
              "visText": [
                "首 页"
              ]
            }
          },
          {
            "id": "@title",
            "prob": 2,
            "value": {
              "text": [
                "首页"
              ]
            }
          },
          {
            "id": "@id/word",
            "prob": 3,
            "value": [
              "descendant::DIV[@id=\"pager\"]//A[@id=\"first\"]",
              "descendant::A[@id=\"first\"]"
            ]
          },
          {
            "id": "@class/word",
            "prob": 1,
            "ordinal": [
              0,
              2
            ],
            "value": "DIV.pageright DIV.paging A.first.pointer"
          },
          {
            "id": "path/ordinal",
            "prob": 1,
            "value": "/HTML[1]/BODY[1]/DIV[4]/DIV[2]/DIV[1]/A[1]"
          },
          {
            "id": "elderLevel",
            "value": {
              "level": 0
            }
          },
          {
            "id": "shield",
            "value": {
              "zIndex": "auto",
              "width": 46,
              "height": 19
            }
          }
        ]
      },
      "intendedRole": "button",
      "roles": "element,button,link",
      "monitored": false,
      "frameXPath": "//iframe[@name='childDialog']<<IFRAME>>"
    },
    "control28": {
      "location": {
        "data": {
          "tagName": "A"
        },
        "locators": [
          {
            "id": "button/text",
            "prob": 3,
            "value": {
              "text": [
                "上一页"
              ],
              "visText": [
                "上一页"
              ]
            }
          },
          {
            "id": "text",
            "prob": 3,
            "value": {
              "text": [
                "上一页"
              ],
              "visText": [
                "上一页"
              ]
            }
          },
          {
            "id": "@title",
            "prob": 2,
            "value": {
              "text": [
                "上一页"
              ]
            }
          },
          {
            "id": "@id/word",
            "prob": 3,
            "value": [
              "descendant::DIV[@id=\"pager\"]//A[@id=\"back\"]",
              "descendant::A[@id=\"back\"]"
            ]
          },
          {
            "id": "@class/word",
            "prob": 1,
            "ordinal": [
              0,
              2
            ],
            "value": "DIV.pageright DIV.paging A.prev.pointer"
          },
          {
            "id": "path/ordinal",
            "prob": 1,
            "value": "/HTML[1]/BODY[1]/DIV[4]/DIV[2]/DIV[1]/A[2]"
          },
          {
            "id": "elderLevel",
            "value": {
              "level": 0
            }
          },
          {
            "id": "shield",
            "value": {
              "zIndex": "auto",
              "width": 54,
              "height": 19
            }
          }
        ]
      },
      "intendedRole": "button",
      "roles": "element,button,link",
      "monitored": false,
      "frameXPath": "//iframe[@name='childDialog']<<IFRAME>>"
    },
    "control29": {
      "location": {
        "data": {
          "tagName": "A"
        },
        "locators": [
          {
            "id": "button/text",
            "prob": 3,
            "value": {
              "text": [
                "下一页"
              ],
              "visText": [
                "下一页"
              ]
            }
          },
          {
            "id": "text",
            "prob": 3,
            "value": {
              "text": [
                "下一页"
              ],
              "visText": [
                "下一页"
              ]
            }
          },
          {
            "id": "@title",
            "prob": 2,
            "value": {
              "text": [
                "下一页"
              ]
            }
          },
          {
            "id": "@id/word",
            "prob": 3,
            "value": [
              "descendant::DIV[@id=\"pager\"]//A[@id=\"next\"]",
              "descendant::A[@id=\"next\"]"
            ]
          },
          {
            "id": "@class/word",
            "prob": 1,
            "ordinal": [
              0,
              2
            ],
            "value": "DIV.pageright DIV.paging A.next.pointer"
          },
          {
            "id": "path/ordinal",
            "prob": 1,
            "value": "/HTML[1]/BODY[1]/DIV[4]/DIV[2]/DIV[1]/A[3]"
          },
          {
            "id": "elderLevel",
            "value": {
              "level": 0
            }
          },
          {
            "id": "shield",
            "value": {
              "zIndex": "auto",
              "width": 54,
              "height": 19
            }
          }
        ]
      },
      "intendedRole": "button",
      "roles": "element,button,link",
      "monitored": false,
      "frameXPath": "//iframe[@name='childDialog']<<IFRAME>>"
    },
    "control30": {
      "location": {
        "data": {
          "tagName": "A"
        },
        "locators": [
          {
            "id": "button/text",
            "prob": 3,
            "value": {
              "text": [
                "末 页"
              ],
              "visText": [
                "末 页"
              ]
            }
          },
          {
            "id": "text",
            "prob": 3,
            "value": {
              "text": [
                "末 页"
              ],
              "visText": [
                "末 页"
              ]
            }
          },
          {
            "id": "@title",
            "prob": 2,
            "value": {
              "text": [
                "末页"
              ]
            }
          },
          {
            "id": "@id/word",
            "prob": 3,
            "value": [
              "descendant::DIV[@id=\"pager\"]//A[@id=\"last\"]",
              "descendant::A[@id=\"last\"]"
            ]
          },
          {
            "id": "@class/word",
            "prob": 1,
            "ordinal": [
              0,
              2
            ],
            "value": "DIV.pageright DIV.paging A.last.pointer"
          },
          {
            "id": "path/ordinal",
            "prob": 1,
            "value": "/HTML[1]/BODY[1]/DIV[4]/DIV[2]/DIV[1]/A[4]"
          },
          {
            "id": "elderLevel",
            "value": {
              "level": 0
            }
          },
          {
            "id": "shield",
            "value": {
              "zIndex": "auto",
              "width": 46,
              "height": 19
            }
          }
        ]
      },
      "intendedRole": "button",
      "roles": "element,button,link",
      "monitored": false,
      "frameXPath": "//iframe[@name='childDialog']<<IFRAME>>"
    },
    "control31": {
      "location": {
        "data": {
          "tagName": "A"
        },
        "locators": [
          {
            "id": "@title",
            "prob": 2,
            "ordinal": [
              0,
              5
            ],
            "value": {
              "text": [
                "关闭(esc键)"
              ]
            }
          },
          {
            "id": "@class/word",
            "prob": 1,
            "ordinal": [
              0,
              5
            ],
            "value": "DIV.ui_title_bar DIV.ui_title_buttons A.ui_close"
          },
          {
            "id": "path/ordinal",
            "prob": 1,
            "ordinal": [
              0,
              3
            ],
            "value": "/HTML[1]/BODY[1]/DIV[1]/TABLE[1]/TBODY[1]/TR[2]/TD[2]/DIV[1]/TABLE[1]/TBODY[1]/TR[1]/TD[1]/DIV[1]/DIV[2]/A[4]"
          },
          {
            "id": "elderLevel",
            "value": {
              "level": 0
            }
          },
          {
            "id": "shield",
            "value": {
              "zIndex": "auto",
              "width": 22,
              "height": 22
            }
          }
        ]
      },
      "intendedRole": "button",
      "roles": "element,button,link",
      "monitored": false
    },
    "control32": {
      "location": {
        "data": {
          "tagName": "DIV"
        },
        "locators": [
          {
            "id": "button/text",
            "prob": 3,
            "value": {
              "text": [
                "全部 学号 姓名"
              ],
              "visText": [
                ""
              ]
            }
          },
          {
            "id": "text",
            "prob": 3,
            "value": {
              "text": [
                "全部 学号 姓名"
              ],
              "visText": [
                ""
              ]
            }
          },
          {
            "id": "@id/word",
            "prob": 3,
            "value": "descendant::DIV[@id=\"options\"]"
          },
          {
            "id": "@class/word",
            "prob": 1,
            "ordinal": [
              0,
              2
            ],
            "value": "DIV.search_advanced DIV.adv_filter DIV.options_type1"
          },
          {
            "id": "path/ordinal",
            "prob": 1,
            "value": "/HTML[1]/BODY[1]/FORM[1]/DIV[1]/DIV[1]/DIV[1]/TABLE[1]/TBODY[1]/TR[1]/TD[1]/DIV[1]"
          },
          {
            "id": "shield",
            "value": {
              "zIndex": "auto",
              "width": 81,
              "height": 25
            }
          }
        ]
      },
      "events": {
        "onGetData": "getData_control32"
      },
      "intendedRole": "custom",
      "roles": "element,custom",
      "monitored": false,
      "frameXPath": "//iframe[@name='childDialog']<<IFRAME>>"
    }
  },
  "contexts": {
    "context3": {
      "controls": [
        "control0",
        "control1",
        "control2",
        "control3",
        "control8",
        "control13",
        "control17",
        "control18",
        "control19",
        "control20",
        "control22",
        "control23",
        "control24",
        "control25",
        "control26",
        "control27",
        "control28",
        "control29",
        "control30",
        "control31",
        "control32"
      ],
      "anchors": [
        "control15"
      ]
    }
  },
  "flows": {
    "flow0": {
      "toContexts": [
        {
          "toContextId": "context3"
        }
      ]
    },
    "flow113": {
      "fromContextId": "context3",
      "fromAction": "click",
      "fromControlId": "control31",
      "toContexts": [
        {
          "toContextId": "context3"
        }
      ]
    }
  },
  "pages": {
    "page3": {
      "contextId": "context3",
      "layout": [
        {
          "id": "uiControl0",
          "display": {
            "class": "navbar navbar-primary xg_header",
            "title": "选择学生",
            "type": "header",
            "adapterId": "header",
            "adapter": {
              "templateType": ""
            }
          },
          "layout": []
        },
        {
          "id": "uiControl18",
          "controlId": "control31",
          "display": {
            "adapterId": "clickable",
            "type": "button",
            "text": "返回",
            "class": "xg_back",
            "adapter": {
              "templateType": ""
            }
          }
        },
        {
          "id": "uiControl1",
          "display": {
            "type": "card",
            "adapterId": "card",
            "class": "xg_body",
            "adapter": {
              "templateType": ""
            }
          },
          "layout": [
            {
              "id": "uiControl1body",
              "display": {
                "type": "cardBody",
                "adapterId": "cardBody",
                "adapter": {
                  "templateType": ""
                }
              },
              "layout": [
                {
                  "id": "uiControl2",
                  "display": {
                    "type": "card",
                    "adapterId": "card",
                    "class": "search-select",
                    "adapter": {
                      "templateType": ""
                    }
                  },
                  "layout": [
                    {
                      "id": "uiControl2body",
                      "display": {
                        "type": "cardBody",
                        "adapterId": "cardBody",
                        "adapter": {
                          "templateType": ""
                        }
                      },
                      "layout": [
                        {
                          "id": "uiControl19",
                          "controlId": "control32",
                          "display": {
                            "adapterId": "custom",
                            "type": "custom",
                            "adapter": {
                              "templateType": "react",
                              "events": {
                                "onDoAction": "doAction_uiControl19",
                                "onGetTemplate": "getTemplate_uiControl19"
                              }
                            }
                          }
                        },
                        {
                          "id": "uiControl5",
                          "controlId": "control22",
                          "display": {
                            "adapterId": "textbox",
                            "type": "textbox",
                            "adapter": {
                              "templateType": ""
                            }
                          }
                        },
                        {
                          "id": "uiControl6",
                          "controlId": "control23",
                          "display": {
                            "adapterId": "clickable",
                            "type": "button",
                            "adapter": {
                              "templateType": ""
                            }
                          }
                        },
                        {
                          "id": "uiControl7",
                          "controlId": "control24",
                          "display": {
                            "adapterId": "clickable",
                            "type": "button",
                            "adapter": {
                              "templateType": ""
                            }
                          }
                        }
                      ]
                    }
                  ]
                },
                {
                  "id": "uiControl8",
                  "display": {
                    "type": "card",
                    "adapterId": "card",
                    "class": "select-list",
                    "adapter": {
                      "templateType": ""
                    }
                  },
                  "layout": [
                    {
                      "id": "uiControl8body",
                      "display": {
                        "type": "cardBody",
                        "adapterId": "cardBody",
                        "adapter": {
                          "templateType": ""
                        }
                      },
                      "layout": [
                        {
                          "id": "uiControl9",
                          "controlId": "control25",
                          "display": {
                            "adapterId": "custom",
                            "type": "custom",
                            "adapter": {
                              "templateType": "react",
                              "events": {
                                "onDoAction": "doAction_uiControl9",
                                "onGetTemplate": "getTemplate_uiControl9"
                              }
                            }
                          }
                        }
                      ]
                    }
                  ]
                },
                {
                  "id": "uiControl10",
                  "display": {
                    "type": "card",
                    "adapterId": "card",
                    "class": "page",
                    "adapter": {
                      "templateType": ""
                    }
                  },
                  "layout": [
                    {
                      "id": "uiControl10body",
                      "display": {
                        "type": "cardBody",
                        "adapterId": "cardBody",
                        "adapter": {
                          "templateType": ""
                        }
                      },
                      "layout": [
                        {
                          "id": "uiControl11",
                          "controlId": "control26",
                          "display": {
                            "adapterId": "custom",
                            "type": "custom",
                            "adapter": {
                              "templateType": "react",
                              "events": {
                                "onDoAction": "doAction_uiControl11",
                                "onGetTemplate": "getTemplate_uiControl11"
                              }
                            }
                          }
                        }
                      ]
                    }
                  ]
                },
                {
                  "id": "uiControl12",
                  "display": {
                    "type": "card",
                    "adapterId": "card",
                    "class": "xg_four_btn",
                    "adapter": {
                      "templateType": ""
                    }
                  },
                  "layout": [
                    {
                      "id": "uiControl12body",
                      "display": {
                        "type": "cardBody",
                        "adapterId": "cardBody",
                        "adapter": {
                          "templateType": ""
                        }
                      },
                      "layout": [
                        {
                          "id": "uiControl13",
                          "controlId": "control27",
                          "display": {
                            "adapterId": "clickable",
                            "type": "button",
                            "adapter": {
                              "templateType": ""
                            }
                          }
                        },
                        {
                          "id": "uiControl14",
                          "controlId": "control28",
                          "display": {
                            "adapterId": "clickable",
                            "type": "button",
                            "adapter": {
                              "templateType": ""
                            }
                          }
                        },
                        {
                          "id": "uiControl15",
                          "controlId": "control29",
                          "display": {
                            "adapterId": "clickable",
                            "type": "button",
                            "adapter": {
                              "templateType": ""
                            }
                          }
                        },
                        {
                          "id": "uiControl16",
                          "controlId": "control30",
                          "display": {
                            "adapterId": "clickable",
                            "type": "button",
                            "adapter": {
                              "templateType": ""
                            }
                          }
                        }
                      ]
                    }
                  ]
                }
              ]
            }
          ]
        }
      ]
    }
  },
  "matchers": {
    "page/title": {
      "contexts": {
        "context3": [
          ""
        ]
      }
    },
    "page/urls": {
      "contexts": {
        "context3": [
          "42.247.16.108/xgxt/dtxxsqbase.do",
          "42.247.16.108/xgxt/dtxxjgbase.do",
          "42.247.16.108/xgxt/gyglnew_gybxgl_gybxgl_stu.do"
        ]
      }
    },
    "page/ids": {
      "contexts": {
        "context3": [
          [
            "a_id_more",
            "all",
            "arrange",
            "back",
            "bjV",
            "bj_hidv_qt_bj_-",
            "bj_mc_xs_B",
            "bj_num",
            "bj_py_num",
            "bj_py_xs_",
            "bj_ul",
            "btn_setXsxx",
            "dataTable",
            "doType",
            "editPageSize",
            "fashion",
            "first",
            "gjcx_div",
            "gotoPath",
            "gyglyQx",
            "input_mhcx",
            "input_mhcx_msg",
            "isBzr",
            "isFdy",
            "lable_confirm_cx",
            "lable_confirm_sc",
            "lable_confirm_tj",
            "lable_dqwkfsq",
            "lable_jcszwcsh",
            "lable_one_cx",
            "lable_one_lcgz",
            "lable_one_tj",
            "lable_one_xg",
            "lable_shz_cx",
            "lable_some_sc",
            "lable_some_tj",
            "lable_wjt_sc",
            "lable_wjt_yth_sc",
            "lable_wjt_yth_tj",
            "lable_wjt_yth_xg",
            "lable_wxglcxx",
            "last",
            "ldg_lockmask",
            "maskLevel",
            "message",
            "mhcx_lx",
            "mhcx_lxHid",
            "mhcx_xh",
            "mhcx_xm",
            "mklx",
            "next",
            "njV",
            "nj_ul",
            "numList",
            "options",
            "pageCount",
            "pageNum",
            "pager",
            "path",
            "pk",
            "pkValue",
            "plcx_xh",
            "plcx_xm",
            "realTable",
            "rowConut",
            "ryfw",
            "searchPath",
            "searchTjDiv",
            "searchType",
            "search_go",
            "tableName",
            "text",
            "tj_nj_",
            "tj_xb_女",
            "tj_xb_男",
            "ts_msg",
            "tsxx_span",
            "userDep",
            "userName",
            "userStatus",
            "userType",
            "xhV",
            "xmV",
            "xxdm",
            "xyV",
            "xy_hidv_yc_",
            "xy_mc_xs_",
            "xy_mc_yc_",
            "xy_more",
            "xy_num",
            "xy_py_num",
            "xy_py_xs_",
            "xy_ul",
            "xzxsKey",
            "yhlx",
            "ym-bl",
            "ym-btnl",
            "ym-ml",
            "ym-tl",
            "ym-window",
            "yxtj_div",
            "yxtj_dl",
            "yxzxss",
            "zyV",
            "zy_hidv_qt_zy_-",
            "zy_mc_xs_B",
            "zy_num",
            "zy_py_num",
            "zy_py_xs_",
            "zy_ul"
          ],
          [
            "buttonClose",
            "buttonSave",
            "grxj",
            "jddm",
            "xh"
          ],
          []
        ]
      }
    },
    "page/classes": {
      "contexts": {
        "context3": [
          [
            " ui_",
            "Sort_up",
            "_b",
            "_t",
            "_type hover",
            "adv_filter",
            "btn_",
            "btn_cx",
            "btn_cz",
            "dateline",
            "datetitle_",
            "down",
            "e",
            "earch_advanced",
            "elected-attr",
            "fir",
            "formbox",
            "hide",
            "la",
            "more--item_bottom",
            "moreValue_click",
            "more_down",
            "next pointer",
            "nowrap",
            "option",
            "pageleft",
            "pagenum",
            "pageright",
            "pagination",
            "paging",
            "prev pointer",
            "prompcon",
            "prop-item",
            "red",
            "t pointer",
            "tate_focu",
            "tate_lock",
            "tate_tip",
            "toolbox",
            "ui_b",
            "ui_border ui_",
            "ui_button",
            "ui_c",
            "ui_clo",
            "ui_content",
            "ui_dialog",
            "ui_icon",
            "ui_icon_bg",
            "ui_inner",
            "ui_l",
            "ui_lb",
            "ui_lt",
            "ui_main",
            "ui_max",
            "ui_max_b",
            "ui_min",
            "ui_min_b",
            "ui_r",
            "ui_rb",
            "ui_re",
            "ui_rt",
            "ui_t",
            "ui_title",
            "ui_title_bar",
            "ui_title_button",
            "ym-bc",
            "ym-bl",
            "ym-body",
            "ym-br",
            "ym-btn",
            "ym-header-text",
            "ym-header-tool",
            "ym-mc",
            "ym-ml",
            "ym-mr",
            "ym-tc",
            "ym-tl",
            "ym-tr",
            "ymPrompt_clo",
            "ymPrompt_max",
            "ymPrompt_min"
          ],
          [
            " ui_",
            "Sort_up",
            "_b",
            "_t",
            "_type",
            "adv_filter",
            "btn_",
            "btn_cx",
            "btn_cz",
            "dateline",
            "datetitle_",
            "down",
            "e",
            "earch_advanced",
            "elected-attr",
            "fir",
            "formbox",
            "hide",
            "la",
            "more--item_bottom",
            "moreValue_click",
            "more_down",
            "next pointer",
            "nowrap",
            "option",
            "pageleft",
            "pagenum",
            "pageright",
            "pagination",
            "paging",
            "prev pointer",
            "prompcon",
            "prop-item",
            "red",
            "t pointer",
            "tate_focu",
            "tate_lock",
            "tate_tip",
            "toolbox",
            "ui_b",
            "ui_border ui_",
            "ui_button",
            "ui_c",
            "ui_clo",
            "ui_content",
            "ui_dialog",
            "ui_icon",
            "ui_icon_bg",
            "ui_inner",
            "ui_l",
            "ui_lb",
            "ui_lt",
            "ui_main",
            "ui_max",
            "ui_max_b",
            "ui_min",
            "ui_min_b",
            "ui_r",
            "ui_rb",
            "ui_re",
            "ui_rt",
            "ui_t",
            "ui_title",
            "ui_title_bar",
            "ui_title_button",
            "ym-bc",
            "ym-bl",
            "ym-body",
            "ym-br",
            "ym-btn",
            "ym-header-text",
            "ym-header-tool",
            "ym-mc",
            "ym-ml",
            "ym-mr",
            "ym-tc",
            "ym-tl",
            "ym-tr",
            "ymPrompt_clo",
            "ymPrompt_max",
            "ymPrompt_min"
          ],
          [
            "btn",
            "btn_",
            "bz",
            "formli",
            "red",
            "t"
          ],
          [
            "datetitle_"
          ],
          [
            "Sort_up",
            "btn_",
            "nowrap"
          ],
          [
            "Sort_up",
            "nowrap"
          ]
        ],
        "context2": [
          [
            "btn",
            "btn_",
            "bz",
            "formli",
            "red",
            "t"
          ],
          [
            " ui_",
            "Sort_up",
            "_b",
            "_t",
            "_type",
            "adv_filter",
            "btn_",
            "btn_c",
            "btn_cx",
            "btn_cz",
            "btn_dc",
            "btn_xg",
            "btn_zj",
            "buttonbox",
            "c",
            "dateline",
            "datetitle_",
            "down",
            "e",
            "earch_advanced",
            "elected-attr",
            "fir",
            "hide",
            "huc",
            "ible ui_",
            "la",
            "location",
            "more--item_bottom",
            "moreValue_click",
            "more_down",
            "next pointer",
            "nowrap",
            "option",
            "pageleft",
            "pagenum",
            "pageright",
            "pagination",
            "paging",
            "prev pointer",
            "prompcon",
            "prop-item",
            "r",
            "red",
            "t pointer",
            "tab_cur",
            "tate_full",
            "tate_lock",
            "tate_tip",
            "tate_vi",
            "toolbox",
            "ui_b",
            "ui_border",
            "ui_border ui_",
            "ui_button",
            "ui_c",
            "ui_clo",
            "ui_content",
            "ui_content ui_",
            "ui_dialog",
            "ui_icon",
            "ui_icon_bg",
            "ui_inner",
            "ui_l",
            "ui_lb",
            "ui_loading",
            "ui_lt",
            "ui_main",
            "ui_max",
            "ui_max_b",
            "ui_min",
            "ui_min_b",
            "ui_r",
            "ui_rb",
            "ui_re",
            "ui_rt",
            "ui_t",
            "ui_title",
            "ui_title_bar",
            "ui_title_button",
            "ym-bc",
            "ym-bl",
            "ym-body",
            "ym-br",
            "ym-btn",
            "ym-header-text",
            "ym-header-tool",
            "ym-mc",
            "ym-ml",
            "ym-mr",
            "ym-tc",
            "ym-tl",
            "ym-tr",
            "ymPrompt_clo",
            "ymPrompt_max",
            "ymPrompt_min"
          ],
          [
            " ui_",
            "Sort_up",
            "_b",
            "_t",
            "_type hover",
            "adv_filter",
            "btn_",
            "btn_c",
            "btn_cx",
            "btn_cz",
            "btn_dc",
            "btn_xg",
            "btn_zj",
            "buttonbox",
            "c",
            "dateline",
            "datetitle_",
            "down",
            "e",
            "earch_advanced",
            "elected-attr",
            "fir",
            "hide",
            "huc",
            "ible ui_",
            "la",
            "location",
            "more--item_bottom",
            "moreValue_click",
            "more_down",
            "next pointer",
            "nowrap",
            "option",
            "pageleft",
            "pagenum",
            "pageright",
            "pagination",
            "paging",
            "prev pointer",
            "prompcon",
            "prop-item",
            "r",
            "red",
            "t pointer",
            "tab_cur",
            "tate_full",
            "tate_lock",
            "tate_tip",
            "tate_vi",
            "toolbox",
            "ui_b",
            "ui_border",
            "ui_border ui_",
            "ui_button",
            "ui_c",
            "ui_clo",
            "ui_content",
            "ui_content ui_",
            "ui_dialog",
            "ui_icon",
            "ui_icon_bg",
            "ui_inner",
            "ui_l",
            "ui_lb",
            "ui_loading",
            "ui_lt",
            "ui_main",
            "ui_max",
            "ui_max_b",
            "ui_min",
            "ui_min_b",
            "ui_r",
            "ui_rb",
            "ui_re",
            "ui_rt",
            "ui_t",
            "ui_title",
            "ui_title_bar",
            "ui_title_button",
            "ym-bc",
            "ym-bl",
            "ym-body",
            "ym-br",
            "ym-btn",
            "ym-header-text",
            "ym-header-tool",
            "ym-mc",
            "ym-ml",
            "ym-mr",
            "ym-tc",
            "ym-tl",
            "ym-tr",
            "ymPrompt_clo",
            "ymPrompt_max",
            "ymPrompt_min"
          ]
        ]
      }
    },
    "page/tagTriplets": {
      "contexts": {
        "context3": [
          [
            "-/-/DIV",
            "-/-/FORM",
            "-/-/INPUT-hidden",
            "-/DIV/DIV",
            "-/DIV/H3",
            "-/DIV/TABLE",
            "-/FORM/BUTTON",
            "-/FORM/DIV",
            "-/FORM/INPUT-hidden",
            "DD/UL/INPUT-hidden",
            "DD/UL/LI",
            "DIV/A/B",
            "DIV/DIV/A",
            "DIV/DIV/DIV",
            "DIV/DIV/DL",
            "DIV/DIV/H3",
            "DIV/DIV/INPUT-hidden",
            "DIV/DIV/P",
            "DIV/DIV/STRONG",
            "DIV/DIV/TABLE",
            "DIV/DL/DD",
            "DIV/DL/DT",
            "DIV/H3/SPAN",
            "DIV/P/A",
            "DIV/P/INPUT-text",
            "DIV/P/SELECT",
            "DIV/P/SPAN",
            "DIV/TABLE/TBODY",
            "DIV/TABLE/THEAD",
            "DL/DD/A",
            "DL/DD/DIV",
            "DL/DD/UL",
            "DL/DT/B",
            "DL/DT/INPUT-hidden",
            "DL/DT/INPUT-text",
            "FORM/DIV/DIV",
            "FORM/DIV/SCRIPT",
            "LI/H5/IMG",
            "P/SELECT/OPTION",
            "TABLE/TBODY/TR",
            "TABLE/THEAD/TR",
            "TBODY/TR/TD",
            "TD/DIV/DIV",
            "TD/DIV/DL",
            "TD/DIV/TABLE",
            "THEAD/TR/TH",
            "TR/TD/BR",
            "TR/TD/BUTTON",
            "TR/TD/DIV",
            "TR/TD/IMG",
            "TR/TD/INPUT-hidden",
            "TR/TD/INPUT-text",
            "TR/TD/LABEL",
            "TR/TD/SPAN",
            "TR/TH/A",
            "UL/LI/A",
            "UL/LI/H5",
            "UL/LI/INPUT-hidden"
          ],
          [
            "-/-/DIV",
            "-/-/FORM",
            "-/-/INPUT-hidden",
            "-/DIV/DIV",
            "-/DIV/H3",
            "-/DIV/TABLE",
            "-/FORM/BUTTON",
            "-/FORM/DIV",
            "-/FORM/INPUT-hidden",
            "DD/UL/INPUT-hidden",
            "DD/UL/LI",
            "DIV/A/B",
            "DIV/DIV/A",
            "DIV/DIV/DIV",
            "DIV/DIV/DL",
            "DIV/DIV/H3",
            "DIV/DIV/INPUT-hidden",
            "DIV/DIV/P",
            "DIV/DIV/STRONG",
            "DIV/DIV/TABLE",
            "DIV/DL/DD",
            "DIV/DL/DT",
            "DIV/H3/SPAN",
            "DIV/P/A",
            "DIV/P/FONT",
            "DIV/P/INPUT-text",
            "DIV/P/SELECT",
            "DIV/P/SPAN",
            "DIV/TABLE/TBODY",
            "DIV/TABLE/THEAD",
            "DL/DD/A",
            "DL/DD/DIV",
            "DL/DD/UL",
            "DL/DT/B",
            "DL/DT/INPUT-hidden",
            "DL/DT/INPUT-text",
            "FORM/DIV/DIV",
            "FORM/DIV/SCRIPT",
            "LI/H5/IMG",
            "P/SELECT/OPTION",
            "TABLE/TBODY/TR",
            "TABLE/THEAD/TR",
            "TBODY/TR/TD",
            "TD/DIV/DIV",
            "TD/DIV/DL",
            "TD/DIV/TABLE",
            "THEAD/TR/TH",
            "TR/TD/BR",
            "TR/TD/BUTTON",
            "TR/TD/DIV",
            "TR/TD/IMG",
            "TR/TD/INPUT-hidden",
            "TR/TD/INPUT-text",
            "TR/TD/LABEL",
            "TR/TD/SPAN",
            "TR/TH/A",
            "UL/LI/A",
            "UL/LI/H5",
            "UL/LI/INPUT-hidden"
          ],
          [
            "-/-/DIV",
            "-/-/INPUT-text",
            "-/DIV/TABLE",
            "DIV/TABLE/TBODY",
            "DIV/TABLE/TFOOT",
            "DIV/TABLE/THEAD",
            "TABLE/TBODY/TR",
            "TABLE/TFOOT/TR",
            "TABLE/THEAD/TR",
            "TBODY/TR/TD",
            "TBODY/TR/TH",
            "TD/DIV/BUTTON",
            "TD/DIV/SPAN",
            "TFOOT/TR/TD",
            "THEAD/TR/TH",
            "TR/TD/BUTTON",
            "TR/TD/DIV",
            "TR/TD/INPUT-text",
            "TR/TD/SCRIPT",
            "TR/TD/SELECT",
            "TR/TD/TEXTAREA",
            "TR/TH/BR",
            "TR/TH/FONT",
            "TR/TH/SPAN"
          ],
          [
            "-/-/H3",
            "-/H3/SPAN"
          ],
          [
            "-/-/TBODY",
            "-/-/THEAD",
            "-/TBODY/TR",
            "-/THEAD/TR",
            "TBODY/TR/TD",
            "THEAD/TR/TH",
            "TR/TD/LABEL",
            "TR/TH/A"
          ],
          [
            "-/-/TR",
            "-/TR/TH",
            "TR/TH/A"
          ]
        ]
      }
    }
  }
}