{
  "version": "0.1",
  "id": "q_party_result_processEdit",
  "targetURL": "http://42.247.16.108/xgxt/dtxxjgbase.do",
  "jsFile": "../../lib/base.js,../../lib/customTemplate.js,index.js",
  "cssFile": "../../lib/base.css,index.css",
  "requires": {},
  "chineseName": "党团建设-党团信息结果-增加党团信息-流程图编辑",
  "controls": {
    "control0": {
      "location": {
        "data": {
          "tagName": "TH"
        },
        "locators": [
          {
            "id": "button/text",
            "prob": 3,
            "value": {
              "text": [
                "申请阶段名称"
              ],
              "visText": [
                "申请阶段名称"
              ]
            }
          },
          {
            "id": "text",
            "prob": 3,
            "value": {
              "text": [
                "申请阶段名称"
              ],
              "visText": [
                "申请阶段名称"
              ]
            }
          },
          {
            "id": "@class/word",
            "prob": 1,
            "ordinal": [
              0,
              16
            ],
            "value": "TABLE.formlist TBODY TR TH"
          },
          {
            "id": "path/ordinal",
            "prob": 1,
            "value": "/HTML[1]/BODY[1]/FORM[1]/DIV[1]/TABLE[1]/TBODY[1]/TR[1]/TH[1]"
          },
          {
            "id": "elderLevel",
            "value": {
              "level": 0
            }
          },
          {
            "id": "shield",
            "value": {
              "zIndex": "auto",
              "width": 119,
              "height": 28
            }
          }
        ]
      },
      "intendedRole": "fragment",
      "roles": "element,fragment",
      "monitored": false,
      "frameXPath": "//iframe[@name='childDialog']<<IFRAME>>"
    },
    "control1": {
      "location": {
        "data": {
          "tagName": "TD"
        },
        "locators": [
          {
            "id": "button/text",
            "prob": 3,
            "value": {
              "text": [
                "入团申请"
              ],
              "visText": [
                "入团申请"
              ]
            }
          },
          {
            "id": "text",
            "prob": 3,
            "value": {
              "text": [
                "入团申请"
              ],
              "visText": [
                "入团申请"
              ]
            }
          },
          {
            "id": "@class/word",
            "prob": 1,
            "ordinal": [
              0,
              17
            ],
            "value": "TABLE.formlist TBODY TR TD"
          },
          {
            "id": "path/ordinal",
            "prob": 1,
            "value": "/HTML[1]/BODY[1]/FORM[1]/DIV[1]/TABLE[1]/TBODY[1]/TR[1]/TD[1]"
          },
          {
            "id": "shield",
            "value": {
              "zIndex": "auto",
              "width": 480,
              "height": 28
            }
          }
        ]
      },
      "intendedRole": "fragment",
      "roles": "element,fragment",
      "monitored": false,
      "frameXPath": "//iframe[@name='childDialog']<<IFRAME>>"
    },
    "control2": {
      "location": {
        "data": {
          "tagName": "TH"
        },
        "locators": [
          {
            "id": "button/text",
            "prob": 3,
            "value": {
              "text": [
                "开始时间"
              ],
              "visText": [
                "开始时间"
              ]
            }
          },
          {
            "id": "text",
            "prob": 3,
            "value": {
              "text": [
                "开始时间"
              ],
              "visText": [
                "开始时间"
              ]
            }
          },
          {
            "id": "@class/word",
            "prob": 1,
            "ordinal": [
              1,
              16
            ],
            "value": "TABLE.formlist TBODY TR TH"
          },
          {
            "id": "path/ordinal",
            "prob": 1,
            "value": "/HTML[1]/BODY[1]/FORM[1]/DIV[1]/TABLE[1]/TBODY[1]/TR[2]/TH[1]"
          },
          {
            "id": "elderLevel",
            "value": {
              "level": 0
            }
          },
          {
            "id": "shield",
            "value": {
              "zIndex": "auto",
              "width": 119,
              "height": 34
            }
          }
        ]
      },
      "intendedRole": "fragment",
      "roles": "element,fragment",
      "monitored": false,
      "frameXPath": "//iframe[@name='childDialog']<<IFRAME>>"
    },
    "control3": {
      "location": {
        "data": {
          "tagName": "INPUT"
        },
        "locators": [
          {
            "id": "input/@value",
            "prob": 1,
            "value": {
              "text": [
                "2016-10-13"
              ]
            }
          },
          {
            "id": "input/button/@value",
            "prob": 3,
            "value": {
              "text": [
                "2016-10-13"
              ]
            }
          },
          {
            "id": "@id/word",
            "prob": 3,
            "value": [
              "descendant::FORM[@id=\"form\"]//INPUT[@id=\"kssj\"]",
              "descendant::INPUT[@id=\"kssj\"]"
            ]
          },
          {
            "id": "path/ordinal",
            "prob": 1,
            "value": "/HTML[1]/BODY[1]/FORM[1]/DIV[1]/TABLE[1]/TBODY[1]/TR[2]/TD[1]/INPUT[1]"
          },
          {
            "id": "input/type",
            "verifyEnabled": true,
            "value": "text"
          },
          {
            "id": "elderLevel",
            "value": {
              "level": 0
            }
          },
          {
            "id": "shield",
            "value": {
              "zIndex": "auto",
              "width": 173,
              "height": 21
            }
          }
        ]
      },
      "intendedRole": "datepicker",
      "roles": "element,datepicker,textbox",
      "monitored": true,
      "frameXPath": "//iframe[@name='childDialog']<<IFRAME>>"
    },
    "control5": {
      "location": {
        "data": {
          "tagName": "TEXTAREA"
        },
        "locators": [
          {
            "id": "button/text",
            "prob": 3,
            "value": {
              "text": [
                "云适配测试"
              ],
              "visText": [
                ""
              ]
            }
          },
          {
            "id": "text",
            "prob": 3,
            "value": {
              "text": [
                "云适配测试"
              ],
              "visText": [
                ""
              ]
            }
          },
          {
            "id": "elem/@name",
            "prob": 2,
            "value": [
              "descendant::form[@name=\"dtxxjgForm\"]//TEXTAREA[@name=\"grxj\"]",
              "descendant::TEXTAREA[@name=\"grxj\"]"
            ]
          },
          {
            "id": "@id/word",
            "prob": 3,
            "value": [
              "descendant::FORM[@id=\"form\"]//TEXTAREA[@id=\"grxj\"]",
              "descendant::TEXTAREA[@id=\"grxj\"]"
            ]
          },
          {
            "id": "@class/word",
            "prob": 1,
            "ordinal": [
              0,
              2
            ],
            "value": "TABLE.formlist TBODY TR TD TEXTAREA"
          },
          {
            "id": "path/ordinal",
            "prob": 1,
            "value": "/HTML[1]/BODY[1]/FORM[1]/DIV[1]/TABLE[1]/TBODY[1]/TR[3]/TD[1]/TEXTAREA[1]"
          },
          {
            "id": "input/type",
            "verifyEnabled": true,
            "value": "textarea"
          },
          {
            "id": "elderLevel",
            "value": {
              "level": 0
            }
          },
          {
            "id": "shield",
            "value": {
              "zIndex": "auto",
              "width": 378,
              "height": 86
            }
          }
        ]
      },
      "intendedRole": "textbox",
      "roles": "element,textbox",
      "monitored": true,
      "frameXPath": "//iframe[@name='childDialog']<<IFRAME>>"
    },
    "control6": {
      "location": {
        "data": {
          "tagName": "BUTTON"
        },
        "locators": [
          {
            "id": "button/text",
            "prob": 3,
            "value": {
              "text": [
                "保 存"
              ],
              "visText": [
                "保 存"
              ]
            }
          },
          {
            "id": "text",
            "prob": 3,
            "value": {
              "text": [
                "保 存"
              ],
              "visText": [
                "保 存"
              ]
            }
          },
          {
            "id": "@id/word",
            "prob": 3,
            "value": [
              "descendant::FORM[@id=\"form\"]//BUTTON[@id=\"buttonSave\"]",
              "descendant::BUTTON[@id=\"buttonSave\"]"
            ]
          },
          {
            "id": "@class/word",
            "prob": 1,
            "ordinal": [
              0,
              6
            ],
            "value": "TABLE.formlist DIV.btn BUTTON"
          },
          {
            "id": "path/ordinal",
            "prob": 1,
            "value": "/HTML[1]/BODY[1]/FORM[1]/DIV[1]/TABLE[1]/TFOOT[1]/TR[1]/TD[1]/DIV[1]/BUTTON[1]"
          },
          {
            "id": "input/type",
            "verifyEnabled": true,
            "value": "button"
          },
          {
            "id": "elderLevel",
            "value": {
              "level": 0
            }
          },
          {
            "id": "shield",
            "value": {
              "zIndex": "auto",
              "width": 52.609375,
              "height": 19
            }
          }
        ]
      },
      "intendedRole": "button",
      "roles": "element,button",
      "monitored": false,
      "frameXPath": "//iframe[@name='childDialog']<<IFRAME>>"
    },
    "control7": {
      "location": {
        "data": {
          "tagName": "BUTTON"
        },
        "locators": [
          {
            "id": "button/text",
            "prob": 3,
            "value": {
              "text": [
                "关 闭"
              ],
              "visText": [
                "关 闭"
              ]
            }
          },
          {
            "id": "text",
            "prob": 3,
            "value": {
              "text": [
                "关 闭"
              ],
              "visText": [
                "关 闭"
              ]
            }
          },
          {
            "id": "@id/word",
            "prob": 3,
            "value": [
              "descendant::FORM[@id=\"form\"]//BUTTON[@id=\"buttonClose\"]",
              "descendant::BUTTON[@id=\"buttonClose\"]"
            ]
          },
          {
            "id": "@class/word",
            "prob": 1,
            "ordinal": [
              1,
              6
            ],
            "value": "TABLE.formlist DIV.btn BUTTON"
          },
          {
            "id": "path/ordinal",
            "prob": 1,
            "value": "/HTML[1]/BODY[1]/FORM[1]/DIV[1]/TABLE[1]/TFOOT[1]/TR[1]/TD[1]/DIV[1]/BUTTON[2]"
          },
          {
            "id": "input/type",
            "verifyEnabled": true,
            "value": "button"
          },
          {
            "id": "elderLevel",
            "value": {
              "level": 0
            }
          },
          {
            "id": "shield",
            "value": {
              "zIndex": "auto",
              "width": 52.609375,
              "height": 19
            }
          }
        ]
      },
      "intendedRole": "button",
      "roles": "element,button",
      "monitored": false,
      "frameXPath": "//iframe[@name='childDialog']<<IFRAME>>"
    },
    "control8": {
      "location": {
        "data": {
          "tagName": "BUTTON"
        },
        "locators": [
          {
            "id": "button/text",
            "prob": 3,
            "value": {
              "text": [
                "关 闭"
              ],
              "visText": [
                "关 闭"
              ]
            }
          },
          {
            "id": "text",
            "prob": 3,
            "value": {
              "text": [
                "关 闭"
              ],
              "visText": [
                "关 闭"
              ]
            }
          },
          {
            "id": "@id/word",
            "prob": 3,
            "value": [
              "descendant::FORM[@id=\"form\"]//BUTTON[@id=\"buttonClose\"]",
              "descendant::BUTTON[@id=\"buttonClose\"]"
            ]
          },
          {
            "id": "@class/word",
            "prob": 1,
            "ordinal": [
              1,
              6
            ],
            "value": "TABLE.formlist DIV.btn BUTTON"
          },
          {
            "id": "path/ordinal",
            "prob": 1,
            "value": "/HTML[1]/BODY[1]/FORM[1]/DIV[1]/TABLE[1]/TFOOT[1]/TR[1]/TD[1]/DIV[1]/BUTTON[2]"
          },
          {
            "id": "input/type",
            "verifyEnabled": true,
            "value": "button"
          },
          {
            "id": "elderLevel",
            "value": {
              "level": 0
            }
          },
          {
            "id": "shield",
            "value": {
              "zIndex": "auto",
              "width": 52.609375,
              "height": 19
            }
          }
        ]
      },
      "intendedRole": "button",
      "roles": "element,button",
      "monitored": false,
      "frameXPath": "//iframe[@name='childDialog']<<IFRAME>>"
    },
    "control9": {
      "location": {
        "data": {
          "tagName": "TBODY"
        },
        "locators": [
          {
            "id": "button/text",
            "prob": 3,
            "value": {
              "text": [
                "申请阶段名称 入团申请 开始时间 个人小结 (限2000字)"
              ],
              "visText": [
                "申请阶段名称 入团申请 开始时间 个人小结 (限2000字)"
              ]
            }
          },
          {
            "id": "text",
            "prob": 3,
            "value": {
              "text": [
                "申请阶段名称 入团申请 开始时间 个人小结 (限2000字)"
              ],
              "visText": [
                "申请阶段名称 入团申请 开始时间 个人小结 (限2000字)"
              ]
            }
          },
          {
            "id": "@id/word",
            "prob": 2,
            "value": [
              "descendant::FORM[@id=\"form\"]/DIV[1]/TABLE[1]/TBODY[1]",
              "descendant::FORM[@id=\"form\"]//TBODY"
            ]
          },
          {
            "id": "@class/word",
            "prob": 1,
            "ordinal": [
              0,
              4
            ],
            "value": "TABLE.formlist TBODY"
          },
          {
            "id": "path/ordinal",
            "prob": 1,
            "value": "/HTML[1]/BODY[1]/FORM[1]/DIV[1]/TABLE[1]/TBODY[1]"
          },
          {
            "id": "shield",
            "value": {
              "zIndex": "auto",
              "width": 599,
              "height": 161
            }
          }
        ]
      },
      "events": {
        "onGetData": "getData_control9"
      },
      "intendedRole": "custom",
      "roles": "element,custom",
      "monitored": false,
      "frameXPath": "//iframe[@name='childDialog']<<IFRAME>>"
    }
  },
  "contexts": {
    "context3": {
      "controls": [
        "control0",
        "control1",
        "control2",
        "control3",
        "control5",
        "control6",
        "control7",
        "control8",
        "control9"
      ],
      "anchors": []
    }
  },
  "flows": {
    "flow0": {
      "toContexts": [
        {
          "toContextId": "context3"
        }
      ]
    },
    "flow114": {
      "fromContextId": "context3",
      "fromAction": "click",
      "fromControlId": "control8",
      "toContexts": [
        {
          "toContextId": "context3"
        }
      ]
    }
  },
  "pages": {
    "page3": {
      "contextId": "context3",
      "layout": [
        {
          "id": "uiControl1",
          "display": {
            "class": "navbar navbar-primary xg_header",
            "title": "编辑",
            "type": "header",
            "adapterId": "header",
            "adapter": {
              "templateType": ""
            }
          },
          "layout": []
        },
        {
          "id": "uiControl31",
          "controlId": "control8",
          "display": {
            "adapterId": "clickable",
            "type": "button",
            "text": "返回",
            "class": "xg_back",
            "adapter": {
              "templateType": ""
            }
          }
        },
        {
          "id": "uiControl2",
          "display": {
            "type": "card",
            "adapterId": "card",
            "class": "xg_body",
            "adapter": {
              "templateType": ""
            }
          },
          "layout": [
            {
              "id": "uiControl2body",
              "display": {
                "type": "cardBody",
                "adapterId": "cardBody",
                "adapter": {
                  "templateType": ""
                }
              },
              "layout": [
                {
                  "id": "uiControl28",
                  "display": {
                    "type": "card",
                    "adapterId": "card",
                    "class": "edit-info",
                    "adapter": {
                      "templateType": ""
                    }
                  },
                  "layout": [
                    {
                      "id": "uiControl28body",
                      "display": {
                        "type": "cardBody",
                        "adapterId": "cardBody",
                        "adapter": {
                          "templateType": ""
                        }
                      },
                      "layout": [
                        {
                          "id": "uiControl11",
                          "controlId": "control0",
                          "display": {
                            "adapterId": "fragment",
                            "type": "fragment",
                            "class": "title-hd",
                            "adapter": {
                              "templateType": ""
                            }
                          }
                        },
                        {
                          "id": "uiControl18",
                          "controlId": "control1",
                          "display": {
                            "adapterId": "fragment",
                            "type": "fragment",
                            "class": "title-bd",
                            "adapter": {
                              "templateType": ""
                            }
                          }
                        },
                        {
                          "id": "uiControl19",
                          "controlId": "control2",
                          "display": {
                            "adapterId": "fragment",
                            "type": "fragment",
                            "class": "date-hd",
                            "adapter": {
                              "templateType": ""
                            }
                          }
                        },
                        {
                          "id": "uiControl20",
                          "controlId": "control3",
                          "display": {
                            "adapterId": "datepicker",
                            "type": "datepicker",
                            "class": "",
                            "adapter": {
                              "templateType": ""
                            }
                          }
                        },
                        {
                          "id": "uiControl0",
                          "controlId": "control9",
                          "display": {
                            "adapterId": "custom",
                            "type": "custom",
                            "adapter": {
                              "templateType": "react",
                              "events": {
                                "onDoAction": "doAction_uiControl0",
                                "onGetTemplate": "getTemplate_uiControl0"
                              }
                            }
                          }
                        },
                        {
                          "id": "uiControl22",
                          "controlId": "control5",
                          "display": {
                            "adapterId": "textbox",
                            "type": "textbox",
                            "class": "textarea-bd",
                            "adapter": {
                              "templateType": ""
                            }
                          }
                        }
                      ]
                    }
                  ]
                },
                {
                  "id": "uiControl26",
                  "display": {
                    "type": "card",
                    "adapterId": "card",
                    "class": "xg_three_btn",
                    "adapter": {
                      "templateType": ""
                    }
                  },
                  "layout": [
                    {
                      "id": "uiControl26body",
                      "display": {
                        "type": "cardBody",
                        "adapterId": "cardBody",
                        "adapter": {
                          "templateType": ""
                        }
                      },
                      "layout": [
                        {
                          "id": "uiControl29",
                          "controlId": "control6",
                          "display": {
                            "adapterId": "clickable",
                            "type": "button",
                            "adapter": {
                              "templateType": ""
                            }
                          }
                        },
                        {
                          "id": "uiControl30",
                          "controlId": "control7",
                          "display": {
                            "adapterId": "clickable",
                            "type": "button",
                            "adapter": {
                              "templateType": ""
                            }
                          }
                        }
                      ]
                    }
                  ]
                }
              ]
            }
          ]
        }
      ]
    }
  },
  "matchers": {
    "page/title": {
      "contexts": {
        "context3": [
          ""
        ]
      }
    },
    "page/urls": {
      "contexts": {
        "context3": [
          "42.247.16.108/xgxt/dtxxjgbase.do"
        ]
      }
    },
    "page/ids": {
      "contexts": {
        "context3": [
          [
            "buttonClose",
            "buttonSave",
            "grxj",
            "jdmc",
            "kssj"
          ],
          [
            "buttonClose",
            "buttonSave",
            "jdmc",
            "kssj"
          ],
          [
            "grxj",
            "jdmc",
            "kssj"
          ],
          [
            "jdmc",
            "kssj"
          ],
          [
            "jdmc"
          ]
        ]
      }
    },
    "page/classes": {
      "contexts": {
        "context3": [
          [
            "btn"
          ],
          []
        ],
        "context2": [
          [
            "Arrow",
            "Join_party",
            "Proce",
            "btn",
            "btn_",
            "bz",
            "clo",
            "dtxxglnewColorWZDX",
            "e",
            "formli",
            "i",
            "lc_bg",
            "prompt",
            "red",
            "t",
            "text"
          ],
          [
            " ui_",
            "Sort_up",
            "_b",
            "_t",
            "_type",
            "adv_filter",
            "btn_",
            "btn_cx",
            "btn_cz",
            "btn_dc",
            "btn_dr",
            "btn_xg",
            "btn_zj",
            "buttonbox",
            "c",
            "dateline",
            "datetitle_",
            "down",
            "e",
            "earch_advanced",
            "elected-attr",
            "fir",
            "hide",
            "ible ui_",
            "la",
            "location",
            "more--item_bottom",
            "moreValue_click",
            "more_down",
            "next pointer",
            "nowrap",
            "option",
            "pageleft",
            "pagenum",
            "pageright",
            "pagination",
            "paging",
            "prev pointer",
            "prompcon",
            "prop-item",
            "red",
            "t pointer",
            "tab_cur",
            "tate_focu",
            "tate_full",
            "tate_lock",
            "tate_lock ui_",
            "tate_tip",
            "tate_vi",
            "toolbox",
            "ui_b",
            "ui_border ui_",
            "ui_button",
            "ui_c",
            "ui_clo",
            "ui_content",
            "ui_content ui_",
            "ui_dialog",
            "ui_icon",
            "ui_icon_bg",
            "ui_inner",
            "ui_l",
            "ui_lb",
            "ui_loading",
            "ui_lt",
            "ui_main",
            "ui_max",
            "ui_max_b",
            "ui_min",
            "ui_min_b",
            "ui_r",
            "ui_rb",
            "ui_re",
            "ui_rt",
            "ui_t",
            "ui_title",
            "ui_title_bar",
            "ui_title_button",
            "x",
            "ym-bc",
            "ym-bl",
            "ym-body",
            "ym-br",
            "ym-btn",
            "ym-header-text",
            "ym-header-tool",
            "ym-mc",
            "ym-ml",
            "ym-mr",
            "ym-tc",
            "ym-tl",
            "ym-tr",
            "ymPrompt_clo",
            "ymPrompt_max",
            "ymPrompt_min"
          ],
          [
            " ui_",
            "Sort_up",
            "_b",
            "_t",
            "_type hover",
            "adv_filter",
            "btn_",
            "btn_cx",
            "btn_cz",
            "btn_dc",
            "btn_dr",
            "btn_xg",
            "btn_zj",
            "buttonbox",
            "c",
            "dateline",
            "datetitle_",
            "down",
            "e",
            "earch_advanced",
            "elected-attr",
            "fir",
            "hide",
            "ible ui_",
            "la",
            "location",
            "more--item_bottom",
            "moreValue_click",
            "more_down",
            "name",
            "next pointer",
            "nowrap",
            "option",
            "pageleft",
            "pagenum",
            "pageright",
            "pagination",
            "paging",
            "prev pointer",
            "prompcon",
            "prop-item",
            "red",
            "t pointer",
            "tab_cur",
            "tate_focu",
            "tate_full",
            "tate_lock",
            "tate_lock ui_",
            "tate_tip",
            "tate_vi",
            "toolbox",
            "ui_b",
            "ui_border ui_",
            "ui_button",
            "ui_c",
            "ui_clo",
            "ui_content",
            "ui_content ui_",
            "ui_dialog",
            "ui_icon",
            "ui_icon_bg",
            "ui_inner",
            "ui_l",
            "ui_lb",
            "ui_loading",
            "ui_lt",
            "ui_main",
            "ui_max",
            "ui_max_b",
            "ui_min",
            "ui_min_b",
            "ui_r",
            "ui_rb",
            "ui_re",
            "ui_rt",
            "ui_t",
            "ui_title",
            "ui_title_bar",
            "ui_title_button",
            "x",
            "ym-bc",
            "ym-bl",
            "ym-body",
            "ym-br",
            "ym-btn",
            "ym-header-text",
            "ym-header-tool",
            "ym-mc",
            "ym-ml",
            "ym-mr",
            "ym-tc",
            "ym-tl",
            "ym-tr",
            "ymPrompt_clo",
            "ymPrompt_max",
            "ymPrompt_min"
          ],
          [
            " ui_",
            "Sort_up",
            "_b",
            "_t",
            "_type hover",
            "adv_filter",
            "btn_",
            "btn_cx",
            "btn_cz",
            "btn_dc",
            "btn_dr",
            "btn_xg",
            "btn_zj",
            "buttonbox",
            "c",
            "dateline",
            "datetitle_",
            "down",
            "e",
            "earch_advanced",
            "elected-attr",
            "fir",
            "hide",
            "ible ui_",
            "la",
            "location",
            "more--item_bottom",
            "moreValue_click",
            "more_down",
            "name",
            "next pointer",
            "nowrap",
            "option",
            "pageleft",
            "pagenum",
            "pageright",
            "pagination",
            "paging",
            "prev pointer",
            "prompcon",
            "prop-item",
            "red",
            "t pointer",
            "tab_cur",
            "tate_focu",
            "tate_full",
            "tate_lock",
            "tate_tip",
            "tate_vi",
            "toolbox",
            "ui_b",
            "ui_border ui_",
            "ui_button",
            "ui_c",
            "ui_clo",
            "ui_content",
            "ui_content ui_",
            "ui_dialog",
            "ui_icon",
            "ui_icon_bg",
            "ui_inner",
            "ui_l",
            "ui_lb",
            "ui_loading",
            "ui_lt",
            "ui_main",
            "ui_max",
            "ui_max_b",
            "ui_min",
            "ui_min_b",
            "ui_r",
            "ui_rb",
            "ui_re",
            "ui_rt",
            "ui_t",
            "ui_title",
            "ui_title_bar",
            "ui_title_button",
            "x",
            "ym-bc",
            "ym-bl",
            "ym-body",
            "ym-br",
            "ym-btn",
            "ym-header-text",
            "ym-header-tool",
            "ym-mc",
            "ym-ml",
            "ym-mr",
            "ym-tc",
            "ym-tl",
            "ym-tr",
            "ymPrompt_clo",
            "ymPrompt_max",
            "ymPrompt_min"
          ],
          [
            "Arrow",
            "Join_party",
            "Proce",
            "btn",
            "btn_",
            "bz",
            "clo",
            "dtxxglnewColorWZDX",
            "e",
            "fini",
            "formli",
            "h",
            "i",
            "lc_bg",
            "prompt",
            "red",
            "t",
            "text"
          ]
        ]
      }
    },
    "page/tagTriplets": {
      "contexts": {
        "context3": [
          [
            "-/-/TBODY",
            "-/-/TFOOT",
            "-/TBODY/TR",
            "-/TFOOT/TR",
            "TBODY/TR/TD",
            "TBODY/TR/TH",
            "TD/DIV/BUTTON",
            "TFOOT/TR/TD",
            "TR/TD/DIV",
            "TR/TD/INPUT-text",
            "TR/TD/LABEL",
            "TR/TD/TEXTAREA",
            "TR/TH/BR",
            "TR/TH/FONT"
          ],
          [
            "-/-/TBODY",
            "-/-/TFOOT",
            "-/TBODY/TR",
            "-/TFOOT/TR",
            "TBODY/TR/TD",
            "TBODY/TR/TH",
            "TD/DIV/BUTTON",
            "TFOOT/TR/TD",
            "TR/TD/DIV",
            "TR/TD/INPUT-text",
            "TR/TD/LABEL"
          ],
          [
            "-/-/TR",
            "-/TR/TD",
            "-/TR/TH",
            "TR/TD/INPUT-text",
            "TR/TD/LABEL",
            "TR/TD/TEXTAREA",
            "TR/TH/BR",
            "TR/TH/FONT"
          ],
          [
            "-/-/TR",
            "-/TR/TD",
            "-/TR/TH",
            "TR/TD/INPUT-text",
            "TR/TD/LABEL"
          ],
          [
            "-/-/TD",
            "-/-/TH",
            "-/TD/LABEL"
          ]
        ]
      }
    }
  }
}