{
  "version": "0.1",
  "id": "news_list",
  "targetURL": "http://42.247.16.108/xgxt/xtwh_news.do?method=newsMore&typeid=-1",
  "jsFile": "index.js",
  "requires": {
    "login": "../login/index.json",
    "news_list_info": "../news_list_info/index.json"
  },
  "chineseName": "新闻列表",
  "description": "",
  "controls": {
    "control774": {
      "location": {
        "data": {
          "tagName": "TABLE"
        },
        "locators": [
          {
            "id": "text",
            "prob": 3,
            "value": {
              "text": [
                "标题 发布时间 qweqwe 2016-01-04 欢迎使用学生工作管理系统！ 2015-11-10"
              ],
              "visText": [
                "标题 发布时间 qweqwe 2016-01-04 欢迎使用学生工作管理系统！ 2015-11-10"
              ]
            }
          },
          {
            "id": "@id/word",
            "prob": 3,
            "value": [
              "descendant::DIV[@id=\"cxjg\"]//TABLE[@id=\"rsTable\"]",
              "descendant::TABLE[@id=\"rsTable\"]"
            ]
          },
          {
            "id": "@class/word",
            "prob": 1,
            "value": "DIV.formbox DIV.con_overlfow TABLE.dateline"
          },
          {
            "id": "path/ordinal",
            "prob": 1,
            "value": "/HTML[1]/BODY[1]/FORM[1]/DIV[3]/DIV[1]/TABLE[1]"
          },
          {
            "id": "shield",
            "value": {
              "zIndex": "auto",
              "width": 1130,
              "height": 88
            }
          }
        ]
      },
      "events": {
        "onGetData": "getData_control774"
      },
      "intendedRole": "custom",
      "roles": "element,custom",
      "monitored": true
    },
    "control775": {
      "location": {
        "data": {
          "tagName": "P"
        },
        "locators": [
          {
            "id": "button/text",
            "prob": 3,
            "value": {
              "text": [
                "第 页/ 共 1页， 每页显示 条/共 2条记录"
              ],
              "visText": [
                "第 页/ 共 1页， 每页显示 条/共 2条记录"
              ]
            }
          },
          {
            "id": "text",
            "prob": 3,
            "value": {
              "text": [
                "第 页/ 共 1页， 每页显示 条/共 2条记录"
              ],
              "visText": [
                "第 页/ 共 1页， 每页显示 条/共 2条记录"
              ]
            }
          },
          {
            "id": "@id/word",
            "prob": 2,
            "value": [
              "descendant::DIV[@id=\"cxjg\"]/DIV[2]/DIV[1]/P[1]",
              "descendant::DIV[@id=\"cxjg\"]//P"
            ]
          },
          {
            "id": "@class/word",
            "prob": 1,
            "value": "DIV.pagination DIV.pageleft P.pagenum"
          },
          {
            "id": "path/ordinal",
            "prob": 1,
            "value": "/HTML[1]/BODY[1]/FORM[1]/DIV[3]/DIV[2]/DIV[1]/P[1]"
          },
          {
            "id": "shield",
            "value": {
              "zIndex": "auto",
              "width": 300,
              "height": 14
            }
          }
        ]
      },
      "events": {
        "onGetData": "getData_control775"
      },
      "intendedRole": "custom",
      "roles": "element,custom",
      "monitored": true
    },
    "control776": {
      "location": {
        "data": {
          "tagName": "A"
        },
        "locators": [
          {
            "id": "button/text",
            "prob": 3,
            "value": {
              "text": [
                "首 页"
              ],
              "visText": [
                "首 页"
              ]
            }
          },
          {
            "id": "text",
            "prob": 3,
            "value": {
              "text": [
                "首 页"
              ],
              "visText": [
                "首 页"
              ]
            }
          },
          {
            "id": "@title",
            "prob": 2,
            "value": {
              "text": [
                "首页"
              ]
            }
          },
          {
            "id": "@id/word",
            "prob": 4,
            "value": [
              "descendant::DIV[@id=\"cxjg\"]//DIV[@id=\"pagediv\"]//A[@id=\"first\"]",
              "descendant::DIV[@id=\"pagediv\"]//A[@id=\"first\"]",
              "descendant::A[@id=\"first\"]"
            ]
          },
          {
            "id": "@class/word",
            "prob": 1,
            "value": "DIV.pageright DIV.paging A.first"
          },
          {
            "id": "path/ordinal",
            "prob": 1,
            "value": "/HTML[1]/BODY[1]/FORM[1]/DIV[3]/DIV[2]/DIV[2]/DIV[1]/A[1]"
          },
          {
            "id": "elderLevel",
            "value": {
              "level": 0
            }
          },
          {
            "id": "shield",
            "value": {
              "zIndex": "auto",
              "width": 46,
              "height": 19
            }
          }
        ]
      },
      "intendedRole": "button",
      "roles": "element,button,link",
      "monitored": false
    },
    "control777": {
      "location": {
        "data": {
          "tagName": "A"
        },
        "locators": [
          {
            "id": "button/text",
            "prob": 3,
            "value": {
              "text": [
                "上一页"
              ],
              "visText": [
                "上一页"
              ]
            }
          },
          {
            "id": "text",
            "prob": 3,
            "value": {
              "text": [
                "上一页"
              ],
              "visText": [
                "上一页"
              ]
            }
          },
          {
            "id": "@title",
            "prob": 2,
            "value": {
              "text": [
                "上一页"
              ]
            }
          },
          {
            "id": "@id/word",
            "prob": 4,
            "value": [
              "descendant::DIV[@id=\"cxjg\"]//DIV[@id=\"pagediv\"]//A[@id=\"pre\"]",
              "descendant::DIV[@id=\"pagediv\"]//A[@id=\"pre\"]",
              "descendant::A[@id=\"pre\"]"
            ]
          },
          {
            "id": "@class/word",
            "prob": 1,
            "value": "DIV.pageright DIV.paging A.prev"
          },
          {
            "id": "path/ordinal",
            "prob": 1,
            "value": "/HTML[1]/BODY[1]/FORM[1]/DIV[3]/DIV[2]/DIV[2]/DIV[1]/A[2]"
          },
          {
            "id": "elderLevel",
            "value": {
              "level": 0
            }
          },
          {
            "id": "shield",
            "value": {
              "zIndex": "auto",
              "width": 54,
              "height": 19
            }
          }
        ]
      },
      "intendedRole": "button",
      "roles": "element,button,link",
      "monitored": false
    },
    "control778": {
      "location": {
        "data": {
          "tagName": "A"
        },
        "locators": [
          {
            "id": "button/text",
            "prob": 3,
            "value": {
              "text": [
                "下一页"
              ],
              "visText": [
                "下一页"
              ]
            }
          },
          {
            "id": "text",
            "prob": 3,
            "value": {
              "text": [
                "下一页"
              ],
              "visText": [
                "下一页"
              ]
            }
          },
          {
            "id": "@title",
            "prob": 2,
            "value": {
              "text": [
                "下一页"
              ]
            }
          },
          {
            "id": "@id/word",
            "prob": 4,
            "value": [
              "descendant::DIV[@id=\"cxjg\"]//DIV[@id=\"pagediv\"]//A[@id=\"next\"]",
              "descendant::DIV[@id=\"pagediv\"]//A[@id=\"next\"]",
              "descendant::A[@id=\"next\"]"
            ]
          },
          {
            "id": "@class/word",
            "prob": 1,
            "value": "DIV.pageright DIV.paging A.next"
          },
          {
            "id": "path/ordinal",
            "prob": 1,
            "value": "/HTML[1]/BODY[1]/FORM[1]/DIV[3]/DIV[2]/DIV[2]/DIV[1]/A[3]"
          },
          {
            "id": "elderLevel",
            "value": {
              "level": 0
            }
          },
          {
            "id": "shield",
            "value": {
              "zIndex": "auto",
              "width": 54,
              "height": 19
            }
          }
        ]
      },
      "intendedRole": "button",
      "roles": "element,button,link",
      "monitored": false
    },
    "control779": {
      "location": {
        "data": {
          "tagName": "A"
        },
        "locators": [
          {
            "id": "button/text",
            "prob": 3,
            "value": {
              "text": [
                "末 页"
              ],
              "visText": [
                "末 页"
              ]
            }
          },
          {
            "id": "text",
            "prob": 3,
            "value": {
              "text": [
                "末 页"
              ],
              "visText": [
                "末 页"
              ]
            }
          },
          {
            "id": "@title",
            "prob": 2,
            "value": {
              "text": [
                "末页"
              ]
            }
          },
          {
            "id": "@id/word",
            "prob": 4,
            "value": [
              "descendant::DIV[@id=\"cxjg\"]//DIV[@id=\"pagediv\"]//A[@id=\"last\"]",
              "descendant::DIV[@id=\"pagediv\"]//A[@id=\"last\"]",
              "descendant::A[@id=\"last\"]"
            ]
          },
          {
            "id": "@class/word",
            "prob": 1,
            "value": "DIV.pageright DIV.paging A.last"
          },
          {
            "id": "path/ordinal",
            "prob": 1,
            "value": "/HTML[1]/BODY[1]/FORM[1]/DIV[3]/DIV[2]/DIV[2]/DIV[1]/A[4]"
          },
          {
            "id": "elderLevel",
            "value": {
              "level": 0
            }
          },
          {
            "id": "shield",
            "value": {
              "zIndex": "auto",
              "width": 46,
              "height": 19
            }
          }
        ]
      },
      "intendedRole": "button",
      "roles": "element,button,link",
      "monitored": false
    },
    "control786": {
      "location": {
        "data": {
          "tagName": "P"
        },
        "locators": [
          {
            "id": "button/text",
            "prob": 3,
            "value": {
              "text": [
                "您的当前位置:首页-通知公告"
              ],
              "visText": [
                "您的当前位置:首页-通知公告"
              ]
            }
          },
          {
            "id": "text",
            "prob": 3,
            "value": {
              "text": [
                "您的当前位置:首页-通知公告"
              ],
              "visText": [
                "您的当前位置:首页-通知公告"
              ]
            }
          },
          {
            "id": "@class/word",
            "prob": 1,
            "value": "DIV.tab_cur P.location"
          },
          {
            "id": "path/ordinal",
            "prob": 1,
            "value": "/HTML[1]/BODY[1]/FORM[1]/DIV[1]/P[1]"
          },
          {
            "id": "shield",
            "value": {
              "zIndex": "auto",
              "width": 170,
              "height": 30
            }
          }
        ]
      },
      "events": {
        "onGetData": "getData_control786"
      },
      "intendedRole": "custom",
      "roles": "element,link,custom",
      "monitored": false
    },
    "control773": {
      "location": {
        "data": {
          "tagName": "TH"
        },
        "locators": [
          {
            "id": "button/text",
            "prob": 3,
            "value": {
              "text": [
                "通知类别"
              ],
              "visText": [
                "通知类别"
              ]
            }
          },
          {
            "id": "text",
            "prob": 3,
            "value": {
              "text": [
                "通知类别"
              ],
              "visText": [
                "通知类别"
              ]
            }
          },
          {
            "id": "@id/word",
            "prob": 2,
            "value": [
              "descendant::DIV[@id=\"dgncz\"]//DIV[@id=\"tbody_search_query\"]/TABLE[1]/TBODY[1]/TR[1]/TH[1]",
              "descendant::DIV[@id=\"dgncz\"]//DIV[@id=\"tbody_search_query\"]//TH",
              "descendant::DIV[@id=\"tbody_search_query\"]//TH"
            ]
          },
          {
            "id": "@class/word",
            "prob": 1,
            "ordinal": [
              0,
              3
            ],
            "value": "DIV.toolbox DIV.searchtab TABLE TBODY TR TH"
          },
          {
            "id": "path/ordinal",
            "prob": 1,
            "value": "/HTML[1]/BODY[1]/FORM[1]/DIV[2]/DIV[1]/TABLE[1]/TBODY[1]/TR[1]/TH[1]"
          },
          {
            "id": "elderLevel",
            "value": {
              "level": 0
            }
          },
          {
            "id": "shield",
            "value": {
              "zIndex": "auto",
              "width": 95,
              "height": 32
            }
          }
        ]
      },
      "roles": "element",
      "content": true,
      "monitored": false
    },
    "control780": {
      "location": {
        "data": {
          "tagName": "SELECT"
        },
        "locators": [
          {
            "id": "button/text",
            "prob": 3,
            "value": {
              "text": [
                "全部 通知通告"
              ],
              "visText": [
                ""
              ]
            }
          },
          {
            "id": "text",
            "prob": 3,
            "value": {
              "text": [
                "全部 通知通告"
              ],
              "visText": [
                ""
              ]
            }
          },
          {
            "id": "elem/@name",
            "prob": 2,
            "value": [
              "descendant::form[@name=\"newsManageForm\"]//SELECT[@name=\"typeid\"]",
              "descendant::SELECT[@name=\"typeid\"]"
            ]
          },
          {
            "id": "@id/word",
            "prob": 4,
            "value": [
              "descendant::DIV[@id=\"dgncz\"]//DIV[@id=\"tbody_search_query\"]//SELECT[@id=\"typeid\"]",
              "descendant::DIV[@id=\"tbody_search_query\"]//SELECT[@id=\"typeid\"]",
              "descendant::SELECT[@id=\"typeid\"]"
            ]
          },
          {
            "id": "@class/word",
            "prob": 1,
            "value": "DIV.toolbox DIV.searchtab TABLE TBODY TR TD SELECT"
          },
          {
            "id": "path/ordinal",
            "prob": 1,
            "value": "/HTML[1]/BODY[1]/FORM[1]/DIV[2]/DIV[1]/TABLE[1]/TBODY[1]/TR[1]/TD[1]/SELECT[1]"
          },
          {
            "id": "input/type",
            "verifyEnabled": true,
            "value": "select-one"
          },
          {
            "id": "shield",
            "value": {
              "zIndex": "auto",
              "width": 76,
              "height": 19
            }
          }
        ]
      },
      "intendedRole": "listbox",
      "roles": "element,listbox",
      "monitored": true
    },
    "control781": {
      "location": {
        "data": {
          "tagName": "TH"
        },
        "locators": [
          {
            "id": "button/text",
            "prob": 3,
            "value": {
              "text": [
                "标题"
              ],
              "visText": [
                "标题"
              ]
            }
          },
          {
            "id": "text",
            "prob": 3,
            "value": {
              "text": [
                "标题"
              ],
              "visText": [
                "标题"
              ]
            }
          },
          {
            "id": "@id/word",
            "prob": 2,
            "value": [
              "descendant::DIV[@id=\"dgncz\"]//DIV[@id=\"tbody_search_query\"]/TABLE[1]/TBODY[1]/TR[1]/TH[2]",
              "descendant::DIV[@id=\"dgncz\"]//DIV[@id=\"tbody_search_query\"]//TH",
              "descendant::DIV[@id=\"tbody_search_query\"]//TH"
            ]
          },
          {
            "id": "@class/word",
            "prob": 1,
            "ordinal": [
              1,
              3
            ],
            "value": "DIV.toolbox DIV.searchtab TABLE TBODY TR TH"
          },
          {
            "id": "path/ordinal",
            "prob": 1,
            "value": "/HTML[1]/BODY[1]/FORM[1]/DIV[2]/DIV[1]/TABLE[1]/TBODY[1]/TR[1]/TH[2]"
          },
          {
            "id": "elderLevel",
            "value": {
              "level": 0
            }
          },
          {
            "id": "shield",
            "value": {
              "zIndex": "auto",
              "width": 53,
              "height": 32
            }
          }
        ]
      },
      "roles": "element",
      "content": true,
      "monitored": false
    },
    "control787": {
      "location": {
        "data": {
          "tagName": "INPUT"
        },
        "locators": [
          {
            "id": "elem/@name",
            "prob": 1,
            "value": [
              "descendant::form[@name=\"newsManageForm\"]//INPUT[@name=\"bt\"]",
              "descendant::INPUT[@name=\"bt\"]"
            ]
          },
          {
            "id": "@id/word",
            "prob": 2,
            "value": [
              "descendant::DIV[@id=\"dgncz\"]//DIV[@id=\"tbody_search_query\"]/TABLE[1]/TBODY[1]/TR[1]/TD[2]/INPUT[1]",
              "descendant::DIV[@id=\"dgncz\"]//DIV[@id=\"tbody_search_query\"]//INPUT",
              "descendant::DIV[@id=\"tbody_search_query\"]//INPUT"
            ]
          },
          {
            "id": "@id/nonWord",
            "prob": 1,
            "disabled": true,
            "fact": "bt",
            "value": "descendant::DIV[@id=\"dgncz\"]//DIV[@id=\"tbody_search_query\"]//INPUT[@id=\"bt\"]"
          },
          {
            "id": "@class/word",
            "prob": 1,
            "ordinal": [
              0,
              3
            ],
            "value": "DIV.toolbox DIV.searchtab TABLE TBODY TR TD INPUT"
          },
          {
            "id": "path/ordinal",
            "prob": 1,
            "value": "/HTML[1]/BODY[1]/FORM[1]/DIV[2]/DIV[1]/TABLE[1]/TBODY[1]/TR[1]/TD[2]/INPUT[1]"
          },
          {
            "id": "input/type",
            "verifyEnabled": true,
            "value": "text"
          },
          {
            "id": "elderLevel",
            "value": {
              "level": 0
            }
          },
          {
            "id": "shield",
            "value": {
              "zIndex": "auto",
              "width": 230,
              "height": 19
            }
          }
        ]
      },
      "intendedRole": "textbox",
      "roles": "element,textbox",
      "monitored": true
    },
    "control788": {
      "location": {
        "data": {
          "tagName": "TH"
        },
        "locators": [
          {
            "id": "button/text",
            "prob": 3,
            "value": {
              "text": [
                "发布时间"
              ],
              "visText": [
                "发布时间"
              ]
            }
          },
          {
            "id": "text",
            "prob": 3,
            "value": {
              "text": [
                "发布时间"
              ],
              "visText": [
                "发布时间"
              ]
            }
          },
          {
            "id": "@id/word",
            "prob": 2,
            "value": [
              "descendant::DIV[@id=\"dgncz\"]//DIV[@id=\"tbody_search_query\"]/TABLE[1]/TBODY[1]/TR[1]/TH[3]",
              "descendant::DIV[@id=\"dgncz\"]//DIV[@id=\"tbody_search_query\"]//TH",
              "descendant::DIV[@id=\"tbody_search_query\"]//TH"
            ]
          },
          {
            "id": "@class/word",
            "prob": 1,
            "ordinal": [
              2,
              3
            ],
            "value": "DIV.toolbox DIV.searchtab TABLE TBODY TR TH"
          },
          {
            "id": "path/ordinal",
            "prob": 1,
            "value": "/HTML[1]/BODY[1]/FORM[1]/DIV[2]/DIV[1]/TABLE[1]/TBODY[1]/TR[1]/TH[3]"
          },
          {
            "id": "elderLevel",
            "value": {
              "level": 0
            }
          },
          {
            "id": "shield",
            "value": {
              "zIndex": "auto",
              "width": 94,
              "height": 32
            }
          }
        ]
      },
      "roles": "element",
      "content": true,
      "monitored": false
    },
    "control789": {
      "location": {
        "data": {
          "tagName": "INPUT"
        },
        "locators": [
          {
            "id": "elem/@name",
            "prob": 2,
            "value": [
              "descendant::form[@name=\"newsManageForm\"]//INPUT[@name=\"kssj\"]",
              "descendant::INPUT[@name=\"kssj\"]"
            ]
          },
          {
            "id": "@id/word",
            "prob": 4,
            "value": [
              "descendant::DIV[@id=\"dgncz\"]//DIV[@id=\"tbody_search_query\"]//INPUT[@id=\"kssj\"]",
              "descendant::DIV[@id=\"tbody_search_query\"]//INPUT[@id=\"kssj\"]",
              "descendant::INPUT[@id=\"kssj\"]"
            ]
          },
          {
            "id": "@class/word",
            "prob": 1,
            "ordinal": [
              1,
              3
            ],
            "value": "DIV.toolbox DIV.searchtab TABLE TBODY TR TD INPUT"
          },
          {
            "id": "path/ordinal",
            "prob": 1,
            "value": "/HTML[1]/BODY[1]/FORM[1]/DIV[2]/DIV[1]/TABLE[1]/TBODY[1]/TR[1]/TD[3]/INPUT[1]"
          },
          {
            "id": "input/type",
            "verifyEnabled": true,
            "value": "text"
          },
          {
            "id": "elderLevel",
            "value": {
              "level": 0
            }
          },
          {
            "id": "shield",
            "value": {
              "zIndex": "auto",
              "width": 100,
              "height": 19
            }
          }
        ]
      },
      "intendedRole": "datepicker",
      "roles": "element,datepicker,textbox",
      "monitored": true
    },
    "control790": {
      "location": {
        "data": {
          "tagName": "INPUT"
        },
        "locators": [
          {
            "id": "elem/@name",
            "prob": 2,
            "value": [
              "descendant::form[@name=\"newsManageForm\"]//INPUT[@name=\"jssj\"]",
              "descendant::INPUT[@name=\"jssj\"]"
            ]
          },
          {
            "id": "@id/word",
            "prob": 4,
            "value": [
              "descendant::DIV[@id=\"dgncz\"]//DIV[@id=\"tbody_search_query\"]//INPUT[@id=\"jssj\"]",
              "descendant::DIV[@id=\"tbody_search_query\"]//INPUT[@id=\"jssj\"]",
              "descendant::INPUT[@id=\"jssj\"]"
            ]
          },
          {
            "id": "@class/word",
            "prob": 1,
            "ordinal": [
              2,
              3
            ],
            "value": "DIV.toolbox DIV.searchtab TABLE TBODY TR TD INPUT"
          },
          {
            "id": "path/ordinal",
            "prob": 1,
            "value": "/HTML[1]/BODY[1]/FORM[1]/DIV[2]/DIV[1]/TABLE[1]/TBODY[1]/TR[1]/TD[3]/INPUT[2]"
          },
          {
            "id": "input/type",
            "verifyEnabled": true,
            "value": "text"
          },
          {
            "id": "elderLevel",
            "value": {
              "level": 0
            }
          },
          {
            "id": "shield",
            "value": {
              "zIndex": "auto",
              "width": 100,
              "height": 19
            }
          }
        ]
      },
      "intendedRole": "datepicker",
      "roles": "element,datepicker,textbox",
      "monitored": true
    },
    "control791": {
      "location": {
        "data": {
          "tagName": "BUTTON"
        },
        "locators": [
          {
            "id": "button/text",
            "prob": 3,
            "value": {
              "text": [
                "查 询"
              ],
              "visText": [
                "查 询"
              ]
            }
          },
          {
            "id": "text",
            "prob": 3,
            "value": {
              "text": [
                "查 询"
              ],
              "visText": [
                "查 询"
              ]
            }
          },
          {
            "id": "@id/word",
            "prob": 4,
            "value": [
              "descendant::DIV[@id=\"dgncz\"]//DIV[@id=\"tbody_search_query\"]//BUTTON[@id=\"search_go\"]",
              "descendant::DIV[@id=\"tbody_search_query\"]//BUTTON[@id=\"search_go\"]",
              "descendant::BUTTON[@id=\"search_go\"]"
            ]
          },
          {
            "id": "@class/word",
            "prob": 1,
            "ordinal": [
              0,
              2
            ],
            "value": "DIV.toolbox DIV.searchtab DIV.btn BUTTON"
          },
          {
            "id": "path/ordinal",
            "prob": 1,
            "value": "/HTML[1]/BODY[1]/FORM[1]/DIV[2]/DIV[1]/TABLE[1]/TBODY[1]/TR[1]/TD[4]/DIV[1]/BUTTON[1]"
          },
          {
            "id": "input/type",
            "verifyEnabled": true,
            "value": "button"
          },
          {
            "id": "elderLevel",
            "value": {
              "level": 0
            }
          },
          {
            "id": "shield",
            "value": {
              "zIndex": "auto",
              "width": 52.609375,
              "height": 19
            }
          }
        ]
      },
      "intendedRole": "button",
      "roles": "element,button",
      "monitored": false
    },
    "control792": {
      "location": {
        "data": {
          "tagName": "BUTTON"
        },
        "locators": [
          {
            "id": "button/text",
            "prob": 3,
            "value": {
              "text": [
                "重 置"
              ],
              "visText": [
                "重 置"
              ]
            }
          },
          {
            "id": "text",
            "prob": 3,
            "value": {
              "text": [
                "重 置"
              ],
              "visText": [
                "重 置"
              ]
            }
          },
          {
            "id": "@id/word",
            "prob": 4,
            "value": [
              "descendant::DIV[@id=\"dgncz\"]//DIV[@id=\"tbody_search_query\"]//BUTTON[@id=\"btn_cz\"]",
              "descendant::DIV[@id=\"tbody_search_query\"]//BUTTON[@id=\"btn_cz\"]",
              "descendant::BUTTON[@id=\"btn_cz\"]"
            ]
          },
          {
            "id": "@class/word",
            "prob": 1,
            "value": "DIV.searchtab DIV.btn BUTTON.btn_cz"
          },
          {
            "id": "path/ordinal",
            "prob": 1,
            "value": "/HTML[1]/BODY[1]/FORM[1]/DIV[2]/DIV[1]/TABLE[1]/TBODY[1]/TR[1]/TD[4]/DIV[1]/BUTTON[2]"
          },
          {
            "id": "input/type",
            "verifyEnabled": true,
            "value": "button"
          },
          {
            "id": "elderLevel",
            "value": {
              "level": 0
            }
          },
          {
            "id": "shield",
            "value": {
              "zIndex": "auto",
              "width": 52.609375,
              "height": 19
            }
          }
        ]
      },
      "intendedRole": "button",
      "roles": "element,button",
      "monitored": false
    }
  },
  "contexts": {
    "context0": {
      "controls": [
        "control774",
        "control775",
        "control776",
        "control777",
        "control778",
        "control779",
        "control786",
        "control773",
        "control780",
        "control781",
        "control787",
        "control788",
        "control789",
        "control790",
        "control791",
        "control792"
      ],
      "anchors": []
    }
  },
  "flows": {
    "flow240": {
      "toContexts": [
        {
          "toContextId": "context0"
        }
      ]
    },
    "flow255": {
      "fromContextId": "context0",
      "fromAction": "doAction",
      "fromControlId": "control774",
      "toContexts": [
        {
          "toContextId": "context0"
        },
        {
          "toContextId": "context35",
          "toModelId": "news_list_info"
        }
      ]
    }
  },
  "pages": {
    "page0": {
      "contextId": "context0",
      "layout": [
        {
          "id": "uiControl858",
          "display": {
            "class": "navbar navbar-primary xg_header",
            "title": "通知公告",
            "type": "header",
            "adapterId": "header",
            "adapter": {
              "templateType": ""
            }
          },
          "layout": [
            {
              "id": "uiControl858headerLeft",
              "display": {
                "type": "headerLeft",
                "adapterId": "headerLeft",
                "adapter": {
                  "templateType": ""
                }
              },
              "layout": [
                {
                  "id": "uiControl892",
                  "controlId": "control786",
                  "display": {
                    "adapterId": "custom",
                    "type": "custom",
                    "adapter": {
                      "templateType": "react",
                      "events": {
                        "onDoAction": "doAction_uiControl892",
                        "onGetTemplate": "getTemplate_uiControl892"
                      }
                    }
                  }
                }
              ]
            }
          ]
        },
        {
          "id": "uiControl859",
          "display": {
            "type": "card",
            "adapterId": "card",
            "class": "xg_body news-list-body",
            "adapter": {
              "templateType": ""
            }
          },
          "layout": [
            {
              "id": "uiControl859body",
              "display": {
                "type": "cardBody",
                "adapterId": "cardBody",
                "adapter": {
                  "templateType": ""
                }
              },
              "layout": [
                {
                  "id": "uiControl907",
                  "display": {
                    "type": "card",
                    "adapterId": "card",
                    "class": "news-list-accor",
                    "adapter": {
                      "templateType": ""
                    }
                  },
                  "layout": [
                    {
                      "id": "uiControl907body",
                      "display": {
                        "type": "cardBody",
                        "adapterId": "cardBody",
                        "adapter": {
                          "templateType": ""
                        }
                      },
                      "layout": [
                        {
                          "id": "uiControl886item",
                          "display": {
                            "title": "查询条件",
                            "type": "accordionItem",
                            "adapterId": "accordionItem",
                            "adapter": {
                              "templateType": ""
                            }
                          },
                          "layout": [
                            {
                              "id": "uiControl910",
                              "display": {
                                "type": "card",
                                "adapterId": "card",
                                "class": "class",
                                "adapter": {
                                  "templateType": ""
                                }
                              },
                              "layout": [
                                {
                                  "id": "uiControl910body",
                                  "display": {
                                    "type": "cardBody",
                                    "adapterId": "cardBody",
                                    "adapter": {
                                      "templateType": ""
                                    }
                                  },
                                  "layout": [
                                    {
                                      "id": "uiControl908",
                                      "controlId": "control773",
                                      "display": {
                                        "adapterId": "content",
                                        "type": "content",
                                        "adapter": {
                                          "templateType": ""
                                        }
                                      }
                                    },
                                    {
                                      "id": "uiControl909",
                                      "controlId": "control780",
                                      "display": {
                                        "adapterId": "listbox",
                                        "type": "listbox",
                                        "adapter": {
                                          "templateType": ""
                                        }
                                      }
                                    }
                                  ]
                                }
                              ]
                            },
                            {
                              "id": "uiControl911",
                              "display": {
                                "type": "card",
                                "adapterId": "card",
                                "class": "title",
                                "adapter": {
                                  "templateType": ""
                                }
                              },
                              "layout": [
                                {
                                  "id": "uiControl911body",
                                  "display": {
                                    "type": "cardBody",
                                    "adapterId": "cardBody",
                                    "adapter": {
                                      "templateType": ""
                                    }
                                  },
                                  "layout": [
                                    {
                                      "id": "uiControl914",
                                      "controlId": "control781",
                                      "display": {
                                        "adapterId": "content",
                                        "type": "content",
                                        "adapter": {
                                          "templateType": ""
                                        }
                                      }
                                    },
                                    {
                                      "id": "uiControl915",
                                      "controlId": "control787",
                                      "display": {
                                        "adapterId": "textbox",
                                        "type": "textbox",
                                        "adapter": {
                                          "templateType": ""
                                        }
                                      }
                                    }
                                  ]
                                }
                              ]
                            },
                            {
                              "id": "uiControl912",
                              "display": {
                                "type": "card",
                                "adapterId": "card",
                                "class": "date",
                                "adapter": {
                                  "templateType": ""
                                }
                              },
                              "layout": [
                                {
                                  "id": "uiControl912body",
                                  "display": {
                                    "type": "cardBody",
                                    "adapterId": "cardBody",
                                    "adapter": {
                                      "templateType": ""
                                    }
                                  },
                                  "layout": [
                                    {
                                      "id": "uiControl916",
                                      "controlId": "control788",
                                      "display": {
                                        "adapterId": "content",
                                        "type": "content",
                                        "adapter": {
                                          "templateType": ""
                                        }
                                      }
                                    },
                                    {
                                      "id": "uiControl917",
                                      "controlId": "control789",
                                      "display": {
                                        "adapterId": "datepicker",
                                        "type": "datepicker",
                                        "adapter": {
                                          "templateType": ""
                                        }
                                      }
                                    },
                                    {
                                      "id": "uiControl919",
                                      "display": {
                                        "text": "至",
                                        "type": "content",
                                        "adapterId": "staticContent",
                                        "adapter": {
                                          "templateType": ""
                                        }
                                      }
                                    },
                                    {
                                      "id": "uiControl918",
                                      "controlId": "control790",
                                      "display": {
                                        "adapterId": "datepicker",
                                        "type": "datepicker",
                                        "adapter": {
                                          "templateType": ""
                                        }
                                      }
                                    }
                                  ]
                                }
                              ]
                            },
                            {
                              "id": "uiControl913",
                              "display": {
                                "type": "card",
                                "adapterId": "card",
                                "class": "search-btn",
                                "adapter": {
                                  "templateType": ""
                                }
                              },
                              "layout": [
                                {
                                  "id": "uiControl913body",
                                  "display": {
                                    "type": "cardBody",
                                    "adapterId": "cardBody",
                                    "adapter": {
                                      "templateType": ""
                                    }
                                  },
                                  "layout": [
                                    {
                                      "id": "uiControl920",
                                      "controlId": "control791",
                                      "display": {
                                        "adapterId": "clickable",
                                        "type": "button",
                                        "adapter": {
                                          "templateType": ""
                                        }
                                      }
                                    },
                                    {
                                      "id": "uiControl921",
                                      "controlId": "control792",
                                      "display": {
                                        "adapterId": "clickable",
                                        "type": "button",
                                        "adapter": {
                                          "templateType": ""
                                        }
                                      }
                                    }
                                  ]
                                }
                              ]
                            }
                          ]
                        }
                      ]
                    }
                  ]
                },
                {
                  "id": "uiControl886",
                  "display": {
                    "type": "accordion",
                    "adapterId": "accordion",
                    "adapter": {
                      "templateType": ""
                    }
                  },
                  "layout": []
                },
                {
                  "id": "uiControl885",
                  "display": {
                    "type": "accordion",
                    "adapterId": "accordion",
                    "adapter": {
                      "templateType": ""
                    }
                  },
                  "layout": []
                },
                {
                  "id": "uiControl876",
                  "display": {
                    "type": "card",
                    "adapterId": "card",
                    "class": "news-list-content",
                    "adapter": {
                      "templateType": ""
                    }
                  },
                  "layout": [
                    {
                      "id": "uiControl876body",
                      "display": {
                        "type": "cardBody",
                        "adapterId": "cardBody",
                        "adapter": {
                          "templateType": ""
                        }
                      },
                      "layout": [
                        {
                          "id": "uiControl877",
                          "controlId": "control774",
                          "display": {
                            "adapterId": "custom",
                            "type": "custom",
                            "adapter": {
                              "templateType": "react",
                              "events": {
                                "onDoAction": "doAction_uiControl877",
                                "onGetTemplate": "getTemplate_uiControl877"
                              }
                            }
                          }
                        }
                      ]
                    }
                  ]
                },
                {
                  "id": "uiControl861",
                  "display": {
                    "type": "card",
                    "adapterId": "card",
                    "class": "page",
                    "adapter": {
                      "templateType": ""
                    }
                  },
                  "layout": [
                    {
                      "id": "uiControl861body",
                      "display": {
                        "type": "cardBody",
                        "adapterId": "cardBody",
                        "adapter": {
                          "templateType": ""
                        }
                      },
                      "layout": [
                        {
                          "id": "uiControl862",
                          "controlId": "control775",
                          "display": {
                            "adapterId": "custom",
                            "type": "custom",
                            "adapter": {
                              "templateType": "react",
                              "events": {
                                "onDoAction": "doAction_uiControl862",
                                "onGetTemplate": "getTemplate_uiControl862"
                              }
                            }
                          }
                        }
                      ]
                    }
                  ]
                },
                {
                  "id": "uiControl878",
                  "display": {
                    "type": "card",
                    "adapterId": "card",
                    "class": "xg_four_btn",
                    "adapter": {
                      "templateType": ""
                    }
                  },
                  "layout": [
                    {
                      "id": "uiControl878body",
                      "display": {
                        "type": "cardBody",
                        "adapterId": "cardBody",
                        "adapter": {
                          "templateType": ""
                        }
                      },
                      "layout": [
                        {
                          "id": "uiControl879",
                          "controlId": "control776",
                          "display": {
                            "adapterId": "clickable",
                            "type": "button",
                            "adapter": {
                              "templateType": ""
                            }
                          }
                        },
                        {
                          "id": "uiControl880",
                          "controlId": "control777",
                          "display": {
                            "adapterId": "clickable",
                            "type": "button",
                            "adapter": {
                              "templateType": ""
                            }
                          }
                        },
                        {
                          "id": "uiControl881",
                          "controlId": "control778",
                          "display": {
                            "adapterId": "clickable",
                            "type": "button",
                            "adapter": {
                              "templateType": ""
                            }
                          }
                        },
                        {
                          "id": "uiControl882",
                          "controlId": "control779",
                          "display": {
                            "adapterId": "clickable",
                            "type": "button",
                            "adapter": {
                              "templateType": ""
                            }
                          }
                        }
                      ]
                    }
                  ]
                }
              ]
            }
          ]
        }
      ]
    }
  },
  "matchers": {
    "page/title": {
      "contexts": {
        "context0": [
          "学生工作管理信息系统"
        ]
      }
    },
    "page/urls": {
      "contexts": {
        "context0": [
          "42.247.16.108/xgxt/xtwh_news.do?method=newsMore&typeid=-1",
          "42.247.16.108/xgxt/xtwh_news.do?method=newsMore"
        ]
      }
    },
    "page/ids": {
      "contexts": {
        "context0": [
          [
            "allCheck",
            "arrange",
            "bjV",
            "bt",
            "btn_cz",
            "btn_setXsxx",
            "choose",
            "currentPage",
            "cxjg",
            "dgncz",
            "doType",
            "editPageSize",
            "fanye",
            "fashion",
            "first",
            "gyglyQx",
            "isBzr",
            "isFdy",
            "isPage",
            "jssj",
            "kssj",
            "lable_confirm_cx",
            "lable_confirm_sc",
            "lable_confirm_tj",
            "lable_dqwkfsq",
            "lable_jcszwcsh",
            "lable_one_cx",
            "lable_one_lcgz",
            "lable_one_tj",
            "lable_one_xg",
            "lable_shz_cx",
            "lable_some_sc",
            "lable_some_tj",
            "lable_wjt_sc",
            "lable_wjt_yth_sc",
            "lable_wjt_yth_tj",
            "lable_wjt_yth_xg",
            "lable_wxglcxx",
            "last",
            "maskLevel",
            "maxPage",
            "max_page",
            "max_record",
            "message",
            "mklx",
            "next",
            "njV",
            "page_Size",
            "pagediv",
            "pagelist",
            "pageno",
            "pagesize",
            "path",
            "pk",
            "pkValue",
            "pre",
            "realTable",
            "rsTable",
            "ryfw",
            "searchType",
            "search_go",
            "tableName",
            "tbody_search_query",
            "totlePage",
            "turnCheck",
            "typeid",
            "userDep",
            "userName",
            "userStatus",
            "userType",
            "xhV",
            "xmV",
            "xxdm",
            "xyV",
            "xzxsKey",
            "ym-bl",
            "ym-btnl",
            "ym-ml",
            "ym-tl",
            "ym-window",
            "yxzxss",
            "zyV"
          ],
          [
            "allCheck",
            "arrange",
            "bjV",
            "bt",
            "btn_cz",
            "btn_setXsxx",
            "choose",
            "currentPage",
            "cxjg",
            "dgncz",
            "doType",
            "editPageSize",
            "fanye",
            "fashion",
            "first",
            "gyglyQx",
            "isBzr",
            "isFdy",
            "isPage",
            "jssj",
            "kssj",
            "lable_confirm_cx",
            "lable_confirm_sc",
            "lable_confirm_tj",
            "lable_dqwkfsq",
            "lable_jcszwcsh",
            "lable_one_cx",
            "lable_one_lcgz",
            "lable_one_tj",
            "lable_one_xg",
            "lable_shz_cx",
            "lable_some_sc",
            "lable_some_tj",
            "lable_wjt_sc",
            "lable_wjt_yth_sc",
            "lable_wjt_yth_tj",
            "lable_wjt_yth_xg",
            "lable_wxglcxx",
            "last",
            "maxPage",
            "max_page",
            "max_record",
            "message",
            "mklx",
            "next",
            "njV",
            "page_Size",
            "pagediv",
            "pagelist",
            "pageno",
            "pagesize",
            "path",
            "pk",
            "pkValue",
            "pre",
            "realTable",
            "rsTable",
            "ryfw",
            "searchType",
            "search_go",
            "tableName",
            "tbody_search_query",
            "totlePage",
            "turnCheck",
            "typeid",
            "userDep",
            "userName",
            "userStatus",
            "userType",
            "xhV",
            "xmV",
            "xxdm",
            "xyV",
            "xzxsKey",
            "yxzxss",
            "zyV"
          ]
        ]
      }
    },
    "page/classes": {
      "contexts": {
        "context0": [
          [
            "btn",
            "btn_cz",
            "con_overlfow",
            "dateline",
            "datetitle_",
            "first",
            "formbox",
            "hide",
            "last",
            "location",
            "name",
            "next",
            "pageleft",
            "pagelist",
            "pagenum",
            "pageright",
            "pagination",
            "paging",
            "prev",
            "red",
            "searchtab",
            "tab_cur",
            "text_nor",
            "toolbox",
            "ui_b",
            "ui_border",
            "ui_buttons",
            "ui_c",
            "ui_close",
            "ui_content",
            "ui_dialog",
            "ui_icon",
            "ui_inner",
            "ui_l",
            "ui_lb",
            "ui_lt",
            "ui_main",
            "ui_max",
            "ui_max_b",
            "ui_min",
            "ui_min_b",
            "ui_r",
            "ui_rb",
            "ui_res",
            "ui_res_b",
            "ui_res_t",
            "ui_rt",
            "ui_t",
            "ui_title",
            "ui_title_bar",
            "ui_title_buttons",
            "ym-bc",
            "ym-bl",
            "ym-body",
            "ym-br",
            "ym-btn",
            "ym-header-text",
            "ym-header-tools",
            "ym-mc",
            "ym-ml",
            "ym-mr",
            "ym-tc",
            "ym-tl",
            "ym-tr",
            "ymPrompt_close",
            "ymPrompt_max",
            "ymPrompt_min"
          ],
          [
            "btn",
            "btn_cz",
            "con_overlfow",
            "dateline",
            "datetitle_",
            "first",
            "formbox",
            "hide",
            "last",
            "location",
            "name",
            "next",
            "pageleft",
            "pagelist",
            "pagenum",
            "pageright",
            "pagination",
            "paging",
            "prev",
            "red",
            "searchtab",
            "tab_cur",
            "text_nor",
            "toolbox"
          ],
          [
            "btn",
            "btn_cz",
            "con_overlfow",
            "dateline",
            "datetitle_",
            "first",
            "formbox",
            "hide",
            "last",
            "location",
            "name",
            "next",
            "pageleft",
            "pagelist",
            "pagenum",
            "pageright",
            "pagination",
            "paging",
            "prev",
            "red",
            "searchtab",
            "tab_cur",
            "text_nor",
            "toolbox",
            "ym-bc",
            "ym-bl",
            "ym-body",
            "ym-br",
            "ym-btn",
            "ym-header-text",
            "ym-header-tools",
            "ym-mc",
            "ym-ml",
            "ym-mr",
            "ym-tc",
            "ym-tl",
            "ym-tr",
            "ymPrompt_close",
            "ymPrompt_max",
            "ymPrompt_min"
          ],
          [
            "btn",
            "btn_cz",
            "con_overlfow",
            "dateline",
            "datetitle_",
            "first",
            "formbox",
            "hide",
            "last",
            "location",
            "name",
            "next",
            "pageleft",
            "pagelist",
            "pagenum",
            "pageright",
            "pagination",
            "paging",
            "prev",
            "red",
            "searchtab",
            "tab_cur",
            "text_nor",
            "toolbox",
            "ui_b",
            "ui_border",
            "ui_buttons",
            "ui_c",
            "ui_close",
            "ui_content",
            "ui_dialog",
            "ui_icon",
            "ui_inner",
            "ui_l",
            "ui_lb",
            "ui_loading",
            "ui_lt",
            "ui_main",
            "ui_max",
            "ui_max_b",
            "ui_min",
            "ui_min_b",
            "ui_r",
            "ui_rb",
            "ui_res",
            "ui_res_b",
            "ui_res_t",
            "ui_rt",
            "ui_state_focus",
            "ui_state_visible",
            "ui_t",
            "ui_title",
            "ui_title_bar",
            "ui_title_buttons",
            "ym-bc",
            "ym-bl",
            "ym-body",
            "ym-br",
            "ym-btn",
            "ym-header-text",
            "ym-header-tools",
            "ym-mc",
            "ym-ml",
            "ym-mr",
            "ym-tc",
            "ym-tl",
            "ym-tr",
            "ymPrompt_close",
            "ymPrompt_max",
            "ymPrompt_min"
          ]
        ]
      }
    },
    "page/tagTriplets": {
      "contexts": {
        "context0": [
          [
            "-/-/DIV",
            "-/-/FORM",
            "-/-/SCRIPT",
            "-/DIV/DIV",
            "-/DIV/IFRAME",
            "-/DIV/TABLE",
            "-/FORM/BUTTON",
            "-/FORM/DIV",
            "-/FORM/INPUT-hidden",
            "DIV/A/B",
            "DIV/DIV/A",
            "DIV/DIV/DIV",
            "DIV/DIV/INPUT-checkbox",
            "DIV/DIV/P",
            "DIV/DIV/SPAN",
            "DIV/DIV/STRONG",
            "DIV/DIV/TABLE",
            "DIV/H3/SPAN",
            "DIV/P/A",
            "DIV/P/EM",
            "DIV/P/INPUT-text",
            "DIV/P/SPAN",
            "DIV/TABLE/TBODY",
            "DIV/TABLE/THEAD",
            "FORM/DIV/DIV",
            "FORM/DIV/H3",
            "FORM/DIV/INPUT-hidden",
            "FORM/DIV/P",
            "FORM/DIV/SCRIPT",
            "FORM/DIV/STYLE",
            "P/SPAN/INPUT-text",
            "TABLE/TBODY/TR",
            "TABLE/THEAD/TR",
            "TBODY/TR/TD",
            "TBODY/TR/TH",
            "TD/DIV/BUTTON",
            "TD/DIV/DIV",
            "TD/DIV/TABLE",
            "TD/SELECT/OPTION",
            "THEAD/TR/TD",
            "TR/TD/A",
            "TR/TD/DIV",
            "TR/TD/INPUT-text",
            "TR/TD/SELECT"
          ],
          [
            "-/-/FORM",
            "-/-/SCRIPT",
            "-/FORM/BUTTON",
            "-/FORM/DIV",
            "-/FORM/INPUT-hidden",
            "DIV/DIV/A",
            "DIV/DIV/DIV",
            "DIV/DIV/INPUT-checkbox",
            "DIV/DIV/P",
            "DIV/DIV/SPAN",
            "DIV/DIV/TABLE",
            "DIV/H3/SPAN",
            "DIV/P/A",
            "DIV/P/EM",
            "DIV/P/INPUT-text",
            "DIV/P/SPAN",
            "DIV/TABLE/TBODY",
            "DIV/TABLE/THEAD",
            "FORM/DIV/DIV",
            "FORM/DIV/H3",
            "FORM/DIV/INPUT-hidden",
            "FORM/DIV/P",
            "FORM/DIV/SCRIPT",
            "FORM/DIV/STYLE",
            "P/SPAN/INPUT-text",
            "TABLE/TBODY/TR",
            "TABLE/THEAD/TR",
            "TBODY/TR/TD",
            "TBODY/TR/TH",
            "TD/DIV/BUTTON",
            "TD/SELECT/OPTION",
            "THEAD/TR/TD",
            "TR/TD/A",
            "TR/TD/DIV",
            "TR/TD/INPUT-text",
            "TR/TD/SELECT"
          ],
          [
            "-/-/DIV",
            "-/-/FORM",
            "-/-/SCRIPT",
            "-/DIV/DIV",
            "-/DIV/IFRAME",
            "-/FORM/BUTTON",
            "-/FORM/DIV",
            "-/FORM/INPUT-hidden",
            "DIV/DIV/A",
            "DIV/DIV/DIV",
            "DIV/DIV/INPUT-checkbox",
            "DIV/DIV/P",
            "DIV/DIV/SPAN",
            "DIV/DIV/STRONG",
            "DIV/DIV/TABLE",
            "DIV/H3/SPAN",
            "DIV/P/A",
            "DIV/P/EM",
            "DIV/P/INPUT-text",
            "DIV/P/SPAN",
            "DIV/TABLE/TBODY",
            "DIV/TABLE/THEAD",
            "FORM/DIV/DIV",
            "FORM/DIV/H3",
            "FORM/DIV/INPUT-hidden",
            "FORM/DIV/P",
            "FORM/DIV/SCRIPT",
            "FORM/DIV/STYLE",
            "P/SPAN/INPUT-text",
            "TABLE/TBODY/TR",
            "TABLE/THEAD/TR",
            "TBODY/TR/TD",
            "TBODY/TR/TH",
            "TD/DIV/BUTTON",
            "TD/SELECT/OPTION",
            "THEAD/TR/TD",
            "TR/TD/A",
            "TR/TD/DIV",
            "TR/TD/INPUT-text",
            "TR/TD/SELECT"
          ]
        ]
      }
    }
  }
}