{
  "version": "0.1",
  "id": "q_party_info_student_detail",
  "targetURL": "http://42.247.16.108/xgxt/dtxxsqbase.do",
  "jsFile": "index.js",
  "chineseName": "党团信息-学生详情",
  "description": "",
  "controls": {
    "control286": {
      "location": {
        "data": {
          "tagName": "BUTTON"
        },
        "locators": [
          {
            "id": "button/text",
            "prob": 3,
            "value": {
              "text": [
                "关 闭"
              ],
              "visText": [
                "关 闭"
              ]
            }
          },
          {
            "id": "text",
            "prob": 3,
            "value": {
              "text": [
                "关 闭"
              ],
              "visText": [
                "关 闭"
              ]
            }
          },
          {
            "id": "elem/@name",
            "prob": 1,
            "value": "descendant::BUTTON[@name=\"关闭\"]"
          },
          {
            "id": "@id/word",
            "prob": 3,
            "value": "descendant::BUTTON[@id=\"buttonClose\"]"
          },
          {
            "id": "@class/word",
            "prob": 1,
            "ordinal": [
              0,
              5
            ],
            "value": "TABLE.formlist DIV.btn BUTTON"
          },
          {
            "id": "path/ordinal",
            "prob": 1,
            "value": "/HTML[1]/BODY[1]/TABLE[1]/TFOOT[1]/TR[1]/TD[1]/DIV[1]/BUTTON[1]"
          },
          {
            "id": "input/type",
            "verifyEnabled": true,
            "value": "button"
          },
          {
            "id": "elderLevel",
            "value": {
              "level": 0
            }
          },
          {
            "id": "shield",
            "value": {
              "zIndex": "auto",
              "width": 52.609375,
              "height": 19
            }
          }
        ]
      },
      "intendedRole": "button",
      "roles": "element,button",
      "monitored": false,
      "frameXPath": "//iframe[@name='childDialog']<<IFRAME>>"
    },
    "control287": {
      "location": {
        "data": {
          "tagName": "DIV"
        },
        "locators": [
          {
            "id": "@id/word",
            "prob": 3,
            "value": "descendant::DIV[@id=\"content\"]"
          },
          {
            "id": "@class/word",
            "prob": 1,
            "ordinal": [
              0,
              2
            ],
            "value": "DIV.demo_xxxx"
          },
          {
            "id": "path/ordinal",
            "prob": 1,
            "value": "/HTML[1]/BODY[1]/FORM[1]/DIV[2]"
          },
          {
            "id": "shield",
            "value": {
              "zIndex": "auto",
              "width": 733,
              "height": 4736
            }
          }
        ]
      },
      "intendedRole": "fragment",
      "roles": "element,fragment",
      "monitored": false,
      "frameXPath": "//iframe[@name='childDialog']<<IFRAME>>"
    },
    "control288": {
      "location": {
        "data": {
          "tagName": "SPAN"
        },
        "locators": [
          {
            "id": "button/text",
            "prob": 3,
            "value": {
              "text": [
                "温馨提醒： 点击下面的类别， 可以快速定位到您所要查看的信息"
              ],
              "visText": [
                "温馨提醒： 点击下面的类别， 可以快速定位到您所要查看的信息"
              ]
            }
          },
          {
            "id": "text",
            "prob": 3,
            "value": {
              "text": [
                "温馨提醒： 点击下面的类别， 可以快速定位到您所要查看的信息"
              ],
              "visText": [
                "温馨提醒： 点击下面的类别， 可以快速定位到您所要查看的信息"
              ]
            }
          },
          {
            "id": "@id/word",
            "prob": 2,
            "value": [
              "descendant::DIV[@id=\"navigation\"]/DIV[1]/SPAN[2]",
              "descendant::DIV[@id=\"navigation\"]//SPAN"
            ]
          },
          {
            "id": "@class/word",
            "prob": 1,
            "ordinal": [
              0,
              2
            ],
            "value": "DIV.title_xxxx SPAN.wxts"
          },
          {
            "id": "path/ordinal",
            "prob": 1,
            "value": "/HTML[1]/BODY[1]/FORM[1]/DIV[1]/DIV[1]/DIV[1]/SPAN[2]"
          },
          {
            "id": "style/color",
            "value": [
              255,
              150,
              0
            ]
          },
          {
            "id": "shield",
            "value": {
              "zIndex": "auto",
              "width": 354,
              "height": 22
            }
          }
        ]
      },
      "roles": "element",
      "text": "温馨提醒： 点击下面的类别，\n\t\t\t\t\t\t\t\t可以快速定位到您所要查看的信息\n\t\t\t\t\t\t",
      "frameXPath": "//iframe[@name='childDialog']<<IFRAME>>"
    },
    "control533": {
      "location": {
        "data": {
          "tagName": "SPAN"
        },
        "locators": [
          {
            "id": "button/text",
            "prob": 3,
            "value": {
              "text": [
                "测试学生 （学号： 999999）"
              ],
              "visText": [
                "测试学生 （学号： 999999）"
              ]
            }
          },
          {
            "id": "text",
            "prob": 3,
            "value": {
              "text": [
                "测试学生 （学号： 999999）"
              ],
              "visText": [
                "测试学生 （学号： 999999）"
              ]
            }
          },
          {
            "id": "@id/word",
            "prob": 2,
            "value": [
              "descendant::DIV[@id=\"navigation\"]/DIV[1]/SPAN[1]",
              "descendant::DIV[@id=\"navigation\"]//SPAN"
            ]
          },
          {
            "id": "@class/word",
            "prob": 1,
            "ordinal": [
              0,
              2
            ],
            "value": "DIV.title_xxxx SPAN.people_xx"
          },
          {
            "id": "path/ordinal",
            "prob": 1,
            "value": "/HTML[1]/BODY[1]/FORM[1]/DIV[1]/DIV[1]/DIV[1]/SPAN[1]"
          },
          {
            "id": "shield",
            "value": {
              "zIndex": "auto",
              "width": 220,
              "height": 23
            }
          }
        ]
      },
      "intendedRole": "fragment",
      "roles": "element,fragment",
      "monitored": true,
      "frameXPath": "//iframe[@name='childDialog']<<IFRAME>>"
    }
  },
  "contexts": {
    "context18": {
      "controls": [
        "control286",
        "control287",
        "control533"
      ],
      "anchors": [
        "control288"
      ]
    }
  },
  "flows": {
    "flow101": {
      "toContexts": [
        {
          "toContextId": "context18"
        }
      ]
    }
  },
  "pages": {
    "page18": {
      "contextId": "context18",
      "layout": [
        {
          "id": "uiControl365",
          "display": {
            "class": "navbar navbar-primary xg_header",
            "title": "学生详细信息",
            "type": "header",
            "adapterId": "header",
            "adapter": {
              "templateType": ""
            }
          },
          "layout": [
            {
              "id": "uiControl365headerLeft",
              "display": {
                "type": "headerLeft",
                "adapterId": "headerLeft",
                "adapter": {
                  "templateType": ""
                }
              },
              "layout": []
            }
          ]
        },
        {
          "id": "uiControl375",
          "display": {
            "type": "card",
            "adapterId": "card",
            "class": "xg_body",
            "adapter": {
              "templateType": ""
            }
          },
          "layout": [
            {
              "id": "uiControl375body",
              "display": {
                "type": "cardBody",
                "adapterId": "cardBody",
                "adapter": {
                  "templateType": ""
                }
              },
              "layout": [
                {
                  "id": "uiControl557",
                  "controlId": "control533",
                  "display": {
                    "adapterId": "fragment",
                    "type": "fragment",
                    "class": "lv_info_header",
                    "adapter": {
                      "templateType": ""
                    }
                  }
                },
                {
                  "id": "uiControl376",
                  "controlId": "control287",
                  "display": {
                    "adapterId": "fragment",
                    "type": "fragment",
                    "class": "lv_stuinfo",
                    "adapter": {
                      "templateType": ""
                    }
                  }
                }
              ]
            }
          ]
        },
        {
          "id": "uiControl374",
          "controlId": "control286",
          "display": {
            "adapterId": "clickable",
            "type": "button",
            "text": "返回",
            "class": "xg_back",
            "adapter": {
              "templateType": ""
            }
          }
        }
      ]
    }
  },
  "matchers": {
    "page/title": {
      "contexts": {
        "context18": [
          ""
        ]
      }
    },
    "page/urls": {
      "contexts": {
        "context18": [
          "42.247.16.108/xgxt/dtxxsqbase.do"
        ]
      }
    },
    "page/ids": {
      "contexts": {
        "context18": [
          [
            "hi_rcxw",
            "stuGkImg",
            "stuImg",
            "tab_rcxw",
            "xsgkzp",
            "zdybdcon_table_xsxx_query_xsxx_jbxx",
            "zdybdcon_table_xsxx_query_xsxx_lxfs",
            "zdybdcon_table_xsxx_query_xsxx_qtxx",
            "zdybdfl_xsxx_query_gygl",
            "zdybdfl_xsxx_query_kccj",
            "zdybdfl_xsxx_query_kccj_djkscj",
            "zdybdfl_xsxx_query_kccj_kckscj",
            "zdybdfl_xsxx_query_pjpy",
            "zdybdfl_xsxx_query_pjpy_hjqk",
            "zdybdfl_xsxx_query_pjpy_zcfs",
            "zdybdfl_xsxx_query_qgzx",
            "zdybdfl_xsxx_query_qgzx_gwluqk",
            "zdybdfl_xsxx_query_qgzx_xjffqk",
            "zdybdfl_xsxx_query_rcsw",
            "zdybdfl_xsxx_query_rcsw_rcxwjl",
            "zdybdfl_xsxx_query_szxx",
            "zdybdfl_xsxx_query_szxx_bzr",
            "zdybdfl_xsxx_query_szxx_fdy",
            "zdybdfl_xsxx_query_tdxx",
            "zdybdfl_xsxx_query_tdxx_grjdxx",
            "zdybdfl_xsxx_query_wjcf",
            "zdybdfl_xsxx_query_wjcf_wjcf",
            "zdybdfl_xsxx_query_xjyd",
            "zdybdfl_xsxx_query_xjyd_xjydxx",
            "zdybdfl_xsxx_query_xsxx",
            "zdybdfl_xsxx_query_xsxx_fyffxx",
            "zdybdfl_xsxx_query_xsxx_gyjlclxx",
            "zdybdfl_xsxx_query_xsxx_gywjxx",
            "zdybdfl_xsxx_query_xsxx_gywsfxxall",
            "zdybdfl_xsxx_query_xsxx_gyxx",
            "zdybdfl_xsxx_query_xsxx_gyydxx",
            "zdybdfl_xsxx_query_xsxx_hcyhkxx",
            "zdybdfl_xsxx_query_xsxx_jbxx",
            "zdybdfl_xsxx_query_xsxx_jqlxxx",
            "zdybdfl_xsxx_query_xsxx_jtcyxx",
            "zdybdfl_xsxx_query_xsxx_lxfs",
            "zdybdfl_xsxx_query_xsxx_qjxx",
            "zdybdfl_xsxx_query_xsxx_qswpxx",
            "zdybdfl_xsxx_query_xsxx_qtxx",
            "zdybdfl_xsxx_query_xsxx_xqzcbdxx",
            "zdybdfl_xsxx_query_xsxx_xsgbxx",
            "zdybdfl_xsxx_query_xsxx_zjbbxx",
            "zdybdfl_xsxx_query_xszz",
            "zdybdfl_xsxx_query_xszz_knsrdxx",
            "zdybdfl_xsxx_query_xszz_zzxmxx"
          ]
        ]
      }
    },
    "page/classes": {
      "contexts": {
        "context18": [
          [
            "college_title",
            "formlist",
            "open_img",
            "title_name"
          ]
        ]
      }
    },
    "page/tagTriplets": {
      "contexts": {
        "context18": [
          [
            "-/-/DIV",
            "-/DIV/A",
            "-/DIV/DIV",
            "-/DIV/H3",
            "DIV/DIV/A",
            "DIV/DIV/TABLE",
            "DIV/H3/SPAN",
            "DIV/TABLE/TBODY",
            "DIV/TABLE/THEAD",
            "TABLE/TBODY/TR",
            "TABLE/THEAD/TR",
            "TBODY/TR/TD",
            "TBODY/TR/TH",
            "TD/DIV/IMG",
            "TH/SPAN/FONT",
            "THEAD/TR/TH",
            "TR/TD/DIV",
            "TR/TH/DIV",
            "TR/TH/SPAN"
          ]
        ]
      }
    }
  }
}