{
  "version": "0.1",
  "id": "q_party_build_tracking",
  "targetURL": "http://42.247.16.108/xgxt/dtxxsqbase.do",
  "jsFile": "../../lib/base.js,../../lib/customTemplate.js,index.js",
  "cssFile": "../../lib/base.css",
  "requires": {},
  "chineseName": "党团建设-党团信息申请-流程跟踪",
  "controls": {
    "control0": {
      "location": {
        "data": {
          "tagName": "DIV"
        },
        "locators": [
          {
            "id": "text",
            "prob": 3,
            "value": {
              "text": [
                "辅导员审核1 学生处审核2 审核中 待审核 审核岗位：辅导员审核审核人：审核时间： 审核意见："
              ],
              "visText": [
                "辅导员审核 1 学生处审核 2 审核中 待审核 审核岗位：辅导员审核审核人：审核时间： 审核意见："
              ]
            }
          },
          {
            "id": "@class/word",
            "prob": 1,
            "ordinal": [
              0,
              2
            ],
            "value": "DIV.splc1"
          },
          {
            "id": "path/ordinal",
            "prob": 1,
            "value": "/HTML[1]/BODY[1]/DIV[2]"
          },
          {
            "id": "shield",
            "value": {
              "zIndex": "auto",
              "width": 480,
              "height": 143
            }
          }
        ]
      },
      "intendedRole": "fragment",
      "roles": "element,link,fragment",
      "monitored": false,
      "frameXPath": "//iframe[@name='parentDialog']<<IFRAME>>"
    },
    "control1": {
      "location": {
        "data": {
          "tagName": "A"
        },
        "locators": [
          {
            "id": "@title",
            "prob": 2,
            "ordinal": [
              0,
              3
            ],
            "value": {
              "text": [
                "关闭(esc键)"
              ]
            }
          },
          {
            "id": "@class/word",
            "prob": 1,
            "ordinal": [
              0,
              3
            ],
            "value": "DIV.ui_title_bar DIV.ui_title_buttons A.ui_close"
          },
          {
            "id": "path/ordinal",
            "prob": 1,
            "ordinal": [
              0,
              2
            ],
            "value": "/HTML[1]/BODY[1]/DIV[1]/TABLE[1]/TBODY[1]/TR[2]/TD[2]/DIV[1]/TABLE[1]/TBODY[1]/TR[1]/TD[1]/DIV[1]/DIV[2]/A[4]"
          },
          {
            "id": "elderLevel",
            "value": {
              "level": 0
            }
          },
          {
            "id": "shield",
            "value": {
              "zIndex": "auto",
              "width": 22,
              "height": 22
            }
          }
        ]
      },
      "intendedRole": "button",
      "roles": "element,button,link",
      "monitored": false
    },
    "control294": {
      "location": {
        "data": {
          "tagName": "DIV"
        },
        "locators": [
          {
            "id": "button/text",
            "prob": 3,
            "value": {
              "text": [
                "党团管理审批流程跟踪"
              ],
              "visText": [
                "党团管理审批流程跟踪"
              ]
            }
          },
          {
            "id": "text",
            "prob": 3,
            "value": {
              "text": [
                "党团管理审批流程跟踪"
              ],
              "visText": [
                "党团管理审批流程跟踪"
              ]
            }
          },
          {
            "id": "@class/word",
            "prob": 1,
            "ordinal": [
              0,
              3
            ],
            "value": "TABLE.ui_dialog DIV.ui_title_bar DIV.ui_title"
          },
          {
            "id": "path/ordinal",
            "prob": 1,
            "ordinal": [
              0,
              2
            ],
            "value": "/HTML[1]/BODY[1]/DIV[1]/TABLE[1]/TBODY[1]/TR[2]/TD[2]/DIV[1]/TABLE[1]/TBODY[1]/TR[1]/TD[1]/DIV[1]/DIV[1]"
          },
          {
            "id": "elderLevel",
            "value": {
              "level": 0
            }
          },
          {
            "id": "shield",
            "value": {
              "zIndex": "auto",
              "width": 480,
              "height": 22
            }
          }
        ]
      },
      "roles": "element",
      "text": "党团管理审批流程跟踪"
    }
  },
  "contexts": {
    "context2": {
      "controls": [
        "control0",
        "control1"
      ],
      "anchors": [
        "control294"
      ]
    }
  },
  "flows": {
    "flow0": {
      "toContexts": [
        {
          "toContextId": "context2"
        }
      ]
    }
  },
  "pages": {
    "page2": {
      "contextId": "context2",
      "layout": [
        {
          "id": "uiControl28",
          "display": {
            "class": "navbar navbar-primary xg_header",
            "title": "党团管理审批流程跟踪",
            "type": "header",
            "adapterId": "header",
            "adapter": {
              "templateType": ""
            }
          },
          "layout": []
        },
        {
          "id": "uiControl32",
          "controlId": "control1",
          "display": {
            "adapterId": "clickable",
            "type": "button",
            "text": "返回",
            "class": "xg_back",
            "adapter": {
              "templateType": ""
            }
          }
        },
        {
          "id": "uiControl29",
          "display": {
            "type": "card",
            "adapterId": "card",
            "class": "xg_body",
            "adapter": {
              "templateType": ""
            }
          },
          "layout": [
            {
              "id": "uiControl29body",
              "display": {
                "type": "cardBody",
                "adapterId": "cardBody",
                "adapter": {
                  "templateType": ""
                }
              },
              "layout": [
                {
                  "id": "uiControl31",
                  "display": {
                    "type": "card",
                    "adapterId": "card",
                    "class": "lv_it_fra",
                    "adapter": {
                      "templateType": ""
                    }
                  },
                  "layout": [
                    {
                      "id": "uiControl31body",
                      "display": {
                        "type": "cardBody",
                        "adapterId": "cardBody",
                        "adapter": {
                          "templateType": ""
                        }
                      },
                      "layout": [
                        {
                          "id": "uiControl30",
                          "controlId": "control0",
                          "display": {
                            "adapterId": "fragment",
                            "type": "fragment",
                            "adapter": {
                              "templateType": ""
                            }
                          }
                        }
                      ]
                    }
                  ]
                }
              ]
            }
          ]
        }
      ]
    }
  },
  "matchers": {
    "page/title": {
      "contexts": {
        "context2": [
          ""
        ]
      }
    },
    "page/urls": {
      "contexts": {
        "context2": [
          "42.247.16.108/xgxt/dtxxsqbase.do"
        ]
      }
    },
    "page/ids": {
      "contexts": {
        "context2": [
          [
            "dsh"
          ],
          []
        ]
      }
    },
    "page/classes": {
      "contexts": {
        "context2": [
          [
            "black",
            "clearall",
            "content",
            "er",
            "h",
            "hz",
            "more",
            "num",
            "tep",
            "text",
            "title",
            "type",
            "u",
            "w",
            "wk",
            "zt"
          ],
          [
            "black",
            "content",
            "more",
            "title",
            "type"
          ]
        ],
        "context1": [
          [
            "Sort_up",
            "_type hover",
            "adv_filter",
            "btn_",
            "btn_c",
            "btn_cx",
            "btn_cz",
            "btn_dc",
            "btn_xg",
            "btn_zj",
            "buttonbox",
            "c",
            "dateline",
            "datetitle_",
            "down",
            "e",
            "earch_advanced",
            "elected-attr",
            "fir",
            "hide",
            "huc",
            "la",
            "location",
            "more--item_bottom",
            "moreValue_click",
            "more_down",
            "next pointer",
            "nowrap",
            "option",
            "pageleft",
            "pagenum",
            "pageright",
            "pagination",
            "paging",
            "prev pointer",
            "prompcon",
            "prop-item",
            "r",
            "red",
            "t pointer",
            "tab_cur",
            "toolbox",
            "ym-bc",
            "ym-bl",
            "ym-body",
            "ym-br",
            "ym-btn",
            "ym-header-text",
            "ym-header-tool",
            "ym-mc",
            "ym-ml",
            "ym-mr",
            "ym-tc",
            "ym-tl",
            "ym-tr",
            "ymPrompt_clo",
            "ymPrompt_max",
            "ymPrompt_min"
          ],
          [
            "Sort_up",
            "_type",
            "adv_filter",
            "btn_",
            "btn_c",
            "btn_cx",
            "btn_cz",
            "btn_dc",
            "btn_xg",
            "btn_zj",
            "buttonbox",
            "c",
            "dateline",
            "datetitle_",
            "down",
            "e",
            "earch_advanced",
            "elected-attr",
            "fir",
            "hide",
            "huc",
            "la",
            "location",
            "more--item_bottom",
            "moreValue_click",
            "more_down",
            "next pointer",
            "nowrap",
            "option",
            "pageleft",
            "pagenum",
            "pageright",
            "pagination",
            "paging",
            "prev pointer",
            "prompcon",
            "prop-item",
            "r",
            "red",
            "t pointer",
            "tab_cur",
            "toolbox",
            "ym-bc",
            "ym-bl",
            "ym-body",
            "ym-br",
            "ym-btn",
            "ym-header-text",
            "ym-header-tool",
            "ym-mc",
            "ym-ml",
            "ym-mr",
            "ym-tc",
            "ym-tl",
            "ym-tr",
            "ymPrompt_clo",
            "ymPrompt_max",
            "ymPrompt_min"
          ],
          [
            "Sort_up",
            "_type",
            "adv_filter",
            "btnStyle handler",
            "btn_",
            "btn_c",
            "btn_cx",
            "btn_cz",
            "btn_dc",
            "btn_xg",
            "btn_zj",
            "buttonbox",
            "c",
            "dateline",
            "datetitle_",
            "down",
            "e",
            "earch_advanced",
            "elected-attr",
            "fir",
            "hide",
            "huc",
            "la",
            "location",
            "more--item_bottom",
            "moreValue_click",
            "more_down",
            "next pointer",
            "nowrap",
            "option",
            "pageleft",
            "pagenum",
            "pageright",
            "pagination",
            "paging",
            "prev pointer",
            "prompcon",
            "prop-item",
            "r",
            "red",
            "t pointer",
            "tab_cur",
            "toolbox",
            "ym-bc",
            "ym-bl",
            "ym-body ymPrompt_alert",
            "ym-br",
            "ym-btn",
            "ym-content",
            "ym-header-text",
            "ym-header-tool",
            "ym-mc",
            "ym-ml",
            "ym-mr",
            "ym-tc",
            "ym-tl",
            "ym-tr",
            "ymPrompt_clo",
            "ymPrompt_max",
            "ymPrompt_min"
          ],
          [
            "Sort_up",
            "_type hover",
            "adv_filter",
            "btn_",
            "btn_c",
            "btn_cx",
            "btn_cz",
            "btn_dc",
            "btn_xg",
            "btn_zj",
            "buttonbox",
            "c",
            "dateline",
            "datetitle_",
            "down",
            "e",
            "earch_advanced",
            "elected-attr",
            "fir",
            "hide",
            "huc",
            "la",
            "location",
            "more--item_bottom",
            "next pointer",
            "nowrap",
            "option",
            "pageleft",
            "pagenum",
            "pageright",
            "pagination",
            "paging",
            "prev pointer",
            "prompcon",
            "prop-item",
            "r",
            "red",
            "t pointer",
            "tab_cur",
            "toolbox",
            "ym-bc",
            "ym-bl",
            "ym-body",
            "ym-br",
            "ym-btn",
            "ym-header-text",
            "ym-header-tool",
            "ym-mc",
            "ym-ml",
            "ym-mr",
            "ym-tc",
            "ym-tl",
            "ym-tr",
            "ymPrompt_clo",
            "ymPrompt_max",
            "ymPrompt_min"
          ],
          [
            "_type hover",
            "adv_filter",
            "btn_",
            "btn_c",
            "btn_cx",
            "btn_cz",
            "btn_dc",
            "btn_xg",
            "btn_zj",
            "buttonbox",
            "c",
            "datetitle_",
            "down",
            "earch_advanced",
            "elected-attr",
            "hide",
            "huc",
            "location",
            "more--item_bottom",
            "option",
            "prompcon",
            "prop-item",
            "r",
            "tab_cur",
            "toolbox"
          ],
          [
            "Sort_up",
            "_type hover",
            "adv_filter",
            "btnStyle handler",
            "btn_",
            "btn_c",
            "btn_cx",
            "btn_cz",
            "btn_dc",
            "btn_xg",
            "btn_zj",
            "buttonbox",
            "c",
            "dateline",
            "datetitle_",
            "down",
            "e",
            "earch_advanced",
            "elected-attr",
            "fir",
            "hide",
            "huc",
            "la",
            "location",
            "more--item_bottom",
            "moreValue_click",
            "more_down",
            "next pointer",
            "nowrap",
            "option",
            "pageleft",
            "pagenum",
            "pageright",
            "pagination",
            "paging",
            "prev pointer",
            "prompcon",
            "prop-item",
            "r",
            "red",
            "t pointer",
            "tab_cur",
            "toolbox",
            "ym-bc",
            "ym-bl",
            "ym-body ymPrompt_alert",
            "ym-br",
            "ym-btn",
            "ym-content",
            "ym-header-text",
            "ym-header-tool",
            "ym-mc",
            "ym-ml",
            "ym-mr",
            "ym-tc",
            "ym-tl",
            "ym-tr",
            "ymPrompt_clo",
            "ymPrompt_max",
            "ymPrompt_min"
          ],
          [
            " ui_",
            "Sort_up",
            "_b",
            "_t",
            "_type",
            "adv_filter",
            "btn_",
            "btn_c",
            "btn_cx",
            "btn_cz",
            "btn_dc",
            "btn_xg",
            "btn_zj",
            "buttonbox",
            "c",
            "dateline",
            "datetitle_",
            "down",
            "e",
            "earch_advanced",
            "elected-attr",
            "fir",
            "hide",
            "huc",
            "ible ui_",
            "la",
            "location",
            "more--item_bottom",
            "moreValue_click",
            "more_down",
            "next pointer",
            "nowrap",
            "option",
            "pageleft",
            "pagenum",
            "pageright",
            "pagination",
            "paging",
            "prev pointer",
            "prompcon",
            "prop-item",
            "r",
            "red",
            "t pointer",
            "tab_cur",
            "tate_focu",
            "tate_full",
            "tate_lock",
            "tate_lock ui_",
            "tate_tip",
            "tate_vi",
            "toolbox",
            "ui_b",
            "ui_border ui_",
            "ui_button",
            "ui_c",
            "ui_clo",
            "ui_content",
            "ui_content ui_",
            "ui_dialog",
            "ui_icon",
            "ui_icon_bg",
            "ui_inner",
            "ui_l",
            "ui_lb",
            "ui_loading",
            "ui_lt",
            "ui_main",
            "ui_max",
            "ui_max_b",
            "ui_min",
            "ui_min_b",
            "ui_r",
            "ui_rb",
            "ui_re",
            "ui_rt",
            "ui_t",
            "ui_title",
            "ui_title_bar",
            "ui_title_button",
            "ym-bc",
            "ym-bl",
            "ym-body",
            "ym-br",
            "ym-btn",
            "ym-header-text",
            "ym-header-tool",
            "ym-mc",
            "ym-ml",
            "ym-mr",
            "ym-tc",
            "ym-tl",
            "ym-tr",
            "ymPrompt_clo",
            "ymPrompt_max",
            "ymPrompt_min"
          ],
          [
            " ui_",
            "Sort_up",
            "_b",
            "_t",
            "_type hover",
            "adv_filter",
            "btn_",
            "btn_c",
            "btn_cx",
            "btn_cz",
            "btn_dc",
            "btn_xg",
            "btn_zj",
            "buttonbox",
            "c",
            "dateline",
            "datetitle_",
            "down",
            "e",
            "earch_advanced",
            "elected-attr",
            "fir",
            "hide",
            "huc",
            "la",
            "location",
            "more--item_bottom",
            "moreValue_click",
            "more_down",
            "next pointer",
            "nowrap",
            "option",
            "pageleft",
            "pagenum",
            "pageright",
            "pagination",
            "paging",
            "prev pointer",
            "prompcon",
            "prop-item",
            "r",
            "red",
            "t pointer",
            "tab_cur",
            "tate_focu",
            "tate_lock",
            "tate_tip",
            "toolbox",
            "ui_b",
            "ui_border ui_",
            "ui_button",
            "ui_c",
            "ui_clo",
            "ui_content",
            "ui_dialog",
            "ui_icon",
            "ui_icon_bg",
            "ui_inner",
            "ui_l",
            "ui_lb",
            "ui_lt",
            "ui_main",
            "ui_max",
            "ui_max_b",
            "ui_min",
            "ui_min_b",
            "ui_r",
            "ui_rb",
            "ui_re",
            "ui_rt",
            "ui_t",
            "ui_title",
            "ui_title_bar",
            "ui_title_button",
            "ym-bc",
            "ym-bl",
            "ym-body",
            "ym-br",
            "ym-btn",
            "ym-header-text",
            "ym-header-tool",
            "ym-mc",
            "ym-ml",
            "ym-mr",
            "ym-tc",
            "ym-tl",
            "ym-tr",
            "ymPrompt_clo",
            "ymPrompt_max",
            "ymPrompt_min"
          ],
          [
            " ui_",
            "Sort_up",
            "_b",
            "_t",
            "_type hover",
            "adv_filter",
            "btn_",
            "btn_c",
            "btn_cx",
            "btn_cz",
            "btn_dc",
            "btn_xg",
            "btn_zj",
            "buttonbox",
            "c",
            "dateline",
            "datetitle_",
            "down",
            "e",
            "earch_advanced",
            "elected-attr",
            "fir",
            "hide",
            "huc",
            "la",
            "location",
            "more--item_bottom",
            "name",
            "next pointer",
            "nowrap",
            "option",
            "pageleft",
            "pagenum",
            "pageright",
            "pagination",
            "paging",
            "prev pointer",
            "prompcon",
            "prop-item",
            "r",
            "red",
            "t pointer",
            "tab_cur",
            "tate_focu",
            "tate_lock",
            "tate_tip",
            "toolbox",
            "ui_b",
            "ui_border ui_",
            "ui_button",
            "ui_c",
            "ui_clo",
            "ui_content",
            "ui_dialog",
            "ui_icon",
            "ui_icon_bg",
            "ui_inner",
            "ui_l",
            "ui_lb",
            "ui_lt",
            "ui_main",
            "ui_max",
            "ui_max_b",
            "ui_min",
            "ui_min_b",
            "ui_r",
            "ui_rb",
            "ui_re",
            "ui_rt",
            "ui_t",
            "ui_title",
            "ui_title_bar",
            "ui_title_button",
            "ym-bc",
            "ym-bl",
            "ym-body",
            "ym-br",
            "ym-btn",
            "ym-header-text",
            "ym-header-tool",
            "ym-mc",
            "ym-ml",
            "ym-mr",
            "ym-tc",
            "ym-tl",
            "ym-tr",
            "ymPrompt_clo",
            "ymPrompt_max",
            "ymPrompt_min"
          ],
          [
            " ui_",
            "Sort_up",
            "_b",
            "_t",
            "_type hover",
            "adv_filter",
            "btnStyle handler",
            "btn_",
            "btn_c",
            "btn_cx",
            "btn_cz",
            "btn_dc",
            "btn_xg",
            "btn_zj",
            "buttonbox",
            "c",
            "dateline",
            "datetitle_",
            "down",
            "e",
            "earch_advanced",
            "elected-attr",
            "fir",
            "hide",
            "huc",
            "la",
            "location",
            "more--item_bottom",
            "moreValue_click",
            "more_down",
            "name",
            "next pointer",
            "nowrap",
            "option",
            "pageleft",
            "pagenum",
            "pageright",
            "pagination",
            "paging",
            "prev pointer",
            "prompcon",
            "prop-item",
            "r",
            "red",
            "t pointer",
            "tab_cur",
            "tate_lock",
            "tate_tip",
            "toolbox",
            "ui_b",
            "ui_border",
            "ui_border ui_",
            "ui_button",
            "ui_c",
            "ui_clo",
            "ui_content",
            "ui_dialog",
            "ui_icon",
            "ui_icon_bg",
            "ui_inner",
            "ui_l",
            "ui_lb",
            "ui_lt",
            "ui_main",
            "ui_max",
            "ui_max_b",
            "ui_min",
            "ui_min_b",
            "ui_r",
            "ui_rb",
            "ui_re",
            "ui_rt",
            "ui_t",
            "ui_title",
            "ui_title_bar",
            "ui_title_button",
            "ym-bc",
            "ym-bl",
            "ym-body ymPrompt_alert",
            "ym-br",
            "ym-btn",
            "ym-content",
            "ym-header-text",
            "ym-header-tool",
            "ym-mc",
            "ym-ml",
            "ym-mr",
            "ym-tc",
            "ym-tl",
            "ym-tr",
            "ymPrompt_clo",
            "ymPrompt_max",
            "ymPrompt_min"
          ],
          [
            " ui_",
            "Sort_up",
            "_b",
            "_t",
            "_type hover",
            "adv_filter",
            "btnStyle handler",
            "btn_",
            "btn_c",
            "btn_cx",
            "btn_cz",
            "btn_dc",
            "btn_xg",
            "btn_zj",
            "buttonbox",
            "c",
            "dateline",
            "datetitle_",
            "down",
            "e",
            "earch_advanced",
            "elected-attr",
            "fir",
            "hide",
            "huc",
            "la",
            "location",
            "more--item_bottom",
            "moreValue_click",
            "more_down",
            "name",
            "next pointer",
            "nowrap",
            "option",
            "pageleft",
            "pagenum",
            "pageright",
            "pagination",
            "paging",
            "prev pointer",
            "prompcon",
            "prop-item",
            "r",
            "red",
            "t pointer",
            "tab_cur",
            "tate_focu",
            "tate_lock",
            "tate_tip",
            "toolbox",
            "ui_b",
            "ui_border ui_",
            "ui_button",
            "ui_c",
            "ui_clo",
            "ui_content",
            "ui_dialog",
            "ui_icon",
            "ui_icon_bg",
            "ui_inner",
            "ui_l",
            "ui_lb",
            "ui_lt",
            "ui_main",
            "ui_max",
            "ui_max_b",
            "ui_min",
            "ui_min_b",
            "ui_r",
            "ui_rb",
            "ui_re",
            "ui_rt",
            "ui_t",
            "ui_title",
            "ui_title_bar",
            "ui_title_button",
            "ym-bc",
            "ym-bl",
            "ym-body ymPrompt_alert",
            "ym-br",
            "ym-btn",
            "ym-content",
            "ym-header-text",
            "ym-header-tool",
            "ym-mc",
            "ym-ml",
            "ym-mr",
            "ym-tc",
            "ym-tl",
            "ym-tr",
            "ymPrompt_clo",
            "ymPrompt_max",
            "ymPrompt_min"
          ],
          [
            " ui_",
            "Sort_up",
            "_b",
            "_t",
            "_type hover",
            "adv_filter",
            "btn_",
            "btn_c",
            "btn_cx",
            "btn_cz",
            "btn_dc",
            "btn_xg",
            "btn_zj",
            "buttonbox",
            "c",
            "dateline",
            "datetitle_",
            "down",
            "e",
            "earch_advanced",
            "elected-attr",
            "fir",
            "hide",
            "huc",
            "la",
            "location",
            "more--item_bottom",
            "moreValue_click",
            "more_down",
            "name",
            "next pointer",
            "nowrap",
            "option",
            "pageleft",
            "pagenum",
            "pageright",
            "pagination",
            "paging",
            "prev pointer",
            "prompcon",
            "prop-item",
            "r",
            "red",
            "t pointer",
            "tab_cur",
            "tate_focu",
            "tate_lock",
            "tate_tip",
            "toolbox",
            "ui_b",
            "ui_border ui_",
            "ui_button",
            "ui_c",
            "ui_clo",
            "ui_content",
            "ui_dialog",
            "ui_icon",
            "ui_icon_bg",
            "ui_inner",
            "ui_l",
            "ui_lb",
            "ui_lt",
            "ui_main",
            "ui_max",
            "ui_max_b",
            "ui_min",
            "ui_min_b",
            "ui_r",
            "ui_rb",
            "ui_re",
            "ui_rt",
            "ui_t",
            "ui_title",
            "ui_title_bar",
            "ui_title_button",
            "ym-bc",
            "ym-bl",
            "ym-body",
            "ym-br",
            "ym-btn",
            "ym-header-text",
            "ym-header-tool",
            "ym-mc",
            "ym-ml",
            "ym-mr",
            "ym-tc",
            "ym-tl",
            "ym-tr",
            "ymPrompt_clo",
            "ymPrompt_max",
            "ymPrompt_min"
          ],
          [
            " ui_",
            "Sort_up",
            "_b",
            "_t",
            "_type hover",
            "adv_filter",
            "btn_",
            "btn_c",
            "btn_cx",
            "btn_cz",
            "btn_dc",
            "btn_xg",
            "btn_zj",
            "buttonbox",
            "c",
            "dateline",
            "datetitle_",
            "down",
            "e",
            "earch_advanced",
            "elected-attr",
            "fir",
            "hide",
            "huc",
            "ible ui_",
            "la",
            "location",
            "more--item_bottom",
            "next pointer",
            "nowrap",
            "option",
            "pageleft",
            "pagenum",
            "pageright",
            "pagination",
            "paging",
            "prev pointer",
            "prompcon",
            "prop-item",
            "r",
            "red",
            "t pointer",
            "tab_cur",
            "tate_focu",
            "tate_lock",
            "tate_tip",
            "tate_vi",
            "toolbox",
            "ui_b",
            "ui_border ui_",
            "ui_button",
            "ui_c",
            "ui_clo",
            "ui_content",
            "ui_dialog",
            "ui_icon",
            "ui_icon_bg",
            "ui_inner",
            "ui_l",
            "ui_lb",
            "ui_lt",
            "ui_main",
            "ui_max",
            "ui_max_b",
            "ui_min",
            "ui_min_b",
            "ui_r",
            "ui_rb",
            "ui_re",
            "ui_rt",
            "ui_t",
            "ui_title",
            "ui_title_bar",
            "ui_title_button"
          ],
          [
            " ui_",
            "Sort_up",
            "_b",
            "_t",
            "_type hover",
            "adv_filter",
            "btn_",
            "btn_c",
            "btn_cx",
            "btn_cz",
            "btn_dc",
            "btn_xg",
            "btn_zj",
            "buttonbox",
            "c",
            "dateline",
            "datetitle_",
            "down",
            "e",
            "earch_advanced",
            "elected-attr",
            "fir",
            "hide",
            "huc",
            "ible ui_",
            "la",
            "location",
            "more--item_bottom",
            "moreValue_click",
            "more_down",
            "name",
            "next pointer",
            "nowrap",
            "option",
            "pageleft",
            "pagenum",
            "pageright",
            "pagination",
            "paging",
            "prev pointer",
            "prompcon",
            "prop-item",
            "r",
            "red",
            "t pointer",
            "tab_cur",
            "tate_focu",
            "tate_full",
            "tate_lock",
            "tate_tip",
            "tate_vi",
            "toolbox",
            "ui_b",
            "ui_border ui_",
            "ui_button",
            "ui_c",
            "ui_clo",
            "ui_content",
            "ui_content ui_",
            "ui_dialog",
            "ui_icon",
            "ui_icon_bg",
            "ui_inner",
            "ui_l",
            "ui_lb",
            "ui_loading",
            "ui_lt",
            "ui_main",
            "ui_max",
            "ui_max_b",
            "ui_min",
            "ui_min_b",
            "ui_r",
            "ui_rb",
            "ui_re",
            "ui_rt",
            "ui_t",
            "ui_title",
            "ui_title_bar",
            "ui_title_button",
            "ym-bc",
            "ym-bl",
            "ym-body",
            "ym-br",
            "ym-btn",
            "ym-header-text",
            "ym-header-tool",
            "ym-mc",
            "ym-ml",
            "ym-mr",
            "ym-tc",
            "ym-tl",
            "ym-tr",
            "ymPrompt_clo",
            "ymPrompt_max",
            "ymPrompt_min"
          ],
          [
            " ui_",
            "Sort_up",
            "_b",
            "_t",
            "_type hover",
            "adv_filter",
            "btn_",
            "btn_c",
            "btn_cx",
            "btn_cz",
            "btn_dc",
            "btn_xg",
            "btn_zj",
            "buttonbox",
            "c",
            "dateline",
            "datetitle_",
            "down",
            "e",
            "earch_advanced",
            "elected-attr",
            "fir",
            "hide",
            "huc",
            "la",
            "location",
            "more--item_bottom",
            "moreValue_click",
            "more_down",
            "name",
            "next pointer",
            "nowrap",
            "option",
            "pageleft",
            "pagenum",
            "pageright",
            "pagination",
            "paging",
            "prev pointer",
            "prompcon",
            "prop-item",
            "r",
            "red",
            "t pointer",
            "tab_cur",
            "tate_lock",
            "tate_tip",
            "toolbox",
            "ui_b",
            "ui_border",
            "ui_border ui_",
            "ui_button",
            "ui_c",
            "ui_clo",
            "ui_content",
            "ui_dialog",
            "ui_icon",
            "ui_icon_bg",
            "ui_inner",
            "ui_l",
            "ui_lb",
            "ui_lt",
            "ui_main",
            "ui_max",
            "ui_max_b",
            "ui_min",
            "ui_min_b",
            "ui_r",
            "ui_rb",
            "ui_re",
            "ui_rt",
            "ui_t",
            "ui_title",
            "ui_title_bar",
            "ui_title_button",
            "ym-bc",
            "ym-bl",
            "ym-body",
            "ym-br",
            "ym-btn",
            "ym-header-text",
            "ym-header-tool",
            "ym-mc",
            "ym-ml",
            "ym-mr",
            "ym-tc",
            "ym-tl",
            "ym-tr",
            "ymPrompt_clo",
            "ymPrompt_max",
            "ymPrompt_min"
          ]
        ]
      }
    },
    "page/tagTriplets": {
      "contexts": {
        "context2": [
          [
            "-/-/DIV",
            "-/DIV/DIV",
            "-/DIV/UL",
            "DIV/DIV/A",
            "DIV/DIV/DIV",
            "DIV/DIV/SPAN",
            "DIV/UL/LI",
            "UL/LI/P"
          ],
          [
            "-/-/A",
            "-/-/DIV",
            "-/DIV/DIV",
            "DIV/DIV/SPAN"
          ]
        ]
      }
    }
  }
}