{
  "version": "0.1",
  "id": "s_Leave_formalities",
  "targetURL": "http://117.35.118.203/lxxt/lxgl/zzfw/zzbl/lxblList.html",
  "jsFile": "../../lib/base.js,../../lib/customTemplate.js,index.js",
  "cssFile": "../../lib/base.css,index.css",
  "requires": {
    "xgmm": "../xgmm/index.json"
  },
  "chineseName": "学生_离校手续办理",
  "description": "",
  "controls": {
    "control1": {
      "location": {
        "data": {
          "tagName": "H2"
        },
        "locators": [
          {
            "id": "button/text",
            "prob": 3,
            "value": {
              "text": [
                "办理情况"
              ],
              "visText": [
                "办理情况"
              ]
            }
          },
          {
            "id": "text",
            "prob": 3,
            "value": {
              "text": [
                "办理情况"
              ],
              "visText": [
                "办理情况"
              ]
            }
          },
          {
            "id": "@class/word",
            "prob": 1,
            "value": "DIV.flow_bor DIV.rt H2.flow_h2"
          },
          {
            "id": "path/ordinal",
            "prob": 1,
            "value": "/HTML[1]/BODY[1]/DIV[2]/DIV[1]/DIV[2]/H2[1]"
          },
          {
            "id": "elderLevel",
            "value": {
              "level": 0
            }
          },
          {
            "id": "shield",
            "value": {
              "zIndex": "auto",
              "width": 797,
              "height": 61
            }
          }
        ]
      },
      "roles": "element",
      "content": true,
      "monitored": false
    },
    "control3": {
      "location": {
        "data": {
          "tagName": "UL"
        },
        "locators": [
          {
            "id": "button/text",
            "prob": 3,
            "value": {
              "text": [
                "财务管理中心 教务管理中心 图书馆 公寓管理中心 后勤保障服务中心"
              ],
              "visText": [
                "财务管理中心 教务管理中心 图书馆 公寓管理中心 后勤保障服务中心"
              ]
            }
          },
          {
            "id": "text",
            "prob": 3,
            "value": {
              "text": [
                "财务管理中心 教务管理中心 图书馆 公寓管理中心 后勤保障服务中心"
              ],
              "visText": [
                "财务管理中心 教务管理中心 图书馆 公寓管理中心 后勤保障服务中心"
              ]
            }
          },
          {
            "id": "@class/word",
            "prob": 1,
            "value": "DIV.con DIV.flow_bor DIV.lf UL"
          },
          {
            "id": "path/ordinal",
            "prob": 1,
            "value": "/HTML[1]/BODY[1]/DIV[2]/DIV[1]/DIV[1]/UL[1]"
          },
          {
            "id": "shield",
            "value": {
              "zIndex": "auto",
              "width": 200,
              "height": 502
            }
          }
        ]
      },
      "events": {
        "onGetData": "getData_control3"
      },
      "intendedRole": "custom",
      "roles": "element,custom",
      "monitored": false
    },
    "control4": {
      "location": {
        "data": {
          "tagName": "DIV"
        },
        "locators": [
          {
            "id": "@id/word",
            "prob": 3,
            "value": "descendant::DIV[@id=\"theblqkDiv\"]"
          },
          {
            "id": "@class/word",
            "prob": 1,
            "ordinal": [
              0,
              6
            ],
            "value": "DIV.con DIV.flow_bor DIV.rt DIV"
          },
          {
            "id": "path/ordinal",
            "prob": 1,
            "value": "/HTML[1]/BODY[1]/DIV[2]/DIV[1]/DIV[2]/DIV[1]"
          },
          {
            "id": "shield",
            "value": {
              "zIndex": "auto",
              "width": 797,
              "height": 203
            }
          }
        ]
      },
      "events": {
        "onGetData": "getData_control4"
      },
      "intendedRole": "custom",
      "roles": "element,custom",
      "monitored": true
    },
    "control5": {
      "location": {
        "data": {
          "tagName": "P"
        },
        "locators": [
          {
            "id": "text",
            "prob": 3,
            "value": {
              "text": [
                "所有毕业生应在财务管理中心、教务管理中心、图书馆手续办理完成后，方可进行其他部门手续办理"
              ],
              "visText": [
                "所有毕业生应在财务管理中心、教务管理中心、图书馆手续办理完成后，方可进行其他部门手续办理"
              ]
            }
          },
          {
            "id": "@class/word",
            "prob": 1,
            "value": "BODY.pers_info_bg DIV.foot P"
          },
          {
            "id": "path/ordinal",
            "prob": 1,
            "value": "/HTML[1]/BODY[1]/DIV[3]/P[1]"
          },
          {
            "id": "elderLevel",
            "value": {
              "level": 0
            }
          },
          {
            "id": "shield",
            "value": {
              "zIndex": "auto",
              "width": 1125,
              "height": 20
            }
          }
        ]
      },
      "intendedRole": "fragment",
      "roles": "element,fragment",
      "monitored": false
    },
    "control6": {
      "location": {
        "data": {
          "tagName": "P"
        },
        "locators": [
          {
            "id": "button/text",
            "prob": 3,
            "value": {
              "text": [
                "欢迎你！盛静静 修改密码 注销"
              ],
              "visText": [
                "欢迎你！盛静静 修改密码 注销"
              ]
            }
          },
          {
            "id": "text",
            "prob": 3,
            "value": {
              "text": [
                "欢迎你！盛静静 修改密码 注销"
              ],
              "visText": [
                "欢迎你！盛静静 修改密码 注销"
              ]
            }
          },
          {
            "id": "@class/word",
            "prob": 1,
            "value": "BODY.pers_info_bg DIV.head.head_bor_none H4 P"
          },
          {
            "id": "path/ordinal",
            "prob": 1,
            "value": "/HTML[1]/BODY[1]/DIV[1]/H4[1]/P[1]"
          },
          {
            "id": "shield",
            "value": {
              "zIndex": "auto",
              "width": 1000,
              "height": 24
            }
          }
        ]
      },
      "intendedRole": "fragment",
      "roles": "element,fragment",
      "monitored": false
    },
    "control7": {
      "location": {
        "data": {
          "tagName": "A"
        },
        "locators": [
          {
            "id": "button/text",
            "prob": 3,
            "value": {
              "text": [
                "修改密码"
              ],
              "visText": [
                "修改密码"
              ]
            }
          },
          {
            "id": "text",
            "prob": 3,
            "value": {
              "text": [
                "修改密码"
              ],
              "visText": [
                "修改密码"
              ]
            }
          },
          {
            "id": "@class/word",
            "prob": 1,
            "ordinal": [
              0,
              2
            ],
            "value": "BODY.pers_info_bg DIV.head.head_bor_none H4 P SPAN A"
          },
          {
            "id": "path/ordinal",
            "prob": 1,
            "value": "/HTML[1]/BODY[1]/DIV[1]/H4[1]/P[1]/SPAN[2]/A[1]"
          },
          {
            "id": "elderLevel",
            "value": {
              "level": 0
            }
          },
          {
            "id": "shield",
            "value": {
              "zIndex": "auto",
              "width": 68,
              "height": 14
            }
          }
        ]
      },
      "intendedRole": "button",
      "roles": "element,button,link",
      "monitored": false
    },
    "control8": {
      "location": {
        "data": {
          "tagName": "A"
        },
        "locators": [
          {
            "id": "button/text",
            "prob": 3,
            "value": {
              "text": [
                "注销"
              ],
              "visText": [
                "注销"
              ]
            }
          },
          {
            "id": "text",
            "prob": 3,
            "value": {
              "text": [
                "注销"
              ],
              "visText": [
                "注销"
              ]
            }
          },
          {
            "id": "@class/word",
            "prob": 1,
            "ordinal": [
              1,
              2
            ],
            "value": "BODY.pers_info_bg DIV.head.head_bor_none H4 P SPAN A"
          },
          {
            "id": "path/ordinal",
            "prob": 1,
            "value": "/HTML[1]/BODY[1]/DIV[1]/H4[1]/P[1]/SPAN[3]/A[1]"
          },
          {
            "id": "elderLevel",
            "value": {
              "level": 0
            }
          },
          {
            "id": "shield",
            "value": {
              "zIndex": "auto",
              "width": 44,
              "height": 14
            }
          }
        ]
      },
      "intendedRole": "button",
      "roles": "element,button,link",
      "monitored": false
    },
    "control9": {
      "location": {
        "data": {
          "tagName": "IMG"
        },
        "locators": [
          {
            "id": "elderLevel",
            "value": {
              "level": 0
            }
          },
          {
            "id": "shield",
            "value": {
              "width": 0,
              "height": 0
            }
          }
        ]
      },
      "events": {
        "onGetData": "getData_control9"
      },
      "intendedRole": "custom",
      "roles": "element,image,button,custom",
      "monitored": false
    },
    "control10": {
      "location": {
        "data": {
          "tagName": "IMG"
        },
        "locators": [
          {
            "id": "img/@src",
            "prob": 2,
            "value": {
              "pathname": "/lxxt/images/logo_school.png"
            }
          },
          {
            "id": "@class/word",
            "prob": 1,
            "ordinal": [
              0,
              2
            ],
            "value": "BODY.pers_info_bg DIV.head.head_bor_none DIV.logo IMG"
          },
          {
            "id": "path/ordinal",
            "prob": 1,
            "value": "/HTML[1]/BODY[1]/DIV[1]/H4[1]/DIV[1]/IMG[1]"
          },
          {
            "id": "elderLevel",
            "value": {
              "level": 0
            }
          },
          {
            "id": "shield",
            "value": {
              "zIndex": "auto",
              "width": 177,
              "height": 45
            }
          }
        ]
      },
      "events": {
        "onGetData": "getData_control10"
      },
      "intendedRole": "custom",
      "roles": "element,image,button,custom",
      "monitored": false
    }
  },
  "contexts": {
    "context0": {
      "controls": [
        "control1",
        "control3",
        "control4",
        "control5",
        "control6",
        "control7",
        "control8",
        "control9",
        "control10"
      ],
      "anchors": []
    }
  },
  "flows": {
    "flow0": {
      "toContexts": [
        {
          "toContextId": "context0"
        }
      ]
    },
    "flow1": {
      "fromContextId": "context0",
      "fromAction": "click",
      "fromControlId": "control7",
      "toContexts": [
        {
          "toModelId": "xgmm",
          "toContextId": "context0"
        },
        {
          "toContextId": "context0"
        }
      ]
    }
  },
  "pages": {
    "page0": {
      "contextId": "context0",
      "layout": [
        {
          "id": "uiControl0",
          "display": {
            "class": "yl_header",
            "title": "离校手续办理",
            "type": "header",
            "adapterId": "header",
            "adapter": {
              "templateType": ""
            }
          },
          "layout": []
        },
        {
          "id": "uiControl11",
          "controlId": "control10",
          "display": {
            "adapterId": "custom",
            "type": "custom",
            "adapter": {
              "templateType": "react",
              "events": {
                "onDoAction": "doAction_uiControl11",
                "onGetTemplate": "getTemplate_uiControl11"
              }
            }
          }
        },
        {
          "id": "uiControl60",
          "controlId": "control9",
          "display": {
            "adapterId": "custom",
            "type": "custom",
            "adapter": {
              "templateType": "react",
              "events": {
                "onDoAction": "doAction_uiControl60",
                "onGetTemplate": "getTemplate_uiControl60"
              }
            }
          }
        },
        {
          "id": "uiControl1",
          "display": {
            "type": "card",
            "adapterId": "card",
            "class": "top-welcome",
            "adapter": {
              "templateType": ""
            }
          },
          "layout": [
            {
              "id": "uiControl1body",
              "display": {
                "type": "cardBody",
                "adapterId": "cardBody",
                "adapter": {
                  "templateType": ""
                }
              },
              "layout": [
                {
                  "id": "uiControl5",
                  "controlId": "control6",
                  "display": {
                    "adapterId": "fragment",
                    "type": "fragment",
                    "adapter": {
                      "templateType": ""
                    }
                  }
                },
                {
                  "id": "uiControl6",
                  "controlId": "control7",
                  "display": {
                    "adapterId": "clickable",
                    "type": "button",
                    "adapter": {
                      "templateType": ""
                    }
                  }
                },
                {
                  "id": "uiControl60",
                  "controlId": "control8",
                  "display": {
                    "adapterId": "clickable",
                    "type": "button",
                    "adapter": {
                      "templateType": ""
                    }
                  }
                }
              ]
            }
          ]
        },
        {
          "id": "uiControl4",
          "display": {
            "type": "card",
            "adapterId": "card",
            "class": "yl_left",
            "adapter": {
              "templateType": ""
            }
          },
          "layout": [
            {
              "id": "uiControl4body",
              "display": {
                "type": "cardBody",
                "adapterId": "cardBody",
                "adapter": {
                  "templateType": ""
                }
              },
              "layout": [
                {
                  "id": "uiControl2",
                  "controlId": "control3",
                  "display": {
                    "adapterId": "custom",
                    "type": "custom",
                    "adapter": {
                      "templateType": "react",
                      "events": {
                        "onDoAction": "doAction_uiControl2",
                        "onGetTemplate": "getTemplate_uiControl2"
                      }
                    }
                  }
                }
              ]
            }
          ]
        },
        {
          "id": "uiControl7",
          "display": {
            "type": "card",
            "adapterId": "card",
            "class": "banli",
            "adapter": {
              "templateType": ""
            }
          },
          "layout": [
            {
              "id": "uiControl7body",
              "display": {
                "type": "cardBody",
                "adapterId": "cardBody",
                "adapter": {
                  "templateType": ""
                }
              },
              "layout": [
                {
                  "id": "uiControl8",
                  "controlId": "control1",
                  "display": {
                    "adapterId": "content",
                    "type": "content",
                    "class": "yl_banli",
                    "adapter": {
                      "templateType": ""
                    }
                  }
                },
                {
                  "id": "uiControl3",
                  "controlId": "control4",
                  "display": {
                    "adapterId": "custom",
                    "type": "custom",
                    "adapter": {
                      "templateType": "react",
                      "events": {
                        "onDoAction": "doAction_uiControl3",
                        "onGetTemplate": "getTemplate_uiControl3"
                      }
                    }
                  }
                }
              ]
            }
          ]
        },
        {
          "id": "uiControl9",
          "display": {
            "type": "card",
            "adapterId": "card",
            "class": "yl_bottom",
            "adapter": {
              "templateType": ""
            }
          },
          "layout": [
            {
              "id": "uiControl9body",
              "display": {
                "type": "cardBody",
                "adapterId": "cardBody",
                "adapter": {
                  "templateType": ""
                }
              },
              "layout": [
                {
                  "id": "uiControl10",
                  "controlId": "control5",
                  "display": {
                    "adapterId": "fragment",
                    "type": "fragment",
                    "class": "foot",
                    "adapter": {
                      "templateType": ""
                    }
                  }
                }
              ]
            }
          ]
        }
      ]
    }
  },
  "matchers": {
    "page/title": {
      "contexts": {
        "context0": [
          "正方软件-离校系统"
        ]
      }
    },
    "page/urls": {
      "contexts": {
        "context0": [
          "yx.peihua.cn:8001/lxxt/lxgl/zzfw/zzbl/lxblList.html",
          "117.35.118.203/lxxt/lxgl/zzfw/zzbl/lxblList.html",
          "117.35.118.203/lxxt/lxgl/zzfw/zzbl/main.html"
        ]
      }
    },
    "page/ids": {
      "contexts": {
        "context0": [
          [
            "qzxsxz",
            "theblqkDiv"
          ],
          [
            "qzxsxz",
            "scrollDiv"
          ]
        ]
      }
    },
    "page/classes": {
      "contexts": {
        "context0": [
          [
            "_flo",
            "_flo li",
            "bar",
            "con",
            "dd",
            "flow_bor",
            "flow_h",
            "foot",
            "head head_bor_none",
            "lf",
            "li",
            "li li_cur",
            "logo",
            "rt",
            "tp_nav_tip",
            "tp_nav_tip\n\t\t\t\t\t\t\t\n\t\t\t\t\t\t\t\n\t\t\t\t\t\t\t\n\t\t\t\t\t\t\t\t\n\t\t\t\t\t\t\t\t\t cur"
          ],
          [
            "_flo",
            "_flo li",
            "bar",
            "con",
            "dd",
            "flow_bor",
            "flow_h",
            "foot",
            "head head_bor_none",
            "lf",
            "li",
            "li li_cur",
            "logo",
            "rt fixRt",
            "tp_nav_tip",
            "tp_nav_tip\n\t\t\t\t\t\t\t\n\t\t\t\t\t\t\t\n\t\t\t\t\t\t\t\n\t\t\t\t\t\t\t\t\n\t\t\t\t\t\t\t\t\t cur"
          ],
          [
            "bar",
            "con",
            "croll",
            "crollText",
            "dl dl_check",
            "dt",
            "flow_h",
            "foot",
            "head head_bor_none",
            "lf",
            "li",
            "li li_cur",
            "logo",
            "more",
            "notice_",
            "per_center",
            "per_de",
            "per_headpic",
            "pop_flow_div",
            "pop_tip",
            "rt",
            "x",
            "zzblbtn"
          ]
        ]
      }
    },
    "page/tagTriplets": {
      "contexts": {
        "context0": [
          [
            "-/-/DIV",
            "-/DIV/DIV",
            "-/DIV/H4",
            "-/DIV/P",
            "-/DIV/SCRIPT",
            "DD/P/EM",
            "DIV/A/IMG",
            "DIV/DIV/DIV",
            "DIV/DIV/DL",
            "DIV/DIV/H2",
            "DIV/DIV/INPUT-hidden",
            "DIV/DIV/UL",
            "DIV/DL/DD",
            "DIV/DL/DT",
            "DIV/H4/DIV",
            "DIV/H4/P",
            "DIV/UL/LI",
            "DL/DD/P",
            "DL/DT/EM",
            "H4/DIV/A",
            "H4/DIV/IMG",
            "H4/P/SPAN",
            "P/SPAN/A",
            "UL/LI/A",
            "UL/LI/IMG",
            "UL/LI/SPAN"
          ],
          [
            "-/-/DIV",
            "-/DIV/DIV",
            "-/DIV/H4",
            "-/DIV/P",
            "-/DIV/SCRIPT",
            "DD/DIV/UL",
            "DIV/A/IMG",
            "DIV/DIV/A",
            "DIV/DIV/BUTTON",
            "DIV/DIV/DIV",
            "DIV/DIV/DL",
            "DIV/DIV/H2",
            "DIV/DIV/H4",
            "DIV/DIV/H5",
            "DIV/DIV/IMG",
            "DIV/DIV/INPUT-hidden",
            "DIV/DIV/UL",
            "DIV/DL/DD",
            "DIV/DL/DT",
            "DIV/H4/DIV",
            "DIV/H4/P",
            "DIV/UL/LI",
            "DL/DD/A",
            "DL/DD/DIV",
            "DL/DT/IMG",
            "H4/DIV/A",
            "H4/DIV/IMG",
            "H4/P/SPAN",
            "P/SPAN/A",
            "UL/LI/A",
            "UL/LI/EM",
            "UL/LI/SPAN"
          ]
        ]
      }
    }
  }
}