{
  "version": "0.1",
  "id": "hdbm_wsbm",
  "targetURL": "http://117.35.118.209/bmxmb.aspx?xh=121111&xm=%CA%A2%BE%B2%BE%B2&gnmkdm=N121303",
  "jsFile": "../../lib/base.js,../../lib/customTemplate.js,index.js",
  "cssFile": "../../lib/base.css,index.css",
  "requires": {
    "login": "../login/index.json",
    "hdbm_wsbm_xq": "../hdbm_wsbm_xq/index.json",
    "t_index": "../t_index/index.json"
  },
  "chineseName": "活动报名-网上报名",
  "controls": {
    "control0": {
      "location": {
        "data": {
          "tagName": "SPAN"
        },
        "locators": [
          {
            "id": "button/text",
            "prob": 3,
            "value": {
              "text": [
                "2016-2017"
              ],
              "visText": [
                "2016-2017"
              ]
            }
          },
          {
            "id": "text",
            "prob": 3,
            "value": {
              "text": [
                "2016-2017"
              ],
              "visText": [
                "2016-2017"
              ]
            }
          },
          {
            "id": "@class/word",
            "prob": 1,
            "ordinal": [
              0,
              2
            ],
            "value": "DIV.mid_box SPAN.formbox DIV.search_content SPAN"
          },
          {
            "id": "path/ordinal",
            "prob": 1,
            "value": "/HTML[1]/BODY[1]/FORM[1]/DIV[1]/DIV[1]/SPAN[1]/DIV[1]/SPAN[1]"
          },
          {
            "id": "style/color",
            "value": [
              17,
              68,
              158
            ]
          },
          {
            "id": "elderLevel",
            "value": {
              "level": 0
            }
          },
          {
            "id": "shield",
            "value": {
              "zIndex": "auto",
              "width": 69,
              "height": 15
            }
          }
        ]
      },
      "roles": "element",
      "content": true,
      "monitored": false
    },
    "control1": {
      "location": {
        "data": {
          "tagName": "SPAN"
        },
        "locators": [
          {
            "id": "@class/word",
            "prob": 1,
            "ordinal": [
              1,
              2
            ],
            "value": "DIV.mid_box SPAN.formbox DIV.search_content SPAN"
          },
          {
            "id": "path/ordinal",
            "prob": 1,
            "value": "/HTML[1]/BODY[1]/FORM[1]/DIV[1]/DIV[1]/SPAN[1]/DIV[1]/SPAN[2]"
          },
          {
            "id": "style/color",
            "value": [
              17,
              68,
              158
            ]
          },
          {
            "id": "elderLevel",
            "value": {
              "level": 0
            }
          },
          {
            "id": "shield",
            "value": {
              "zIndex": "auto",
              "width": 8,
              "height": 15
            }
          }
        ]
      },
      "roles": "element",
      "content": true,
      "monitored": false
    },
    "control2": {
      "location": {
        "data": {
          "tagName": "LEGEND"
        },
        "locators": [
          {
            "id": "button/text",
            "prob": 3,
            "value": {
              "text": [
                "报名项目列表"
              ],
              "visText": [
                "报名项目列表"
              ]
            }
          },
          {
            "id": "text",
            "prob": 3,
            "value": {
              "text": [
                "报名项目列表"
              ],
              "visText": [
                "报名项目列表"
              ]
            }
          },
          {
            "id": "@id/word",
            "prob": 2,
            "value": [
              "descendant::TR[@id=\"tdbmxmlb\"]/TD[1]/FIELDSET[1]/LEGEND[1]",
              "descendant::TR[@id=\"tdbmxmlb\"]//LEGEND"
            ]
          },
          {
            "id": "path/ordinal",
            "prob": 1,
            "value": "/HTML[1]/BODY[1]/FORM[1]/DIV[1]/DIV[1]/SPAN[1]/TABLE[1]/TBODY[1]/TR[3]/TD[1]/FIELDSET[1]/LEGEND[1]"
          },
          {
            "id": "style/color",
            "value": [
              17,
              68,
              158
            ]
          },
          {
            "id": "elderLevel",
            "value": {
              "level": 0
            }
          },
          {
            "id": "shield",
            "value": {
              "zIndex": "auto",
              "width": 78,
              "height": 15
            }
          }
        ]
      },
      "roles": "element",
      "content": true,
      "monitored": false
    },
    "control3": {
      "location": {
        "data": {
          "tagName": "TABLE"
        },
        "locators": [
          {
            "id": "@id/word",
            "prob": 3,
            "value": [
              "descendant::TR[@id=\"tdbmxmlb\"]//TABLE[@id=\"DBGrid\"]",
              "descendant::TABLE[@id=\"DBGrid\"]"
            ]
          },
          {
            "id": "@class/word",
            "prob": 1,
            "ordinal": [
              0,
              3
            ],
            "value": "DIV.mid_box SPAN.formbox TABLE.datelist"
          },
          {
            "id": "path/ordinal",
            "prob": 1,
            "value": "/HTML[1]/BODY[1]/FORM[1]/DIV[1]/DIV[1]/SPAN[1]/TABLE[1]/TBODY[1]/TR[3]/TD[1]/FIELDSET[1]/TABLE[1]"
          },
          {
            "id": "style/color",
            "value": [
              17,
              68,
              158
            ]
          },
          {
            "id": "shield",
            "value": {
              "zIndex": "auto",
              "width": 1065,
              "height": 126
            }
          }
        ]
      },
      "events": {
        "onGetData": "getData_control3"
      },
      "intendedRole": "custom",
      "roles": "element,custom",
      "monitored": true
    },
    "control4": {
      "location": {
        "data": {
          "tagName": "IMG"
        },
        "locators": [
          {
            "id": "@alt",
            "prob": 2,
            "value": {
              "text": [
                "照片"
              ]
            }
          },
          {
            "id": "img/@src",
            "prob": 1,
            "value": {
              "pathname": "/readimagexs.aspx",
              "search": "xh=121111"
            }
          },
          {
            "id": "@id/word",
            "prob": 3,
            "value": [
              "descendant::TR[@id=\"tdxsxx\"]//IMG[@id=\"xszp\"]",
              "descendant::IMG[@id=\"xszp\"]"
            ]
          },
          {
            "id": "@class/word",
            "prob": 1,
            "value": "DIV.mid_box SPAN.formbox TABLE.datelist TBODY TR TD IMG"
          },
          {
            "id": "path/ordinal",
            "prob": 1,
            "value": "/HTML[1]/BODY[1]/FORM[1]/DIV[1]/DIV[1]/SPAN[1]/TABLE[1]/TBODY[1]/TR[4]/TD[1]/TABLE[1]/TBODY[1]/TR[1]/TD[1]/IMG[1]"
          },
          {
            "id": "elderLevel",
            "value": {
              "level": 0
            }
          },
          {
            "id": "shield",
            "value": {
              "zIndex": "auto",
              "width": 104,
              "height": 139
            }
          }
        ]
      },
      "roles": "element,image,button",
      "monitored": true
    },
    "control6": {
      "location": {
        "data": {
          "tagName": "INPUT"
        },
        "locators": [
          {
            "id": "elem/@name",
            "prob": 1,
            "value": "descendant::INPUT[@name=\"File1\"]"
          },
          {
            "id": "@id/word",
            "prob": 2,
            "value": [
              "descendant::TR[@id=\"tdxsxx\"]//TR[@id=\"trXzzp\"]/TD[1]/INPUT[1]",
              "descendant::TR[@id=\"tdxsxx\"]//TR[@id=\"trXzzp\"]//INPUT",
              "descendant::TR[@id=\"trXzzp\"]//INPUT"
            ]
          },
          {
            "id": "@class/word",
            "prob": 1,
            "ordinal": [
              4,
              7
            ],
            "value": "DIV.mid_box SPAN.formbox TABLE.datelist TBODY TR TD INPUT"
          },
          {
            "id": "path/ordinal",
            "prob": 1,
            "value": "/HTML[1]/BODY[1]/FORM[1]/DIV[1]/DIV[1]/SPAN[1]/TABLE[1]/TBODY[1]/TR[4]/TD[1]/TABLE[1]/TBODY[1]/TR[2]/TD[1]/INPUT[1]"
          },
          {
            "id": "input/type",
            "verifyEnabled": true,
            "value": "file"
          },
          {
            "id": "elderLevel",
            "value": {
              "level": 0
            }
          },
          {
            "id": "shield",
            "value": {
              "zIndex": "auto",
              "width": 272,
              "height": 20
            }
          }
        ]
      },
      "events": {
        "onGetData": "getData_control6"
      },
      "intendedRole": "custom",
      "roles": "element,file,custom",
      "monitored": true
    },
    "control7": {
      "location": {
        "data": {
          "tagName": "INPUT"
        },
        "locators": [
          {
            "id": "elem/@name",
            "prob": 1,
            "value": "descendant::INPUT[@name=\"File1\"]"
          },
          {
            "id": "@id/word",
            "prob": 2,
            "value": [
              "descendant::TR[@id=\"tdxsxx\"]//TR[@id=\"trXzzp\"]/TD[1]/INPUT[1]",
              "descendant::TR[@id=\"tdxsxx\"]//TR[@id=\"trXzzp\"]//INPUT",
              "descendant::TR[@id=\"trXzzp\"]//INPUT"
            ]
          },
          {
            "id": "@class/word",
            "prob": 1,
            "ordinal": [
              4,
              7
            ],
            "value": "DIV.mid_box SPAN.formbox TABLE.datelist TBODY TR TD INPUT"
          },
          {
            "id": "path/ordinal",
            "prob": 1,
            "value": "/HTML[1]/BODY[1]/FORM[1]/DIV[1]/DIV[1]/SPAN[1]/TABLE[1]/TBODY[1]/TR[4]/TD[1]/TABLE[1]/TBODY[1]/TR[2]/TD[1]/INPUT[1]"
          },
          {
            "id": "input/type",
            "verifyEnabled": true,
            "value": "file"
          },
          {
            "id": "elderLevel",
            "value": {
              "level": 0
            }
          },
          {
            "id": "shield",
            "value": {
              "zIndex": "auto",
              "width": 272,
              "height": 20
            }
          }
        ]
      },
      "roles": "element,file",
      "monitored": false
    },
    "control8": {
      "location": {
        "data": {
          "tagName": "INPUT"
        },
        "locators": [
          {
            "id": "input/@value",
            "prob": 1,
            "value": {
              "text": [
                "上传照片"
              ]
            }
          },
          {
            "id": "input/button/@value",
            "prob": 3,
            "value": {
              "text": [
                "上传照片"
              ]
            }
          },
          {
            "id": "elem/@name",
            "prob": 1,
            "value": "descendant::INPUT[@name=\"Button3\"]"
          },
          {
            "id": "@id/word",
            "prob": 2,
            "value": [
              "descendant::TR[@id=\"tdxsxx\"]//TR[@id=\"trXzzp\"]/TD[1]/INPUT[2]",
              "descendant::TR[@id=\"tdxsxx\"]//TR[@id=\"trXzzp\"]//INPUT",
              "descendant::TR[@id=\"trXzzp\"]//INPUT"
            ]
          },
          {
            "id": "@class/word",
            "prob": 1,
            "ordinal": [
              0,
              2
            ],
            "value": "SPAN.formbox TABLE.datelist INPUT.button"
          },
          {
            "id": "path/ordinal",
            "prob": 1,
            "value": "/HTML[1]/BODY[1]/FORM[1]/DIV[1]/DIV[1]/SPAN[1]/TABLE[1]/TBODY[1]/TR[4]/TD[1]/TABLE[1]/TBODY[1]/TR[2]/TD[1]/INPUT[2]"
          },
          {
            "id": "input/type",
            "verifyEnabled": true,
            "value": "submit"
          },
          {
            "id": "elderLevel",
            "value": {
              "level": 0
            }
          },
          {
            "id": "shield",
            "value": {
              "zIndex": "auto",
              "width": 67.609375,
              "height": 20
            }
          }
        ]
      },
      "intendedRole": "button",
      "roles": "element,button",
      "monitored": false
    },
    "control9": {
      "location": {
        "data": {
          "tagName": "INPUT"
        },
        "locators": [
          {
            "id": "input/@value",
            "prob": 1,
            "value": {
              "text": [
                "清除照片"
              ]
            }
          },
          {
            "id": "input/button/@value",
            "prob": 3,
            "value": {
              "text": [
                "清除照片"
              ]
            }
          },
          {
            "id": "elem/@name",
            "prob": 1,
            "value": "descendant::INPUT[@name=\"Button4\"]"
          },
          {
            "id": "@id/word",
            "prob": 2,
            "value": [
              "descendant::TR[@id=\"tdxsxx\"]//TR[@id=\"trXzzp\"]/TD[1]/INPUT[3]",
              "descendant::TR[@id=\"tdxsxx\"]//TR[@id=\"trXzzp\"]//INPUT",
              "descendant::TR[@id=\"trXzzp\"]//INPUT"
            ]
          },
          {
            "id": "@class/word",
            "prob": 1,
            "ordinal": [
              1,
              2
            ],
            "value": "SPAN.formbox TABLE.datelist INPUT.button"
          },
          {
            "id": "path/ordinal",
            "prob": 1,
            "value": "/HTML[1]/BODY[1]/FORM[1]/DIV[1]/DIV[1]/SPAN[1]/TABLE[1]/TBODY[1]/TR[4]/TD[1]/TABLE[1]/TBODY[1]/TR[2]/TD[1]/INPUT[3]"
          },
          {
            "id": "input/type",
            "verifyEnabled": true,
            "value": "submit"
          },
          {
            "id": "elderLevel",
            "value": {
              "level": 0
            }
          },
          {
            "id": "shield",
            "value": {
              "zIndex": "auto",
              "width": 67.609375,
              "height": 20
            }
          }
        ]
      },
      "intendedRole": "button",
      "roles": "element,button",
      "monitored": false
    },
    "control10": {
      "location": {
        "data": {
          "tagName": "SPAN"
        },
        "locators": [
          {
            "id": "button/text",
            "prob": 3,
            "value": {
              "text": [
                "372924199108135449"
              ],
              "visText": [
                "372924199108135449"
              ]
            }
          },
          {
            "id": "text",
            "prob": 3,
            "value": {
              "text": [
                "372924199108135449"
              ],
              "visText": [
                "372924199108135449"
              ]
            }
          },
          {
            "id": "@id/word",
            "prob": 3,
            "value": [
              "descendant::TR[@id=\"ysfzh\"]//SPAN[@id=\"Labsfzh\"]",
              "descendant::SPAN[@id=\"Labsfzh\"]"
            ]
          },
          {
            "id": "@class/word",
            "prob": 1,
            "ordinal": [
              6,
              8
            ],
            "value": "DIV.main_box DIV.mid_box SPAN.formbox TABLE TBODY TR TD SPAN"
          },
          {
            "id": "path/ordinal",
            "prob": 1,
            "value": "/HTML[1]/BODY[1]/FORM[1]/DIV[1]/DIV[1]/SPAN[1]/TABLE[1]/TBODY[1]/TR[5]/TD[1]/SPAN[1]"
          },
          {
            "id": "style/color",
            "value": [
              17,
              68,
              158
            ]
          },
          {
            "id": "elderLevel",
            "value": {
              "level": 0
            }
          },
          {
            "id": "shield",
            "value": {
              "zIndex": "auto",
              "width": 144,
              "height": 15
            }
          }
        ]
      },
      "roles": "element",
      "content": true,
      "monitored": false
    },
    "control11": {
      "location": {
        "data": {
          "tagName": "INPUT"
        },
        "locators": [
          {
            "id": "elem/@name",
            "prob": 2,
            "value": "descendant::INPUT[@name=\"txtSFZH\"]"
          },
          {
            "id": "@id/word",
            "prob": 3,
            "value": [
              "descendant::TR[@id=\"xsfzh\"]//INPUT[@id=\"txtSFZH\"]",
              "descendant::INPUT[@id=\"txtSFZH\"]"
            ]
          },
          {
            "id": "@class/word",
            "prob": 1,
            "value": "SPAN.formbox TD.left INPUT.text_nor"
          },
          {
            "id": "path/ordinal",
            "prob": 1,
            "value": "/HTML[1]/BODY[1]/FORM[1]/DIV[1]/DIV[1]/SPAN[1]/TABLE[1]/TBODY[1]/TR[6]/TD[1]/INPUT[1]"
          },
          {
            "id": "input/type",
            "verifyEnabled": true,
            "value": "text"
          },
          {
            "id": "elderLevel",
            "value": {
              "level": 0
            }
          },
          {
            "id": "shield",
            "value": {
              "zIndex": "auto",
              "width": 163,
              "height": 19
            }
          }
        ]
      },
      "intendedRole": "textbox",
      "roles": "element,textbox",
      "monitored": true
    },
    "control12": {
      "location": {
        "data": {
          "tagName": "FONT"
        },
        "locators": [
          {
            "id": "button/text",
            "prob": 3,
            "ordinal": [
              1,
              2
            ],
            "value": {
              "text": [
                "查看报名情况"
              ],
              "visText": [
                "查看报名情况"
              ]
            }
          },
          {
            "id": "text",
            "prob": 3,
            "value": {
              "text": [
                "查看报名情况"
              ],
              "visText": [
                "查看报名情况"
              ]
            }
          },
          {
            "id": "@id/word",
            "prob": 1,
            "value": [
              "descendant::TR[@id=\"trgrxxqr\"]/TD[1]/FONT[1]/A[1]/B[1]/U[1]/FONT[1]",
              "descendant::TR[@id=\"trgrxxqr\"]//FONT"
            ]
          },
          {
            "id": "path/ordinal",
            "prob": 1,
            "value": "/HTML[1]/BODY[1]/FORM[1]/DIV[1]/DIV[1]/SPAN[1]/TABLE[1]/TBODY[1]/TR[7]/TD[1]/FONT[1]/A[1]/B[1]/U[1]/FONT[1]"
          },
          {
            "id": "style/color",
            "value": [
              255,
              128,
              0
            ]
          },
          {
            "id": "elderLevel",
            "value": {
              "level": 0
            }
          },
          {
            "id": "shield",
            "value": {
              "zIndex": "auto",
              "width": 110.109375,
              "height": 18
            }
          }
        ]
      },
      "intendedRole": "button",
      "roles": "element,button",
      "monitored": false
    },
    "control13": {
      "location": {
        "data": {
          "tagName": "INPUT"
        },
        "locators": [
          {
            "id": "input/@value",
            "prob": 1,
            "value": {
              "text": [
                " 确 定 "
              ]
            }
          },
          {
            "id": "input/button/@value",
            "prob": 3,
            "value": {
              "text": [
                " 确 定 "
              ]
            }
          },
          {
            "id": "elem/@name",
            "prob": 2,
            "value": "descendant::INPUT[@name=\"btnSubmit\"]"
          },
          {
            "id": "@id/word",
            "prob": 3,
            "value": [
              "descendant::DIV[@id=\"tool\"]//INPUT[@id=\"btnSubmit\"]",
              "descendant::INPUT[@id=\"btnSubmit\"]"
            ]
          },
          {
            "id": "@class/word",
            "prob": 1,
            "ordinal": [
              2,
              3
            ],
            "value": "DIV.mid_box SPAN.formbox INPUT.button"
          },
          {
            "id": "path/ordinal",
            "prob": 1,
            "value": "/HTML[1]/BODY[1]/FORM[1]/DIV[1]/DIV[1]/SPAN[1]/DIV[3]/INPUT[1]"
          },
          {
            "id": "input/type",
            "verifyEnabled": true,
            "value": "submit"
          },
          {
            "id": "elderLevel",
            "value": {
              "level": 0
            }
          },
          {
            "id": "shield",
            "value": {
              "zIndex": "auto",
              "width": 58,
              "height": 20
            }
          }
        ]
      },
      "intendedRole": "button",
      "roles": "element,button",
      "monitored": false
    },
    "control14": {
      "location": {
        "data": {
          "tagName": "SPAN"
        },
        "locators": [
          {
            "id": "button/text",
            "prob": 3,
            "value": {
              "text": [
                "已报项目列表"
              ],
              "visText": [
                "已报项目列表"
              ]
            }
          },
          {
            "id": "text",
            "prob": 3,
            "value": {
              "text": [
                "已报项目列表"
              ],
              "visText": [
                "已报项目列表"
              ]
            }
          },
          {
            "id": "@id/word",
            "prob": 3,
            "value": "descendant::SPAN[@id=\"lblBt\"]"
          },
          {
            "id": "@class/word",
            "prob": 1,
            "value": "DIV.main_box DIV.mid_box SPAN.formbox FIELDSET LEGEND SPAN"
          },
          {
            "id": "path/ordinal",
            "prob": 1,
            "value": "/HTML[1]/BODY[1]/FORM[1]/DIV[1]/DIV[1]/SPAN[1]/FIELDSET[1]/LEGEND[1]/SPAN[1]"
          },
          {
            "id": "style/color",
            "value": [
              17,
              68,
              158
            ]
          },
          {
            "id": "elderLevel",
            "value": {
              "level": 0
            }
          },
          {
            "id": "shield",
            "value": {
              "zIndex": "auto",
              "width": 78,
              "height": 15
            }
          }
        ]
      },
      "roles": "element",
      "content": true,
      "monitored": false
    },
    "control15": {
      "location": {
        "data": {
          "tagName": "TABLE"
        },
        "locators": [
          {
            "id": "button/text",
            "prob": 3,
            "value": {
              "text": [
                "序号名称类别组号身份证号是否缴费原准考证号删除"
              ],
              "visText": [
                "序号名称组号身份证号是否缴费原准考证号删除"
              ]
            }
          },
          {
            "id": "text",
            "prob": 3,
            "value": {
              "text": [
                "序号名称类别组号身份证号是否缴费原准考证号删除"
              ],
              "visText": [
                "序号 名称 组号 身份证号 是否缴费 原准考证号 删除"
              ]
            }
          },
          {
            "id": "@id/word",
            "prob": 3,
            "value": "descendant::TABLE[@id=\"DBGridInfo\"]"
          },
          {
            "id": "@class/word",
            "prob": 1,
            "ordinal": [
              2,
              3
            ],
            "value": "DIV.mid_box SPAN.formbox TABLE.datelist"
          },
          {
            "id": "path/ordinal",
            "prob": 1,
            "value": "/HTML[1]/BODY[1]/FORM[1]/DIV[1]/DIV[1]/SPAN[1]/FIELDSET[1]/TABLE[1]"
          },
          {
            "id": "style/color",
            "value": [
              17,
              68,
              158
            ]
          },
          {
            "id": "shield",
            "value": {
              "zIndex": "auto",
              "width": 1069,
              "height": 26
            }
          }
        ]
      },
      "events": {
        "onGetData": "getData_control15"
      },
      "intendedRole": "custom",
      "roles": "element,custom",
      "monitored": false
    },
    "control16": {
      "location": {
        "data": {
          "tagName": "BODY"
        },
        "locators": [
          {
            "id": "path/ordinal",
            "prob": 1,
            "value": "/HTML[1]/BODY[1]"
          },
          {
            "id": "style/color",
            "value": [
              17,
              68,
              158
            ]
          },
          {
            "id": "shield",
            "value": {
              "zIndex": "auto",
              "width": 1142,
              "height": 492
            }
          }
        ]
      },
      "events": {
        "onGetData": "getData_control16"
      },
      "intendedRole": "custom",
      "roles": "element,link,custom",
      "monitored": false
    },
    "control17": {
      "location": {
        "data": {
          "tagName": "SPAN"
        },
        "locators": [
          {
            "id": "text",
            "prob": 3,
            "value": {
              "text": [
                "上传照片要求：照片大小不大于10K;照片尺寸要求144X192(宽X高)照片格式限制为JPG格式"
              ],
              "visText": [
                "上传照片要求： 照片大小不大于10K; 照片尺寸要求144X192(宽X高) 照片格式限制为JPG格式"
              ]
            }
          },
          {
            "id": "@id/word",
            "prob": 4,
            "value": [
              "descendant::TR[@id=\"tdxsxx\"]//TR[@id=\"trXzzp\"]//SPAN[@id=\"spnzpts\"]",
              "descendant::TR[@id=\"trXzzp\"]//SPAN[@id=\"spnzpts\"]",
              "descendant::SPAN[@id=\"spnzpts\"]"
            ]
          },
          {
            "id": "@class/word",
            "prob": 1,
            "value": "SPAN.formbox TABLE.datelist SPAN.zpts"
          },
          {
            "id": "path/ordinal",
            "prob": 1,
            "value": "/HTML[1]/BODY[1]/FORM[1]/DIV[1]/DIV[1]/SPAN[1]/TABLE[1]/TBODY[1]/TR[4]/TD[1]/TABLE[1]/TBODY[1]/TR[2]/TD[1]/SPAN[1]"
          },
          {
            "id": "style/color",
            "value": [
              255,
              0,
              0
            ]
          },
          {
            "id": "shield",
            "value": {
              "zIndex": "auto",
              "width": 984,
              "height": 94
            }
          }
        ]
      },
      "roles": "element",
      "content": true,
      "monitored": false
    }
  },
  "contexts": {
    "context1": {
      "controls": [
        "control0",
        "control1",
        "control2",
        "control3",
        "control4",
        "control6",
        "control7",
        "control8",
        "control9",
        "control10",
        "control11",
        "control12",
        "control13",
        "control14",
        "control15",
        "control16",
        "control17"
      ],
      "anchors": []
    }
  },
  "flows": {
    "flow0": {
      "toContexts": [
        {
          "toContextId": "context1"
        },
        {
          "toContextId": "context0",
          "toModelId": "t_index"
        }
      ]
    },
    "flow1": {
      "fromContextId": "context1",
      "fromAction": "click",
      "fromControlId": "control2",
      "toContexts": [
        {
          "toContextId": "context1"
        }
      ]
    },
    "flow2": {
      "fromContextId": "context1",
      "fromAction": "click",
      "fromControlId": "control12",
      "toContexts": [
        {
          "toContextId": "context1"
        },
        {
          "toContextId": "context2",
          "toModelId": "hdbm_wsbm_xq"
        }
      ]
    }
  },
  "pages": {
    "page1": {
      "contextId": "context1",
      "layout": [
        {
          "id": "uiControl0",
          "display": {
            "class": "navbar navbar-primary header",
            "title": "网上报名",
            "type": "header",
            "adapterId": "header",
            "adapter": {
              "templateType": ""
            }
          },
          "layout": []
        },
        {
          "id": "uiControl21",
          "controlId": "control16",
          "display": {
            "adapterId": "custom",
            "type": "custom",
            "adapter": {
              "templateType": "react",
              "events": {
                "onDoAction": "doAction_uiControl21",
                "onGetTemplate": "getTemplate_uiControl21"
              }
            }
          }
        },
        {
          "id": "uiControl4",
          "display": {
            "type": "card",
            "adapterId": "card",
            "class": "q-top-info",
            "adapter": {
              "templateType": ""
            }
          },
          "layout": [
            {
              "id": "uiControl4body",
              "display": {
                "type": "cardBody",
                "adapterId": "cardBody",
                "adapter": {
                  "templateType": ""
                }
              },
              "layout": [
                {
                  "id": "uiControl1",
                  "display": {
                    "type": "grid",
                    "adapterId": "grid",
                    "adapter": {
                      "templateType": ""
                    }
                  },
                  "layout": [
                    {
                      "id": "uiControl1row0",
                      "display": {
                        "cols": 3,
                        "type": "col",
                        "adapterId": "col",
                        "adapter": {
                          "templateType": ""
                        }
                      },
                      "layout": [
                        {
                          "id": "uiControl2",
                          "display": {
                            "text": "报名学年：",
                            "type": "content",
                            "adapterId": "staticContent",
                            "adapter": {
                              "templateType": ""
                            }
                          }
                        },
                        {
                          "id": "uiControl5",
                          "controlId": "control0",
                          "display": {
                            "adapterId": "content",
                            "type": "content",
                            "adapter": {
                              "templateType": ""
                            }
                          }
                        }
                      ]
                    },
                    {
                      "id": "uiControl1row1",
                      "display": {
                        "cols": 3,
                        "type": "col",
                        "adapterId": "col",
                        "adapter": {
                          "templateType": ""
                        }
                      },
                      "layout": [
                        {
                          "id": "uiControl3",
                          "display": {
                            "text": "报名学期：",
                            "type": "content",
                            "adapterId": "staticContent",
                            "adapter": {
                              "templateType": ""
                            }
                          }
                        },
                        {
                          "id": "uiControl6",
                          "controlId": "control1",
                          "display": {
                            "adapterId": "content",
                            "type": "content",
                            "adapter": {
                              "templateType": ""
                            }
                          }
                        }
                      ]
                    }
                  ]
                }
              ]
            }
          ]
        },
        {
          "id": "uiControl7",
          "display": {
            "type": "card",
            "adapterId": "card",
            "class": "q-bm-hd",
            "adapter": {
              "templateType": ""
            }
          },
          "layout": [
            {
              "id": "uiControl7body",
              "display": {
                "type": "cardBody",
                "adapterId": "cardBody",
                "adapter": {
                  "templateType": ""
                }
              },
              "layout": [
                {
                  "id": "uiControl8",
                  "controlId": "control2",
                  "display": {
                    "adapterId": "content",
                    "type": "content",
                    "adapter": {
                      "templateType": ""
                    }
                  }
                }
              ]
            }
          ]
        },
        {
          "id": "uiControl9",
          "display": {
            "type": "card",
            "adapterId": "card",
            "class": "table-a q-table-content",
            "adapter": {
              "templateType": ""
            }
          },
          "layout": [
            {
              "id": "uiControl9body",
              "display": {
                "type": "cardBody",
                "adapterId": "cardBody",
                "adapter": {
                  "templateType": ""
                }
              },
              "layout": [
                {
                  "id": "uiControl10",
                  "controlId": "control3",
                  "display": {
                    "adapterId": "custom",
                    "type": "custom",
                    "class": "",
                    "adapter": {
                      "templateType": "react",
                      "events": {
                        "onDoAction": "doAction_uiControl10",
                        "onGetTemplate": "getTemplate_uiControl10"
                      }
                    }
                  }
                }
              ]
            }
          ]
        },
        {
          "id": "uiControl12",
          "display": {
            "type": "card",
            "adapterId": "card",
            "class": "q-zp",
            "adapter": {
              "templateType": ""
            }
          },
          "layout": [
            {
              "id": "uiControl12body",
              "display": {
                "type": "cardBody",
                "adapterId": "cardBody",
                "adapter": {
                  "templateType": ""
                }
              },
              "layout": [
                {
                  "id": "uiControl13",
                  "controlId": "control4",
                  "display": {
                    "adapterId": "image_link",
                    "type": "image",
                    "adapter": {
                      "templateType": ""
                    }
                  }
                },
                {
                  "id": "uiControl14",
                  "controlId": "control17",
                  "display": {
                    "adapterId": "content",
                    "type": "content",
                    "adapter": {
                      "templateType": ""
                    }
                  }
                }
              ]
            }
          ]
        },
        {
          "id": "uiControl11",
          "display": {
            "type": "card",
            "adapterId": "card",
            "class": "q-sczp",
            "adapter": {
              "templateType": ""
            }
          },
          "layout": [
            {
              "id": "uiControl11body",
              "display": {
                "type": "cardBody",
                "adapterId": "cardBody",
                "adapter": {
                  "templateType": ""
                }
              },
              "layout": [
                {
                  "id": "uiControl15",
                  "controlId": "control6",
                  "display": {
                    "adapterId": "custom",
                    "type": "custom",
                    "adapter": {
                      "templateType": "react",
                      "events": {
                        "onDoAction": "doAction_uiControl15",
                        "onGetTemplate": "getTemplate_uiControl15"
                      }
                    }
                  }
                },
                {
                  "id": "uiControl16",
                  "controlId": "control7",
                  "display": {
                    "adapterId": "clickable",
                    "type": "fileUpload",
                    "text": "浏览",
                    "adapter": {
                      "templateType": ""
                    }
                  }
                }
              ]
            }
          ]
        },
        {
          "id": "uiControl17",
          "display": {
            "type": "card",
            "adapterId": "card",
            "class": "q-sczp-qr cardComb",
            "adapter": {
              "templateType": ""
            }
          },
          "layout": [
            {
              "id": "uiControl17body",
              "display": {
                "type": "cardBody",
                "adapterId": "cardBody",
                "adapter": {
                  "templateType": ""
                }
              },
              "layout": [
                {
                  "id": "uiControl18",
                  "controlId": "control8",
                  "display": {
                    "adapterId": "clickable",
                    "type": "button",
                    "adapter": {
                      "templateType": ""
                    }
                  }
                },
                {
                  "id": "uiControl19",
                  "controlId": "control9",
                  "display": {
                    "adapterId": "clickable",
                    "type": "button",
                    "adapter": {
                      "templateType": ""
                    }
                  }
                }
              ]
            }
          ]
        },
        {
          "id": "uiControl20",
          "display": {
            "type": "card",
            "adapterId": "card",
            "class": "q-sfxx",
            "adapter": {
              "templateType": ""
            }
          },
          "layout": [
            {
              "id": "uiControl20body",
              "display": {
                "type": "cardBody",
                "adapterId": "cardBody",
                "adapter": {
                  "templateType": ""
                }
              },
              "layout": [
                {
                  "id": "uiControl22",
                  "display": {
                    "text": "源信息身份证号：",
                    "type": "content",
                    "adapterId": "staticContent",
                    "adapter": {
                      "templateType": ""
                    }
                  }
                },
                {
                  "id": "uiControl23",
                  "controlId": "control10",
                  "display": {
                    "adapterId": "content",
                    "type": "content",
                    "adapter": {
                      "templateType": ""
                    }
                  }
                },
                {
                  "id": "uiControl25",
                  "display": {
                    "text": "请填写身份证号：",
                    "type": "content",
                    "adapterId": "staticContent",
                    "adapter": {
                      "templateType": ""
                    }
                  }
                },
                {
                  "id": "uiControl26",
                  "controlId": "control11",
                  "display": {
                    "adapterId": "textbox",
                    "type": "textbox",
                    "adapter": {
                      "templateType": ""
                    }
                  }
                }
              ]
            }
          ]
        },
        {
          "id": "uiControl27",
          "display": {
            "type": "card",
            "adapterId": "card",
            "class": "q-bmqr cardComb",
            "adapter": {
              "templateType": ""
            }
          },
          "layout": [
            {
              "id": "uiControl27body",
              "display": {
                "type": "cardBody",
                "adapterId": "cardBody",
                "adapter": {
                  "templateType": ""
                }
              },
              "layout": [
                {
                  "id": "uiControl28",
                  "controlId": "control12",
                  "display": {
                    "adapterId": "clickable",
                    "type": "button",
                    "adapter": {
                      "templateType": ""
                    }
                  }
                },
                {
                  "id": "uiControl29",
                  "controlId": "control13",
                  "display": {
                    "adapterId": "clickable",
                    "type": "button",
                    "adapter": {
                      "templateType": ""
                    }
                  }
                }
              ]
            }
          ]
        },
        {
          "id": "uiControl30",
          "display": {
            "type": "card",
            "adapterId": "card",
            "class": "q-yb-hd",
            "adapter": {
              "templateType": ""
            }
          },
          "layout": [
            {
              "id": "uiControl30body",
              "display": {
                "type": "cardBody",
                "adapterId": "cardBody",
                "adapter": {
                  "templateType": ""
                }
              },
              "layout": [
                {
                  "id": "uiControl31",
                  "controlId": "control14",
                  "display": {
                    "adapterId": "content",
                    "type": "content",
                    "adapter": {
                      "templateType": ""
                    }
                  }
                }
              ]
            }
          ]
        },
        {
          "id": "uiControl32",
          "display": {
            "type": "card",
            "adapterId": "card",
            "class": "table-a q-table-content",
            "adapter": {
              "templateType": ""
            }
          },
          "layout": [
            {
              "id": "uiControl32body",
              "display": {
                "type": "cardBody",
                "adapterId": "cardBody",
                "adapter": {
                  "templateType": ""
                }
              },
              "layout": [
                {
                  "id": "uiControl33",
                  "controlId": "control15",
                  "display": {
                    "adapterId": "custom",
                    "type": "custom",
                    "adapter": {
                      "templateType": "react",
                      "events": {
                        "onDoAction": "doAction_uiControl33",
                        "onGetTemplate": "getTemplate_uiControl33"
                      }
                    }
                  }
                }
              ]
            }
          ]
        }
      ]
    }
  },
  "matchers": {
    "page/title": {
      "contexts": {
        "context1": [
          "现代教学管理信息系统"
        ]
      }
    },
    "page/urls": {
      "contexts": {
        "context1": [
          "117.35.118.209/bmxmb.aspx?xh=121111&xm=%CA%A2%BE%B2%BE%B2&gnmkdm=N121303"
        ],
        "context0": [
          "117.35.118.209/js_main.aspx?xh=150159",
          "117.35.118.209/js_main.aspx?xh=150528",
          "117.35.118.209/xs_main.aspx?xh=121111"
        ]
      }
    },
    "page/ids": {
      "contexts": {
        "context1": [
          [
            "Button",
            "DBGrid",
            "DBGridInfo",
            "DBGrid__ctl_chkSelect",
            "FORM",
            "File",
            "HyperLink",
            "Label",
            "Labsfzh",
            "TextBox",
            "btnOneinCard",
            "btnSubmit",
            "btnSxDBGridInfo",
            "btnsx",
            "labYETIP",
            "lblBt",
            "lblSfzhTs",
            "spnzpts",
            "tdbmxmlb",
            "tdxsxx",
            "tool",
            "trXzzp",
            "trgrxxqr",
            "txtSFZH",
            "txtxxmc",
            "win",
            "xsfzh",
            "xszp",
            "ysfzh"
          ],
          [
            "Button",
            "FORM",
            "File",
            "HyperLink",
            "Label",
            "Labsfzh",
            "TextBox",
            "btnOneinCard",
            "btnSubmit",
            "btnSxDBGridInfo",
            "btnsx",
            "labYETIP",
            "lblBt",
            "lblSfzhTs",
            "spnzpts",
            "tbxsxx",
            "tdbmxmlb",
            "tdxsxx",
            "tool",
            "trXzzp",
            "trgrxxqr",
            "trkh",
            "txtSFZH",
            "txtxxmc",
            "txtyhkh",
            "win",
            "xsfzh",
            "xszp",
            "ysfzh"
          ]
        ],
        "context0": [
          [
            "Form",
            "Label",
            "bodyDiv",
            "dqwz",
            "footerDiv",
            "frame_content",
            "headDiv",
            "leftDiv",
            "likTc",
            "lj",
            "mainDiv",
            "rightDiv",
            "txtTimeStamp",
            "xhxm"
          ],
          [
            "Form",
            "Label",
            "bodyDiv",
            "dqwz",
            "footerDiv",
            "headDiv",
            "hidNJ",
            "hidXY",
            "hidZYDM",
            "iframeautoheight",
            "leftDiv",
            "likTc",
            "lj",
            "mainDiv",
            "rightDiv",
            "txtTimeStamp",
            "xhxm",
            "xsrs"
          ]
        ]
      }
    },
    "page/classes": {
      "contexts": {
        "context1": [
          [
            "alt",
            "button",
            "dateli",
            "ea",
            "earch_content",
            "footbox",
            "footbox_con",
            "footbutton",
            "formbox",
            "hadow",
            "k",
            "left",
            "main_box",
            "mid_box",
            "pagination",
            "panel window",
            "panel-header panel-header-noborder window-header",
            "panel-title",
            "panel-tool",
            "t",
            "text_nor",
            "thead",
            "title",
            "window-",
            "window-ma",
            "yui-window panel-body panel-body-noborder window-body",
            "zpt"
          ],
          [
            "alt",
            "button",
            "dateli",
            "ea",
            "earch_content",
            "footbox",
            "footbox_con",
            "footbutton",
            "formbox",
            "left",
            "main_box",
            "mid_box",
            "pagination",
            "t",
            "text_nor",
            "thead",
            "title",
            "yui-window",
            "zpt"
          ],
          [
            "button",
            "dateli",
            "ea",
            "earch_content",
            "footbox",
            "footbox_con",
            "footbutton",
            "formbox",
            "left",
            "main_box",
            "mid_box",
            "pagination",
            "t",
            "text_nor",
            "title",
            "yui-window",
            "zpt"
          ]
        ]
      }
    },
    "page/tagTriplets": {
      "contexts": {
        "context1": [
          [
            "-/-/DIV",
            "-/-/FORM",
            "-/DIV/DIV",
            "-/FORM/DIV",
            "-/FORM/INPUT-hidden",
            "-/FORM/INPUT-submit",
            "-/FORM/SCRIPT",
            "A/B/U",
            "B/U/FONT",
            "DIV/CENTER/INPUT-button",
            "DIV/DIV/CENTER",
            "DIV/DIV/DIV",
            "DIV/DIV/EM",
            "DIV/DIV/P",
            "DIV/DIV/SPAN",
            "DIV/EM/SPAN",
            "DIV/FIELDSET/FONT",
            "DIV/FIELDSET/LEGEND",
            "DIV/P/FONT",
            "DIV/SPAN/DIV",
            "DIV/SPAN/FIELDSET",
            "DIV/SPAN/FONT",
            "DIV/SPAN/TABLE",
            "FIELDSET/DIV/SPAN",
            "FIELDSET/LEGEND/SPAN",
            "FIELDSET/TABLE/TBODY",
            "FONT/A/B",
            "FORM/DIV/DIV",
            "SPAN/DIV/INPUT-submit",
            "SPAN/DIV/INPUT-text",
            "SPAN/DIV/SPAN",
            "SPAN/FIELDSET/DIV",
            "SPAN/FIELDSET/LEGEND",
            "SPAN/FIELDSET/TABLE",
            "SPAN/TABLE/TBODY",
            "SPAN/UL/LI",
            "TABLE/TBODY/TR",
            "TBODY/TR/TD",
            "TD/DIV/FIELDSET",
            "TD/FIELDSET/LEGEND",
            "TD/FIELDSET/TABLE",
            "TD/FONT/A",
            "TD/SPAN/FONT",
            "TD/SPAN/H3",
            "TD/SPAN/INPUT-checkbox",
            "TD/SPAN/UL",
            "TD/TABLE/TBODY",
            "TR/TD/BR",
            "TR/TD/DIV",
            "TR/TD/FIELDSET",
            "TR/TD/FONT",
            "TR/TD/IMG",
            "TR/TD/INPUT-file",
            "TR/TD/INPUT-submit",
            "TR/TD/INPUT-text",
            "TR/TD/SPAN",
            "TR/TD/TABLE"
          ],
          [
            "-/-/FORM",
            "-/FORM/DIV",
            "-/FORM/INPUT-hidden",
            "-/FORM/INPUT-submit",
            "-/FORM/SCRIPT",
            "A/B/U",
            "B/U/FONT",
            "DIV/CENTER/INPUT-button",
            "DIV/DIV/DIV",
            "DIV/DIV/EM",
            "DIV/DIV/P",
            "DIV/DIV/SPAN",
            "DIV/EM/SPAN",
            "DIV/FIELDSET/FONT",
            "DIV/FIELDSET/LEGEND",
            "DIV/P/FONT",
            "DIV/SPAN/DIV",
            "DIV/SPAN/FIELDSET",
            "DIV/SPAN/FONT",
            "DIV/SPAN/TABLE",
            "FIELDSET/DIV/SPAN",
            "FIELDSET/LEGEND/SPAN",
            "FIELDSET/TABLE/TBODY",
            "FONT/A/B",
            "FORM/DIV/CENTER",
            "FORM/DIV/DIV",
            "SPAN/DIV/INPUT-submit",
            "SPAN/DIV/INPUT-text",
            "SPAN/DIV/SPAN",
            "SPAN/FIELDSET/DIV",
            "SPAN/FIELDSET/LEGEND",
            "SPAN/FIELDSET/TABLE",
            "SPAN/TABLE/TBODY",
            "SPAN/UL/LI",
            "TABLE/TBODY/TR",
            "TBODY/TR/TD",
            "TD/DIV/FIELDSET",
            "TD/FIELDSET/LEGEND",
            "TD/FIELDSET/TABLE",
            "TD/FONT/A",
            "TD/SPAN/FONT",
            "TD/SPAN/H3",
            "TD/SPAN/INPUT-checkbox",
            "TD/SPAN/UL",
            "TD/TABLE/TBODY",
            "TR/TD/BR",
            "TR/TD/DIV",
            "TR/TD/FIELDSET",
            "TR/TD/FONT",
            "TR/TD/IMG",
            "TR/TD/INPUT-file",
            "TR/TD/INPUT-submit",
            "TR/TD/INPUT-text",
            "TR/TD/SPAN",
            "TR/TD/TABLE"
          ],
          [
            "-/-/FORM",
            "-/FORM/DIV",
            "-/FORM/INPUT-hidden",
            "-/FORM/INPUT-submit",
            "-/FORM/SCRIPT",
            "A/B/U",
            "B/U/FONT",
            "DIV/CENTER/INPUT-button",
            "DIV/DIV/DIV",
            "DIV/DIV/EM",
            "DIV/DIV/P",
            "DIV/DIV/SPAN",
            "DIV/EM/SPAN",
            "DIV/P/FONT",
            "DIV/SPAN/DIV",
            "DIV/SPAN/FIELDSET",
            "DIV/SPAN/FONT",
            "DIV/SPAN/TABLE",
            "FIELDSET/DIV/SPAN",
            "FIELDSET/LEGEND/SPAN",
            "FONT/A/B",
            "FORM/DIV/CENTER",
            "FORM/DIV/DIV",
            "SPAN/DIV/INPUT-submit",
            "SPAN/DIV/INPUT-text",
            "SPAN/DIV/SPAN",
            "SPAN/FIELDSET/DIV",
            "SPAN/FIELDSET/LEGEND",
            "SPAN/TABLE/TBODY",
            "SPAN/UL/LI",
            "TABLE/TBODY/TR",
            "TBODY/TR/TD",
            "TD/FIELDSET/LEGEND",
            "TD/FONT/A",
            "TD/SPAN/FONT",
            "TD/SPAN/H3",
            "TD/SPAN/UL",
            "TD/TABLE/TBODY",
            "TR/TD/FIELDSET",
            "TR/TD/FONT",
            "TR/TD/IMG",
            "TR/TD/INPUT-file",
            "TR/TD/INPUT-text",
            "TR/TD/SPAN",
            "TR/TD/TABLE"
          ]
        ],
        "context0": [
          [
            "-/-/DIV",
            "-/DIV/DIV",
            "DIV/DIV/DIV",
            "DIV/DIV/FORM",
            "DIV/DIV/H2",
            "DIV/DIV/H3",
            "DIV/DIV/IFRAME",
            "DIV/DIV/INPUT-text",
            "DIV/DIV/P",
            "DIV/DIV/SCRIPT",
            "DIV/DIV/SPAN",
            "DIV/DIV/UL",
            "DIV/FORM/DIV",
            "DIV/FORM/INPUT-hidden",
            "DIV/FORM/SCRIPT",
            "DIV/H2/IMG",
            "DIV/H3/IMG",
            "DIV/P/EM",
            "DIV/SPAN/A",
            "DIV/SPAN/SPAN",
            "DIV/UL/LI",
            "FORM/DIV/UL",
            "LI/A/SPAN",
            "LI/EM/SPAN",
            "LI/UL/LI",
            "P/EM/SPAN",
            "UL/LI/A",
            "UL/LI/EM",
            "UL/LI/SPAN",
            "UL/LI/UL"
          ],
          [
            "-/-/DIV",
            "-/DIV/DIV",
            "DIV/DIV/DIV",
            "DIV/DIV/FORM",
            "DIV/DIV/H2",
            "DIV/DIV/H3",
            "DIV/DIV/IFRAME",
            "DIV/DIV/INPUT-hidden",
            "DIV/DIV/INPUT-null",
            "DIV/DIV/P",
            "DIV/DIV/SPAN",
            "DIV/DIV/UL",
            "DIV/FORM/DIV",
            "DIV/FORM/INPUT-hidden",
            "DIV/FORM/SCRIPT",
            "DIV/H2/IMG",
            "DIV/H3/IMG",
            "DIV/P/EM",
            "DIV/P/SPAN",
            "DIV/SPAN/A",
            "DIV/SPAN/SPAN",
            "DIV/UL/LI",
            "FORM/DIV/UL",
            "LI/A/SPAN",
            "LI/EM/SPAN",
            "LI/UL/LI",
            "P/EM/SPAN",
            "P/SPAN/FONT",
            "UL/LI/A",
            "UL/LI/EM",
            "UL/LI/SPAN",
            "UL/LI/UL"
          ]
        ]
      }
    }
  }
}