{
  "version": "0.1",
  "id": "y_PapersApplication_follow",
  "targetURL": "http://42.247.16.108/xgxt/rcsw_xszbb_bbsq.do",
  "jsFile": "index.js",
  "chineseName": "证件补办申请_流程跟踪",
  "description": "",
  "controls": {
    "control1": {
      "location": {
        "data": {
          "tagName": "A"
        },
        "locators": [
          {
            "id": "@title",
            "prob": 2,
            "ordinal": [
              0,
              3
            ],
            "value": {
              "text": [
                "关闭(esc键)"
              ]
            }
          },
          {
            "id": "@class/word",
            "prob": 1,
            "ordinal": [
              0,
              3
            ],
            "value": "DIV.ui_title_bar DIV.ui_title_buttons A.ui_close"
          },
          {
            "id": "path/ordinal",
            "prob": 1,
            "ordinal": [
              0,
              2
            ],
            "value": "/HTML[1]/BODY[1]/DIV[1]/TABLE[1]/TBODY[1]/TR[2]/TD[2]/DIV[1]/TABLE[1]/TBODY[1]/TR[1]/TD[1]/DIV[1]/DIV[2]/A[4]"
          },
          {
            "id": "elderLevel",
            "value": {
              "level": 0
            }
          },
          {
            "id": "shield",
            "value": {
              "zIndex": "auto",
              "width": 22,
              "height": 22
            }
          }
        ]
      },
      "intendedRole": "button",
      "roles": "element,button,link",
      "monitored": false
    },
    "control2": {
      "location": {
        "data": {
          "tagName": "DIV"
        },
        "locators": [
          {
            "id": "text",
            "prob": 3,
            "value": {
              "text": [
                "辅导员1 二级学院学生证专项负责人2 综合服务管理员3 审核中 待审核 审核岗位：辅导员审核人：审核时间： 审核意见："
              ],
              "visText": [
                "辅导员 1 二级学院学生证专项负责人 2 综合服务管理员 3 审核中 待审核 审核岗位：辅导员审核人：审核时间： 审核意见："
              ]
            }
          },
          {
            "id": "@class/word",
            "prob": 1,
            "ordinal": [
              0,
              2
            ],
            "value": "DIV.splc1"
          },
          {
            "id": "path/ordinal",
            "prob": 1,
            "value": "/HTML[1]/BODY[1]/DIV[2]"
          },
          {
            "id": "shield",
            "value": {
              "zIndex": "auto",
              "width": 480,
              "height": 380
            }
          }
        ]
      },
      "intendedRole": "fragment",
      "roles": "element,link,fragment",
      "monitored": true,
      "frameXPath": "//iframe[@name='parentDialog']<<IFRAME>>"
    }
  },
  "contexts": {
    "context2": {
      "controls": [
        "control1",
        "control2"
      ],
      "anchors": []
    }
  },
  "flows": {
    "flow0": {
      "toContexts": [
        {
          "toContextId": "context2"
        }
      ]
    }
  },
  "pages": {
    "page2": {
      "contextId": "context2",
      "layout": [
        {
          "id": "uiControl68",
          "display": {
            "class": "xg_header",
            "title": "证件补办审批流程跟踪",
            "type": "header",
            "adapterId": "header",
            "adapter": {
              "templateType": ""
            }
          },
          "layout": [
            {
              "id": "uiControl68headerLeft",
              "display": {
                "type": "headerLeft",
                "adapterId": "headerLeft",
                "adapter": {
                  "templateType": ""
                }
              },
              "layout": []
            }
          ]
        },
        {
          "id": "uiControl74",
          "display": {
            "type": "card",
            "adapterId": "card",
            "class": "xg_body",
            "adapter": {
              "templateType": ""
            }
          },
          "layout": [
            {
              "id": "uiControl74body",
              "display": {
                "type": "cardBody",
                "adapterId": "cardBody",
                "adapter": {
                  "templateType": ""
                }
              },
              "layout": [
                {
                  "id": "uiControl73",
                  "controlId": "control2",
                  "display": {
                    "adapterId": "fragment",
                    "type": "fragment",
                    "class": "lv_it_fra",
                    "adapter": {
                      "templateType": ""
                    }
                  }
                }
              ]
            }
          ]
        },
        {
          "id": "uiControl71",
          "controlId": "control1",
          "display": {
            "adapterId": "clickable",
            "type": "button",
            "text": "返回",
            "class": "xg_back",
            "adapter": {
              "templateType": ""
            }
          }
        }
      ]
    }
  },
  "matchers": {
    "page/title": {
      "contexts": {
        "context2": [
          ""
        ]
      }
    },
    "page/urls": {
      "contexts": {
        "context2": [
          "42.247.16.108/xgxt/rcsw_xszbb_bbsq.do",
          "42.247.16.108/xgxt/rcsw_xszbb_bbsh.do"
        ]
      }
    },
    "page/ids": {
      "contexts": {
        "context2": [
          []
        ]
      }
    },
    "page/classes": {
      "contexts": {
        "context2": [
          [
            "num",
            "shz",
            "text",
            "user",
            "wsh"
          ]
        ]
      }
    },
    "page/tagTriplets": {
      "contexts": {
        "context2": [
          [
            "-/-/DIV",
            "-/-/UL",
            "-/UL/LI",
            "UL/LI/P"
          ]
        ]
      }
    }
  }
}