{
  "version": "0.1",
  "id": "t_evaluate_eachOther",
  "targetURL": "http://117.35.118.209/js_jxpj.aspx?zgh=150528&xm=%CD%F5%C0%F2&gnmkdm=N122602",
  "jsFile": "../../lib/base.js,../../lib/customTemplate.js,index.js",
  "cssFile": "../../lib/base.css,index.css",
  "requires": {
    "login": "../login/index.json",
    "t_index": "../t_index/index.json"
  },
  "chineseName": "教师同行评教",
  "controls": {
    "control74": {
      "location": {
        "data": {
          "tagName": "TD"
        },
        "locators": [
          {
            "id": "text",
            "prob": 3,
            "value": {
              "text": [
                "尊敬的王莉老师： 不断提高教学质量，是您和我们共同的期盼，您的评价对提高学校教学质量和维护您自身的权益都将起到重要的作用。 请您给课堂教学质量按下列指标评价。谢谢。 教务处"
              ],
              "visText": [
                "尊敬的王莉老师： 不断提高教学质量，是您和我们共同的期盼，您的评价对提高学校教学质量和维护您自身的权益都将起到重要的作用。 请您给课堂教学质量按下列指标评价。谢谢。 教务处"
              ]
            }
          },
          {
            "id": "@id/partialWord",
            "prob": 1,
            "disabled": true,
            "value": {
              "elemId": "Table2",
              "tagName": "TABLE",
              "prefix": "",
              "suffix": "/TBODY[1]/TR[1]/TD[1]",
              "ratio": 0.799
            }
          },
          {
            "id": "@class/word",
            "prob": 1,
            "ordinal": [
              0,
              8
            ],
            "value": "DIV.mid_box DIV.formbox TABLE.formlist TBODY TR TD"
          },
          {
            "id": "path/ordinal",
            "prob": 1,
            "value": "/HTML[1]/BODY[1]/FORM[1]/DIV[1]/DIV[1]/DIV[2]/TABLE[1]/TBODY[1]/TR[1]/TD[1]"
          },
          {
            "id": "style/color",
            "value": [
              95,
              116,
              133
            ]
          },
          {
            "id": "shield",
            "value": {
              "zIndex": "auto",
              "width": 1078,
              "height": 73
            }
          }
        ]
      },
      "events": {
        "onGetData": "getData_control74"
      },
      "intendedRole": "custom",
      "roles": "element,custom",
      "monitored": false
    },
    "control120": {
      "location": {
        "data": {
          "tagName": "SELECT"
        },
        "locators": [
          {
            "id": "text",
            "prob": 3,
            "value": {
              "text": [
                "高贵 张海珠 张丽莎 马亚乐 潘怀平 侯娟侠 王曼利 王雅 申艳霞 徐翔 王庆昱 王晓勇 李叶 魏耕原 蔡亮 杨源 李道刚 贾晶 陈卫东 傅亚卓 吕明凤 霍有明 张婧 杨正明 刘冬梅 冯鸽 东娜 桑盛荣 罗静 张萍 张莉霞 白洁 王莉 王相民 陶长军 高天成 朱娟丽 庞欢 周晓辉 桂新苗 孟祥庚 张静 常翠岩 车宝仁 张雨笑 王玉玲 赵洁 刘翔 李世忠 程海峰 高燕 罗妮 吕晶 李冠华 王丽丽"
              ],
              "visText": [
                ""
              ]
            }
          },
          {
            "id": "elem/@name",
            "prob": 2,
            "value": "descendant::SELECT[@name=\"ddl_jsxm\"]"
          },
          {
            "id": "@id/word",
            "prob": 3,
            "value": "descendant::SELECT[@id=\"ddl_jsxm\"]"
          },
          {
            "id": "@class/word",
            "prob": 1,
            "ordinal": [
              1,
              4
            ],
            "value": "DIV.mid_box DIV.formbox TABLE.formlist TBODY TR TD SELECT"
          },
          {
            "id": "path/ordinal",
            "prob": 1,
            "value": "/HTML[1]/BODY[1]/FORM[1]/DIV[1]/DIV[1]/DIV[2]/TABLE[1]/TBODY[1]/TR[2]/TD[1]/SELECT[2]"
          },
          {
            "id": "input/type",
            "verifyEnabled": true,
            "value": "select-one"
          },
          {
            "id": "shield",
            "value": {
              "zIndex": "auto",
              "width": 60,
              "height": 19
            }
          }
        ]
      },
      "intendedRole": "listbox",
      "roles": "element,listbox",
      "monitored": true
    },
    "control121": {
      "location": {
        "data": {
          "tagName": "SELECT"
        },
        "locators": [
          {
            "id": "elem/@name",
            "prob": 2,
            "value": "descendant::SELECT[@name=\"drdl_kcmc\"]"
          },
          {
            "id": "@id/word",
            "prob": 3,
            "value": "descendant::SELECT[@id=\"drdl_kcmc\"]"
          },
          {
            "id": "@class/word",
            "prob": 1,
            "ordinal": [
              2,
              4
            ],
            "value": "DIV.mid_box DIV.formbox TABLE.formlist TBODY TR TD SELECT"
          },
          {
            "id": "path/ordinal",
            "prob": 1,
            "value": "/HTML[1]/BODY[1]/FORM[1]/DIV[1]/DIV[1]/DIV[2]/TABLE[1]/TBODY[1]/TR[2]/TD[1]/SELECT[3]"
          },
          {
            "id": "input/type",
            "verifyEnabled": true,
            "value": "select-one"
          },
          {
            "id": "shield",
            "value": {
              "zIndex": "auto",
              "width": 24,
              "height": 19
            }
          }
        ]
      },
      "intendedRole": "listbox",
      "roles": "element,listbox",
      "monitored": true
    },
    "control122": {
      "location": {
        "data": {
          "tagName": "SELECT"
        },
        "locators": [
          {
            "id": "elem/@name",
            "prob": 2,
            "value": "descendant::SELECT[@name=\"pjkc\"]"
          },
          {
            "id": "@id/word",
            "prob": 3,
            "value": "descendant::SELECT[@id=\"pjkc\"]"
          },
          {
            "id": "@class/word",
            "prob": 1,
            "ordinal": [
              3,
              4
            ],
            "value": "DIV.mid_box DIV.formbox TABLE.formlist TBODY TR TD SELECT"
          },
          {
            "id": "path/ordinal",
            "prob": 1,
            "value": "/HTML[1]/BODY[1]/FORM[1]/DIV[1]/DIV[1]/DIV[2]/TABLE[1]/TBODY[1]/TR[3]/TD[1]/SELECT[1]"
          },
          {
            "id": "input/type",
            "verifyEnabled": true,
            "value": "select-one"
          },
          {
            "id": "elderLevel",
            "value": {
              "level": 0
            }
          },
          {
            "id": "shield",
            "value": {
              "zIndex": "auto",
              "width": 24,
              "height": 19
            }
          }
        ]
      },
      "intendedRole": "listbox",
      "roles": "element,listbox",
      "monitored": true
    },
    "control123": {
      "location": {
        "data": {
          "tagName": "INPUT"
        },
        "locators": [
          {
            "id": "input/@value",
            "prob": 1,
            "value": {
              "text": [
                "细评"
              ]
            }
          },
          {
            "id": "input/button/@value",
            "prob": 3,
            "value": {
              "text": [
                "细评"
              ]
            }
          },
          {
            "id": "radio/@name",
            "prob": 2,
            "value": "RadioButtonList1"
          },
          {
            "id": "elem/@name",
            "prob": 1,
            "ordinal": [
              0,
              2
            ],
            "value": "descendant::INPUT[@name=\"RadioButtonList1\"]"
          },
          {
            "id": "path/ordinal",
            "prob": 1,
            "value": "/HTML[1]/BODY[1]/FORM[1]/DIV[1]/DIV[1]/DIV[2]/TABLE[1]/TBODY[1]/TR[4]/TD[1]/TABLE[1]/TBODY[1]/TR[1]/TD[1]/INPUT[1]"
          },
          {
            "id": "input/type",
            "verifyEnabled": true,
            "value": "radio"
          },
          {
            "id": "elderLevel",
            "value": {
              "level": 0
            }
          },
          {
            "id": "shield",
            "value": {
              "zIndex": "auto",
              "width": 13,
              "height": 13
            }
          }
        ]
      },
      "intendedRole": "radiogroup",
      "roles": "element,radiogroup",
      "monitored": true
    },
    "control124": {
      "location": {
        "data": {
          "tagName": "SELECT"
        },
        "locators": [
          {
            "id": "elem/@name",
            "prob": 1,
            "value": "descendant::SELECT[@name=\"DropDownList1\"]"
          },
          {
            "id": "@id/word",
            "prob": 2,
            "value": [
              "descendant::TR[@id=\"trPf\"]/TD[1]/FONT[1]/SELECT[1]",
              "descendant::TR[@id=\"trPf\"]//SELECT"
            ]
          },
          {
            "id": "@class/word",
            "prob": 1,
            "value": "DIV.mid_box DIV.formbox TABLE.formlist TBODY TR TD FONT SELECT"
          },
          {
            "id": "path/ordinal",
            "prob": 1,
            "value": "/HTML[1]/BODY[1]/FORM[1]/DIV[1]/DIV[1]/DIV[2]/TABLE[1]/TBODY[1]/TR[5]/TD[1]/FONT[1]/SELECT[1]"
          },
          {
            "id": "input/type",
            "verifyEnabled": true,
            "value": "select-one"
          },
          {
            "id": "elderLevel",
            "value": {
              "level": 0
            }
          },
          {
            "id": "shield",
            "value": {
              "zIndex": "auto",
              "width": 24,
              "height": 19
            }
          }
        ]
      },
      "intendedRole": "listbox",
      "roles": "element,listbox",
      "monitored": true
    },
    "control126": {
      "location": {
        "data": {
          "tagName": "SPAN"
        },
        "locators": [
          {
            "id": "button/text",
            "prob": 3,
            "value": {
              "text": [
                "其他评价与建议（限50字，可不填）："
              ],
              "visText": [
                "其他评价与建议（限50字，可不填）："
              ]
            }
          },
          {
            "id": "text",
            "prob": 3,
            "value": {
              "text": [
                "其他评价与建议（限50字，可不填）："
              ],
              "visText": [
                "其他评价与建议（限50字，可不填）："
              ]
            }
          },
          {
            "id": "@id/word",
            "prob": 3,
            "value": [
              "descendant::TR[@id=\"trPy\"]//SPAN[@id=\"lbl_pjxx\"]",
              "descendant::SPAN[@id=\"lbl_pjxx\"]"
            ]
          },
          {
            "id": "@class/word",
            "prob": 1,
            "ordinal": [
              2,
              3
            ],
            "value": "DIV.mid_box DIV.formbox TABLE.formlist TBODY TR TD SPAN"
          },
          {
            "id": "path/ordinal",
            "prob": 1,
            "value": "/HTML[1]/BODY[1]/FORM[1]/DIV[1]/DIV[1]/DIV[2]/TABLE[1]/TBODY[1]/TR[7]/TD[1]/SPAN[1]"
          },
          {
            "id": "style/color",
            "value": [
              95,
              116,
              133
            ]
          },
          {
            "id": "elderLevel",
            "value": {
              "level": 0
            }
          },
          {
            "id": "shield",
            "value": {
              "zIndex": "auto",
              "width": 208,
              "height": 15
            }
          }
        ]
      },
      "intendedRole": "fragment",
      "roles": "element,fragment",
      "monitored": false
    },
    "control127": {
      "location": {
        "data": {
          "tagName": "TEXTAREA"
        },
        "locators": [
          {
            "id": "elem/@name",
            "prob": 2,
            "value": "descendant::TEXTAREA[@name=\"pjxx\"]"
          },
          {
            "id": "@id/word",
            "prob": 3,
            "value": [
              "descendant::TR[@id=\"trPy\"]//TEXTAREA[@id=\"pjxx\"]",
              "descendant::TEXTAREA[@id=\"pjxx\"]"
            ]
          },
          {
            "id": "@class/word",
            "prob": 1,
            "value": "DIV.formbox TABLE.formlist TEXTAREA.pjxx"
          },
          {
            "id": "path/ordinal",
            "prob": 1,
            "value": "/HTML[1]/BODY[1]/FORM[1]/DIV[1]/DIV[1]/DIV[2]/TABLE[1]/TBODY[1]/TR[7]/TD[1]/TEXTAREA[1]"
          },
          {
            "id": "input/type",
            "verifyEnabled": true,
            "value": "textarea"
          },
          {
            "id": "elderLevel",
            "value": {
              "level": 0
            }
          },
          {
            "id": "shield",
            "value": {
              "zIndex": "auto",
              "width": 1041.734375,
              "height": 71
            }
          }
        ]
      },
      "intendedRole": "textbox",
      "roles": "element,textbox",
      "monitored": true
    },
    "control128": {
      "location": {
        "data": {
          "tagName": "INPUT"
        },
        "locators": [
          {
            "id": "input/@value",
            "prob": 1,
            "value": {
              "text": [
                "保  存"
              ]
            }
          },
          {
            "id": "input/button/@value",
            "prob": 3,
            "value": {
              "text": [
                "保  存"
              ]
            }
          },
          {
            "id": "elem/@name",
            "prob": 1,
            "value": "descendant::INPUT[@name=\"Button1\"]"
          },
          {
            "id": "@class/word",
            "prob": 1,
            "value": "EM.footbox_con SPAN.footbutton INPUT.button"
          },
          {
            "id": "path/ordinal",
            "prob": 1,
            "value": "/HTML[1]/BODY[1]/FORM[1]/DIV[1]/DIV[1]/DIV[3]/EM[1]/SPAN[2]/DIV[1]/INPUT[1]"
          },
          {
            "id": "input/type",
            "verifyEnabled": true,
            "value": "submit"
          },
          {
            "id": "elderLevel",
            "value": {
              "level": 0
            }
          },
          {
            "id": "shield",
            "value": {
              "zIndex": "auto",
              "width": 51.609375,
              "height": 20
            }
          }
        ]
      },
      "intendedRole": "button",
      "roles": "element,button",
      "monitored": false
    },
    "control77": {
      "location": {
        "data": {
          "tagName": "TD"
        },
        "locators": [
          {
            "id": "text",
            "prob": 3,
            "value": {
              "text": [
                "尊敬的徐磊老师： 不断提高教学质量，是您和我们共同的期盼，您的评价对提高学校教学质量和维护您自身的权益都将起到重要的作用。 请您给课堂教学质量按下列指标评价。谢谢。 教务处"
              ],
              "visText": [
                "尊敬的徐磊老师： 不断提高教学质量，是您和我们共同的期盼，您的评价对提高学校教学质量和维护您自身的权益都将起到重要的作用。 请您给课堂教学质量按下列指标评价。谢谢。 教务处"
              ]
            }
          },
          {
            "id": "@id/partialWord",
            "prob": 1,
            "disabled": true,
            "value": {
              "elemId": "Table2",
              "tagName": "TABLE",
              "prefix": "",
              "suffix": "/TBODY[1]/TR[1]/TD[1]",
              "ratio": 0.728
            }
          },
          {
            "id": "@class/word",
            "prob": 1,
            "ordinal": [
              0,
              8
            ],
            "value": "DIV.mid_box DIV.formbox TABLE.formlist TBODY TR TD"
          },
          {
            "id": "path/ordinal",
            "prob": 1,
            "value": "/HTML[1]/BODY[1]/FORM[1]/DIV[1]/DIV[1]/DIV[2]/TABLE[1]/TBODY[1]/TR[1]/TD[1]"
          },
          {
            "id": "style/color",
            "value": [
              95,
              116,
              133
            ]
          },
          {
            "id": "shield",
            "value": {
              "zIndex": "auto",
              "width": 1078,
              "height": 73
            }
          }
        ]
      },
      "events": {
        "onGetData": "getData_control77"
      },
      "intendedRole": "custom",
      "roles": "element,custom",
      "monitored": false
    },
    "control125": {
      "location": {
        "data": {
          "tagName": "FIELDSET"
        },
        "locators": [
          {
            "id": "button/text",
            "prob": 3,
            "value": {
              "text": [
                "评价指标"
              ],
              "visText": [
                "评价指标"
              ]
            }
          },
          {
            "id": "text",
            "prob": 3,
            "value": {
              "text": [
                "评价指标"
              ],
              "visText": [
                "评价指标"
              ]
            }
          },
          {
            "id": "@id/partialWord",
            "prob": 1,
            "disabled": true,
            "value": {
              "elemId": "Table2",
              "tagName": "TABLE",
              "prefix": "",
              "suffix": "/TBODY[1]/TR[5]/TD[1]/FONT[1]/FIELDSET[1]",
              "ratio": 0.728
            }
          },
          {
            "id": "@class/word",
            "prob": 1,
            "value": "DIV.mid_box DIV.formbox TABLE.formlist TBODY TR TD FONT FIELDSET"
          },
          {
            "id": "path/ordinal",
            "prob": 1,
            "value": "/HTML[1]/BODY[1]/FORM[1]/DIV[1]/DIV[1]/DIV[2]/TABLE[1]/TBODY[1]/TR[5]/TD[1]/FONT[1]/FIELDSET[1]"
          },
          {
            "id": "style/color",
            "value": [
              95,
              116,
              133
            ]
          },
          {
            "id": "input/type",
            "verifyEnabled": true,
            "value": "fieldset"
          },
          {
            "id": "shield",
            "value": {
              "zIndex": "auto",
              "width": 1063,
              "height": 24
            }
          }
        ]
      },
      "events": {
        "onGetData": "getData_control125"
      },
      "intendedRole": "custom",
      "roles": "element,custom",
      "monitored": false
    },
    "control107": {
      "location": {
        "data": {
          "tagName": "SELECT"
        },
        "locators": [
          {
            "id": "elem/@name",
            "prob": 2,
            "value": "descendant::SELECT[@name=\"drdl_xymc\"]"
          },
          {
            "id": "@id/word",
            "prob": 3,
            "value": "descendant::SELECT[@id=\"drdl_xymc\"]"
          },
          {
            "id": "@class/word",
            "prob": 1,
            "ordinal": [
              0,
              4
            ],
            "value": "DIV.mid_box DIV.formbox TABLE.formlist TBODY TR TD SELECT"
          },
          {
            "id": "path/ordinal",
            "prob": 1,
            "value": "/HTML[1]/BODY[1]/FORM[1]/DIV[1]/DIV[1]/DIV[2]/TABLE[1]/TBODY[1]/TR[2]/TD[1]/SELECT[1]"
          },
          {
            "id": "input/type",
            "verifyEnabled": true,
            "value": "select-one"
          },
          {
            "id": "shield",
            "value": {
              "zIndex": "auto",
              "width": 180,
              "height": 19
            }
          }
        ]
      },
      "events": {
        "onGetData": "getData_control107"
      },
      "intendedRole": "custom",
      "roles": "element,listbox,custom",
      "monitored": false
    }
  },
  "contexts": {
    "context1": {
      "controls": [
        "control74",
        "control120",
        "control121",
        "control122",
        "control123",
        "control124",
        "control126",
        "control127",
        "control128",
        "control77",
        "control125",
        "control107"
      ],
      "anchors": []
    }
  },
  "flows": {
    "flow0": {
      "toContexts": [
        {
          "toContextId": "context1"
        },
        {
          "toContextId": "context0",
          "toModelId": "t_index"
        }
      ]
    }
  },
  "pages": {
    "page1": {
      "contextId": "context1",
      "layout": [
        {
          "id": "uiControl0",
          "display": {
            "class": "navbar navbar-primary header",
            "title": "教师同行评教",
            "type": "header",
            "adapterId": "header",
            "adapter": {
              "templateType": ""
            }
          },
          "layout": []
        },
        {
          "id": "uiControl192",
          "controlId": "control74",
          "display": {
            "adapterId": "custom",
            "type": "custom",
            "adapter": {
              "templateType": "react",
              "events": {
                "onDoAction": "doAction_uiControl192",
                "onGetTemplate": "getTemplate_uiControl192"
              }
            }
          }
        },
        {
          "id": "uiControl189",
          "display": {
            "type": "card",
            "adapterId": "card",
            "class": "top-tip",
            "adapter": {
              "templateType": ""
            }
          },
          "layout": [
            {
              "id": "uiControl189body",
              "display": {
                "type": "cardBody",
                "adapterId": "cardBody",
                "adapter": {
                  "templateType": ""
                }
              },
              "layout": [
                {
                  "id": "uiControl193",
                  "controlId": "control77",
                  "display": {
                    "adapterId": "custom",
                    "type": "custom",
                    "adapter": {
                      "templateType": "react",
                      "events": {
                        "onDoAction": "doAction_uiControl193",
                        "onGetTemplate": "getTemplate_uiControl193"
                      }
                    }
                  }
                }
              ]
            }
          ]
        },
        {
          "id": "uiControl194",
          "display": {
            "type": "card",
            "adapterId": "card",
            "class": "select-area",
            "adapter": {
              "templateType": ""
            }
          },
          "layout": [
            {
              "id": "uiControl194body",
              "display": {
                "type": "cardBody",
                "adapterId": "cardBody",
                "adapter": {
                  "templateType": ""
                }
              },
              "layout": [
                {
                  "id": "uiControl195",
                  "display": {
                    "text": "开课学院：",
                    "type": "content",
                    "adapterId": "staticContent",
                    "adapter": {
                      "templateType": ""
                    }
                  }
                },
                {
                  "id": "uiControl198",
                  "controlId": "control107",
                  "display": {
                    "adapterId": "custom",
                    "type": "custom",
                    "adapter": {
                      "templateType": "react",
                      "events": {
                        "onDoAction": "doAction_uiControl198",
                        "onGetTemplate": "getTemplate_uiControl198"
                      }
                    }
                  }
                },
                {
                  "id": "uiControl196",
                  "display": {
                    "text": "教师姓名：",
                    "type": "content",
                    "adapterId": "staticContent",
                    "adapter": {
                      "templateType": ""
                    }
                  }
                },
                {
                  "id": "uiControl199",
                  "controlId": "control120",
                  "display": {
                    "adapterId": "listbox",
                    "type": "listbox",
                    "adapter": {
                      "templateType": ""
                    }
                  }
                },
                {
                  "id": "uiControl197",
                  "display": {
                    "text": "课程名称：",
                    "type": "content",
                    "adapterId": "staticContent",
                    "adapter": {
                      "templateType": ""
                    }
                  }
                },
                {
                  "id": "uiControl200",
                  "controlId": "control121",
                  "display": {
                    "adapterId": "listbox",
                    "type": "listbox",
                    "adapter": {
                      "templateType": ""
                    }
                  }
                },
                {
                  "id": "uiControl201",
                  "display": {
                    "text": "评价教学班信息：",
                    "type": "content",
                    "adapterId": "staticContent",
                    "class": "jxbxx",
                    "adapter": {
                      "templateType": ""
                    }
                  }
                },
                {
                  "id": "uiControl202",
                  "controlId": "control122",
                  "display": {
                    "adapterId": "listbox",
                    "type": "listbox",
                    "adapter": {
                      "templateType": ""
                    }
                  }
                },
                {
                  "id": "uiControl203",
                  "display": {
                    "text": "评价方式：",
                    "type": "content",
                    "adapterId": "staticContent",
                    "adapter": {
                      "templateType": ""
                    }
                  }
                },
                {
                  "id": "uiControl204",
                  "controlId": "control123",
                  "display": {
                    "adapterId": "radiogroup",
                    "type": "radiogroup",
                    "adapter": {
                      "templateType": ""
                    }
                  }
                }
              ]
            }
          ]
        },
        {
          "id": "uiControl213",
          "display": {
            "type": "card",
            "adapterId": "card",
            "class": "cp",
            "adapter": {
              "templateType": ""
            }
          },
          "layout": [
            {
              "id": "uiControl213body",
              "display": {
                "type": "cardBody",
                "adapterId": "cardBody",
                "adapter": {
                  "templateType": ""
                }
              },
              "layout": [
                {
                  "id": "uiControl205",
                  "controlId": "control124",
                  "display": {
                    "adapterId": "listbox",
                    "type": "listbox",
                    "adapter": {
                      "templateType": ""
                    }
                  }
                }
              ]
            }
          ]
        },
        {
          "id": "uiControl206",
          "display": {
            "type": "card",
            "adapterId": "card",
            "class": "pjzb",
            "adapter": {
              "templateType": ""
            }
          },
          "layout": [
            {
              "id": "uiControl206body",
              "display": {
                "type": "cardBody",
                "adapterId": "cardBody",
                "adapter": {
                  "templateType": ""
                }
              },
              "layout": [
                {
                  "id": "uiControl207",
                  "controlId": "control125",
                  "display": {
                    "adapterId": "custom",
                    "type": "custom",
                    "adapter": {
                      "templateType": "react",
                      "events": {
                        "onDoAction": "doAction_uiControl207",
                        "onGetTemplate": "getTemplate_uiControl207"
                      }
                    }
                  }
                }
              ]
            }
          ]
        },
        {
          "id": "uiControl208",
          "display": {
            "type": "card",
            "adapterId": "card",
            "class": "jyyj",
            "adapter": {
              "templateType": ""
            }
          },
          "layout": [
            {
              "id": "uiControl208body",
              "display": {
                "type": "cardBody",
                "adapterId": "cardBody",
                "adapter": {
                  "templateType": ""
                }
              },
              "layout": [
                {
                  "id": "uiControl209",
                  "controlId": "control126",
                  "display": {
                    "adapterId": "fragment",
                    "type": "fragment",
                    "adapter": {
                      "templateType": ""
                    }
                  }
                },
                {
                  "id": "uiControl210",
                  "controlId": "control127",
                  "display": {
                    "adapterId": "textbox",
                    "type": "textbox",
                    "adapter": {
                      "templateType": ""
                    }
                  }
                }
              ]
            }
          ]
        },
        {
          "id": "uiControl211",
          "display": {
            "type": "card",
            "adapterId": "card",
            "class": "sub-btn",
            "adapter": {
              "templateType": ""
            }
          },
          "layout": [
            {
              "id": "uiControl211body",
              "display": {
                "type": "cardBody",
                "adapterId": "cardBody",
                "adapter": {
                  "templateType": ""
                }
              },
              "layout": [
                {
                  "id": "uiControl212",
                  "controlId": "control128",
                  "display": {
                    "adapterId": "clickable",
                    "type": "button",
                    "adapter": {
                      "templateType": ""
                    }
                  }
                }
              ]
            }
          ]
        }
      ]
    }
  },
  "matchers": {
    "page/title": {
      "contexts": {
        "context1": [
          "现代教学管理信息系统"
        ]
      }
    },
    "page/urls": {
      "contexts": {
        "context1": [
          "117.35.118.209/js_jxpj.aspx?zgh=150528&xm=%CD%F5%C0%F2&gnmkdm=N122602",
          "117.35.118.209/js_jxpj.aspx?zgh=150134&xm=%D0%EC%C0%DA&gnmkdm=N122602"
        ]
      }
    },
    "page/ids": {
      "contexts": {
        "context1": [
          [
            "Button",
            "Form",
            "Label",
            "RadioButtonList",
            "RadioButtonList_",
            "Table",
            "ddl_jsxm",
            "drdl_kcmc",
            "drdl_xymc",
            "lbl_pjxx",
            "lbl_zgh",
            "pjkc",
            "pjxx",
            "trPy"
          ],
          [
            "Button",
            "DropDownList",
            "Form",
            "Label",
            "RadioButtonList",
            "RadioButtonList_",
            "Table",
            "ddl_jsxm",
            "drdl_kcmc",
            "drdl_xymc",
            "lbl_pjxx",
            "lbl_zgh",
            "pjkc",
            "pjxx",
            "trPf",
            "trPy"
          ]
        ]
      }
    },
    "page/classes": {
      "contexts": {
        "context1": [
          [
            "button",
            "footbox",
            "footbox_con",
            "footbutton",
            "formbox",
            "formli",
            "main_box",
            "mid_box",
            "pagination",
            "pjxx",
            "t",
            "title"
          ],
          [
            "abled-dom",
            "button",
            "di",
            "footbox",
            "footbox_con",
            "footbutton",
            "formbox",
            "formli",
            "main_box",
            "mid_box",
            "pagination",
            "pjxx",
            "t",
            "title"
          ]
        ]
      }
    },
    "page/tagTriplets": {
      "contexts": {
        "context1": [
          [
            "-/-/FORM",
            "-/FORM/DIV",
            "-/FORM/INPUT-hidden",
            "-/FORM/SCRIPT",
            "DIV/DIV/DIV",
            "DIV/DIV/EM",
            "DIV/DIV/P",
            "DIV/DIV/TABLE",
            "DIV/EM/SPAN",
            "DIV/P/FONT",
            "DIV/TABLE/TBODY",
            "EM/SPAN/DIV",
            "FONT/FIELDSET/LEGEND",
            "FORM/DIV/DIV",
            "SPAN/DIV/INPUT-submit",
            "TABLE/TBODY/TR",
            "TBODY/TR/TD",
            "TD/FONT/FIELDSET",
            "TD/SELECT/OPTION",
            "TD/TABLE/TBODY",
            "TR/TD/BR",
            "TR/TD/FONT",
            "TR/TD/INPUT-radio",
            "TR/TD/LABEL",
            "TR/TD/SELECT",
            "TR/TD/SPAN",
            "TR/TD/TABLE",
            "TR/TD/TEXTAREA"
          ],
          [
            "-/-/FORM",
            "-/-/SCRIPT",
            "-/FORM/DIV",
            "-/FORM/INPUT-hidden",
            "-/FORM/SCRIPT",
            "DIV/DIV/DIV",
            "DIV/DIV/EM",
            "DIV/DIV/P",
            "DIV/DIV/TABLE",
            "DIV/EM/SPAN",
            "DIV/P/FONT",
            "DIV/TABLE/TBODY",
            "EM/SPAN/DIV",
            "FONT/FIELDSET/LEGEND",
            "FORM/DIV/DIV",
            "SPAN/DIV/INPUT-submit",
            "TABLE/TBODY/TR",
            "TBODY/TR/TD",
            "TD/FONT/FIELDSET",
            "TD/SELECT/OPTION",
            "TD/TABLE/TBODY",
            "TR/TD/BR",
            "TR/TD/FONT",
            "TR/TD/INPUT-radio",
            "TR/TD/LABEL",
            "TR/TD/SELECT",
            "TR/TD/SPAN",
            "TR/TD/TABLE",
            "TR/TD/TEXTAREA"
          ],
          [
            "-/-/DIV",
            "-/-/FORM",
            "-/-/SCRIPT",
            "-/FORM/DIV",
            "-/FORM/INPUT-hidden",
            "-/FORM/SCRIPT",
            "DIV/DIV/DIV",
            "DIV/DIV/EM",
            "DIV/DIV/P",
            "DIV/DIV/TABLE",
            "DIV/EM/SPAN",
            "DIV/P/FONT",
            "DIV/TABLE/TBODY",
            "EM/SPAN/DIV",
            "FONT/FIELDSET/LEGEND",
            "FORM/DIV/DIV",
            "SPAN/DIV/INPUT-submit",
            "TABLE/TBODY/TR",
            "TBODY/TR/TD",
            "TD/FONT/FIELDSET",
            "TD/SELECT/OPTION",
            "TD/TABLE/TBODY",
            "TR/TD/BR",
            "TR/TD/FONT",
            "TR/TD/INPUT-radio",
            "TR/TD/LABEL",
            "TR/TD/SELECT",
            "TR/TD/SPAN",
            "TR/TD/TABLE",
            "TR/TD/TEXTAREA"
          ],
          [
            "-/-/FORM",
            "-/-/SCRIPT",
            "-/FORM/DIV",
            "-/FORM/INPUT-hidden",
            "-/FORM/SCRIPT",
            "DIV/DIV/DIV",
            "DIV/DIV/EM",
            "DIV/DIV/P",
            "DIV/DIV/TABLE",
            "DIV/EM/SPAN",
            "DIV/P/FONT",
            "DIV/TABLE/TBODY",
            "EM/SPAN/DIV",
            "FONT/FIELDSET/LEGEND",
            "FORM/DIV/DIV",
            "SPAN/DIV/INPUT-submit",
            "TABLE/TBODY/TR",
            "TBODY/TR/TD",
            "TD/FONT/FIELDSET",
            "TD/FONT/SELECT",
            "TD/SELECT/OPTION",
            "TD/TABLE/TBODY",
            "TR/TD/BR",
            "TR/TD/FONT",
            "TR/TD/INPUT-radio",
            "TR/TD/LABEL",
            "TR/TD/SELECT",
            "TR/TD/SPAN",
            "TR/TD/TABLE",
            "TR/TD/TEXTAREA"
          ],
          [
            "-/-/DIV",
            "-/-/FORM",
            "-/-/SCRIPT",
            "-/FORM/DIV",
            "-/FORM/INPUT-hidden",
            "-/FORM/SCRIPT",
            "DIV/DIV/DIV",
            "DIV/DIV/EM",
            "DIV/DIV/P",
            "DIV/DIV/TABLE",
            "DIV/EM/SPAN",
            "DIV/P/FONT",
            "DIV/TABLE/TBODY",
            "EM/SPAN/DIV",
            "FONT/FIELDSET/LEGEND",
            "FORM/DIV/DIV",
            "SPAN/DIV/INPUT-submit",
            "TABLE/TBODY/TR",
            "TBODY/TR/TD",
            "TD/FONT/FIELDSET",
            "TD/FONT/SELECT",
            "TD/SELECT/OPTION",
            "TD/TABLE/TBODY",
            "TR/TD/BR",
            "TR/TD/FONT",
            "TR/TD/INPUT-radio",
            "TR/TD/LABEL",
            "TR/TD/SELECT",
            "TR/TD/SPAN",
            "TR/TD/TABLE",
            "TR/TD/TEXTAREA"
          ]
        ]
      }
    }
  }
}