{
  "version": "0.1",
  "id": "lv_picCollect",
  "targetURL": "http://42.247.16.108/xgxt/chart.do?method=getStuChart",
  "jsFile": "../../lib/base.js,../../lib/customTemplate.js,index.js",
  "cssFile": "../../lib/base.css",
  "requires": {
    "login": "../login/index.json"
  },
  "chineseName": "图表统计",
  "description": "图表统计",
  "controls": {
    "control0": {
      "location": {
        "data": {
          "tagName": "P"
        },
        "locators": [
          {
            "id": "button/text",
            "prob": 3,
            "value": {
              "text": [
                "您的当前位置:学生信息-统计查询-图表统计"
              ],
              "visText": [
                "您的当前位置:学生信息-统计查询-图表统计"
              ]
            }
          },
          {
            "id": "text",
            "prob": 3,
            "value": {
              "text": [
                "您的当前位置:学生信息-统计查询-图表统计"
              ],
              "visText": [
                "您的当前位置:学生信息-统计查询-图表统计"
              ]
            }
          },
          {
            "id": "@class/word",
            "prob": 1,
            "value": "DIV.tab_cur P.location"
          },
          {
            "id": "path/ordinal",
            "prob": 1,
            "value": "/HTML[1]/BODY[1]/FORM[1]/DIV[1]/P[1]"
          },
          {
            "id": "shield",
            "value": {
              "zIndex": "auto",
              "width": 246,
              "height": 30
            }
          }
        ]
      },
      "events": {
        "onGetData": "getData_control0"
      },
      "intendedRole": "custom",
      "roles": "element,link,custom",
      "monitored": false
    },
    "control1": {
      "location": {
        "data": {
          "tagName": "INPUT"
        },
        "locators": [
          {
            "id": "input/@value",
            "prob": 1,
            "value": {
              "text": [
                "xb"
              ]
            }
          },
          {
            "id": "input/button/@value",
            "prob": 3,
            "value": {
              "text": [
                "xb"
              ]
            }
          },
          {
            "id": "radio/@name",
            "prob": 2,
            "value": "tjzd"
          },
          {
            "id": "elem/@name",
            "prob": 2,
            "ordinal": [
              0,
              8
            ],
            "value": [
              "descendant::form[@name=\"chartForm\"]//INPUT[@name=\"tjzd\"]",
              "descendant::INPUT[@name=\"tjzd\"]"
            ]
          },
          {
            "id": "@class/word",
            "prob": 1,
            "ordinal": [
              0,
              8
            ],
            "value": "DIV.search_advanced DIV.prop-item DL DD UL LI INPUT"
          },
          {
            "id": "path/ordinal",
            "prob": 1,
            "value": "/HTML[1]/BODY[1]/FORM[1]/DIV[4]/DIV[1]/DL[1]/DD[1]/UL[1]/LI[1]/INPUT[1]"
          },
          {
            "id": "input/type",
            "verifyEnabled": true,
            "value": "radio"
          },
          {
            "id": "elderLevel",
            "value": {
              "level": 0
            }
          },
          {
            "id": "shield",
            "value": {
              "zIndex": "auto",
              "width": 13,
              "height": 13
            }
          }
        ]
      },
      "intendedRole": "radiogroup",
      "roles": "element,radiogroup",
      "monitored": true
    },
    "control2": {
      "location": {
        "data": {
          "tagName": "DT"
        },
        "locators": [
          {
            "id": "button/text",
            "prob": 3,
            "value": {
              "text": [
                "统计类别："
              ],
              "visText": [
                "统计类别："
              ]
            }
          },
          {
            "id": "text",
            "prob": 3,
            "value": {
              "text": [
                "统计类别："
              ],
              "visText": [
                "统计类别："
              ]
            }
          },
          {
            "id": "@class/word",
            "prob": 1,
            "value": "DIV.search_advanced DIV.prop-item DL DT"
          },
          {
            "id": "path/ordinal",
            "prob": 1,
            "value": "/HTML[1]/BODY[1]/FORM[1]/DIV[4]/DIV[1]/DL[1]/DT[1]"
          },
          {
            "id": "elderLevel",
            "value": {
              "level": 0
            }
          },
          {
            "id": "shield",
            "value": {
              "zIndex": "auto",
              "width": 171,
              "height": 25
            }
          }
        ]
      },
      "intendedRole": "fragment",
      "roles": "element,fragment",
      "monitored": true
    },
    "control3": {
      "location": {
        "data": {
          "tagName": "IMG"
        },
        "locators": [
          {
            "id": "img/@src",
            "prob": 1,
            "value": {
              "pathname": "/xgxt/DisplayChart",
              "search": "filename=jfreechart-8442487896211532810.jpeg"
            }
          },
          {
            "id": "@class/word",
            "prob": 1,
            "value": "DIV.search_advanced DIV.cartogram DIV.con IMG"
          },
          {
            "id": "path/ordinal",
            "prob": 1,
            "value": "/HTML[1]/BODY[1]/FORM[1]/DIV[4]/DIV[2]/DIV[1]/IMG[1]"
          },
          {
            "id": "elderLevel",
            "value": {
              "level": 0
            }
          },
          {
            "id": "shield",
            "value": {
              "zIndex": "auto",
              "width": 780,
              "height": 400
            }
          }
        ]
      },
      "intendedRole": "fragment",
      "roles": "element,image,button,fragment",
      "monitored": true
    },
    "control4": {
      "location": {
        "data": {
          "tagName": "INPUT"
        },
        "locators": [
          {
            "id": "input/@value",
            "prob": 1,
            "value": {
              "text": [
                "pie"
              ]
            }
          },
          {
            "id": "input/button/@value",
            "prob": 3,
            "value": {
              "text": [
                "pie"
              ]
            }
          },
          {
            "id": "radio/@name",
            "prob": 2,
            "value": "tjlb"
          },
          {
            "id": "elem/@name",
            "prob": 2,
            "ordinal": [
              0,
              2
            ],
            "value": [
              "descendant::form[@name=\"chartForm\"]//INPUT[@name=\"tjlb\"]",
              "descendant::INPUT[@name=\"tjlb\"]"
            ]
          },
          {
            "id": "@class/word",
            "prob": 1,
            "value": "DIV.cartogram UL.hdm LI.current INPUT"
          },
          {
            "id": "path/ordinal",
            "prob": 1,
            "value": "/HTML[1]/BODY[1]/FORM[1]/DIV[4]/DIV[2]/UL[1]/LI[1]/INPUT[1]"
          },
          {
            "id": "input/type",
            "verifyEnabled": true,
            "value": "radio"
          },
          {
            "id": "elderLevel",
            "value": {
              "level": 0
            }
          },
          {
            "id": "shield",
            "value": {
              "zIndex": "auto",
              "width": 13,
              "height": 13
            }
          }
        ]
      },
      "intendedRole": "radiogroup",
      "roles": "element,radiogroup",
      "monitored": true
    },
    "control5": {
      "location": {
        "data": {
          "tagName": "DIV"
        },
        "locators": [
          {
            "id": "button/text",
            "prob": 3,
            "ordinal": [
              0,
              2
            ],
            "value": {
              "text": [
                "全部"
              ],
              "visText": [
                ""
              ]
            }
          },
          {
            "id": "text",
            "prob": 3,
            "value": {
              "text": [
                "全部"
              ],
              "visText": [
                ""
              ]
            }
          },
          {
            "id": "@id/word",
            "prob": 3,
            "value": "descendant::DIV[@id=\"options\"]"
          },
          {
            "id": "@class/word",
            "prob": 1,
            "value": "DIV.search_advanced DIV.adv_filter DIV.options_type1"
          },
          {
            "id": "path/ordinal",
            "prob": 1,
            "value": "/HTML[1]/BODY[1]/FORM[1]/DIV[2]/DIV[1]/TABLE[1]/TBODY[1]/TR[1]/TD[1]/DIV[1]"
          },
          {
            "id": "shield",
            "value": {
              "zIndex": "auto",
              "width": 81,
              "height": 25
            }
          }
        ]
      },
      "events": {
        "onGetData": "getData_control5"
      },
      "intendedRole": "custom",
      "roles": "element,custom",
      "monitored": true
    },
    "control6": {
      "location": {
        "data": {
          "tagName": "INPUT"
        },
        "locators": [
          {
            "id": "elem/@name",
            "prob": 2,
            "value": [
              "descendant::form[@name=\"chartForm\"]//INPUT[@name=\"searchModel.input_mhcx\"]",
              "descendant::INPUT[@name=\"searchModel.input_mhcx\"]"
            ]
          },
          {
            "id": "@id/word",
            "prob": 3,
            "value": "descendant::INPUT[@id=\"input_mhcx\"]"
          },
          {
            "id": "@class/word",
            "prob": 1,
            "ordinal": [
              3,
              6
            ],
            "value": "DIV.search_advanced DIV.adv_filter TABLE TBODY TR TD INPUT"
          },
          {
            "id": "path/ordinal",
            "prob": 1,
            "value": "/HTML[1]/BODY[1]/FORM[1]/DIV[2]/DIV[1]/TABLE[1]/TBODY[1]/TR[1]/TD[1]/INPUT[1]"
          },
          {
            "id": "input/type",
            "verifyEnabled": true,
            "value": "text"
          },
          {
            "id": "elderLevel",
            "value": {
              "level": 0
            }
          },
          {
            "id": "shield",
            "value": {
              "zIndex": "auto",
              "width": 383,
              "height": 24
            }
          }
        ]
      },
      "intendedRole": "textbox",
      "roles": "element,textbox",
      "monitored": true
    },
    "control7": {
      "location": {
        "data": {
          "tagName": "BUTTON"
        },
        "locators": [
          {
            "id": "button/text",
            "prob": 3,
            "value": {
              "text": [
                "查 询"
              ],
              "visText": [
                "查 询"
              ]
            }
          },
          {
            "id": "text",
            "prob": 3,
            "value": {
              "text": [
                "查 询"
              ],
              "visText": [
                "查 询"
              ]
            }
          },
          {
            "id": "@id/word",
            "prob": 3,
            "value": "descendant::BUTTON[@id=\"search_go\"]"
          },
          {
            "id": "@class/word",
            "prob": 1,
            "value": "DIV.search_advanced DIV.adv_filter BUTTON.btn_cx"
          },
          {
            "id": "path/ordinal",
            "prob": 1,
            "value": "/HTML[1]/BODY[1]/FORM[1]/DIV[2]/DIV[1]/TABLE[1]/TBODY[1]/TR[1]/TD[1]/BUTTON[1]"
          },
          {
            "id": "input/type",
            "verifyEnabled": true,
            "value": "button"
          },
          {
            "id": "elderLevel",
            "value": {
              "level": 0
            }
          },
          {
            "id": "shield",
            "value": {
              "zIndex": "auto",
              "width": 52.609375,
              "height": 19
            }
          }
        ]
      },
      "intendedRole": "button",
      "roles": "element,button",
      "monitored": false
    },
    "control8": {
      "location": {
        "data": {
          "tagName": "BUTTON"
        },
        "locators": [
          {
            "id": "button/text",
            "prob": 3,
            "value": {
              "text": [
                "重 置"
              ],
              "visText": [
                "重 置"
              ]
            }
          },
          {
            "id": "text",
            "prob": 3,
            "value": {
              "text": [
                "重 置"
              ],
              "visText": [
                "重 置"
              ]
            }
          },
          {
            "id": "@class/word",
            "prob": 1,
            "value": "DIV.search_advanced DIV.adv_filter BUTTON.btn_cz"
          },
          {
            "id": "path/ordinal",
            "prob": 1,
            "value": "/HTML[1]/BODY[1]/FORM[1]/DIV[2]/DIV[1]/TABLE[1]/TBODY[1]/TR[1]/TD[1]/BUTTON[2]"
          },
          {
            "id": "input/type",
            "verifyEnabled": true,
            "value": "button"
          },
          {
            "id": "elderLevel",
            "value": {
              "level": 0
            }
          },
          {
            "id": "shield",
            "value": {
              "zIndex": "auto",
              "width": 52.609375,
              "height": 19
            }
          }
        ]
      },
      "intendedRole": "button",
      "roles": "element,button",
      "monitored": false
    },
    "control9": {
      "location": {
        "data": {
          "tagName": "DIV"
        },
        "locators": [
          {
            "id": "button/text",
            "prob": 3,
            "ordinal": [
              1,
              2
            ],
            "value": {
              "text": [
                "确认内容01r确定要删除所有的过滤条件?"
              ],
              "visText": [
                "确认内容确定要删除所有的过滤条件?"
              ]
            }
          },
          {
            "id": "text",
            "prob": 3,
            "value": {
              "text": [
                "确认内容01r确定要删除所有的过滤条件?"
              ],
              "visText": [
                "确认内容 确定要删除所有的过滤条件?"
              ]
            }
          },
          {
            "id": "@id/partialWord",
            "prob": 3,
            "value": {
              "elemId": "ym-window",
              "tagName": "DIV",
              "prefix": "",
              "suffix": "",
              "ratio": 0
            }
          },
          {
            "id": "path/ordinal",
            "prob": 1,
            "value": "/HTML[1]/BODY[1]/DIV[3]/DIV[2]"
          },
          {
            "id": "shield",
            "value": {
              "zIndex": "10001",
              "width": 302,
              "height": 186
            }
          }
        ]
      },
      "intendedRole": "dialog",
      "roles": "element,dialog",
      "monitored": true
    },
    "control10": {
      "location": {
        "data": {
          "tagName": "DIV"
        },
        "locators": [
          {
            "id": "button/text",
            "prob": 3,
            "ordinal": [
              1,
              2
            ],
            "value": {
              "text": [
                "确认内容01r确定要删除所有的过滤条件?"
              ],
              "visText": [
                "确认内容确定要删除所有的过滤条件?"
              ]
            }
          },
          {
            "id": "text",
            "prob": 3,
            "value": {
              "text": [
                "确认内容01r确定要删除所有的过滤条件?"
              ],
              "visText": [
                "确认内容 确定要删除所有的过滤条件?"
              ]
            }
          },
          {
            "id": "@id/partialWord",
            "prob": 3,
            "value": {
              "elemId": "ym-window",
              "tagName": "DIV",
              "prefix": "",
              "suffix": "",
              "ratio": 0
            }
          },
          {
            "id": "path/ordinal",
            "prob": 1,
            "value": "/HTML[1]/BODY[1]/DIV[3]/DIV[2]"
          },
          {
            "id": "shield",
            "value": {
              "zIndex": "10001",
              "width": 302,
              "height": 186
            }
          }
        ]
      },
      "events": {
        "onGetData": "getData_control10"
      },
      "intendedRole": "custom",
      "roles": "element,custom",
      "monitored": true
    }
  },
  "contexts": {
    "context1": {
      "controls": [
        "control0",
        "control1",
        "control2",
        "control3",
        "control4",
        "control5",
        "control6",
        "control7",
        "control8",
        "control9",
        "control10"
      ],
      "anchors": []
    }
  },
  "flows": {
    "flow0": {
      "toContexts": [
        {
          "toContextId": "context1"
        }
      ]
    },
    "flow1": {
      "fromContextId": "context1",
      "fromAction": "click",
      "fromControlId": "control1",
      "toContexts": [
        {
          "toContextId": "context1"
        }
      ]
    },
    "flow2": {
      "fromContextId": "context1",
      "fromAction": "click",
      "fromControlId": "control4",
      "toContexts": [
        {
          "toContextId": "context1"
        }
      ]
    },
    "flow3": {
      "fromContextId": "context1",
      "fromAction": "click",
      "fromControlId": "control7",
      "toContexts": [
        {
          "toContextId": "context1"
        }
      ]
    },
    "flow4": {
      "fromContextId": "context1",
      "fromAction": "click",
      "fromControlId": "control8",
      "toContexts": [
        {
          "toContextId": "context1"
        }
      ]
    }
  },
  "pages": {
    "page1": {
      "contextId": "context1",
      "layout": [
        {
          "id": "uiControl0",
          "display": {
            "class": "xg_header",
            "title": "图表统计",
            "type": "header",
            "adapterId": "header",
            "adapter": {
              "templateType": ""
            }
          },
          "layout": []
        },
        {
          "id": "uiControl1",
          "controlId": "control0",
          "display": {
            "adapterId": "custom",
            "type": "custom",
            "adapter": {
              "templateType": "react",
              "events": {
                "onDoAction": "doAction_uiControl1",
                "onGetTemplate": "getTemplate_uiControl1"
              }
            }
          }
        },
        {
          "id": "uiControl13",
          "controlId": "control9",
          "display": {
            "presentation": "confirm",
            "adapterId": "dialog",
            "type": "dialog",
            "class": "xg_alert",
            "adapter": {
              "templateType": ""
            }
          },
          "layout": [
            {
              "id": "uiControl13body",
              "display": {
                "type": "dialogBody",
                "adapterId": "dialogBody",
                "adapter": {
                  "templateType": ""
                }
              },
              "layout": [
                {
                  "id": "uiControl14",
                  "controlId": "control10",
                  "display": {
                    "adapterId": "custom",
                    "type": "custom",
                    "adapter": {
                      "templateType": "react",
                      "events": {
                        "onDoAction": "doAction_uiControl14",
                        "onGetTemplate": "getTemplate_uiControl14"
                      }
                    }
                  }
                }
              ]
            },
            {
              "id": "uiControl13footer",
              "display": {
                "type": "dialogFooter",
                "adapterId": "dialogFooter",
                "adapter": {
                  "templateType": ""
                }
              },
              "layout": []
            }
          ]
        },
        {
          "id": "uiControl2",
          "display": {
            "type": "card",
            "adapterId": "card",
            "class": "xg_body",
            "adapter": {
              "templateType": ""
            }
          },
          "layout": [
            {
              "id": "uiControl2body",
              "display": {
                "type": "cardBody",
                "adapterId": "cardBody",
                "adapter": {
                  "templateType": ""
                }
              },
              "layout": [
                {
                  "id": "uiControl5",
                  "display": {
                    "type": "card",
                    "adapterId": "card",
                    "class": "lv_search_body",
                    "adapter": {
                      "templateType": ""
                    }
                  },
                  "layout": [
                    {
                      "id": "uiControl5body",
                      "display": {
                        "type": "cardBody",
                        "adapterId": "cardBody",
                        "adapter": {
                          "templateType": ""
                        }
                      },
                      "layout": [
                        {
                          "id": "uiControl4",
                          "controlId": "control2",
                          "display": {
                            "adapterId": "fragment",
                            "type": "fragment",
                            "class": "lv_mp_left",
                            "adapter": {
                              "templateType": ""
                            }
                          }
                        },
                        {
                          "id": "uiControl3",
                          "controlId": "control1",
                          "display": {
                            "adapterId": "radiogroup",
                            "type": "radiogroup",
                            "adapter": {
                              "templateType": ""
                            }
                          }
                        }
                      ]
                    }
                  ]
                },
                {
                  "id": "uiControl7",
                  "controlId": "control4",
                  "display": {
                    "adapterId": "radiogroup",
                    "type": "radiogroup",
                    "adapter": {
                      "templateType": ""
                    }
                  }
                },
                {
                  "id": "uiControl8",
                  "display": {
                    "type": "card",
                    "adapterId": "card",
                    "class": "search-select",
                    "adapter": {
                      "templateType": ""
                    }
                  },
                  "layout": [
                    {
                      "id": "uiControl8body",
                      "display": {
                        "type": "cardBody",
                        "adapterId": "cardBody",
                        "adapter": {
                          "templateType": ""
                        }
                      },
                      "layout": [
                        {
                          "id": "uiControl9",
                          "controlId": "control5",
                          "display": {
                            "adapterId": "custom",
                            "type": "custom",
                            "adapter": {
                              "templateType": "react",
                              "events": {
                                "onDoAction": "doAction_uiControl9",
                                "onGetTemplate": "getTemplate_uiControl9"
                              }
                            }
                          }
                        },
                        {
                          "id": "uiControl10",
                          "controlId": "control6",
                          "display": {
                            "adapterId": "textbox",
                            "type": "textbox",
                            "adapter": {
                              "templateType": ""
                            }
                          }
                        },
                        {
                          "id": "uiControl11",
                          "controlId": "control7",
                          "display": {
                            "adapterId": "clickable",
                            "type": "button",
                            "adapter": {
                              "templateType": ""
                            }
                          }
                        },
                        {
                          "id": "uiControl12",
                          "controlId": "control8",
                          "display": {
                            "adapterId": "clickable",
                            "type": "button",
                            "adapter": {
                              "templateType": ""
                            }
                          }
                        }
                      ]
                    }
                  ]
                },
                {
                  "id": "uiControl6",
                  "controlId": "control3",
                  "display": {
                    "adapterId": "fragment",
                    "type": "fragment",
                    "class": "lv_pc_img",
                    "adapter": {
                      "templateType": ""
                    }
                  }
                }
              ]
            }
          ]
        }
      ]
    }
  },
  "matchers": {
    "page/title": {
      "contexts": {
        "context1": [
          "学生工作管理信息系统"
        ]
      }
    },
    "page/urls": {
      "contexts": {
        "context1": [
          "42.247.16.108/xgxt/chart.do?method=getStuChart"
        ]
      }
    },
    "page/ids": {
      "contexts": {
        "context1": [
          [
            "all",
            "gjcx_div",
            "input_mhcx",
            "input_mhcx_msg",
            "jfreechart-.jpeg",
            "maskLevel",
            "mhcx_lx",
            "mhcx_lxHid",
            "options",
            "plcx_xh",
            "plcx_xm",
            "searchPath",
            "searchTjDiv",
            "search_go",
            "text",
            "ts_msg",
            "tsxx_span",
            "userStatus",
            "yhlx",
            "ym-bl",
            "ym-btnl",
            "ym-ml",
            "ym-tl",
            "ym-window",
            "yxtj_div",
            "yxtj_dl"
          ],
          [
            "all",
            "gjcx_div",
            "input_mhcx",
            "input_mhcx_msg",
            "jfreechart-.jpeg",
            "mhcx_lx",
            "mhcx_lxHid",
            "options",
            "plcx_xh",
            "plcx_xm",
            "searchPath",
            "searchTjDiv",
            "search_go",
            "text",
            "ts_msg",
            "tsxx_span",
            "userStatus",
            "yhlx",
            "yxtj_div",
            "yxtj_dl"
          ],
          [
            "all",
            "gjcx_div",
            "input_mhcx",
            "input_mhcx_msg",
            "jfreechart-.jpeg",
            "maskLevel",
            "mhcx_lx",
            "mhcx_lxHid",
            "options",
            "plcx_xh",
            "plcx_xm",
            "searchPath",
            "searchTjDiv",
            "search_go",
            "text",
            "ts_msg",
            "tsxx_span",
            "userStatus",
            "yhlx",
            "ym-bl",
            "ym-btnl",
            "ym-ml",
            "ym-tl",
            "ym-window",
            "ymPrompt_btn_",
            "yxtj_div",
            "yxtj_dl"
          ]
        ]
      }
    },
    "page/classes": {
      "contexts": {
        "context1": [
          [
            "_b",
            "_t",
            "_type hover",
            "adv_filter",
            "btn_cx",
            "btn_cz",
            "cartogram",
            "con",
            "current",
            "e",
            "earch_advanced",
            "elected-attr",
            "hdm",
            "hide",
            "location",
            "option",
            "prompcon",
            "prop-item",
            "tab_cur",
            "ui_b",
            "ui_border",
            "ui_button",
            "ui_c",
            "ui_clo",
            "ui_content",
            "ui_dialog",
            "ui_icon",
            "ui_inner",
            "ui_l",
            "ui_lb",
            "ui_lt",
            "ui_main",
            "ui_max",
            "ui_max_b",
            "ui_min",
            "ui_min_b",
            "ui_r",
            "ui_rb",
            "ui_re",
            "ui_rt",
            "ui_t",
            "ui_title",
            "ui_title_bar",
            "ui_title_button",
            "ym-bc",
            "ym-bl",
            "ym-body",
            "ym-br",
            "ym-btn",
            "ym-header-text",
            "ym-header-tool",
            "ym-mc",
            "ym-ml",
            "ym-mr",
            "ym-tc",
            "ym-tl",
            "ym-tr",
            "ymPrompt_clo",
            "ymPrompt_max",
            "ymPrompt_min"
          ],
          [
            "_b",
            "_t",
            "_type",
            "adv_filter",
            "btn_cx",
            "btn_cz",
            "cartogram",
            "con",
            "current",
            "e",
            "earch_advanced",
            "elected-attr",
            "hdm",
            "hide",
            "location",
            "option",
            "prompcon",
            "prop-item",
            "tab_cur",
            "ui_b",
            "ui_border",
            "ui_button",
            "ui_c",
            "ui_clo",
            "ui_content",
            "ui_dialog",
            "ui_icon",
            "ui_inner",
            "ui_l",
            "ui_lb",
            "ui_lt",
            "ui_main",
            "ui_max",
            "ui_max_b",
            "ui_min",
            "ui_min_b",
            "ui_r",
            "ui_rb",
            "ui_re",
            "ui_rt",
            "ui_t",
            "ui_title",
            "ui_title_bar",
            "ui_title_button",
            "ym-bc",
            "ym-bl",
            "ym-body",
            "ym-br",
            "ym-btn",
            "ym-header-text",
            "ym-header-tool",
            "ym-mc",
            "ym-ml",
            "ym-mr",
            "ym-tc",
            "ym-tl",
            "ym-tr",
            "ymPrompt_clo",
            "ymPrompt_max",
            "ymPrompt_min"
          ],
          [
            "_type hover",
            "adv_filter",
            "btn_cx",
            "btn_cz",
            "cartogram",
            "con",
            "current",
            "earch_advanced",
            "elected-attr",
            "hdm",
            "hide",
            "location",
            "option",
            "prompcon",
            "prop-item",
            "tab_cur"
          ],
          [
            "_b",
            "_t",
            "_type hover",
            "adv_filter",
            "btnStyle handler",
            "btn_cx",
            "btn_cz",
            "cartogram",
            "con",
            "current",
            "e",
            "earch_advanced",
            "elected-attr",
            "hdm",
            "hide",
            "location",
            "option",
            "prompcon",
            "prop-item",
            "tab_cur",
            "ui_b",
            "ui_border",
            "ui_button",
            "ui_c",
            "ui_clo",
            "ui_content",
            "ui_dialog",
            "ui_icon",
            "ui_inner",
            "ui_l",
            "ui_lb",
            "ui_lt",
            "ui_main",
            "ui_max",
            "ui_max_b",
            "ui_min",
            "ui_min_b",
            "ui_r",
            "ui_rb",
            "ui_re",
            "ui_rt",
            "ui_t",
            "ui_title",
            "ui_title_bar",
            "ui_title_button",
            "ym-bc",
            "ym-bl",
            "ym-body ymPrompt_confirm",
            "ym-br",
            "ym-btn",
            "ym-content",
            "ym-header-text",
            "ym-header-tool",
            "ym-mc",
            "ym-ml",
            "ym-mr",
            "ym-tc",
            "ym-tl",
            "ym-tr",
            "ymPrompt_clo",
            "ymPrompt_max",
            "ymPrompt_min"
          ],
          [
            "adv_filter",
            "btn_cx",
            "btn_cz",
            "cartogram",
            "con",
            "current",
            "hdm",
            "hide",
            "hover",
            "location",
            "options_type",
            "prompcon",
            "prop-item",
            "search_advanced",
            "selected-attr",
            "tab_cur"
          ]
        ]
      }
    },
    "page/tagTriplets": {
      "contexts": {
        "context1": [
          [
            "-/-/DIV",
            "-/-/FORM",
            "-/DIV/DIV",
            "-/DIV/IFRAME",
            "-/DIV/TABLE",
            "-/FORM/DIV",
            "-/FORM/INPUT-hidden",
            "-/FORM/SCRIPT",
            "DD/UL/LI",
            "DIV/A/B",
            "DIV/DIV/A",
            "DIV/DIV/DIV",
            "DIV/DIV/DL",
            "DIV/DIV/H3",
            "DIV/DIV/IMG",
            "DIV/DIV/MAP",
            "DIV/DIV/P",
            "DIV/DIV/STRONG",
            "DIV/DIV/TABLE",
            "DIV/DIV/UL",
            "DIV/DL/DD",
            "DIV/DL/DT",
            "DIV/P/A",
            "DIV/P/EM",
            "DIV/TABLE/TBODY",
            "DIV/UL/LI",
            "DL/DD/DIV",
            "DL/DD/UL",
            "DL/DT/B",
            "DL/DT/INPUT-hidden",
            "DL/DT/INPUT-text",
            "FORM/DIV/DIV",
            "FORM/DIV/INPUT-hidden",
            "FORM/DIV/P",
            "FORM/DIV/SCRIPT",
            "TABLE/TBODY/TR",
            "TBODY/TR/TD",
            "TD/DIV/DIV",
            "TD/DIV/DL",
            "TD/DIV/TABLE",
            "TR/TD/BR",
            "TR/TD/BUTTON",
            "TR/TD/DIV",
            "TR/TD/INPUT-hidden",
            "TR/TD/INPUT-text",
            "TR/TD/SPAN",
            "UL/LI/INPUT-radio"
          ],
          [
            "-/-/FORM",
            "-/FORM/DIV",
            "-/FORM/INPUT-hidden",
            "-/FORM/SCRIPT",
            "DD/UL/LI",
            "DIV/DIV/DIV",
            "DIV/DIV/DL",
            "DIV/DIV/H3",
            "DIV/DIV/IMG",
            "DIV/DIV/MAP",
            "DIV/DIV/P",
            "DIV/DIV/TABLE",
            "DIV/DIV/UL",
            "DIV/DL/DD",
            "DIV/DL/DT",
            "DIV/MAP/AREA",
            "DIV/P/A",
            "DIV/P/EM",
            "DIV/TABLE/TBODY",
            "DIV/UL/LI",
            "DL/DD/DIV",
            "DL/DD/UL",
            "DL/DT/B",
            "DL/DT/INPUT-hidden",
            "DL/DT/INPUT-text",
            "FORM/DIV/DIV",
            "FORM/DIV/INPUT-hidden",
            "FORM/DIV/P",
            "FORM/DIV/SCRIPT",
            "TABLE/TBODY/TR",
            "TBODY/TR/TD",
            "TD/DIV/DIV",
            "TD/DIV/DL",
            "TR/TD/BR",
            "TR/TD/BUTTON",
            "TR/TD/DIV",
            "TR/TD/INPUT-hidden",
            "TR/TD/INPUT-text",
            "TR/TD/SPAN",
            "UL/LI/INPUT-radio"
          ],
          [
            "-/-/DIV",
            "-/-/FORM",
            "-/DIV/IFRAME",
            "-/FORM/DIV",
            "-/FORM/INPUT-hidden",
            "-/FORM/SCRIPT",
            "DD/UL/LI",
            "DIV/DIV/DIV",
            "DIV/DIV/DL",
            "DIV/DIV/H3",
            "DIV/DIV/IMG",
            "DIV/DIV/MAP",
            "DIV/DIV/P",
            "DIV/DIV/TABLE",
            "DIV/DIV/UL",
            "DIV/DL/DD",
            "DIV/DL/DT",
            "DIV/MAP/AREA",
            "DIV/P/A",
            "DIV/P/EM",
            "DIV/TABLE/TBODY",
            "DIV/UL/LI",
            "DL/DD/DIV",
            "DL/DD/UL",
            "DL/DT/B",
            "DL/DT/INPUT-hidden",
            "DL/DT/INPUT-text",
            "FORM/DIV/DIV",
            "FORM/DIV/INPUT-hidden",
            "FORM/DIV/P",
            "FORM/DIV/SCRIPT",
            "TABLE/TBODY/TR",
            "TBODY/TR/TD",
            "TD/DIV/DIV",
            "TD/DIV/DL",
            "TR/TD/BR",
            "TR/TD/BUTTON",
            "TR/TD/DIV",
            "TR/TD/INPUT-hidden",
            "TR/TD/INPUT-text",
            "TR/TD/SPAN",
            "UL/LI/INPUT-radio"
          ],
          [
            "-/-/DIV",
            "-/-/FORM",
            "-/DIV/DIV",
            "-/DIV/IFRAME",
            "-/DIV/TABLE",
            "-/FORM/DIV",
            "-/FORM/INPUT-hidden",
            "-/FORM/SCRIPT",
            "DD/UL/LI",
            "DIV/A/B",
            "DIV/DIV/A",
            "DIV/DIV/DIV",
            "DIV/DIV/DL",
            "DIV/DIV/H3",
            "DIV/DIV/IMG",
            "DIV/DIV/INPUT-button",
            "DIV/DIV/MAP",
            "DIV/DIV/P",
            "DIV/DIV/STRONG",
            "DIV/DIV/TABLE",
            "DIV/DIV/UL",
            "DIV/DL/DD",
            "DIV/DL/DT",
            "DIV/MAP/AREA",
            "DIV/P/A",
            "DIV/P/EM",
            "DIV/TABLE/TBODY",
            "DIV/UL/LI",
            "DL/DD/DIV",
            "DL/DD/UL",
            "DL/DT/B",
            "DL/DT/INPUT-hidden",
            "DL/DT/INPUT-text",
            "FORM/DIV/DIV",
            "FORM/DIV/INPUT-hidden",
            "FORM/DIV/P",
            "FORM/DIV/SCRIPT",
            "TABLE/TBODY/TR",
            "TBODY/TR/TD",
            "TD/DIV/DIV",
            "TD/DIV/DL",
            "TD/DIV/TABLE",
            "TR/TD/BR",
            "TR/TD/BUTTON",
            "TR/TD/DIV",
            "TR/TD/INPUT-hidden",
            "TR/TD/INPUT-text",
            "TR/TD/SPAN",
            "UL/LI/INPUT-radio"
          ],
          [
            "-/-/FORM",
            "-/FORM/DIV",
            "-/FORM/INPUT-hidden",
            "-/FORM/SCRIPT",
            "DD/UL/LI",
            "DIV/DIV/DIV",
            "DIV/DIV/DL",
            "DIV/DIV/H3",
            "DIV/DIV/IMG",
            "DIV/DIV/MAP",
            "DIV/DIV/P",
            "DIV/DIV/TABLE",
            "DIV/DIV/UL",
            "DIV/DL/DD",
            "DIV/DL/DT",
            "DIV/P/A",
            "DIV/P/EM",
            "DIV/TABLE/TBODY",
            "DIV/UL/LI",
            "DL/DD/DIV",
            "DL/DD/UL",
            "DL/DT/B",
            "DL/DT/INPUT-hidden",
            "DL/DT/INPUT-text",
            "FORM/DIV/DIV",
            "FORM/DIV/INPUT-hidden",
            "FORM/DIV/P",
            "FORM/DIV/SCRIPT",
            "TABLE/TBODY/TR",
            "TBODY/TR/TD",
            "TD/DIV/DIV",
            "TD/DIV/DL",
            "TR/TD/BR",
            "TR/TD/BUTTON",
            "TR/TD/DIV",
            "TR/TD/INPUT-hidden",
            "TR/TD/INPUT-text",
            "TR/TD/SPAN",
            "UL/LI/INPUT-radio"
          ],
          [
            "-/-/DIV",
            "-/-/FORM",
            "-/DIV/IFRAME",
            "-/FORM/DIV",
            "-/FORM/INPUT-hidden",
            "-/FORM/SCRIPT",
            "DD/UL/LI",
            "DIV/DIV/DIV",
            "DIV/DIV/DL",
            "DIV/DIV/H3",
            "DIV/DIV/IMG",
            "DIV/DIV/MAP",
            "DIV/DIV/P",
            "DIV/DIV/TABLE",
            "DIV/DIV/UL",
            "DIV/DL/DD",
            "DIV/DL/DT",
            "DIV/P/A",
            "DIV/P/EM",
            "DIV/TABLE/TBODY",
            "DIV/UL/LI",
            "DL/DD/DIV",
            "DL/DD/UL",
            "DL/DT/B",
            "DL/DT/INPUT-hidden",
            "DL/DT/INPUT-text",
            "FORM/DIV/DIV",
            "FORM/DIV/INPUT-hidden",
            "FORM/DIV/P",
            "FORM/DIV/SCRIPT",
            "TABLE/TBODY/TR",
            "TBODY/TR/TD",
            "TD/DIV/DIV",
            "TD/DIV/DL",
            "TR/TD/BR",
            "TR/TD/BUTTON",
            "TR/TD/DIV",
            "TR/TD/INPUT-hidden",
            "TR/TD/INPUT-text",
            "TR/TD/SPAN",
            "UL/LI/INPUT-radio"
          ]
        ]
      }
    }
  }
}