{
  "version": "0.1",
  "id": "cjcx",
  "targetURL": "http://117.35.118.209/Xscjcx.aspx?xh=121111&xm=%CA%A2%BE%B2%BE%B2&gnmkdm=N121613",
  "jsFile": "../../lib/base.js,../../lib/customTemplate.js,index.js",
  "cssFile": "../../lib/base.css,index.css",
  "requires": {
    "login": "../login/index.json"
  },
  "chineseName": "成绩查询",
  "controls": {
    "control138": {
      "location": {
        "data": {
          "tagName": "DIV"
        },
        "locators": [
          {
            "id": "@id/word",
            "prob": 2,
            "value": [
              "descendant::DIV[@id=\"tabHidden\"]/DIV[3]",
              "descendant::DIV[@id=\"tabHidden\"]//DIV"
            ]
          },
          {
            "id": "@class/word",
            "prob": 1,
            "ordinal": [
              1,
              2
            ],
            "value": "BODY.ext-webkit.ext-chrome DIV.toolbox DIV.searchbox"
          },
          {
            "id": "path/ordinal",
            "prob": 1,
            "value": "/HTML[1]/BODY[1]/FORM[1]/DIV[1]/DIV[3]"
          },
          {
            "id": "shield",
            "value": {
              "zIndex": "auto",
              "width": 1085,
              "height": 25
            }
          }
        ]
      },
      "events": {
        "onGetData": "getData_control138"
      },
      "intendedRole": "custom",
      "roles": "element,custom",
      "monitored": false
    },
    "control139": {
      "location": {
        "data": {
          "tagName": "SELECT"
        },
        "locators": [
          {
            "id": "button/text",
            "prob": 3,
            "value": {
              "text": [
                "2015-2016 2014-2015 2013-2014 2012-2013"
              ],
              "visText": [
                ""
              ]
            }
          },
          {
            "id": "text",
            "prob": 3,
            "value": {
              "text": [
                "2015-2016 2014-2015 2013-2014 2012-2013"
              ],
              "visText": [
                ""
              ]
            }
          },
          {
            "id": "elem/@name",
            "prob": 2,
            "value": "descendant::SELECT[@name=\"ddlXN\"]"
          },
          {
            "id": "@id/word",
            "prob": 3,
            "value": [
              "descendant::DIV[@id=\"tabHidden\"]//SELECT[@id=\"ddlXN\"]",
              "descendant::SELECT[@id=\"ddlXN\"]"
            ]
          },
          {
            "id": "@class/word",
            "prob": 1,
            "ordinal": [
              0,
              3
            ],
            "value": "DIV.toolbox DIV.searchbox P.search_con SELECT"
          },
          {
            "id": "path/ordinal",
            "prob": 1,
            "value": "/HTML[1]/BODY[1]/FORM[1]/DIV[1]/DIV[2]/P[1]/SELECT[1]"
          },
          {
            "id": "input/type",
            "verifyEnabled": true,
            "value": "select-one"
          },
          {
            "id": "shield",
            "value": {
              "zIndex": "auto",
              "width": 93,
              "height": 19
            }
          }
        ]
      },
      "intendedRole": "listbox",
      "roles": "element,listbox",
      "monitored": true
    },
    "control140": {
      "location": {
        "data": {
          "tagName": "SELECT"
        },
        "locators": [
          {
            "id": "button/text",
            "prob": 3,
            "value": {
              "text": [
                "1 2 3"
              ],
              "visText": [
                ""
              ]
            }
          },
          {
            "id": "text",
            "prob": 3,
            "value": {
              "text": [
                "1 2 3"
              ],
              "visText": [
                ""
              ]
            }
          },
          {
            "id": "elem/@name",
            "prob": 2,
            "value": "descendant::SELECT[@name=\"ddlXQ\"]"
          },
          {
            "id": "@id/word",
            "prob": 3,
            "value": [
              "descendant::DIV[@id=\"tabHidden\"]//SELECT[@id=\"ddlXQ\"]",
              "descendant::SELECT[@id=\"ddlXQ\"]"
            ]
          },
          {
            "id": "@class/word",
            "prob": 1,
            "ordinal": [
              1,
              3
            ],
            "value": "DIV.toolbox DIV.searchbox P.search_con SELECT"
          },
          {
            "id": "path/ordinal",
            "prob": 1,
            "value": "/HTML[1]/BODY[1]/FORM[1]/DIV[1]/DIV[2]/P[1]/SELECT[2]"
          },
          {
            "id": "input/type",
            "verifyEnabled": true,
            "value": "select-one"
          },
          {
            "id": "shield",
            "value": {
              "zIndex": "auto",
              "width": 32,
              "height": 19
            }
          }
        ]
      },
      "intendedRole": "listbox",
      "roles": "element,listbox",
      "monitored": true
    },
    "control142": {
      "location": {
        "data": {
          "tagName": "SELECT"
        },
        "locators": [
          {
            "id": "text",
            "prob": 3,
            "value": {
              "text": [
                "公共通识 专业通识 通识课程 公共选修课 公共必修课 学科专业基础课 专业必修课 专业方向课 专业选修课 通识集中实践 专业集中实践 第二课堂 公共限选课 博雅讲座 博雅专题"
              ],
              "visText": [
                ""
              ]
            }
          },
          {
            "id": "elem/@name",
            "prob": 2,
            "value": "descendant::SELECT[@name=\"ddl_kcxz\"]"
          },
          {
            "id": "@id/word",
            "prob": 3,
            "value": [
              "descendant::DIV[@id=\"tabHidden\"]//SELECT[@id=\"ddl_kcxz\"]",
              "descendant::SELECT[@id=\"ddl_kcxz\"]"
            ]
          },
          {
            "id": "@class/word",
            "prob": 1,
            "ordinal": [
              2,
              3
            ],
            "value": "DIV.toolbox DIV.searchbox P.search_con SELECT"
          },
          {
            "id": "path/ordinal",
            "prob": 1,
            "value": "/HTML[1]/BODY[1]/FORM[1]/DIV[1]/DIV[2]/P[1]/SELECT[3]"
          },
          {
            "id": "input/type",
            "verifyEnabled": true,
            "value": "select-one"
          },
          {
            "id": "shield",
            "value": {
              "zIndex": "auto",
              "width": 108,
              "height": 19
            }
          }
        ]
      },
      "intendedRole": "listbox",
      "roles": "element,listbox",
      "monitored": true
    },
    "control143": {
      "location": {
        "data": {
          "tagName": "INPUT"
        },
        "locators": [
          {
            "id": "input/@value",
            "prob": 1,
            "value": {
              "text": [
                "学期成绩"
              ]
            }
          },
          {
            "id": "input/button/@value",
            "prob": 3,
            "value": {
              "text": [
                "学期成绩"
              ]
            }
          },
          {
            "id": "elem/@name",
            "prob": 2,
            "value": "descendant::INPUT[@name=\"btn_xq\"]"
          },
          {
            "id": "@id/word",
            "prob": 3,
            "value": [
              "descendant::DIV[@id=\"tabHidden\"]//INPUT[@id=\"btn_xq\"]",
              "descendant::INPUT[@id=\"btn_xq\"]"
            ]
          },
          {
            "id": "@class/word",
            "prob": 1,
            "ordinal": [
              0,
              7
            ],
            "value": "DIV.searchbox P.search_con INPUT.button"
          },
          {
            "id": "path/ordinal",
            "prob": 1,
            "value": "/HTML[1]/BODY[1]/FORM[1]/DIV[1]/DIV[3]/P[1]/INPUT[1]"
          },
          {
            "id": "input/type",
            "verifyEnabled": true,
            "value": "submit"
          },
          {
            "id": "elderLevel",
            "value": {
              "level": 0
            }
          },
          {
            "id": "shield",
            "value": {
              "zIndex": "auto",
              "width": 67.609375,
              "height": 20
            }
          }
        ]
      },
      "intendedRole": "button",
      "roles": "element,button",
      "monitored": false
    },
    "control144": {
      "location": {
        "data": {
          "tagName": "INPUT"
        },
        "locators": [
          {
            "id": "input/@value",
            "prob": 1,
            "value": {
              "text": [
                "学年成绩"
              ]
            }
          },
          {
            "id": "input/button/@value",
            "prob": 3,
            "value": {
              "text": [
                "学年成绩"
              ]
            }
          },
          {
            "id": "elem/@name",
            "prob": 2,
            "value": "descendant::INPUT[@name=\"btn_xn\"]"
          },
          {
            "id": "@id/word",
            "prob": 3,
            "value": [
              "descendant::DIV[@id=\"tabHidden\"]//INPUT[@id=\"btn_xn\"]",
              "descendant::INPUT[@id=\"btn_xn\"]"
            ]
          },
          {
            "id": "@class/word",
            "prob": 1,
            "ordinal": [
              1,
              7
            ],
            "value": "DIV.searchbox P.search_con INPUT.button"
          },
          {
            "id": "path/ordinal",
            "prob": 1,
            "value": "/HTML[1]/BODY[1]/FORM[1]/DIV[1]/DIV[3]/P[1]/INPUT[2]"
          },
          {
            "id": "input/type",
            "verifyEnabled": true,
            "value": "submit"
          },
          {
            "id": "elderLevel",
            "value": {
              "level": 0
            }
          },
          {
            "id": "shield",
            "value": {
              "zIndex": "auto",
              "width": 67.609375,
              "height": 20
            }
          }
        ]
      },
      "intendedRole": "button",
      "roles": "element,button",
      "monitored": false
    },
    "control145": {
      "location": {
        "data": {
          "tagName": "INPUT"
        },
        "locators": [
          {
            "id": "input/@value",
            "prob": 1,
            "value": {
              "text": [
                "历年成绩"
              ]
            }
          },
          {
            "id": "input/button/@value",
            "prob": 3,
            "value": {
              "text": [
                "历年成绩"
              ]
            }
          },
          {
            "id": "elem/@name",
            "prob": 2,
            "value": "descendant::INPUT[@name=\"btn_zcj\"]"
          },
          {
            "id": "@id/word",
            "prob": 3,
            "value": [
              "descendant::DIV[@id=\"tabHidden\"]//INPUT[@id=\"btn_zcj\"]",
              "descendant::INPUT[@id=\"btn_zcj\"]"
            ]
          },
          {
            "id": "@class/word",
            "prob": 1,
            "ordinal": [
              2,
              7
            ],
            "value": "DIV.searchbox P.search_con INPUT.button"
          },
          {
            "id": "path/ordinal",
            "prob": 1,
            "value": "/HTML[1]/BODY[1]/FORM[1]/DIV[1]/DIV[3]/P[1]/INPUT[3]"
          },
          {
            "id": "input/type",
            "verifyEnabled": true,
            "value": "submit"
          },
          {
            "id": "elderLevel",
            "value": {
              "level": 0
            }
          },
          {
            "id": "shield",
            "value": {
              "zIndex": "auto",
              "width": 67.609375,
              "height": 20
            }
          }
        ]
      },
      "intendedRole": "button",
      "roles": "element,button",
      "monitored": false
    },
    "control146": {
      "location": {
        "data": {
          "tagName": "INPUT"
        },
        "locators": [
          {
            "id": "input/@value",
            "prob": 1,
            "value": {
              "text": [
                "课程最高成绩"
              ]
            }
          },
          {
            "id": "input/button/@value",
            "prob": 3,
            "value": {
              "text": [
                "课程最高成绩"
              ]
            }
          },
          {
            "id": "elem/@name",
            "prob": 2,
            "value": "descendant::INPUT[@name=\"btn_zg\"]"
          },
          {
            "id": "@id/word",
            "prob": 3,
            "value": [
              "descendant::DIV[@id=\"tabHidden\"]//INPUT[@id=\"btn_zg\"]",
              "descendant::INPUT[@id=\"btn_zg\"]"
            ]
          },
          {
            "id": "@class/word",
            "prob": 1,
            "ordinal": [
              3,
              7
            ],
            "value": "DIV.searchbox P.search_con INPUT.button"
          },
          {
            "id": "path/ordinal",
            "prob": 1,
            "value": "/HTML[1]/BODY[1]/FORM[1]/DIV[1]/DIV[3]/P[1]/INPUT[4]"
          },
          {
            "id": "input/type",
            "verifyEnabled": true,
            "value": "submit"
          },
          {
            "id": "elderLevel",
            "value": {
              "level": 0
            }
          },
          {
            "id": "shield",
            "value": {
              "zIndex": "auto",
              "width": 96.40625,
              "height": 20
            }
          }
        ]
      },
      "intendedRole": "button",
      "roles": "element,button",
      "monitored": false
    },
    "control149": {
      "location": {
        "data": {
          "tagName": "INPUT"
        },
        "locators": [
          {
            "id": "input/@value",
            "prob": 1,
            "value": {
              "text": [
                "未通过成绩"
              ]
            }
          },
          {
            "id": "input/button/@value",
            "prob": 3,
            "value": {
              "text": [
                "未通过成绩"
              ]
            }
          },
          {
            "id": "elem/@name",
            "prob": 1,
            "value": "descendant::INPUT[@name=\"Button2\"]"
          },
          {
            "id": "@id/word",
            "prob": 2,
            "value": [
              "descendant::DIV[@id=\"tabHidden\"]/DIV[3]/P[1]/INPUT[5]",
              "descendant::DIV[@id=\"tabHidden\"]//INPUT"
            ]
          },
          {
            "id": "@class/word",
            "prob": 1,
            "ordinal": [
              4,
              7
            ],
            "value": "DIV.searchbox P.search_con INPUT.button"
          },
          {
            "id": "path/ordinal",
            "prob": 1,
            "value": "/HTML[1]/BODY[1]/FORM[1]/DIV[1]/DIV[3]/P[1]/INPUT[5]"
          },
          {
            "id": "input/type",
            "verifyEnabled": true,
            "value": "submit"
          },
          {
            "id": "elderLevel",
            "value": {
              "level": 0
            }
          },
          {
            "id": "shield",
            "value": {
              "zIndex": "auto",
              "width": 82,
              "height": 20
            }
          }
        ]
      },
      "intendedRole": "button",
      "roles": "element,button",
      "monitored": false
    },
    "control151": {
      "location": {
        "data": {
          "tagName": "TABLE"
        },
        "locators": [
          {
            "id": "text",
            "prob": 3,
            "value": {
              "text": [
                "学号：121111 姓名：盛静静 学院：艺术设计学院 专业： 环境艺术设计 专业方向: 行政班：环艺1201"
              ],
              "visText": [
                "学号：121111 姓名：盛静静 学院：艺术设计学院 专业： 环境艺术设计 专业方向: 行政班：环艺1201"
              ]
            }
          },
          {
            "id": "@class/word",
            "prob": 1,
            "ordinal": [
              0,
              2
            ],
            "value": "DIV.mid_box SPAN.formbox TABLE.formlist"
          },
          {
            "id": "path/ordinal",
            "prob": 1,
            "value": "/HTML[1]/BODY[1]/FORM[1]/DIV[2]/DIV[1]/SPAN[1]/TABLE[1]"
          },
          {
            "id": "style/color",
            "value": [
              17,
              68,
              158
            ]
          },
          {
            "id": "shield",
            "value": {
              "zIndex": "auto",
              "width": 1063,
              "height": 99
            }
          }
        ]
      },
      "intendedRole": "fragment",
      "roles": "element,fragment",
      "monitored": true
    },
    "control153": {
      "location": {
        "data": {
          "tagName": "IMG"
        },
        "locators": [
          {
            "id": "@alt",
            "prob": 2,
            "value": {
              "text": [
                "学生条形码"
              ]
            }
          },
          {
            "id": "img/@src",
            "prob": 1,
            "value": {
              "pathname": "/excel/121111.jpg"
            }
          },
          {
            "id": "@id/word",
            "prob": 2,
            "value": [
              "descendant::DIV[@id=\"divNotPs\"]/TABLE[2]/TBODY[1]/TR[7]/TD[1]/IMG[1]",
              "descendant::DIV[@id=\"divNotPs\"]//IMG"
            ]
          },
          {
            "id": "@class/word",
            "prob": 1,
            "value": "DIV.mid_box SPAN.formbox TABLE.formlist TBODY TR TD IMG"
          },
          {
            "id": "path/ordinal",
            "prob": 1,
            "value": "/HTML[1]/BODY[1]/FORM[1]/DIV[2]/DIV[1]/SPAN[1]/DIV[1]/TABLE[2]/TBODY[1]/TR[7]/TD[1]/IMG[1]"
          },
          {
            "id": "elderLevel",
            "value": {
              "level": 0
            }
          },
          {
            "id": "shield",
            "value": {
              "zIndex": "auto",
              "width": 700,
              "height": 50
            }
          }
        ]
      },
      "roles": "element,image,button",
      "monitored": false
    },
    "control137": {
      "location": {
        "data": {
          "tagName": "DIV"
        },
        "locators": [
          {
            "id": "button/text",
            "prob": 3,
            "value": {
              "text": [
                "至今未通过课程成绩："
              ],
              "visText": [
                "至今未通过课程成绩："
              ]
            }
          },
          {
            "id": "text",
            "prob": 3,
            "value": {
              "text": [
                "至今未通过课程成绩："
              ],
              "visText": [
                "至今未通过课程成绩："
              ]
            }
          },
          {
            "id": "@id/word",
            "prob": 2,
            "value": [
              "descendant::DIV[@id=\"divNotPs\"]/DIV[1]",
              "descendant::DIV[@id=\"divNotPs\"]//DIV"
            ]
          },
          {
            "id": "@class/word",
            "prob": 1,
            "ordinal": [
              1,
              3
            ],
            "value": "DIV.main_box DIV.mid_box SPAN.formbox DIV"
          },
          {
            "id": "path/ordinal",
            "prob": 1,
            "value": "/HTML[1]/BODY[1]/FORM[1]/DIV[2]/DIV[1]/SPAN[1]/DIV[1]/DIV[1]"
          },
          {
            "id": "style/color",
            "value": [
              17,
              68,
              158
            ]
          },
          {
            "id": "shield",
            "value": {
              "zIndex": "auto",
              "width": 1047.609375,
              "height": 15
            }
          }
        ]
      },
      "intendedRole": "fragment",
      "roles": "element,fragment",
      "monitored": false
    },
    "control150": {
      "location": {
        "data": {
          "tagName": "INPUT"
        },
        "locators": [
          {
            "id": "input/@value",
            "prob": 1,
            "value": {
              "text": [
                "成绩统计"
              ]
            }
          },
          {
            "id": "input/button/@value",
            "prob": 3,
            "value": {
              "text": [
                "成绩统计"
              ]
            }
          },
          {
            "id": "elem/@name",
            "prob": 1,
            "value": "descendant::INPUT[@name=\"Button1\"]"
          },
          {
            "id": "@id/word",
            "prob": 2,
            "value": [
              "descendant::DIV[@id=\"tabHidden\"]/DIV[3]/P[1]/INPUT[6]",
              "descendant::DIV[@id=\"tabHidden\"]//INPUT"
            ]
          },
          {
            "id": "@class/word",
            "prob": 1,
            "ordinal": [
              5,
              7
            ],
            "value": "DIV.searchbox P.search_con INPUT.button"
          },
          {
            "id": "path/ordinal",
            "prob": 1,
            "value": "/HTML[1]/BODY[1]/FORM[1]/DIV[1]/DIV[3]/P[1]/INPUT[6]"
          },
          {
            "id": "input/type",
            "verifyEnabled": true,
            "value": "submit"
          },
          {
            "id": "elderLevel",
            "value": {
              "level": 0
            }
          },
          {
            "id": "shield",
            "value": {
              "zIndex": "auto",
              "width": 67.609375,
              "height": 20
            }
          }
        ]
      },
      "intendedRole": "button",
      "roles": "element,button",
      "monitored": false
    },
    "control152": {
      "location": {
        "data": {
          "tagName": "TABLE"
        },
        "locators": [
          {
            "id": "@id/word",
            "prob": 2,
            "value": [
              "descendant::DIV[@id=\"divNotPs\"]/TABLE[1]",
              "descendant::DIV[@id=\"divNotPs\"]//TABLE"
            ]
          },
          {
            "id": "@class/word",
            "prob": 1,
            "value": "DIV.mid_box SPAN.formbox TABLE.datelist"
          },
          {
            "id": "path/ordinal",
            "prob": 1,
            "value": "/HTML[1]/BODY[1]/FORM[1]/DIV[2]/DIV[1]/SPAN[1]/DIV[1]/TABLE[1]"
          },
          {
            "id": "style/color",
            "value": [
              17,
              68,
              158
            ]
          },
          {
            "id": "shield",
            "value": {
              "zIndex": "auto",
              "width": 1063,
              "height": 251
            }
          }
        ]
      },
      "intendedRole": "fragment",
      "roles": "element,link,fragment",
      "monitored": false
    }
  },
  "contexts": {
    "context1": {
      "controls": [
        "control138",
        "control139",
        "control140",
        "control142",
        "control143",
        "control144",
        "control145",
        "control146",
        "control149",
        "control151",
        "control153",
        "control137",
        "control150",
        "control152"
      ],
      "anchors": []
    }
  },
  "flows": {
    "flow10": {
      "toContexts": [
        {
          "toContextId": "context1"
        }
      ]
    }
  },
  "pages": {
    "page1": {
      "contextId": "context1",
      "layout": [
        {
          "id": "uiControl0",
          "display": {
            "class": "header",
            "title": "成绩查询",
            "type": "header",
            "adapterId": "header",
            "adapter": {
              "templateType": ""
            }
          },
          "layout": []
        },
        {
          "id": "uiControl240",
          "controlId": "control138",
          "display": {
            "adapterId": "custom",
            "type": "custom",
            "adapter": {
              "templateType": "react",
              "events": {
                "onDoAction": "doAction_uiControl240",
                "onGetTemplate": "getTemplate_uiControl240"
              }
            }
          }
        },
        {
          "id": "uiControl241",
          "display": {
            "type": "accordion",
            "adapterId": "accordion",
            "adapter": {
              "templateType": ""
            }
          },
          "layout": [
            {
              "id": "uiControl241item",
              "display": {
                "title": "查询条件",
                "type": "accordionItem",
                "adapterId": "accordionItem",
                "adapter": {
                  "templateType": ""
                }
              },
              "layout": [
                {
                  "id": "uiControl246",
                  "display": {
                    "text": "学年：",
                    "type": "content",
                    "adapterId": "staticContent",
                    "adapter": {
                      "templateType": ""
                    }
                  }
                },
                {
                  "id": "uiControl243",
                  "controlId": "control139",
                  "display": {
                    "adapterId": "listbox",
                    "type": "listbox",
                    "adapter": {
                      "templateType": ""
                    }
                  }
                },
                {
                  "id": "uiControl247",
                  "display": {
                    "text": "学期：",
                    "type": "content",
                    "adapterId": "staticContent",
                    "adapter": {
                      "templateType": ""
                    }
                  }
                },
                {
                  "id": "uiControl244",
                  "controlId": "control140",
                  "display": {
                    "adapterId": "listbox",
                    "type": "listbox",
                    "adapter": {
                      "templateType": ""
                    }
                  }
                },
                {
                  "id": "uiControl248",
                  "display": {
                    "text": "性质：",
                    "type": "content",
                    "adapterId": "staticContent",
                    "adapter": {
                      "templateType": ""
                    }
                  }
                },
                {
                  "id": "uiControl245",
                  "controlId": "control142",
                  "display": {
                    "adapterId": "listbox",
                    "type": "listbox",
                    "adapter": {
                      "templateType": ""
                    }
                  }
                }
              ]
            }
          ]
        },
        {
          "id": "uiControl249",
          "display": {
            "type": "card",
            "adapterId": "card",
            "class": "cjcx-body",
            "adapter": {
              "templateType": ""
            }
          },
          "layout": [
            {
              "id": "uiControl249body",
              "display": {
                "type": "cardBody",
                "adapterId": "cardBody",
                "adapter": {
                  "templateType": ""
                }
              },
              "layout": [
                {
                  "id": "uiControl250",
                  "display": {
                    "type": "card",
                    "adapterId": "card",
                    "class": "cjcx-button",
                    "adapter": {
                      "templateType": ""
                    }
                  },
                  "layout": [
                    {
                      "id": "uiControl250body",
                      "display": {
                        "type": "cardBody",
                        "adapterId": "cardBody",
                        "adapter": {
                          "templateType": ""
                        }
                      },
                      "layout": [
                        {
                          "id": "uiControl252",
                          "controlId": "control144",
                          "display": {
                            "adapterId": "clickable",
                            "type": "button",
                            "adapter": {
                              "templateType": ""
                            }
                          }
                        },
                        {
                          "id": "uiControl251",
                          "controlId": "control143",
                          "display": {
                            "adapterId": "clickable",
                            "type": "button",
                            "adapter": {
                              "templateType": ""
                            }
                          }
                        },
                        {
                          "id": "uiControl253",
                          "controlId": "control145",
                          "display": {
                            "adapterId": "clickable",
                            "type": "button",
                            "adapter": {
                              "templateType": ""
                            }
                          }
                        },
                        {
                          "id": "uiControl254",
                          "controlId": "control146",
                          "display": {
                            "adapterId": "clickable",
                            "type": "button",
                            "adapter": {
                              "templateType": ""
                            }
                          }
                        },
                        {
                          "id": "uiControl255",
                          "controlId": "control149",
                          "display": {
                            "adapterId": "clickable",
                            "type": "button",
                            "adapter": {
                              "templateType": ""
                            }
                          }
                        },
                        {
                          "id": "uiControl256",
                          "controlId": "control150",
                          "display": {
                            "adapterId": "clickable",
                            "type": "button",
                            "adapter": {
                              "templateType": ""
                            }
                          }
                        }
                      ]
                    }
                  ]
                },
                {
                  "id": "uiControl257",
                  "display": {
                    "type": "card",
                    "adapterId": "card",
                    "class": "cjcx-info",
                    "adapter": {
                      "templateType": ""
                    }
                  },
                  "layout": [
                    {
                      "id": "uiControl257body",
                      "display": {
                        "type": "cardBody",
                        "adapterId": "cardBody",
                        "adapter": {
                          "templateType": ""
                        }
                      },
                      "layout": [
                        {
                          "id": "uiControl258",
                          "controlId": "control151",
                          "display": {
                            "adapterId": "fragment",
                            "type": "fragment",
                            "adapter": {
                              "templateType": ""
                            }
                          }
                        }
                      ]
                    }
                  ]
                },
                {
                  "id": "uiControl238",
                  "controlId": "control137",
                  "display": {
                    "adapterId": "fragment",
                    "type": "fragment",
                    "class": "table-hd",
                    "adapter": {
                      "templateType": ""
                    }
                  }
                },
                {
                  "id": "uiControl259",
                  "display": {
                    "type": "card",
                    "adapterId": "card",
                    "class": "table-a",
                    "adapter": {
                      "templateType": ""
                    }
                  },
                  "layout": [
                    {
                      "id": "uiControl259body",
                      "display": {
                        "type": "cardBody",
                        "adapterId": "cardBody",
                        "adapter": {
                          "templateType": ""
                        }
                      },
                      "layout": [
                        {
                          "id": "uiControl260",
                          "controlId": "control152",
                          "display": {
                            "adapterId": "fragment",
                            "type": "fragment",
                            "adapter": {
                              "templateType": ""
                            }
                          }
                        }
                      ]
                    }
                  ]
                },
                {
                  "id": "uiControl261",
                  "display": {
                    "type": "card",
                    "adapterId": "card",
                    "class": "cjcx-qrcode",
                    "adapter": {
                      "templateType": ""
                    }
                  },
                  "layout": [
                    {
                      "id": "uiControl261body",
                      "display": {
                        "type": "cardBody",
                        "adapterId": "cardBody",
                        "adapter": {
                          "templateType": ""
                        }
                      },
                      "layout": [
                        {
                          "id": "uiControl262",
                          "controlId": "control153",
                          "display": {
                            "adapterId": "image_link",
                            "type": "image",
                            "adapter": {
                              "templateType": ""
                            }
                          }
                        }
                      ]
                    }
                  ]
                }
              ]
            }
          ]
        }
      ]
    }
  },
  "matchers": {
    "page/title": {
      "contexts": {
        "context1": [
          "现代教学管理信息系统"
        ]
      }
    },
    "page/urls": {
      "contexts": {
        "context1": [
          "117.35.118.209/Xscjcx.aspx?xh=121111&xm=%CA%A2%BE%B2%BE%B2&gnmkdm=N121613"
        ]
      }
    },
    "page/ids": {
      "contexts": {
        "context1": [
          [
            "Button",
            "Datagrid",
            "Form",
            "Image",
            "Label",
            "Table",
            "btn_dy",
            "btn_xn",
            "btn_xq",
            "btn_zcj",
            "btn_zg",
            "ddlXN",
            "ddlXQ",
            "ddl_kcxz",
            "divNotPs",
            "divPs",
            "hidLanguage",
            "lbl_bt",
            "lbl_grid",
            "lbl_xh",
            "lbl_xm",
            "lbl_xy",
            "lbl_xzb",
            "lbl_zy",
            "lbl_zyfx",
            "lbl_zymc",
            "lblpsts",
            "pjxfjd_ffx",
            "pjxfjd_fx",
            "pjxfjd_xf",
            "tabHidden",
            "tdzyfx",
            "tdzymc",
            "xfjdzh_ffx",
            "xfjdzh_fx"
          ],
          [
            "Button",
            "DataGrid",
            "Datagrid",
            "Form",
            "Image",
            "Label",
            "Table",
            "btn_dy",
            "btn_xn",
            "btn_xq",
            "btn_zcj",
            "btn_zg",
            "ddlXN",
            "ddlXQ",
            "ddl_kcxz",
            "divNotPs",
            "hidLanguage",
            "lbl_bt",
            "lbl_xh",
            "lbl_xm",
            "lbl_xy",
            "lbl_xzb",
            "lbl_zy",
            "lbl_zyfx",
            "lbl_zymc",
            "pjxfjd",
            "pjxfjd_ffx",
            "pjxfjd_fx",
            "pjxfjd_xf",
            "tabHidden",
            "tdzyfx",
            "tdzymc",
            "xfjdzh",
            "xfjdzh_ffx",
            "xfjdzh_fx",
            "xftj",
            "zmc",
            "zyzrs"
          ]
        ]
      }
    },
    "page/classes": {
      "contexts": {
        "context1": [
          [
            "alt",
            "button",
            "buttonbox",
            "dateli",
            "earch_con",
            "earch_title",
            "earchbox",
            "footbox",
            "footbox_con",
            "footbutton",
            "formbox",
            "formli",
            "main_box",
            "mid_box",
            "pagination",
            "t",
            "thead",
            "title",
            "toolbox",
            "toolbox_fot"
          ]
        ]
      }
    },
    "page/tagTriplets": {
      "contexts": {
        "context1": [
          [
            "-/-/FORM",
            "-/FORM/DIV",
            "-/FORM/INPUT-hidden",
            "-/FORM/SCRIPT",
            "DIV/DIV/DIV",
            "DIV/DIV/EM",
            "DIV/DIV/P",
            "DIV/DIV/SPAN",
            "DIV/EM/SPAN",
            "DIV/FIELDSET/LEGEND",
            "DIV/P/EM",
            "DIV/P/FONT",
            "DIV/P/INPUT-button",
            "DIV/P/INPUT-submit",
            "DIV/P/SELECT",
            "DIV/P/SPAN",
            "DIV/SPAN/B",
            "DIV/SPAN/DIV",
            "DIV/SPAN/TABLE",
            "DIV/TABLE/TBODY",
            "FIELDSET/LEGEND/SPAN",
            "FORM/DIV/DIV",
            "FORM/DIV/P",
            "LEGEND/SPAN/B",
            "P/SELECT/OPTION",
            "SPAN/B/FONT",
            "SPAN/DIV/BR",
            "SPAN/DIV/DIV",
            "SPAN/DIV/FIELDSET",
            "SPAN/DIV/TABLE",
            "SPAN/TABLE/TBODY",
            "TABLE/TBODY/TR",
            "TBODY/TR/TD",
            "TD/SPAN/B",
            "TR/TD/A",
            "TR/TD/IMG",
            "TR/TD/SPAN"
          ],
          [
            "-/-/FORM",
            "-/-/SCRIPT",
            "-/FORM/DIV",
            "-/FORM/INPUT-hidden",
            "-/FORM/SCRIPT",
            "DIV/DIV/DIV",
            "DIV/DIV/EM",
            "DIV/DIV/P",
            "DIV/DIV/SPAN",
            "DIV/EM/SPAN",
            "DIV/FIELDSET/LEGEND",
            "DIV/P/EM",
            "DIV/P/FONT",
            "DIV/P/INPUT-button",
            "DIV/P/INPUT-submit",
            "DIV/P/SELECT",
            "DIV/P/SPAN",
            "DIV/SPAN/B",
            "DIV/SPAN/DIV",
            "DIV/SPAN/TABLE",
            "DIV/TABLE/TBODY",
            "FIELDSET/LEGEND/SPAN",
            "FORM/DIV/DIV",
            "FORM/DIV/P",
            "LEGEND/SPAN/B",
            "P/SELECT/OPTION",
            "SPAN/B/FONT",
            "SPAN/DIV/BR",
            "SPAN/DIV/DIV",
            "SPAN/DIV/FIELDSET",
            "SPAN/DIV/TABLE",
            "SPAN/TABLE/TBODY",
            "TABLE/TBODY/TR",
            "TBODY/TR/TD",
            "TD/SPAN/B",
            "TR/TD/A",
            "TR/TD/IMG",
            "TR/TD/SPAN"
          ],
          [
            "-/-/FORM",
            "-/-/SCRIPT",
            "-/FORM/DIV",
            "-/FORM/INPUT-hidden",
            "DIV/DIV/DIV",
            "DIV/DIV/EM",
            "DIV/DIV/P",
            "DIV/DIV/SPAN",
            "DIV/EM/SPAN",
            "DIV/P/EM",
            "DIV/P/FONT",
            "DIV/P/INPUT-button",
            "DIV/P/INPUT-submit",
            "DIV/P/SELECT",
            "DIV/P/SPAN",
            "DIV/SPAN/B",
            "DIV/SPAN/DIV",
            "DIV/SPAN/TABLE",
            "DIV/TABLE/TBODY",
            "FORM/DIV/DIV",
            "FORM/DIV/P",
            "P/SELECT/OPTION",
            "SPAN/B/BR",
            "SPAN/B/FONT",
            "SPAN/DIV/BR",
            "SPAN/DIV/DIV",
            "SPAN/DIV/SPAN",
            "SPAN/DIV/TABLE",
            "SPAN/TABLE/TBODY",
            "TABLE/TBODY/TR",
            "TBODY/TR/TD",
            "TD/SPAN/B",
            "TD/TABLE/TBODY",
            "TR/TD/IMG",
            "TR/TD/SPAN",
            "TR/TD/TABLE"
          ]
        ]
      }
    }
  }
}