{
  "version": "0.1",
  "id": "q_apartment_discipline_handle_info",
  "targetURL": "http://42.247.16.108/xgxt/gygl_gyjlglnew_gyjlxxcl.do",
  "jsFile": "index.js",
  "cssFile": "../../lib/base.css,index.css",
  "chineseName": "公寓管理-公寓纪律信息处理-详情",
  "description": "",
  "controls": {
    "control74": {
      "location": {
        "data": {
          "tagName": "TH"
        },
        "locators": [
          {
            "id": "button/text",
            "prob": 3,
            "value": {
              "text": [
                "学生信息"
              ],
              "visText": [
                "学生信息"
              ]
            }
          },
          {
            "id": "text",
            "prob": 3,
            "value": {
              "text": [
                "学生信息"
              ],
              "visText": [
                "学生信息"
              ]
            }
          },
          {
            "id": "@class/word",
            "prob": 1,
            "ordinal": [
              0,
              6
            ],
            "value": "DIV.tab TABLE.formlist THEAD TR TH"
          },
          {
            "id": "path/ordinal",
            "prob": 1,
            "value": "/HTML[1]/BODY[1]/DIV[2]/TABLE[1]/THEAD[1]/TR[1]/TH[1]"
          },
          {
            "id": "style/color",
            "value": [
              0,
              87,
              156
            ]
          },
          {
            "id": "shield",
            "value": {
              "zIndex": "auto",
              "width": 765,
              "height": 33
            }
          }
        ]
      },
      "intendedRole": "fragment",
      "roles": "element,fragment",
      "monitored": false,
      "frameXPath": "//iframe[@name='parentDialog']<<IFRAME>>"
    },
    "control75": {
      "location": {
        "data": {
          "tagName": "TABLE"
        },
        "locators": [
          {
            "id": "text",
            "prob": 3,
            "value": {
              "text": [
                "学生信息 学号 104003 姓名 蔡东达 学院 商学院 专业 国际经济与贸易 班级 国际经济与贸易1302 年级 2013 楼栋名称 男生十八号公寓 寝室号 18628 床位号 1 寝室电话"
              ],
              "visText": [
                "学生信息 学号 104003 姓名 蔡东达 学院 商学院 专业 国际经济与贸易 班级 国际经济与贸易1302 年级 2013 楼栋名称 男生十八号公寓 寝室号 18628 床位号 1 寝室电话"
              ]
            }
          },
          {
            "id": "@class/word",
            "prob": 1,
            "ordinal": [
              0,
              8
            ],
            "value": "DIV.tab TABLE.formlist"
          },
          {
            "id": "path/ordinal",
            "prob": 1,
            "value": "/HTML[1]/BODY[1]/DIV[2]/TABLE[1]"
          },
          {
            "id": "shield",
            "value": {
              "zIndex": "auto",
              "width": 766,
              "height": 194
            }
          }
        ]
      },
      "intendedRole": "fragment",
      "roles": "element,fragment",
      "monitored": false,
      "frameXPath": "//iframe[@name='parentDialog']<<IFRAME>>"
    },
    "control76": {
      "location": {
        "data": {
          "tagName": "TH"
        },
        "locators": [
          {
            "id": "button/text",
            "prob": 3,
            "value": {
              "text": [
                "公寓纪律信息"
              ],
              "visText": [
                "公寓纪律信息"
              ]
            }
          },
          {
            "id": "text",
            "prob": 3,
            "value": {
              "text": [
                "公寓纪律信息"
              ],
              "visText": [
                "公寓纪律信息"
              ]
            }
          },
          {
            "id": "@class/word",
            "prob": 1,
            "ordinal": [
              1,
              6
            ],
            "value": "DIV.tab TABLE.formlist THEAD TR TH"
          },
          {
            "id": "path/ordinal",
            "prob": 1,
            "value": "/HTML[1]/BODY[1]/DIV[2]/TABLE[2]/THEAD[1]/TR[1]/TH[1]"
          },
          {
            "id": "style/color",
            "value": [
              0,
              87,
              156
            ]
          },
          {
            "id": "shield",
            "value": {
              "zIndex": "auto",
              "width": 765,
              "height": 33
            }
          }
        ]
      },
      "intendedRole": "fragment",
      "roles": "element,fragment",
      "monitored": false,
      "frameXPath": "//iframe[@name='parentDialog']<<IFRAME>>"
    },
    "control77": {
      "location": {
        "data": {
          "tagName": "TABLE"
        },
        "locators": [
          {
            "id": "text",
            "prob": 3,
            "value": {
              "text": [
                "公寓纪律信息 违纪学年 2016-2017 违纪学期 1 纪律大类 测试 纪律类别 测试 违纪时间 2019-10-17 备注 云适配测试 处理结果 未处理 调查情况 审核状态 未审核 审核时间 审核意见"
              ],
              "visText": [
                "公寓纪律信息 违纪学年 2016-2017 违纪学期 1 纪律大类 测试 纪律类别 测试 违纪时间 2019-10-17 备注 云适配测试 处理结果 未处理 调查情况 审核状态 未审核 审核时间 审核意见"
              ]
            }
          },
          {
            "id": "@class/word",
            "prob": 1,
            "ordinal": [
              1,
              8
            ],
            "value": "DIV.tab TABLE.formlist"
          },
          {
            "id": "path/ordinal",
            "prob": 1,
            "value": "/HTML[1]/BODY[1]/DIV[2]/TABLE[2]"
          },
          {
            "id": "shield",
            "value": {
              "zIndex": "auto",
              "width": 766,
              "height": 290
            }
          }
        ]
      },
      "intendedRole": "fragment",
      "roles": "element,fragment",
      "monitored": false,
      "frameXPath": "//iframe[@name='parentDialog']<<IFRAME>>"
    },
    "control78": {
      "location": {
        "data": {
          "tagName": "TH"
        },
        "locators": [
          {
            "id": "button/text",
            "prob": 3,
            "value": {
              "text": [
                "已获纪律信息"
              ],
              "visText": [
                "已获纪律信息"
              ]
            }
          },
          {
            "id": "text",
            "prob": 3,
            "value": {
              "text": [
                "已获纪律信息"
              ],
              "visText": [
                "已获纪律信息"
              ]
            }
          },
          {
            "id": "@class/word",
            "prob": 1,
            "ordinal": [
              2,
              6
            ],
            "value": "DIV.tab TABLE.formlist THEAD TR TH"
          },
          {
            "id": "path/ordinal",
            "prob": 1,
            "value": "/HTML[1]/BODY[1]/DIV[2]/TABLE[3]/THEAD[1]/TR[1]/TH[1]"
          },
          {
            "id": "style/color",
            "value": [
              0,
              87,
              156
            ]
          },
          {
            "id": "shield",
            "value": {
              "zIndex": "auto",
              "width": 765,
              "height": 33
            }
          }
        ]
      },
      "intendedRole": "fragment",
      "roles": "element,fragment",
      "monitored": false,
      "frameXPath": "//iframe[@name='parentDialog']<<IFRAME>>"
    },
    "control79": {
      "location": {
        "data": {
          "tagName": "TABLE"
        },
        "locators": [
          {
            "id": "button/text",
            "prob": 3,
            "value": {
              "text": [
                "违纪学年 违纪学期 纪律类别 违纪时间 处理结果 该学生无历史违纪记录！"
              ],
              "visText": [
                "违纪学年 违纪学期 纪律类别 违纪时间 处理结果 该学生无历史违纪记录！"
              ]
            }
          },
          {
            "id": "text",
            "prob": 3,
            "value": {
              "text": [
                "违纪学年 违纪学期 纪律类别 违纪时间 处理结果 该学生无历史违纪记录！"
              ],
              "visText": [
                "违纪学年 违纪学期 纪律类别 违纪时间 处理结果 该学生无历史违纪记录！"
              ]
            }
          },
          {
            "id": "@class/word",
            "prob": 1,
            "ordinal": [
              0,
              2
            ],
            "value": "DIV.tab TABLE.formlist TABLE.formList"
          },
          {
            "id": "path/ordinal",
            "prob": 1,
            "value": "/HTML[1]/BODY[1]/DIV[2]/TABLE[3]/TBODY[1]/TR[1]/TD[1]/DIV[1]/TABLE[1]"
          },
          {
            "id": "shield",
            "value": {
              "zIndex": "auto",
              "width": 750,
              "height": 65
            }
          }
        ]
      },
      "intendedRole": "fragment",
      "roles": "element,fragment",
      "monitored": false,
      "frameXPath": "//iframe[@name='parentDialog']<<IFRAME>>"
    },
    "control80": {
      "location": {
        "data": {
          "tagName": "BUTTON"
        },
        "locators": [
          {
            "id": "button/text",
            "prob": 3,
            "value": {
              "text": [
                "关 闭"
              ],
              "visText": [
                "关 闭"
              ]
            }
          },
          {
            "id": "text",
            "prob": 3,
            "value": {
              "text": [
                "关 闭"
              ],
              "visText": [
                "关 闭"
              ]
            }
          },
          {
            "id": "elem/@name",
            "prob": 1,
            "value": "descendant::BUTTON[@name=\"关闭\"]"
          },
          {
            "id": "@id/word",
            "prob": 3,
            "value": "descendant::BUTTON[@id=\"buttonClose\"]"
          },
          {
            "id": "@class/word",
            "prob": 1,
            "ordinal": [
              0,
              2
            ],
            "value": "TABLE.formlist DIV.btn BUTTON"
          },
          {
            "id": "path/ordinal",
            "prob": 1,
            "value": "/HTML[1]/BODY[1]/TABLE[1]/TFOOT[1]/TR[1]/TD[1]/DIV[1]/BUTTON[1]"
          },
          {
            "id": "input/type",
            "verifyEnabled": true,
            "value": "button"
          },
          {
            "id": "elderLevel",
            "value": {
              "level": 0
            }
          },
          {
            "id": "shield",
            "value": {
              "zIndex": "auto",
              "width": 52.609375,
              "height": 19
            }
          }
        ]
      },
      "intendedRole": "button",
      "roles": "element,button",
      "monitored": false,
      "frameXPath": "//iframe[@name='parentDialog']<<IFRAME>>"
    },
    "control81": {
      "location": {
        "data": {
          "tagName": "BUTTON"
        },
        "locators": [
          {
            "id": "button/text",
            "prob": 3,
            "value": {
              "text": [
                "关 闭"
              ],
              "visText": [
                "关 闭"
              ]
            }
          },
          {
            "id": "text",
            "prob": 3,
            "value": {
              "text": [
                "关 闭"
              ],
              "visText": [
                "关 闭"
              ]
            }
          },
          {
            "id": "elem/@name",
            "prob": 1,
            "value": "descendant::BUTTON[@name=\"关闭\"]"
          },
          {
            "id": "@id/word",
            "prob": 3,
            "value": "descendant::BUTTON[@id=\"buttonClose\"]"
          },
          {
            "id": "@class/word",
            "prob": 1,
            "ordinal": [
              0,
              2
            ],
            "value": "TABLE.formlist DIV.btn BUTTON"
          },
          {
            "id": "path/ordinal",
            "prob": 1,
            "value": "/HTML[1]/BODY[1]/TABLE[1]/TFOOT[1]/TR[1]/TD[1]/DIV[1]/BUTTON[1]"
          },
          {
            "id": "input/type",
            "verifyEnabled": true,
            "value": "button"
          },
          {
            "id": "elderLevel",
            "value": {
              "level": 0
            }
          },
          {
            "id": "shield",
            "value": {
              "zIndex": "auto",
              "width": 52.609375,
              "height": 19
            }
          }
        ]
      },
      "intendedRole": "button",
      "roles": "element,button",
      "monitored": false,
      "frameXPath": "//iframe[@name='parentDialog']<<IFRAME>>"
    }
  },
  "contexts": {
    "context6": {
      "controls": [
        "control74",
        "control75",
        "control76",
        "control77",
        "control78",
        "control79",
        "control80",
        "control81"
      ],
      "anchors": []
    }
  },
  "flows": {
    "flow22": {
      "toContexts": [
        {
          "toContextId": "context6"
        }
      ]
    }
  },
  "pages": {
    "page6": {
      "contextId": "context6",
      "layout": [
        {
          "id": "uiControl75",
          "display": {
            "class": "navbar navbar-primary xg_header",
            "title": "详情",
            "type": "header",
            "adapterId": "header",
            "adapter": {
              "templateType": ""
            }
          },
          "layout": [
            {
              "id": "uiControl75headerLeft",
              "display": {
                "type": "headerLeft",
                "adapterId": "headerLeft",
                "adapter": {
                  "templateType": ""
                }
              },
              "layout": []
            }
          ]
        },
        {
          "id": "uiControl104",
          "controlId": "control81",
          "display": {
            "adapterId": "clickable",
            "type": "button",
            "text": "返回",
            "class": "xg_back",
            "adapter": {
              "templateType": ""
            }
          }
        },
        {
          "id": "uiControl76",
          "display": {
            "type": "card",
            "adapterId": "card",
            "class": "xg_body",
            "adapter": {
              "templateType": ""
            }
          },
          "layout": [
            {
              "id": "uiControl76body",
              "display": {
                "type": "cardBody",
                "adapterId": "cardBody",
                "adapter": {
                  "templateType": ""
                }
              },
              "layout": [
                {
                  "id": "uiControl96",
                  "controlId": "control74",
                  "display": {
                    "adapterId": "fragment",
                    "type": "fragment",
                    "class": "y_header",
                    "adapter": {
                      "templateType": ""
                    }
                  }
                },
                {
                  "id": "uiControl97",
                  "controlId": "control75",
                  "display": {
                    "adapterId": "fragment",
                    "type": "fragment",
                    "class": "y_info",
                    "adapter": {
                      "templateType": ""
                    }
                  }
                },
                {
                  "id": "uiControl98",
                  "controlId": "control76",
                  "display": {
                    "adapterId": "fragment",
                    "type": "fragment",
                    "class": "y_header",
                    "adapter": {
                      "templateType": ""
                    }
                  }
                },
                {
                  "id": "uiControl99",
                  "controlId": "control77",
                  "display": {
                    "adapterId": "fragment",
                    "type": "fragment",
                    "class": "y_info",
                    "adapter": {
                      "templateType": ""
                    }
                  }
                },
                {
                  "id": "uiControl100",
                  "controlId": "control78",
                  "display": {
                    "adapterId": "fragment",
                    "type": "fragment",
                    "class": "y_header",
                    "adapter": {
                      "templateType": ""
                    }
                  }
                },
                {
                  "id": "uiControl101",
                  "controlId": "control79",
                  "display": {
                    "adapterId": "fragment",
                    "type": "fragment",
                    "class": "y_table_aa",
                    "adapter": {
                      "templateType": ""
                    }
                  }
                },
                {
                  "id": "uiControl102",
                  "display": {
                    "type": "card",
                    "adapterId": "card",
                    "class": "xg_three_btn",
                    "adapter": {
                      "templateType": ""
                    }
                  },
                  "layout": [
                    {
                      "id": "uiControl102body",
                      "display": {
                        "type": "cardBody",
                        "adapterId": "cardBody",
                        "adapter": {
                          "templateType": ""
                        }
                      },
                      "layout": [
                        {
                          "id": "uiControl103",
                          "controlId": "control80",
                          "display": {
                            "adapterId": "clickable",
                            "type": "button",
                            "adapter": {
                              "templateType": ""
                            }
                          }
                        }
                      ]
                    }
                  ]
                }
              ]
            }
          ]
        }
      ]
    }
  },
  "matchers": {
    "page/title": {
      "contexts": {
        "context6": [
          ""
        ]
      }
    },
    "page/urls": {
      "contexts": {
        "context6": [
          "42.247.16.108/xgxt/gygl_gyjlglnew_gyjlxxcl.do"
        ]
      }
    },
    "page/ids": {
      "contexts": {
        "context6": [
          []
        ]
      }
    },
    "page/classes": {
      "contexts": {
        "context6": [
          []
        ]
      }
    },
    "page/tagTriplets": {
      "contexts": {
        "context6": [
          [
            "-/-/TD",
            "-/-/TH"
          ]
        ]
      }
    }
  }
}