{
  "version": "0.1",
  "id": "w_stuPostAudit_adjustposition",
  "targetURL": "http://42.247.16.108/xgxt/qgzx_xsgwsh.do?method=xsgwshCx",
  "jsFile": "index.js",
  "chineseName": "调整岗位",
  "description": "",
  "controls": {
    "control121": {
      "location": {
        "data": {
          "tagName": "DIV"
        },
        "locators": [
          {
            "id": "@class/word",
            "prob": 1,
            "ordinal": [
              0,
              5
            ],
            "value": "TABLE.ui_dialog DIV.ui_title_bar DIV.ui_title_buttons"
          },
          {
            "id": "path/ordinal",
            "prob": 1,
            "ordinal": [
              0,
              3
            ],
            "value": "/HTML[1]/BODY[1]/DIV[1]/TABLE[1]/TBODY[1]/TR[2]/TD[2]/DIV[1]/TABLE[1]/TBODY[1]/TR[1]/TD[1]/DIV[1]/DIV[2]"
          },
          {
            "id": "shield",
            "value": {
              "zIndex": "auto",
              "width": 44,
              "height": 22
            }
          }
        ]
      },
      "events": {
        "onGetData": "getData_control121"
      },
      "intendedRole": "custom",
      "roles": "element,custom",
      "monitored": false
    },
    "control120": {
      "location": {
        "data": {
          "tagName": "H3"
        },
        "locators": [
          {
            "id": "button/text",
            "prob": 3,
            "value": {
              "text": [
                "岗位选择"
              ],
              "visText": [
                "岗位选择"
              ]
            }
          },
          {
            "id": "text",
            "prob": 3,
            "value": {
              "text": [
                "岗位选择"
              ],
              "visText": [
                "岗位选择"
              ]
            }
          },
          {
            "id": "@class/word",
            "prob": 1,
            "ordinal": [
              0,
              2
            ],
            "value": "DIV.formbox H3.datetitle_01"
          },
          {
            "id": "path/ordinal",
            "prob": 1,
            "value": "/HTML[1]/BODY[1]/DIV[2]/H3[1]"
          },
          {
            "id": "shield",
            "value": {
              "zIndex": "auto",
              "width": 800,
              "height": 28
            }
          }
        ]
      },
      "roles": "element",
      "text": "\n\t\t\t\t岗位选择\n\t\t\t",
      "frameXPath": "//iframe[@name='childDialog']<<IFRAME>>"
    },
    "control122": {
      "location": {
        "data": {
          "tagName": "TABLE"
        },
        "locators": [
          {
            "id": "text",
            "prob": 3,
            "value": {
              "text": [
                "学年a用人单位岗位名称岗位性质岗位有效时需求人数申请人数困难生数在岗人数操作未找到任何记录！"
              ],
              "visText": [
                "用人单位 岗位名称 岗位性质 岗位有效时 需求人数 申请人数 困难生数 在岗人数 操作 未找到任何记录！"
              ]
            }
          },
          {
            "id": "@id/word",
            "prob": 3,
            "value": "descendant::TABLE[@id=\"dataTable\"]"
          },
          {
            "id": "@class/word",
            "prob": 1,
            "ordinal": [
              0,
              2
            ],
            "value": "DIV.formbox TABLE.dateline"
          },
          {
            "id": "path/ordinal",
            "prob": 1,
            "value": "/HTML[1]/BODY[1]/DIV[2]/TABLE[1]"
          },
          {
            "id": "shield",
            "value": {
              "zIndex": "auto",
              "width": 800,
              "height": 57
            }
          }
        ]
      },
      "events": {
        "onGetData": "getData_control122"
      },
      "intendedRole": "custom",
      "roles": "element,custom",
      "monitored": false,
      "frameXPath": "//iframe[@name='childDialog']<<IFRAME>>"
    },
    "control123": {
      "location": {
        "data": {
          "tagName": "A"
        },
        "locators": [
          {
            "id": "button/text",
            "prob": 3,
            "value": {
              "text": [
                "首 页"
              ],
              "visText": [
                "首 页"
              ]
            }
          },
          {
            "id": "text",
            "prob": 3,
            "value": {
              "text": [
                "首 页"
              ],
              "visText": [
                "首 页"
              ]
            }
          },
          {
            "id": "@title",
            "prob": 2,
            "value": {
              "text": [
                "首页"
              ]
            }
          },
          {
            "id": "@id/word",
            "prob": 3,
            "value": [
              "descendant::DIV[@id=\"pager\"]//A[@id=\"first\"]",
              "descendant::A[@id=\"first\"]"
            ]
          },
          {
            "id": "@class/word",
            "prob": 1,
            "ordinal": [
              0,
              2
            ],
            "value": "DIV.pageright DIV.paging A.first.pointer"
          },
          {
            "id": "path/ordinal",
            "prob": 1,
            "value": "/HTML[1]/BODY[1]/DIV[3]/DIV[2]/DIV[1]/A[1]"
          },
          {
            "id": "elderLevel",
            "value": {
              "level": 0
            }
          },
          {
            "id": "shield",
            "value": {
              "zIndex": "auto",
              "width": 46,
              "height": 19
            }
          }
        ]
      },
      "intendedRole": "button",
      "roles": "element,button,link",
      "monitored": false,
      "frameXPath": "//iframe[@name='childDialog']<<IFRAME>>"
    },
    "control124": {
      "location": {
        "data": {
          "tagName": "A"
        },
        "locators": [
          {
            "id": "button/text",
            "prob": 3,
            "value": {
              "text": [
                "上一页"
              ],
              "visText": [
                "上一页"
              ]
            }
          },
          {
            "id": "text",
            "prob": 3,
            "value": {
              "text": [
                "上一页"
              ],
              "visText": [
                "上一页"
              ]
            }
          },
          {
            "id": "@title",
            "prob": 2,
            "value": {
              "text": [
                "上一页"
              ]
            }
          },
          {
            "id": "@id/word",
            "prob": 3,
            "value": [
              "descendant::DIV[@id=\"pager\"]//A[@id=\"back\"]",
              "descendant::A[@id=\"back\"]"
            ]
          },
          {
            "id": "@class/word",
            "prob": 1,
            "ordinal": [
              0,
              2
            ],
            "value": "DIV.pageright DIV.paging A.prev.pointer"
          },
          {
            "id": "path/ordinal",
            "prob": 1,
            "value": "/HTML[1]/BODY[1]/DIV[3]/DIV[2]/DIV[1]/A[2]"
          },
          {
            "id": "elderLevel",
            "value": {
              "level": 0
            }
          },
          {
            "id": "shield",
            "value": {
              "zIndex": "auto",
              "width": 54,
              "height": 19
            }
          }
        ]
      },
      "intendedRole": "button",
      "roles": "element,button,link",
      "monitored": false,
      "frameXPath": "//iframe[@name='childDialog']<<IFRAME>>"
    },
    "control125": {
      "location": {
        "data": {
          "tagName": "A"
        },
        "locators": [
          {
            "id": "button/text",
            "prob": 3,
            "value": {
              "text": [
                "下一页"
              ],
              "visText": [
                "下一页"
              ]
            }
          },
          {
            "id": "text",
            "prob": 3,
            "value": {
              "text": [
                "下一页"
              ],
              "visText": [
                "下一页"
              ]
            }
          },
          {
            "id": "@title",
            "prob": 2,
            "value": {
              "text": [
                "下一页"
              ]
            }
          },
          {
            "id": "@id/word",
            "prob": 3,
            "value": [
              "descendant::DIV[@id=\"pager\"]//A[@id=\"next\"]",
              "descendant::A[@id=\"next\"]"
            ]
          },
          {
            "id": "@class/word",
            "prob": 1,
            "ordinal": [
              0,
              2
            ],
            "value": "DIV.pageright DIV.paging A.next.pointer"
          },
          {
            "id": "path/ordinal",
            "prob": 1,
            "value": "/HTML[1]/BODY[1]/DIV[3]/DIV[2]/DIV[1]/A[3]"
          },
          {
            "id": "elderLevel",
            "value": {
              "level": 0
            }
          },
          {
            "id": "shield",
            "value": {
              "zIndex": "auto",
              "width": 54,
              "height": 19
            }
          }
        ]
      },
      "intendedRole": "button",
      "roles": "element,button,link",
      "monitored": false,
      "frameXPath": "//iframe[@name='childDialog']<<IFRAME>>"
    },
    "control134": {
      "location": {
        "data": {
          "tagName": "A"
        },
        "locators": [
          {
            "id": "button/text",
            "prob": 3,
            "value": {
              "text": [
                "末 页"
              ],
              "visText": [
                "末 页"
              ]
            }
          },
          {
            "id": "text",
            "prob": 3,
            "value": {
              "text": [
                "末 页"
              ],
              "visText": [
                "末 页"
              ]
            }
          },
          {
            "id": "@title",
            "prob": 2,
            "value": {
              "text": [
                "末页"
              ]
            }
          },
          {
            "id": "@id/word",
            "prob": 3,
            "value": [
              "descendant::DIV[@id=\"pager\"]//A[@id=\"last\"]",
              "descendant::A[@id=\"last\"]"
            ]
          },
          {
            "id": "@class/word",
            "prob": 1,
            "ordinal": [
              0,
              2
            ],
            "value": "DIV.pageright DIV.paging A.last.pointer"
          },
          {
            "id": "path/ordinal",
            "prob": 1,
            "value": "/HTML[1]/BODY[1]/DIV[3]/DIV[2]/DIV[1]/A[4]"
          },
          {
            "id": "elderLevel",
            "value": {
              "level": 0
            }
          },
          {
            "id": "shield",
            "value": {
              "zIndex": "auto",
              "width": 46,
              "height": 19
            }
          }
        ]
      },
      "intendedRole": "button",
      "roles": "element,button,link",
      "monitored": false,
      "frameXPath": "//iframe[@name='childDialog']<<IFRAME>>"
    },
    "control135": {
      "location": {
        "data": {
          "tagName": "P"
        },
        "locators": [
          {
            "id": "text",
            "prob": 3,
            "value": {
              "text": [
                "第/0页，每页显示102050100200条 / 共0条记录"
              ],
              "visText": [
                "第/0页，每页显示条 / 共0条记录"
              ]
            }
          },
          {
            "id": "@id/word",
            "prob": 2,
            "value": [
              "descendant::DIV[@id=\"pager\"]/DIV[1]/P[1]",
              "descendant::DIV[@id=\"pager\"]//P"
            ]
          },
          {
            "id": "@class/word",
            "prob": 1,
            "ordinal": [
              0,
              2
            ],
            "value": "DIV.pagination DIV.pageleft P.pagenum"
          },
          {
            "id": "path/ordinal",
            "prob": 1,
            "value": "/HTML[1]/BODY[1]/DIV[3]/DIV[1]/P[1]"
          },
          {
            "id": "shield",
            "value": {
              "zIndex": "auto",
              "width": 265,
              "height": 14
            }
          }
        ]
      },
      "events": {
        "onGetData": "getData_control135"
      },
      "intendedRole": "custom",
      "roles": "element,custom",
      "monitored": true,
      "frameXPath": "//iframe[@name='childDialog']<<IFRAME>>"
    }
  },
  "contexts": {
    "context13": {
      "controls": [
        "control121",
        "control122",
        "control123",
        "control124",
        "control125",
        "control134",
        "control135"
      ],
      "anchors": [
        "control120"
      ]
    }
  },
  "flows": {
    "flow53": {
      "toContexts": [
        {
          "toContextId": "context13"
        }
      ]
    },
    "flow44": {
      "fromContextId": "context13",
      "fromAction": "doAction",
      "fromControlId": "control121",
      "toContexts": [
        {
          "toContextId": "context13"
        }
      ]
    }
  },
  "pages": {
    "page13": {
      "contextId": "context13",
      "layout": [
        {
          "id": "uiControl206",
          "display": {
            "class": "navbar navbar-primary xg_header",
            "title": "调整岗位",
            "type": "header",
            "adapterId": "header",
            "adapter": {
              "templateType": ""
            }
          },
          "layout": [
            {
              "id": "uiControl206headerLeft",
              "display": {
                "type": "headerLeft",
                "adapterId": "headerLeft",
                "adapter": {
                  "templateType": ""
                }
              },
              "layout": []
            }
          ]
        },
        {
          "id": "uiControl209",
          "controlId": "control121",
          "display": {
            "adapterId": "custom",
            "type": "custom",
            "adapter": {
              "templateType": "react",
              "events": {
                "onDoAction": "doAction_uiControl209",
                "onGetTemplate": "getTemplate_uiControl209"
              }
            }
          }
        },
        {
          "id": "uiControl208",
          "display": {
            "type": "card",
            "adapterId": "card",
            "class": "xg_body",
            "adapter": {
              "templateType": ""
            }
          },
          "layout": [
            {
              "id": "uiControl208body",
              "display": {
                "type": "cardBody",
                "adapterId": "cardBody",
                "adapter": {
                  "templateType": ""
                }
              },
              "layout": [
                {
                  "id": "uiControl207",
                  "display": {
                    "type": "card",
                    "adapterId": "card",
                    "adapter": {
                      "templateType": ""
                    }
                  },
                  "layout": [
                    {
                      "id": "uiControl207body",
                      "display": {
                        "type": "cardBody",
                        "adapterId": "cardBody",
                        "adapter": {
                          "templateType": ""
                        }
                      },
                      "layout": [
                        {
                          "id": "uiControl210",
                          "controlId": "control122",
                          "display": {
                            "adapterId": "custom",
                            "type": "custom",
                            "adapter": {
                              "templateType": "react",
                              "events": {
                                "onDoAction": "doAction_uiControl210",
                                "onGetTemplate": "getTemplate_uiControl210"
                              }
                            }
                          }
                        }
                      ]
                    }
                  ]
                },
                {
                  "id": "uiControl223",
                  "display": {
                    "type": "card",
                    "adapterId": "card",
                    "adapter": {
                      "templateType": ""
                    }
                  },
                  "layout": [
                    {
                      "id": "uiControl223body",
                      "display": {
                        "type": "cardBody",
                        "adapterId": "cardBody",
                        "adapter": {
                          "templateType": ""
                        }
                      },
                      "layout": [
                        {
                          "id": "uiControl229",
                          "controlId": "control135",
                          "display": {
                            "adapterId": "custom",
                            "type": "custom",
                            "adapter": {
                              "templateType": "react",
                              "events": {
                                "onDoAction": "doAction_uiControl229",
                                "onGetTemplate": "getTemplate_uiControl229"
                              }
                            }
                          }
                        }
                      ]
                    }
                  ]
                },
                {
                  "id": "uiControl224",
                  "display": {
                    "type": "card",
                    "adapterId": "card",
                    "class": "xg_four_btn",
                    "adapter": {
                      "templateType": ""
                    }
                  },
                  "layout": [
                    {
                      "id": "uiControl224body",
                      "display": {
                        "type": "cardBody",
                        "adapterId": "cardBody",
                        "adapter": {
                          "templateType": ""
                        }
                      },
                      "layout": [
                        {
                          "id": "uiControl225",
                          "controlId": "control123",
                          "display": {
                            "adapterId": "clickable",
                            "type": "button",
                            "adapter": {
                              "templateType": ""
                            }
                          }
                        },
                        {
                          "id": "uiControl226",
                          "controlId": "control124",
                          "display": {
                            "adapterId": "clickable",
                            "type": "button",
                            "adapter": {
                              "templateType": ""
                            }
                          }
                        },
                        {
                          "id": "uiControl227",
                          "controlId": "control125",
                          "display": {
                            "adapterId": "clickable",
                            "type": "button",
                            "adapter": {
                              "templateType": ""
                            }
                          }
                        },
                        {
                          "id": "uiControl228",
                          "controlId": "control134",
                          "display": {
                            "adapterId": "clickable",
                            "type": "button",
                            "adapter": {
                              "templateType": ""
                            }
                          }
                        }
                      ]
                    }
                  ]
                }
              ]
            }
          ]
        }
      ]
    }
  },
  "matchers": {
    "page/title": {
      "contexts": {
        "context13": [
          ""
        ]
      }
    },
    "page/urls": {
      "contexts": {
        "context13": [
          "42.247.16.108/xgxt/qgzx_xsgwsh.do?method=xsgwshCx"
        ]
      }
    },
    "page/ids": {
      "contexts": {
        "context13": [
          []
        ]
      }
    },
    "page/classes": {
      "contexts": {
        "context13": [
          [
            "ui_b",
            "ui_buttons",
            "ui_c",
            "ui_close",
            "ui_content",
            "ui_dialog",
            "ui_icon",
            "ui_inner",
            "ui_l",
            "ui_lb",
            "ui_loading",
            "ui_lt",
            "ui_main",
            "ui_max",
            "ui_max_b",
            "ui_min",
            "ui_min_b",
            "ui_r",
            "ui_rb",
            "ui_res",
            "ui_res_b",
            "ui_res_t",
            "ui_rt",
            "ui_state_full",
            "ui_t",
            "ui_title",
            "ui_title_bar",
            "ui_title_buttons"
          ]
        ]
      }
    },
    "page/tagTriplets": {
      "contexts": {
        "context13": [
          [
            "-/-/TBODY",
            "-/TBODY/TR",
            "DIV/A/B",
            "DIV/DIV/A",
            "DIV/DIV/SPAN",
            "DIV/TABLE/TBODY",
            "TABLE/TBODY/TR",
            "TBODY/TR/TD",
            "TD/DIV/DIV",
            "TD/DIV/IFRAME",
            "TD/DIV/TABLE",
            "TR/TD/DIV"
          ]
        ]
      }
    }
  }
}