{
  "version": "0.1",
  "id": "q_pjpy_xspjsq",
  "targetURL": "http://42.247.16.108/xgxt/pj_pjxmsq.do",
  "jsFile": "index.js",
  "requires": {
    "q_pjpy_xspjsq_add": "../q_pjpy_xspjsq_add/index.json",
    "q_pjpy_xspjsq_update": "../q_pjpy_xspjsq_update/index.json",
    "q_pjpy_xspjsq_follow": "../q_pjpy_xspjsq_follow/index.json"
  },
  "chineseName": "学生评奖申请",
  "description": "",
  "controls": {
    "control621": {
      "location": {
        "data": {
          "tagName": "A"
        },
        "locators": [
          {
            "id": "button/text",
            "prob": 3,
            "value": {
              "text": [
                "首 页"
              ],
              "visText": [
                "首 页"
              ]
            }
          },
          {
            "id": "text",
            "prob": 3,
            "value": {
              "text": [
                "首 页"
              ],
              "visText": [
                "首 页"
              ]
            }
          },
          {
            "id": "@title",
            "prob": 2,
            "value": {
              "text": [
                "首页"
              ]
            }
          },
          {
            "id": "@id/word",
            "prob": 3,
            "value": [
              "descendant::DIV[@id=\"pager\"]//A[@id=\"first\"]",
              "descendant::A[@id=\"first\"]"
            ]
          },
          {
            "id": "@class/word",
            "prob": 1,
            "value": "DIV.pageright DIV.paging A.first.pointer"
          },
          {
            "id": "path/ordinal",
            "prob": 1,
            "value": "/HTML[1]/BODY[1]/DIV[3]/DIV[1]/DIV[1]/DIV[2]/DIV[1]/A[1]"
          },
          {
            "id": "elderLevel",
            "value": {
              "level": 0
            }
          },
          {
            "id": "shield",
            "value": {
              "zIndex": "auto",
              "width": 46,
              "height": 19
            }
          }
        ]
      },
      "intendedRole": "button",
      "roles": "element,button,link",
      "monitored": false
    },
    "control622": {
      "location": {
        "data": {
          "tagName": "A"
        },
        "locators": [
          {
            "id": "button/text",
            "prob": 3,
            "value": {
              "text": [
                "上一页"
              ],
              "visText": [
                "上一页"
              ]
            }
          },
          {
            "id": "text",
            "prob": 3,
            "value": {
              "text": [
                "上一页"
              ],
              "visText": [
                "上一页"
              ]
            }
          },
          {
            "id": "@title",
            "prob": 2,
            "value": {
              "text": [
                "上一页"
              ]
            }
          },
          {
            "id": "@id/word",
            "prob": 3,
            "value": [
              "descendant::DIV[@id=\"pager\"]//A[@id=\"back\"]",
              "descendant::A[@id=\"back\"]"
            ]
          },
          {
            "id": "@class/word",
            "prob": 1,
            "value": "DIV.pageright DIV.paging A.prev.pointer"
          },
          {
            "id": "path/ordinal",
            "prob": 1,
            "value": "/HTML[1]/BODY[1]/DIV[3]/DIV[1]/DIV[1]/DIV[2]/DIV[1]/A[2]"
          },
          {
            "id": "elderLevel",
            "value": {
              "level": 0
            }
          },
          {
            "id": "shield",
            "value": {
              "zIndex": "auto",
              "width": 54,
              "height": 19
            }
          }
        ]
      },
      "intendedRole": "button",
      "roles": "element,button,link",
      "monitored": false
    },
    "control623": {
      "location": {
        "data": {
          "tagName": "A"
        },
        "locators": [
          {
            "id": "button/text",
            "prob": 3,
            "value": {
              "text": [
                "下一页"
              ],
              "visText": [
                "下一页"
              ]
            }
          },
          {
            "id": "text",
            "prob": 3,
            "value": {
              "text": [
                "下一页"
              ],
              "visText": [
                "下一页"
              ]
            }
          },
          {
            "id": "@title",
            "prob": 2,
            "value": {
              "text": [
                "下一页"
              ]
            }
          },
          {
            "id": "@id/word",
            "prob": 3,
            "value": [
              "descendant::DIV[@id=\"pager\"]//A[@id=\"next\"]",
              "descendant::A[@id=\"next\"]"
            ]
          },
          {
            "id": "@class/word",
            "prob": 1,
            "value": "DIV.pageright DIV.paging A.next.pointer"
          },
          {
            "id": "path/ordinal",
            "prob": 1,
            "value": "/HTML[1]/BODY[1]/DIV[3]/DIV[1]/DIV[1]/DIV[2]/DIV[1]/A[3]"
          },
          {
            "id": "elderLevel",
            "value": {
              "level": 0
            }
          },
          {
            "id": "shield",
            "value": {
              "zIndex": "auto",
              "width": 54,
              "height": 19
            }
          }
        ]
      },
      "intendedRole": "button",
      "roles": "element,button,link",
      "monitored": false
    },
    "control624": {
      "location": {
        "data": {
          "tagName": "A"
        },
        "locators": [
          {
            "id": "button/text",
            "prob": 3,
            "value": {
              "text": [
                "末 页"
              ],
              "visText": [
                "末 页"
              ]
            }
          },
          {
            "id": "text",
            "prob": 3,
            "value": {
              "text": [
                "末 页"
              ],
              "visText": [
                "末 页"
              ]
            }
          },
          {
            "id": "@title",
            "prob": 2,
            "value": {
              "text": [
                "末页"
              ]
            }
          },
          {
            "id": "@id/word",
            "prob": 3,
            "value": [
              "descendant::DIV[@id=\"pager\"]//A[@id=\"last\"]",
              "descendant::A[@id=\"last\"]"
            ]
          },
          {
            "id": "@class/word",
            "prob": 1,
            "value": "DIV.pageright DIV.paging A.last.pointer"
          },
          {
            "id": "path/ordinal",
            "prob": 1,
            "value": "/HTML[1]/BODY[1]/DIV[3]/DIV[1]/DIV[1]/DIV[2]/DIV[1]/A[4]"
          },
          {
            "id": "elderLevel",
            "value": {
              "level": 0
            }
          },
          {
            "id": "shield",
            "value": {
              "zIndex": "auto",
              "width": 46,
              "height": 19
            }
          }
        ]
      },
      "intendedRole": "button",
      "roles": "element,button,link",
      "monitored": false
    },
    "control625": {
      "location": {
        "data": {
          "tagName": "DIV"
        },
        "locators": [
          {
            "id": "button/text",
            "prob": 3,
            "value": {
              "text": [
                "未申请项目 已申请项目"
              ],
              "visText": [
                "未申请项目 已申请项目"
              ]
            }
          },
          {
            "id": "text",
            "prob": 3,
            "value": {
              "text": [
                "未申请项目 已申请项目"
              ],
              "visText": [
                "未申请项目已申请项目"
              ]
            }
          },
          {
            "id": "@id/word",
            "prob": 3,
            "value": [
              "descendant::FORM[@id=\"zcxmForm\"]//DIV[@id=\"comp_title\"]",
              "descendant::DIV[@id=\"comp_title\"]"
            ]
          },
          {
            "id": "@class/word",
            "prob": 1,
            "value": "DIV.toolbox DIV.comp_title"
          },
          {
            "id": "path/ordinal",
            "prob": 1,
            "value": "/HTML[1]/BODY[1]/FORM[1]/DIV[1]/DIV[2]"
          },
          {
            "id": "shield",
            "value": {
              "zIndex": "auto",
              "width": 1142,
              "height": 26
            }
          }
        ]
      },
      "events": {
        "onGetData": "getData_control625"
      },
      "intendedRole": "custom",
      "roles": "element,custom",
      "monitored": true
    },
    "control626": {
      "location": {
        "data": {
          "tagName": "P"
        },
        "locators": [
          {
            "id": "text",
            "prob": 3,
            "value": {
              "text": [
                "第/1页，每页显示102050100200条 / 共6条记录"
              ],
              "visText": [
                "第/1页，每页显示条 / 共6条记录"
              ]
            }
          },
          {
            "id": "@id/word",
            "prob": 2,
            "value": [
              "descendant::DIV[@id=\"pager\"]/DIV[1]/P[1]",
              "descendant::DIV[@id=\"pager\"]//P"
            ]
          },
          {
            "id": "@class/word",
            "prob": 1,
            "value": "DIV.pagination DIV.pageleft P.pagenum"
          },
          {
            "id": "path/ordinal",
            "prob": 1,
            "value": "/HTML[1]/BODY[1]/DIV[3]/DIV[1]/DIV[1]/DIV[1]/P[1]"
          },
          {
            "id": "shield",
            "value": {
              "zIndex": "auto",
              "width": 265,
              "height": 14
            }
          }
        ]
      },
      "events": {
        "onGetData": "getData_control626"
      },
      "intendedRole": "custom",
      "roles": "element,custom",
      "monitored": true
    },
    "control627": {
      "location": {
        "data": {
          "tagName": "A"
        },
        "locators": [
          {
            "id": "button/text",
            "prob": 3,
            "value": {
              "text": [
                "评奖评优-我的评奖-学生评奖申请"
              ],
              "visText": [
                "评奖评优-我的评奖-学生评奖申请"
              ]
            }
          },
          {
            "id": "text",
            "prob": 3,
            "value": {
              "text": [
                "评奖评优-我的评奖-学生评奖申请"
              ],
              "visText": [
                "评奖评优-我的评奖-学生评奖申请"
              ]
            }
          },
          {
            "id": "@class/word",
            "prob": 1,
            "value": "DIV.tab_cur P.location A"
          },
          {
            "id": "path/ordinal",
            "prob": 1,
            "value": "/HTML[1]/BODY[1]/DIV[2]/P[1]/A[1]"
          },
          {
            "id": "elderLevel",
            "value": {
              "level": 0
            }
          },
          {
            "id": "shield",
            "value": {
              "zIndex": "auto",
              "width": 176,
              "height": 14
            }
          }
        ]
      },
      "events": {
        "onGetData": "getData_control627"
      },
      "intendedRole": "custom",
      "roles": "element,link,custom",
      "monitored": false
    },
    "control628": {
      "location": {
        "data": {
          "tagName": "DIV"
        },
        "locators": [
          {
            "id": "button/text",
            "prob": 3,
            "ordinal": [
              1,
              2
            ],
            "value": {
              "text": [
                "系统提示01r请选择一条记录！"
              ],
              "visText": [
                "系统提示请选择一条记录！"
              ]
            }
          },
          {
            "id": "text",
            "prob": 3,
            "value": {
              "text": [
                "系统提示01r请选择一条记录！"
              ],
              "visText": [
                "系统提示 请选择一条记录！"
              ]
            }
          },
          {
            "id": "@id/partialWord",
            "prob": 3,
            "value": {
              "elemId": "ym-window",
              "tagName": "DIV",
              "prefix": "",
              "suffix": "",
              "ratio": 0
            }
          },
          {
            "id": "path/ordinal",
            "prob": 1,
            "value": "/HTML[1]/BODY[1]/DIV[5]/DIV[2]"
          },
          {
            "id": "shield",
            "value": {
              "zIndex": "10001",
              "width": 342,
              "height": 151
            }
          }
        ]
      },
      "intendedRole": "dialog",
      "roles": "element,dialog",
      "monitored": false
    },
    "control629": {
      "location": {
        "data": {
          "tagName": "DIV"
        },
        "locators": [
          {
            "id": "button/text",
            "prob": 3,
            "ordinal": [
              1,
              2
            ],
            "value": {
              "text": [
                "系统提示01r请选择一条记录！"
              ],
              "visText": [
                "系统提示请选择一条记录！"
              ]
            }
          },
          {
            "id": "text",
            "prob": 3,
            "value": {
              "text": [
                "系统提示01r请选择一条记录！"
              ],
              "visText": [
                "系统提示 请选择一条记录！"
              ]
            }
          },
          {
            "id": "@id/partialWord",
            "prob": 3,
            "value": {
              "elemId": "ym-window",
              "tagName": "DIV",
              "prefix": "",
              "suffix": "",
              "ratio": 0
            }
          },
          {
            "id": "path/ordinal",
            "prob": 1,
            "value": "/HTML[1]/BODY[1]/DIV[5]/DIV[2]"
          },
          {
            "id": "shield",
            "value": {
              "zIndex": "10001",
              "width": 342,
              "height": 151
            }
          }
        ]
      },
      "events": {
        "onGetData": "getData_control629"
      },
      "intendedRole": "custom",
      "roles": "element,custom",
      "monitored": true
    },
    "control620": {
      "location": {
        "data": {
          "tagName": "A"
        },
        "locators": [
          {
            "id": "button/text",
            "prob": 3,
            "value": {
              "text": [
                "申请"
              ],
              "visText": [
                "申请"
              ]
            }
          },
          {
            "id": "text",
            "prob": 3,
            "value": {
              "text": [
                "申请"
              ],
              "visText": [
                "申请"
              ]
            }
          },
          {
            "id": "@title",
            "prob": 2,
            "value": {
              "text": [
                "点击该按钮，打开申请表填写页面。"
              ]
            }
          },
          {
            "id": "@id/word",
            "prob": 2,
            "value": [
              "descendant::FORM[@id=\"zcxmForm\"]//LI[@id=\"li_sq\"]/A[1]",
              "descendant::FORM[@id=\"zcxmForm\"]//LI[@id=\"li_sq\"]//A",
              "descendant::LI[@id=\"li_sq\"]//A"
            ]
          },
          {
            "id": "@class/word",
            "prob": 1,
            "value": "DIV.toolbox DIV.buttonbox A.btn_zj"
          },
          {
            "id": "path/ordinal",
            "prob": 1,
            "value": "/HTML[1]/BODY[1]/FORM[1]/DIV[1]/DIV[1]/UL[1]/LI[4]/A[1]"
          },
          {
            "id": "elderLevel",
            "value": {
              "level": 0
            }
          },
          {
            "id": "shield",
            "value": {
              "zIndex": "auto",
              "width": 52,
              "height": 18
            }
          }
        ]
      },
      "intendedRole": "button",
      "roles": "element,button,link",
      "monitored": false
    },
    "control634": {
      "location": {
        "data": {
          "tagName": "A"
        },
        "locators": [
          {
            "id": "button/text",
            "prob": 3,
            "value": {
              "text": [
                "修改"
              ],
              "visText": [
                "修改"
              ]
            }
          },
          {
            "id": "text",
            "prob": 3,
            "value": {
              "text": [
                "修改"
              ],
              "visText": [
                "修改"
              ]
            }
          },
          {
            "id": "@title",
            "prob": 2,
            "value": {
              "text": [
                "只能修改未审核或退回的记录，已被在审核的不能删除。"
              ]
            }
          },
          {
            "id": "@id/word",
            "prob": 2,
            "value": [
              "descendant::FORM[@id=\"zcxmForm\"]//LI[@id=\"li_xg\"]/A[1]",
              "descendant::FORM[@id=\"zcxmForm\"]//LI[@id=\"li_xg\"]//A",
              "descendant::LI[@id=\"li_xg\"]//A"
            ]
          },
          {
            "id": "@class/word",
            "prob": 1,
            "ordinal": [
              1,
              2
            ],
            "value": "DIV.toolbox DIV.buttonbox A.btn_xg"
          },
          {
            "id": "path/ordinal",
            "prob": 1,
            "value": "/HTML[1]/BODY[1]/FORM[1]/DIV[1]/DIV[1]/UL[1]/LI[5]/A[1]"
          },
          {
            "id": "elderLevel",
            "value": {
              "level": 0
            }
          },
          {
            "id": "shield",
            "value": {
              "zIndex": "auto",
              "width": 52,
              "height": 18
            }
          }
        ]
      },
      "intendedRole": "button",
      "roles": "element,button,link",
      "monitored": false
    },
    "control635": {
      "location": {
        "data": {
          "tagName": "A"
        },
        "locators": [
          {
            "id": "button/text",
            "prob": 3,
            "value": {
              "text": [
                "删除"
              ],
              "visText": [
                "删除"
              ]
            }
          },
          {
            "id": "text",
            "prob": 3,
            "value": {
              "text": [
                "删除"
              ],
              "visText": [
                "删除"
              ]
            }
          },
          {
            "id": "@title",
            "prob": 2,
            "ordinal": [
              1,
              3
            ],
            "value": {
              "text": [
                "只能取消未审核或退回的记录，已被在审核的不能取消。"
              ]
            }
          },
          {
            "id": "@id/word",
            "prob": 2,
            "value": [
              "descendant::FORM[@id=\"zcxmForm\"]//LI[@id=\"li_sc\"]/A[1]",
              "descendant::FORM[@id=\"zcxmForm\"]//LI[@id=\"li_sc\"]//A",
              "descendant::LI[@id=\"li_sc\"]//A"
            ]
          },
          {
            "id": "@class/word",
            "prob": 1,
            "value": "DIV.toolbox DIV.buttonbox A.btn_sc"
          },
          {
            "id": "path/ordinal",
            "prob": 1,
            "value": "/HTML[1]/BODY[1]/FORM[1]/DIV[1]/DIV[1]/UL[1]/LI[6]/A[1]"
          },
          {
            "id": "elderLevel",
            "value": {
              "level": 0
            }
          },
          {
            "id": "shield",
            "value": {
              "zIndex": "auto",
              "width": 52,
              "height": 18
            }
          }
        ]
      },
      "intendedRole": "button",
      "roles": "element,button,link",
      "monitored": false
    },
    "control636": {
      "location": {
        "data": {
          "tagName": "A"
        },
        "locators": [
          {
            "id": "button/text",
            "prob": 3,
            "value": {
              "text": [
                "提交"
              ],
              "visText": [
                "提交"
              ]
            }
          },
          {
            "id": "text",
            "prob": 3,
            "value": {
              "text": [
                "提交"
              ],
              "visText": [
                "提交"
              ]
            }
          },
          {
            "id": "@title",
            "prob": 2,
            "ordinal": [
              2,
              3
            ],
            "value": {
              "text": [
                "只能取消未审核或退回的记录，已被在审核的不能取消。"
              ]
            }
          },
          {
            "id": "@id/word",
            "prob": 2,
            "value": [
              "descendant::FORM[@id=\"zcxmForm\"]//LI[@id=\"li_tj\"]/A[1]",
              "descendant::FORM[@id=\"zcxmForm\"]//LI[@id=\"li_tj\"]//A",
              "descendant::LI[@id=\"li_tj\"]//A"
            ]
          },
          {
            "id": "@class/word",
            "prob": 1,
            "value": "DIV.toolbox DIV.buttonbox A.btn_shuc"
          },
          {
            "id": "path/ordinal",
            "prob": 1,
            "value": "/HTML[1]/BODY[1]/FORM[1]/DIV[1]/DIV[1]/UL[1]/LI[7]/A[1]"
          },
          {
            "id": "elderLevel",
            "value": {
              "level": 0
            }
          },
          {
            "id": "shield",
            "value": {
              "zIndex": "auto",
              "width": 52,
              "height": 18
            }
          }
        ]
      },
      "intendedRole": "button",
      "roles": "element,button,link",
      "monitored": false
    },
    "control637": {
      "location": {
        "data": {
          "tagName": "A"
        },
        "locators": [
          {
            "id": "button/text",
            "prob": 3,
            "value": {
              "text": [
                "撤销"
              ],
              "visText": [
                "撤销"
              ]
            }
          },
          {
            "id": "text",
            "prob": 3,
            "value": {
              "text": [
                "撤销"
              ],
              "visText": [
                "撤销"
              ]
            }
          },
          {
            "id": "@title",
            "prob": 2,
            "ordinal": [
              0,
              3
            ],
            "value": {
              "text": [
                "只能取消未审核或退回的记录，已被在审核的不能取消。"
              ]
            }
          },
          {
            "id": "@id/word",
            "prob": 2,
            "value": [
              "descendant::FORM[@id=\"zcxmForm\"]//LI[@id=\"li_cx\"]/A[1]",
              "descendant::FORM[@id=\"zcxmForm\"]//LI[@id=\"li_cx\"]//A",
              "descendant::LI[@id=\"li_cx\"]//A"
            ]
          },
          {
            "id": "@class/word",
            "prob": 1,
            "ordinal": [
              0,
              2
            ],
            "value": "DIV.toolbox DIV.buttonbox A.btn_xg"
          },
          {
            "id": "path/ordinal",
            "prob": 1,
            "value": "/HTML[1]/BODY[1]/FORM[1]/DIV[1]/DIV[1]/UL[1]/LI[1]/A[1]"
          },
          {
            "id": "elderLevel",
            "value": {
              "level": 0
            }
          },
          {
            "id": "shield",
            "value": {
              "zIndex": "auto",
              "width": 52,
              "height": 18
            }
          }
        ]
      },
      "intendedRole": "button",
      "roles": "element,button,link",
      "monitored": false
    },
    "control638": {
      "location": {
        "data": {
          "tagName": "A"
        },
        "locators": [
          {
            "id": "button/text",
            "prob": 3,
            "value": {
              "text": [
                "流程跟踪"
              ],
              "visText": [
                "流程跟踪"
              ]
            }
          },
          {
            "id": "text",
            "prob": 3,
            "value": {
              "text": [
                "流程跟踪"
              ],
              "visText": [
                "流程跟踪"
              ]
            }
          },
          {
            "id": "@title",
            "prob": 2,
            "value": {
              "text": [
                "选中一条记录，点击该按钮可以查看审核流程。"
              ]
            }
          },
          {
            "id": "@id/word",
            "prob": 2,
            "value": [
              "descendant::FORM[@id=\"zcxmForm\"]//LI[@id=\"li_lc\"]/A[1]",
              "descendant::FORM[@id=\"zcxmForm\"]//LI[@id=\"li_lc\"]//A",
              "descendant::LI[@id=\"li_lc\"]//A"
            ]
          },
          {
            "id": "@class/word",
            "prob": 1,
            "value": "DIV.toolbox DIV.buttonbox A.btn_cs"
          },
          {
            "id": "path/ordinal",
            "prob": 1,
            "value": "/HTML[1]/BODY[1]/FORM[1]/DIV[1]/DIV[1]/UL[1]/LI[2]/A[1]"
          },
          {
            "id": "elderLevel",
            "value": {
              "level": 0
            }
          },
          {
            "id": "shield",
            "value": {
              "zIndex": "auto",
              "width": 76,
              "height": 18
            }
          }
        ]
      },
      "intendedRole": "button",
      "roles": "element,button,link",
      "monitored": false
    },
    "control639": {
      "location": {
        "data": {
          "tagName": "TBODY"
        },
        "locators": [
          {
            "id": "text",
            "prob": 3,
            "value": {
              "text": [
                "4D0819F361C99CDBE055000000000001ceshi奖状true无限制条件2017-04-13 15:122018-04-06 15:12开放申请未申请"
              ],
              "visText": [
                "ceshi 奖状 无限制条件 开放申请 未申请"
              ]
            }
          },
          {
            "id": "@id/word",
            "prob": 2,
            "value": [
              "descendant::TABLE[@id=\"dataTable\"]/TBODY[1]",
              "descendant::TABLE[@id=\"dataTable\"]//TBODY"
            ]
          },
          {
            "id": "@class/word",
            "prob": 1,
            "value": "DIV.formbox DIV.con_overlfow TABLE.dateline TBODY"
          },
          {
            "id": "path/ordinal",
            "prob": 1,
            "value": "/HTML[1]/BODY[1]/DIV[3]/DIV[1]/TABLE[1]/TBODY[1]"
          },
          {
            "id": "shield",
            "value": {
              "zIndex": "auto",
              "width": 1461,
              "height": 29
            }
          }
        ]
      },
      "events": {
        "onGetData": "getData_control639"
      },
      "intendedRole": "custom",
      "roles": "element,link,custom",
      "monitored": true
    },
    "control640": {
      "location": {
        "data": {
          "tagName": "TABLE"
        },
        "locators": [
          {
            "id": "@id/word",
            "prob": 2,
            "value": [
              "descendant::FORM[@id=\"sqshForm\"]/DIV[1]/TABLE[1]",
              "descendant::FORM[@id=\"sqshForm\"]//TABLE"
            ]
          },
          {
            "id": "@class/word",
            "prob": 1,
            "ordinal": [
              0,
              4
            ],
            "value": "FORM.MultiFile-intercepted TABLE.formlist"
          },
          {
            "id": "path/ordinal",
            "prob": 1,
            "value": "/HTML[1]/BODY[1]/FORM[1]/DIV[1]/TABLE[1]"
          },
          {
            "id": "shield",
            "value": {
              "zIndex": "auto",
              "width": 566,
              "height": 391
            }
          }
        ]
      },
      "intendedRole": "modal",
      "roles": "element,modal",
      "monitored": false,
      "frameXPath": "//iframe[@name='parentDialog']<<IFRAME>>"
    },
    "control643": {
      "location": {
        "data": {
          "tagName": "DIV"
        },
        "locators": [
          {
            "id": "button/text",
            "prob": 3,
            "ordinal": [
              1,
              2
            ],
            "value": {
              "text": [
                "系统提示01r该项目未填写申请，不能修改，请先填写！"
              ],
              "visText": [
                "系统提示该项目未填写申请，不能修改，请先填写！"
              ]
            }
          },
          {
            "id": "text",
            "prob": 3,
            "value": {
              "text": [
                "系统提示01r该项目未填写申请，不能修改，请先填写！"
              ],
              "visText": [
                "系统提示 该项目未填写申请，不能修改，请先填写！"
              ]
            }
          },
          {
            "id": "@id/partialWord",
            "prob": 3,
            "value": {
              "elemId": "ym-window",
              "tagName": "DIV",
              "prefix": "",
              "suffix": "",
              "ratio": 0
            }
          },
          {
            "id": "path/ordinal",
            "prob": 1,
            "value": "/HTML[1]/BODY[1]/DIV[6]/DIV[2]"
          },
          {
            "id": "shield",
            "value": {
              "zIndex": "10001",
              "width": 342,
              "height": 151
            }
          }
        ]
      },
      "intendedRole": "dialog",
      "roles": "element,dialog",
      "monitored": false
    },
    "control644": {
      "location": {
        "data": {
          "tagName": "DIV"
        },
        "locators": [
          {
            "id": "button/text",
            "prob": 3,
            "ordinal": [
              1,
              2
            ],
            "value": {
              "text": [
                "系统提示01r该项目未填写申请，不能修改，请先填写！"
              ],
              "visText": [
                "系统提示该项目未填写申请，不能修改，请先填写！"
              ]
            }
          },
          {
            "id": "text",
            "prob": 3,
            "value": {
              "text": [
                "系统提示01r该项目未填写申请，不能修改，请先填写！"
              ],
              "visText": [
                "系统提示 该项目未填写申请，不能修改，请先填写！"
              ]
            }
          },
          {
            "id": "@id/partialWord",
            "prob": 3,
            "value": {
              "elemId": "ym-window",
              "tagName": "DIV",
              "prefix": "",
              "suffix": "",
              "ratio": 0
            }
          },
          {
            "id": "path/ordinal",
            "prob": 1,
            "value": "/HTML[1]/BODY[1]/DIV[6]/DIV[2]"
          },
          {
            "id": "shield",
            "value": {
              "zIndex": "10001",
              "width": 342,
              "height": 151
            }
          }
        ]
      },
      "events": {
        "onGetData": "getData_control644"
      },
      "intendedRole": "custom",
      "roles": "element,custom",
      "monitored": true
    },
    "control734": {
      "location": {
        "data": {
          "tagName": "DIV"
        },
        "locators": [
          {
            "id": "button/text",
            "prob": 3,
            "value": {
              "text": [
                "班主任审核1 辅导员审核2 院系审核3 学生处审核4 审核中"
              ],
              "visText": [
                "班主任审核1 辅导员审核2 院系审核3 学生处审核4 审核中"
              ]
            }
          },
          {
            "id": "text",
            "prob": 3,
            "value": {
              "text": [
                "班主任审核1 辅导员审核2 院系审核3 学生处审核4 审核中"
              ],
              "visText": [
                "班主任审核 1 辅导员审核 2 院系审核 3 学生处审核 4 审核中"
              ]
            }
          },
          {
            "id": "@class/word",
            "prob": 1,
            "ordinal": [
              0,
              2
            ],
            "value": "DIV.splc1 DIV.step"
          },
          {
            "id": "path/ordinal",
            "prob": 1,
            "value": "/HTML[1]/BODY[1]/DIV[2]/DIV[1]"
          },
          {
            "id": "shield",
            "value": {
              "zIndex": "auto",
              "width": 530,
              "height": 61
            }
          }
        ]
      },
      "intendedRole": "modal",
      "roles": "element,modal",
      "monitored": false,
      "frameXPath": "//iframe[@name='parentDialog']<<IFRAME>>"
    }
  },
  "contexts": {
    "context0": {
      "controls": [
        "control621",
        "control622",
        "control623",
        "control624",
        "control625",
        "control626",
        "control627",
        "control628",
        "control629",
        "control620",
        "control634",
        "control635",
        "control636",
        "control637",
        "control638",
        "control639",
        "control640",
        "control643",
        "control644",
        "control734"
      ],
      "anchors": []
    }
  },
  "flows": {
    "flow209": {
      "toContexts": [
        {
          "toContextId": "context0"
        }
      ]
    },
    "flow228": {
      "fromContextId": "context0",
      "fromAction": "doAction",
      "fromControlId": "control625",
      "toContexts": [
        {
          "toContextId": "context0"
        }
      ]
    },
    "flow230": {
      "fromContextId": "context0",
      "fromAction": "click",
      "fromControlId": "control628",
      "toContexts": [
        {
          "toContextId": "context0"
        }
      ]
    },
    "flow237": {
      "fromContextId": "context0",
      "fromAction": "doAction",
      "fromControlId": "control639",
      "toContexts": [
        {
          "toContextId": "context0"
        }
      ]
    },
    "flow238": {
      "fromContextId": "context0",
      "fromAction": "click",
      "fromControlId": "control620",
      "toContexts": [
        {
          "toContextId": "context0"
        },
        {
          "toContextId": "context25",
          "toModelId": "q_pjpy_xspjsq_add"
        }
      ]
    },
    "flow245": {
      "fromContextId": "context0",
      "fromAction": "click",
      "fromControlId": "control634",
      "toContexts": [
        {
          "toContextId": "context0"
        },
        {
          "toContextId": "context26",
          "toModelId": "q_pjpy_xspjsq_update"
        }
      ]
    },
    "flow246": {
      "fromContextId": "context0",
      "fromAction": "doAction",
      "fromControlId": "control629",
      "toContexts": [
        {
          "toContextId": "context0"
        }
      ]
    },
    "flow251": {
      "fromContextId": "context0",
      "fromAction": "click",
      "fromControlId": "control635",
      "toContexts": [
        {
          "toContextId": "context0"
        }
      ]
    },
    "flow252": {
      "fromContextId": "context0",
      "fromAction": "click",
      "fromControlId": "control636",
      "toContexts": [
        {
          "toContextId": "context0"
        }
      ]
    },
    "flow253": {
      "fromContextId": "context0",
      "fromAction": "click",
      "fromControlId": "control643",
      "toContexts": [
        {
          "toContextId": "context0"
        }
      ]
    },
    "flow262": {
      "fromContextId": "context0",
      "fromAction": "click",
      "fromControlId": "control638",
      "toContexts": [
        {
          "toContextId": "context0"
        },
        {
          "toContextId": "context27",
          "toModelId": "q_pjpy_xspjsq_follow"
        }
      ]
    }
  },
  "pages": {
    "page0": {
      "contextId": "context0",
      "layout": [
        {
          "id": "uiControl615",
          "display": {
            "class": "navbar navbar-primary xg_header",
            "title": "学生评奖申请",
            "type": "header",
            "adapterId": "header",
            "adapter": {
              "templateType": ""
            }
          },
          "layout": [
            {
              "id": "uiControl615headerLeft",
              "display": {
                "type": "headerLeft",
                "adapterId": "headerLeft",
                "adapter": {
                  "templateType": ""
                }
              },
              "layout": [
                {
                  "id": "uiControl676",
                  "controlId": "control627",
                  "display": {
                    "adapterId": "custom",
                    "type": "custom",
                    "adapter": {
                      "templateType": "react",
                      "events": {
                        "onDoAction": "doAction_uiControl676",
                        "onGetTemplate": "getTemplate_uiControl676"
                      }
                    }
                  }
                }
              ]
            }
          ]
        },
        {
          "id": "uiControl667",
          "controlId": "control628",
          "display": {
            "adapterId": "dialog",
            "type": "dialog",
            "class": "xg_alert",
            "adapter": {
              "templateType": ""
            }
          },
          "layout": [
            {
              "id": "uiControl667body",
              "display": {
                "type": "dialogBody",
                "adapterId": "dialogBody",
                "adapter": {
                  "templateType": ""
                }
              },
              "layout": [
                {
                  "id": "uiControl677",
                  "controlId": "control629",
                  "display": {
                    "adapterId": "custom",
                    "type": "custom",
                    "adapter": {
                      "templateType": "react",
                      "events": {
                        "onDoAction": "doAction_uiControl677",
                        "onGetTemplate": "getTemplate_uiControl677"
                      }
                    }
                  }
                }
              ]
            },
            {
              "id": "uiControl667footer",
              "display": {
                "type": "dialogFooter",
                "adapterId": "dialogFooter",
                "adapter": {
                  "templateType": ""
                }
              },
              "layout": []
            }
          ]
        },
        {
          "id": "uiControl783",
          "controlId": "control643",
          "display": {
            "adapterId": "dialog",
            "type": "dialog",
            "class": "xg_alert",
            "adapter": {
              "templateType": ""
            }
          },
          "layout": [
            {
              "id": "uiControl783body",
              "display": {
                "type": "dialogBody",
                "adapterId": "dialogBody",
                "adapter": {
                  "templateType": ""
                }
              },
              "layout": [
                {
                  "id": "uiControl784",
                  "controlId": "control644",
                  "display": {
                    "adapterId": "custom",
                    "type": "custom",
                    "adapter": {
                      "templateType": "react",
                      "events": {
                        "onDoAction": "doAction_uiControl784",
                        "onGetTemplate": "getTemplate_uiControl784"
                      }
                    }
                  }
                }
              ]
            },
            {
              "id": "uiControl783footer",
              "display": {
                "type": "dialogFooter",
                "adapterId": "dialogFooter",
                "adapter": {
                  "templateType": ""
                }
              },
              "layout": []
            }
          ]
        },
        {
          "id": "uiControl779",
          "controlId": "control640",
          "display": {
            "adapterId": "modal",
            "type": "modal",
            "adapter": {
              "templateType": ""
            }
          },
          "layout": []
        },
        {
          "id": "uiControl775",
          "display": {
            "type": "card",
            "adapterId": "card",
            "class": "xg_top_btn3",
            "adapter": {
              "templateType": ""
            }
          },
          "layout": [
            {
              "id": "uiControl775body",
              "display": {
                "type": "cardBody",
                "adapterId": "cardBody",
                "adapter": {
                  "templateType": ""
                }
              },
              "layout": [
                {
                  "id": "uiControl776",
                  "controlId": "control637",
                  "display": {
                    "adapterId": "clickable",
                    "type": "button",
                    "adapter": {
                      "templateType": ""
                    }
                  }
                },
                {
                  "id": "uiControl777",
                  "controlId": "control638",
                  "display": {
                    "adapterId": "clickable",
                    "type": "button",
                    "adapter": {
                      "templateType": ""
                    }
                  }
                }
              ]
            }
          ]
        },
        {
          "id": "uiControl616",
          "display": {
            "type": "card",
            "adapterId": "card",
            "class": "xg_top_btn4",
            "adapter": {
              "templateType": ""
            }
          },
          "layout": [
            {
              "id": "uiControl616body",
              "display": {
                "type": "cardBody",
                "adapterId": "cardBody",
                "adapter": {
                  "templateType": ""
                }
              },
              "layout": [
                {
                  "id": "uiControl662",
                  "controlId": "control620",
                  "display": {
                    "adapterId": "clickable",
                    "type": "button",
                    "adapter": {
                      "templateType": ""
                    }
                  }
                },
                {
                  "id": "uiControl682",
                  "controlId": "control634",
                  "display": {
                    "adapterId": "clickable",
                    "type": "button",
                    "adapter": {
                      "templateType": ""
                    }
                  }
                },
                {
                  "id": "uiControl773",
                  "controlId": "control635",
                  "display": {
                    "adapterId": "clickable",
                    "type": "button",
                    "adapter": {
                      "templateType": ""
                    }
                  }
                },
                {
                  "id": "uiControl774",
                  "controlId": "control636",
                  "display": {
                    "adapterId": "clickable",
                    "type": "button",
                    "adapter": {
                      "templateType": ""
                    }
                  }
                }
              ]
            }
          ]
        },
        {
          "id": "uiControl826",
          "controlId": "control734",
          "display": {
            "adapterId": "modal",
            "type": "modal",
            "adapter": {
              "templateType": ""
            }
          },
          "layout": []
        },
        {
          "id": "uiControl665",
          "display": {
            "type": "card",
            "adapterId": "card",
            "class": "xg_body",
            "adapter": {
              "templateType": ""
            }
          },
          "layout": [
            {
              "id": "uiControl665body",
              "display": {
                "type": "cardBody",
                "adapterId": "cardBody",
                "adapter": {
                  "templateType": ""
                }
              },
              "layout": [
                {
                  "id": "uiControl663",
                  "display": {
                    "type": "card",
                    "adapterId": "card",
                    "class": "xg_nav two",
                    "adapter": {
                      "templateType": ""
                    }
                  },
                  "layout": [
                    {
                      "id": "uiControl663body",
                      "display": {
                        "type": "cardBody",
                        "adapterId": "cardBody",
                        "adapter": {
                          "templateType": ""
                        }
                      },
                      "layout": [
                        {
                          "id": "uiControl674",
                          "controlId": "control625",
                          "display": {
                            "adapterId": "custom",
                            "type": "custom",
                            "adapter": {
                              "templateType": "react",
                              "events": {
                                "onDoAction": "doAction_uiControl674",
                                "onGetTemplate": "getTemplate_uiControl674"
                              }
                            }
                          }
                        }
                      ]
                    }
                  ]
                },
                {
                  "id": "uiControl778",
                  "controlId": "control639",
                  "display": {
                    "adapterId": "custom",
                    "type": "custom",
                    "adapter": {
                      "templateType": "react",
                      "events": {
                        "onDoAction": "doAction_uiControl778",
                        "onGetTemplate": "getTemplate_uiControl778"
                      }
                    }
                  }
                },
                {
                  "id": "uiControl666",
                  "display": {
                    "type": "card",
                    "adapterId": "card",
                    "adapter": {
                      "templateType": ""
                    }
                  },
                  "layout": [
                    {
                      "id": "uiControl666body",
                      "display": {
                        "type": "cardBody",
                        "adapterId": "cardBody",
                        "adapter": {
                          "templateType": ""
                        }
                      },
                      "layout": [
                        {
                          "id": "uiControl675",
                          "controlId": "control626",
                          "display": {
                            "adapterId": "custom",
                            "type": "custom",
                            "adapter": {
                              "templateType": "react",
                              "events": {
                                "onDoAction": "doAction_uiControl675",
                                "onGetTemplate": "getTemplate_uiControl675"
                              }
                            }
                          }
                        }
                      ]
                    }
                  ]
                },
                {
                  "id": "uiControl668",
                  "display": {
                    "type": "card",
                    "adapterId": "card",
                    "class": "xg_four_btn",
                    "adapter": {
                      "templateType": ""
                    }
                  },
                  "layout": [
                    {
                      "id": "uiControl668body",
                      "display": {
                        "type": "cardBody",
                        "adapterId": "cardBody",
                        "adapter": {
                          "templateType": ""
                        }
                      },
                      "layout": [
                        {
                          "id": "uiControl669",
                          "controlId": "control621",
                          "display": {
                            "adapterId": "clickable",
                            "type": "button",
                            "adapter": {
                              "templateType": ""
                            }
                          }
                        },
                        {
                          "id": "uiControl670",
                          "controlId": "control622",
                          "display": {
                            "adapterId": "clickable",
                            "type": "button",
                            "adapter": {
                              "templateType": ""
                            }
                          }
                        },
                        {
                          "id": "uiControl672",
                          "controlId": "control623",
                          "display": {
                            "adapterId": "clickable",
                            "type": "button",
                            "adapter": {
                              "templateType": ""
                            }
                          }
                        },
                        {
                          "id": "uiControl673",
                          "controlId": "control624",
                          "display": {
                            "adapterId": "clickable",
                            "type": "button",
                            "adapter": {
                              "templateType": ""
                            }
                          }
                        }
                      ]
                    }
                  ]
                }
              ]
            }
          ]
        }
      ]
    }
  },
  "matchers": {
    "page/title": {
      "contexts": {
        "context0": [
          "学生工作管理信息系统"
        ]
      }
    },
    "page/urls": {
      "contexts": {
        "context0": [
          "42.247.16.108/xgxt/pj_pjxmsq.do"
        ]
      }
    },
    "page/ids": {
      "contexts": {
        "context0": [
          [
            "SFBJPY_Y",
            "arrange",
            "back",
            "bjV",
            "btn_setXsxx",
            "comp_title",
            "currDate",
            "dataTable",
            "doType",
            "editPageSize",
            "fashion",
            "first",
            "gjcx_div",
            "gyglyQx",
            "input_xh",
            "isBzr",
            "isFdy",
            "lable_confirm_cx",
            "lable_confirm_sc",
            "lable_confirm_tj",
            "lable_dqwkfsq",
            "lable_jcszwcsh",
            "lable_one_cx",
            "lable_one_lcgz",
            "lable_one_tj",
            "lable_one_xg",
            "lable_shz_cx",
            "lable_some_sc",
            "lable_some_tj",
            "lable_wjt_sc",
            "lable_wjt_yth_sc",
            "lable_wjt_yth_tj",
            "lable_wjt_yth_xg",
            "lable_wxglcxx",
            "last",
            "ldg_lockmask",
            "li_lc",
            "li_ts",
            "li_xz",
            "maskLevel",
            "message",
            "mklx",
            "next",
            "njV",
            "numList",
            "pageCount",
            "pageNum",
            "pager",
            "path",
            "pk",
            "pkValue",
            "plcx_xh",
            "plcx_xm",
            "realTable",
            "rowConut",
            "ryfw",
            "searchPath",
            "searchTjDiv",
            "searchType",
            "search_go",
            "tableName",
            "ts_msg",
            "userDep",
            "userName",
            "userStatus",
            "userType",
            "xhV",
            "xmV",
            "xxdm",
            "xyV",
            "xzxsKey",
            "yhlx",
            "ym-bl",
            "ym-btnl",
            "ym-ml",
            "ym-tl",
            "ym-window",
            "yxtj_div",
            "yxtj_dl",
            "yxzxss",
            "zcxmForm",
            "zyV"
          ],
          [
            "SFBJPY_Y",
            "arrange",
            "bjV",
            "btn_setXsxx",
            "comp_title",
            "currDate",
            "dataTable",
            "doType",
            "editPageSize",
            "fashion",
            "gjcx_div",
            "gyglyQx",
            "input_xh",
            "isBzr",
            "isFdy",
            "lable_confirm_cx",
            "lable_confirm_sc",
            "lable_confirm_tj",
            "lable_dqwkfsq",
            "lable_jcszwcsh",
            "lable_one_cx",
            "lable_one_lcgz",
            "lable_one_tj",
            "lable_one_xg",
            "lable_shz_cx",
            "lable_some_sc",
            "lable_some_tj",
            "lable_wjt_sc",
            "lable_wjt_yth_sc",
            "lable_wjt_yth_tj",
            "lable_wjt_yth_xg",
            "lable_wxglcxx",
            "li_lc",
            "li_ts",
            "li_xz",
            "message",
            "mklx",
            "njV",
            "pager",
            "path",
            "pk",
            "pkValue",
            "plcx_xh",
            "plcx_xm",
            "realTable",
            "ryfw",
            "searchPath",
            "searchTjDiv",
            "searchType",
            "search_go",
            "tableName",
            "ts_msg",
            "userDep",
            "userName",
            "userStatus",
            "userType",
            "xhV",
            "xmV",
            "xxdm",
            "xyV",
            "xzxsKey",
            "yhlx",
            "yxtj_div",
            "yxtj_dl",
            "yxzxss",
            "zcxmForm",
            "zyV"
          ],
          [
            "SFBJPY_Y",
            "arrange",
            "back",
            "bjV",
            "btn_setXsxx",
            "comp_title",
            "currDate",
            "dataTable",
            "doType",
            "editPageSize",
            "fashion",
            "first",
            "gjcx_div",
            "gyglyQx",
            "input_xh",
            "isBzr",
            "isFdy",
            "lable_confirm_cx",
            "lable_confirm_sc",
            "lable_confirm_tj",
            "lable_dqwkfsq",
            "lable_jcszwcsh",
            "lable_one_cx",
            "lable_one_lcgz",
            "lable_one_tj",
            "lable_one_xg",
            "lable_shz_cx",
            "lable_some_sc",
            "lable_some_tj",
            "lable_wjt_sc",
            "lable_wjt_yth_sc",
            "lable_wjt_yth_tj",
            "lable_wjt_yth_xg",
            "lable_wxglcxx",
            "last",
            "ldg_lockmask",
            "li_lc",
            "li_ts",
            "li_xz",
            "maskLevel",
            "message",
            "mklx",
            "next",
            "njV",
            "numList",
            "pageCount",
            "pageNum",
            "pager",
            "path",
            "pk",
            "pkValue",
            "plcx_xh",
            "plcx_xm",
            "realTable",
            "rowConut",
            "ryfw",
            "searchPath",
            "searchTjDiv",
            "searchType",
            "search_go",
            "tableName",
            "ts_msg",
            "userDep",
            "userName",
            "userStatus",
            "userType",
            "xhV",
            "xmV",
            "xxdm",
            "xyV",
            "xzxsKey",
            "yhlx",
            "ym-bl",
            "ym-btnl",
            "ym-ml",
            "ym-tl",
            "ym-window",
            "ymPrompt_btn_",
            "yxtj_div",
            "yxtj_dl",
            "yxzxss",
            "zcxmForm",
            "zyV"
          ],
          [
            "SFBJPY_Y",
            "arrange",
            "back",
            "bjV",
            "btn_setXsxx",
            "comp_title",
            "currDate",
            "dataTable",
            "doType",
            "editPageSize",
            "fashion",
            "first",
            "gjcx_div",
            "gyglyQx",
            "input_xh",
            "isBzr",
            "isFdy",
            "lable_confirm_cx",
            "lable_confirm_sc",
            "lable_confirm_tj",
            "lable_dqwkfsq",
            "lable_jcszwcsh",
            "lable_one_cx",
            "lable_one_lcgz",
            "lable_one_tj",
            "lable_one_xg",
            "lable_shz_cx",
            "lable_some_sc",
            "lable_some_tj",
            "lable_wjt_sc",
            "lable_wjt_yth_sc",
            "lable_wjt_yth_tj",
            "lable_wjt_yth_xg",
            "lable_wxglcxx",
            "last",
            "ldg_lockmask",
            "li_cx",
            "li_lc",
            "li_sc",
            "li_sq",
            "li_tj",
            "li_ts",
            "li_xg",
            "li_xz",
            "maskLevel",
            "message",
            "mklx",
            "next",
            "njV",
            "numList",
            "pageCount",
            "pageNum",
            "pager",
            "path",
            "pk",
            "pkValue",
            "plcx_xh",
            "plcx_xm",
            "realTable",
            "rowConut",
            "ryfw",
            "searchPath",
            "searchTjDiv",
            "searchType",
            "search_go",
            "tableName",
            "ts_msg",
            "userDep",
            "userName",
            "userStatus",
            "userType",
            "xhV",
            "xmV",
            "xxdm",
            "xyV",
            "xzxsKey",
            "yhlx",
            "ym-bl",
            "ym-btnl",
            "ym-ml",
            "ym-tl",
            "ym-window",
            "yxtj_div",
            "yxtj_dl",
            "yxzxss",
            "zcxmForm",
            "zyV"
          ],
          [
            "SFBJPY_Y",
            "arrange",
            "back",
            "bjV",
            "btn_setXsxx",
            "comp_title",
            "currDate",
            "dataTable",
            "doType",
            "editPageSize",
            "fashion",
            "first",
            "gjcx_div",
            "gyglyQx",
            "input_xh",
            "isBzr",
            "isFdy",
            "lable_confirm_cx",
            "lable_confirm_sc",
            "lable_confirm_tj",
            "lable_dqwkfsq",
            "lable_jcszwcsh",
            "lable_one_cx",
            "lable_one_lcgz",
            "lable_one_tj",
            "lable_one_xg",
            "lable_shz_cx",
            "lable_some_sc",
            "lable_some_tj",
            "lable_wjt_sc",
            "lable_wjt_yth_sc",
            "lable_wjt_yth_tj",
            "lable_wjt_yth_xg",
            "lable_wxglcxx",
            "last",
            "ldg_lockmask",
            "li_cx",
            "li_lc",
            "li_sc",
            "li_sq",
            "li_tj",
            "li_ts",
            "li_xg",
            "li_xz",
            "maskLevel",
            "message",
            "mklx",
            "next",
            "njV",
            "numList",
            "pageCount",
            "pageNum",
            "pager",
            "path",
            "pk",
            "pkValue",
            "plcx_xh",
            "plcx_xm",
            "realTable",
            "rowConut",
            "ryfw",
            "searchPath",
            "searchTjDiv",
            "searchType",
            "search_go",
            "tableName",
            "ts_msg",
            "userDep",
            "userName",
            "userStatus",
            "userType",
            "xhV",
            "xmV",
            "xxdm",
            "xyV",
            "xzxsKey",
            "yhlx",
            "ym-bl",
            "ym-btnl",
            "ym-ml",
            "ym-tl",
            "ym-window",
            "ymPrompt_btn_",
            "yxtj_div",
            "yxtj_dl",
            "yxzxss",
            "zcxmForm",
            "zyV"
          ]
        ]
      }
    },
    "page/classes": {
      "contexts": {
        "context0": [
          [
            "adv_filter",
            "btn_cs",
            "btn_cx",
            "btn_down",
            "buttonbox",
            "comp_title",
            "con_overlfow",
            "dateline",
            "datetitle_",
            "first",
            "formbox",
            "ha",
            "last",
            "location",
            "next",
            "nowrap",
            "pageleft",
            "pagenum",
            "pageright",
            "pagination",
            "paging",
            "pointer",
            "prev",
            "prop-item",
            "red",
            "search_advanced",
            "selected-attr",
            "tab_cur",
            "toolbox",
            "ui_b",
            "ui_border",
            "ui_buttons",
            "ui_c",
            "ui_close",
            "ui_content",
            "ui_dialog",
            "ui_icon",
            "ui_icon_bg",
            "ui_inner",
            "ui_l",
            "ui_lb",
            "ui_lt",
            "ui_main",
            "ui_max",
            "ui_max_b",
            "ui_min",
            "ui_min_b",
            "ui_r",
            "ui_rb",
            "ui_res",
            "ui_res_b",
            "ui_res_t",
            "ui_rt",
            "ui_state_focus",
            "ui_state_lock",
            "ui_state_tips",
            "ui_t",
            "ui_title",
            "ui_title_bar",
            "ui_title_buttons",
            "ym-bc",
            "ym-bl",
            "ym-body",
            "ym-br",
            "ym-btn",
            "ym-header-text",
            "ym-header-tools",
            "ym-mc",
            "ym-ml",
            "ym-mr",
            "ym-tc",
            "ym-tl",
            "ym-tr",
            "ymPrompt_close",
            "ymPrompt_max",
            "ymPrompt_min"
          ],
          [
            "adv_filter",
            "btn_cs",
            "btn_cx",
            "btn_down",
            "buttonbox",
            "comp_title",
            "con_overlfow",
            "datetitle_",
            "formbox",
            "ha",
            "location",
            "prop-item",
            "search_advanced",
            "selected-attr",
            "tab_cur",
            "toolbox"
          ],
          [
            "adv_filter",
            "btnStyle",
            "btn_cs",
            "btn_cx",
            "btn_down",
            "buttonbox",
            "comp_title",
            "con_overlfow",
            "dateline",
            "datetitle_",
            "first",
            "formbox",
            "ha",
            "handler",
            "last",
            "location",
            "next",
            "nowrap",
            "pageleft",
            "pagenum",
            "pageright",
            "pagination",
            "paging",
            "pointer",
            "prev",
            "prop-item",
            "red",
            "search_advanced",
            "selected-attr",
            "tab_cur",
            "toolbox",
            "ui_b",
            "ui_border",
            "ui_buttons",
            "ui_c",
            "ui_close",
            "ui_content",
            "ui_dialog",
            "ui_icon",
            "ui_icon_bg",
            "ui_inner",
            "ui_l",
            "ui_lb",
            "ui_lt",
            "ui_main",
            "ui_max",
            "ui_max_b",
            "ui_min",
            "ui_min_b",
            "ui_r",
            "ui_rb",
            "ui_res",
            "ui_res_b",
            "ui_res_t",
            "ui_rt",
            "ui_state_focus",
            "ui_state_lock",
            "ui_state_tips",
            "ui_t",
            "ui_title",
            "ui_title_bar",
            "ui_title_buttons",
            "ym-bc",
            "ym-bl",
            "ym-body",
            "ym-br",
            "ym-btn",
            "ym-content",
            "ym-header-text",
            "ym-header-tools",
            "ym-mc",
            "ym-ml",
            "ym-mr",
            "ym-tc",
            "ym-tl",
            "ym-tr",
            "ymPrompt_alert",
            "ymPrompt_close",
            "ymPrompt_max",
            "ymPrompt_min"
          ],
          [
            "adv_filter",
            "btn_cs",
            "btn_cx",
            "btn_down",
            "btn_sc",
            "btn_shuc",
            "btn_xg",
            "btn_zj",
            "buttonbox",
            "comp_title",
            "con_overlfow",
            "dateline",
            "datetitle_",
            "first",
            "formbox",
            "ha",
            "last",
            "location",
            "next",
            "nowrap",
            "pageleft",
            "pagenum",
            "pageright",
            "pagination",
            "paging",
            "pointer",
            "prev",
            "prop-item",
            "red",
            "search_advanced",
            "selected-attr",
            "tab_cur",
            "toolbox",
            "ui_b",
            "ui_border",
            "ui_buttons",
            "ui_c",
            "ui_close",
            "ui_content",
            "ui_dialog",
            "ui_icon",
            "ui_icon_bg",
            "ui_inner",
            "ui_l",
            "ui_lb",
            "ui_lt",
            "ui_main",
            "ui_max",
            "ui_max_b",
            "ui_min",
            "ui_min_b",
            "ui_r",
            "ui_rb",
            "ui_res",
            "ui_res_b",
            "ui_res_t",
            "ui_rt",
            "ui_state_focus",
            "ui_state_lock",
            "ui_state_tips",
            "ui_t",
            "ui_title",
            "ui_title_bar",
            "ui_title_buttons",
            "ym-bc",
            "ym-bl",
            "ym-body",
            "ym-br",
            "ym-btn",
            "ym-header-text",
            "ym-header-tools",
            "ym-mc",
            "ym-ml",
            "ym-mr",
            "ym-tc",
            "ym-tl",
            "ym-tr",
            "ymPrompt_close",
            "ymPrompt_max",
            "ymPrompt_min"
          ],
          [
            "adv_filter",
            "btn_cs",
            "btn_cx",
            "btn_down",
            "btn_sc",
            "btn_shuc",
            "btn_xg",
            "btn_zj",
            "buttonbox",
            "comp_title",
            "con_overlfow",
            "dateline",
            "datetitle_",
            "first",
            "formbox",
            "ha",
            "last",
            "location",
            "next",
            "nowrap",
            "pageleft",
            "pagenum",
            "pageright",
            "pagination",
            "paging",
            "pointer",
            "prev",
            "prop-item",
            "red",
            "search_advanced",
            "selected-attr",
            "tab_cur",
            "toolbox",
            "ui_b",
            "ui_border",
            "ui_buttons",
            "ui_c",
            "ui_close",
            "ui_content",
            "ui_dialog",
            "ui_icon",
            "ui_icon_bg",
            "ui_inner",
            "ui_l",
            "ui_lb",
            "ui_lt",
            "ui_main",
            "ui_max",
            "ui_max_b",
            "ui_min",
            "ui_min_b",
            "ui_r",
            "ui_rb",
            "ui_res",
            "ui_res_b",
            "ui_res_t",
            "ui_rt",
            "ui_state_focus",
            "ui_state_lock",
            "ui_state_tips",
            "ui_state_visible",
            "ui_t",
            "ui_title",
            "ui_title_bar",
            "ui_title_buttons",
            "ym-bc",
            "ym-bl",
            "ym-body",
            "ym-br",
            "ym-btn",
            "ym-header-text",
            "ym-header-tools",
            "ym-mc",
            "ym-ml",
            "ym-mr",
            "ym-tc",
            "ym-tl",
            "ym-tr",
            "ymPrompt_close",
            "ymPrompt_max",
            "ymPrompt_min"
          ],
          [
            "adv_filter",
            "btn_cs",
            "btn_cx",
            "btn_down",
            "btn_sc",
            "btn_shuc",
            "btn_xg",
            "btn_zj",
            "buttonbox",
            "comp_title",
            "con_overlfow",
            "dateline",
            "datetitle_",
            "first",
            "formbox",
            "ha",
            "last",
            "location",
            "next",
            "nowrap",
            "pageleft",
            "pagenum",
            "pageright",
            "pagination",
            "paging",
            "pointer",
            "prev",
            "prop-item",
            "red",
            "search_advanced",
            "selected-attr",
            "tab_cur",
            "toolbox",
            "ui_b",
            "ui_border",
            "ui_buttons",
            "ui_c",
            "ui_close",
            "ui_content",
            "ui_dialog",
            "ui_icon",
            "ui_icon_bg",
            "ui_inner",
            "ui_l",
            "ui_lb",
            "ui_loading",
            "ui_lt",
            "ui_main",
            "ui_max",
            "ui_max_b",
            "ui_min",
            "ui_min_b",
            "ui_r",
            "ui_rb",
            "ui_res",
            "ui_res_b",
            "ui_res_t",
            "ui_rt",
            "ui_state_focus",
            "ui_state_full",
            "ui_state_lock",
            "ui_state_tips",
            "ui_state_visible",
            "ui_t",
            "ui_title",
            "ui_title_bar",
            "ui_title_buttons",
            "ym-bc",
            "ym-bl",
            "ym-body",
            "ym-br",
            "ym-btn",
            "ym-header-text",
            "ym-header-tools",
            "ym-mc",
            "ym-ml",
            "ym-mr",
            "ym-tc",
            "ym-tl",
            "ym-tr",
            "ymPrompt_close",
            "ymPrompt_max",
            "ymPrompt_min"
          ],
          [
            "adv_filter",
            "btnStyle",
            "btn_cs",
            "btn_cx",
            "btn_down",
            "btn_sc",
            "btn_shuc",
            "btn_xg",
            "btn_zj",
            "buttonbox",
            "comp_title",
            "con_overlfow",
            "dateline",
            "datetitle_",
            "first",
            "formbox",
            "ha",
            "handler",
            "last",
            "location",
            "next",
            "nowrap",
            "pageleft",
            "pagenum",
            "pageright",
            "pagination",
            "paging",
            "pointer",
            "prev",
            "prop-item",
            "red",
            "search_advanced",
            "selected-attr",
            "tab_cur",
            "toolbox",
            "ui_b",
            "ui_border",
            "ui_buttons",
            "ui_c",
            "ui_close",
            "ui_content",
            "ui_dialog",
            "ui_icon",
            "ui_icon_bg",
            "ui_inner",
            "ui_l",
            "ui_lb",
            "ui_lt",
            "ui_main",
            "ui_max",
            "ui_max_b",
            "ui_min",
            "ui_min_b",
            "ui_r",
            "ui_rb",
            "ui_res",
            "ui_res_b",
            "ui_res_t",
            "ui_rt",
            "ui_state_lock",
            "ui_state_tips",
            "ui_t",
            "ui_title",
            "ui_title_bar",
            "ui_title_buttons",
            "ym-bc",
            "ym-bl",
            "ym-body",
            "ym-br",
            "ym-btn",
            "ym-content",
            "ym-header-text",
            "ym-header-tools",
            "ym-mc",
            "ym-ml",
            "ym-mr",
            "ym-tc",
            "ym-tl",
            "ym-tr",
            "ymPrompt_alert",
            "ymPrompt_close",
            "ymPrompt_max",
            "ymPrompt_min"
          ]
        ]
      }
    },
    "page/tagTriplets": {
      "contexts": {
        "context0": [
          [
            "-/-/DIV",
            "-/-/FORM",
            "-/-/INPUT-hidden",
            "-/-/SCRIPT",
            "-/DIV/DIV",
            "-/DIV/H3",
            "-/DIV/P",
            "-/DIV/TABLE",
            "-/FORM/BUTTON",
            "-/FORM/DIV",
            "-/FORM/INPUT-hidden",
            "DIV/A/B",
            "DIV/DIV/A",
            "DIV/DIV/DIV",
            "DIV/DIV/DL",
            "DIV/DIV/H3",
            "DIV/DIV/INPUT-hidden",
            "DIV/DIV/P",
            "DIV/DIV/STRONG",
            "DIV/DIV/TABLE",
            "DIV/DIV/UL",
            "DIV/H3/SPAN",
            "DIV/P/A",
            "DIV/P/EM",
            "DIV/P/INPUT-text",
            "DIV/P/SELECT",
            "DIV/P/SPAN",
            "DIV/TABLE/TBODY",
            "DIV/TABLE/THEAD",
            "DIV/UL/LI",
            "FORM/DIV/DIV",
            "FORM/DIV/SCRIPT",
            "H3/SPAN/LI",
            "LI/A/SPAN",
            "P/SELECT/OPTION",
            "SPAN/LI/FONT",
            "TABLE/TBODY/TR",
            "TABLE/THEAD/TR",
            "TBODY/TR/TD",
            "TD/DIV/DIV",
            "TD/DIV/TABLE",
            "THEAD/TR/TD",
            "THEAD/TR/TH",
            "TR/TD/A",
            "TR/TD/BR",
            "TR/TD/BUTTON",
            "TR/TD/DIV",
            "TR/TD/IMG",
            "TR/TD/INPUT-checkbox",
            "TR/TD/INPUT-hidden",
            "TR/TD/INPUT-text",
            "UL/LI/A"
          ],
          [
            "-/-/DIV",
            "-/-/FORM",
            "-/-/INPUT-hidden",
            "-/-/SCRIPT",
            "-/DIV/DIV",
            "-/DIV/H3",
            "-/DIV/P",
            "-/FORM/BUTTON",
            "-/FORM/DIV",
            "-/FORM/INPUT-hidden",
            "DIV/DIV/DIV",
            "DIV/DIV/DL",
            "DIV/DIV/H3",
            "DIV/DIV/INPUT-hidden",
            "DIV/DIV/TABLE",
            "DIV/DIV/UL",
            "DIV/H3/SPAN",
            "DIV/P/A",
            "DIV/P/EM",
            "DIV/TABLE/TBODY",
            "DIV/UL/LI",
            "FORM/DIV/DIV",
            "FORM/DIV/SCRIPT",
            "H3/SPAN/LI",
            "LI/A/SPAN",
            "SPAN/LI/FONT",
            "TABLE/TBODY/TR",
            "TBODY/TR/TD",
            "TR/TD/BUTTON",
            "TR/TD/INPUT-hidden",
            "UL/LI/A"
          ],
          [
            "-/-/DIV",
            "-/-/FORM",
            "-/-/INPUT-hidden",
            "-/-/SCRIPT",
            "-/DIV/DIV",
            "-/DIV/H3",
            "-/DIV/P",
            "-/DIV/TABLE",
            "-/FORM/BUTTON",
            "-/FORM/DIV",
            "-/FORM/INPUT-hidden",
            "DIV/A/B",
            "DIV/DIV/A",
            "DIV/DIV/DIV",
            "DIV/DIV/DL",
            "DIV/DIV/H3",
            "DIV/DIV/INPUT-hidden",
            "DIV/DIV/P",
            "DIV/DIV/STRONG",
            "DIV/DIV/TABLE",
            "DIV/DIV/UL",
            "DIV/H3/SPAN",
            "DIV/P/A",
            "DIV/P/EM",
            "DIV/P/INPUT-text",
            "DIV/P/SELECT",
            "DIV/P/SPAN",
            "DIV/TABLE/TBODY",
            "DIV/TABLE/THEAD",
            "DIV/UL/LI",
            "FORM/DIV/DIV",
            "FORM/DIV/SCRIPT",
            "H3/SPAN/LI",
            "LI/A/SPAN",
            "P/SELECT/OPTION",
            "SPAN/LI/FONT",
            "TABLE/TBODY/TR",
            "TABLE/THEAD/TR",
            "TBODY/TR/TD",
            "TD/DIV/DIV",
            "TD/DIV/TABLE",
            "THEAD/TR/TD",
            "THEAD/TR/TH",
            "TR/TD/BUTTON",
            "TR/TD/DIV",
            "TR/TD/IMG",
            "TR/TD/INPUT-checkbox",
            "TR/TD/INPUT-hidden",
            "UL/LI/A"
          ],
          [
            "-/-/DIV",
            "-/-/FORM",
            "-/-/INPUT-hidden",
            "-/-/SCRIPT",
            "-/DIV/DIV",
            "-/DIV/H3",
            "-/DIV/P",
            "-/DIV/TABLE",
            "-/FORM/BUTTON",
            "-/FORM/DIV",
            "-/FORM/INPUT-hidden",
            "DIV/A/B",
            "DIV/DIV/A",
            "DIV/DIV/DIV",
            "DIV/DIV/DL",
            "DIV/DIV/H3",
            "DIV/DIV/INPUT-button",
            "DIV/DIV/INPUT-hidden",
            "DIV/DIV/P",
            "DIV/DIV/STRONG",
            "DIV/DIV/TABLE",
            "DIV/DIV/UL",
            "DIV/H3/SPAN",
            "DIV/P/A",
            "DIV/P/EM",
            "DIV/P/INPUT-text",
            "DIV/P/SELECT",
            "DIV/P/SPAN",
            "DIV/TABLE/TBODY",
            "DIV/TABLE/THEAD",
            "DIV/UL/LI",
            "FORM/DIV/DIV",
            "FORM/DIV/SCRIPT",
            "H3/SPAN/LI",
            "LI/A/SPAN",
            "P/SELECT/OPTION",
            "SPAN/LI/FONT",
            "TABLE/TBODY/TR",
            "TABLE/THEAD/TR",
            "TBODY/TR/TD",
            "TD/DIV/DIV",
            "TD/DIV/TABLE",
            "THEAD/TR/TD",
            "THEAD/TR/TH",
            "TR/TD/BUTTON",
            "TR/TD/DIV",
            "TR/TD/IMG",
            "TR/TD/INPUT-checkbox",
            "TR/TD/INPUT-hidden",
            "UL/LI/A"
          ],
          [
            "-/-/DIV",
            "-/-/FORM",
            "-/-/INPUT-hidden",
            "-/-/SCRIPT",
            "-/DIV/DIV",
            "-/DIV/H3",
            "-/DIV/P",
            "-/DIV/TABLE",
            "-/FORM/BUTTON",
            "-/FORM/DIV",
            "-/FORM/INPUT-hidden",
            "DIV/A/B",
            "DIV/DIV/A",
            "DIV/DIV/DIV",
            "DIV/DIV/DL",
            "DIV/DIV/H3",
            "DIV/DIV/INPUT-hidden",
            "DIV/DIV/P",
            "DIV/DIV/STRONG",
            "DIV/DIV/TABLE",
            "DIV/DIV/UL",
            "DIV/H3/SPAN",
            "DIV/P/A",
            "DIV/P/EM",
            "DIV/P/INPUT-text",
            "DIV/P/SELECT",
            "DIV/P/SPAN",
            "DIV/TABLE/TBODY",
            "DIV/TABLE/THEAD",
            "DIV/UL/LI",
            "FORM/DIV/DIV",
            "FORM/DIV/SCRIPT",
            "H3/SPAN/LI",
            "LI/A/SPAN",
            "P/SELECT/OPTION",
            "SPAN/LI/FONT",
            "TABLE/TBODY/TR",
            "TABLE/THEAD/TR",
            "TBODY/TR/TD",
            "TD/DIV/DIV",
            "TD/DIV/TABLE",
            "THEAD/TR/TD",
            "THEAD/TR/TH",
            "TR/TD/A",
            "TR/TD/BUTTON",
            "TR/TD/DIV",
            "TR/TD/FONT",
            "TR/TD/IMG",
            "TR/TD/INPUT-checkbox",
            "TR/TD/INPUT-hidden",
            "TR/TD/INPUT-text",
            "UL/LI/A"
          ],
          [
            "-/-/DIV",
            "-/-/FORM",
            "-/-/INPUT-hidden",
            "-/-/SCRIPT",
            "-/DIV/DIV",
            "-/DIV/H3",
            "-/DIV/P",
            "-/DIV/TABLE",
            "-/FORM/BUTTON",
            "-/FORM/DIV",
            "-/FORM/INPUT-hidden",
            "DIV/A/B",
            "DIV/DIV/A",
            "DIV/DIV/DIV",
            "DIV/DIV/DL",
            "DIV/DIV/H3",
            "DIV/DIV/INPUT-hidden",
            "DIV/DIV/P",
            "DIV/DIV/SPAN",
            "DIV/DIV/STRONG",
            "DIV/DIV/TABLE",
            "DIV/DIV/UL",
            "DIV/H3/SPAN",
            "DIV/P/A",
            "DIV/P/EM",
            "DIV/P/INPUT-text",
            "DIV/P/SELECT",
            "DIV/P/SPAN",
            "DIV/TABLE/TBODY",
            "DIV/TABLE/THEAD",
            "DIV/UL/LI",
            "FORM/DIV/DIV",
            "FORM/DIV/SCRIPT",
            "H3/SPAN/LI",
            "LI/A/SPAN",
            "P/SELECT/OPTION",
            "SPAN/LI/FONT",
            "TABLE/TBODY/TR",
            "TABLE/THEAD/TR",
            "TBODY/TR/TD",
            "TD/DIV/DIV",
            "TD/DIV/IFRAME",
            "TD/DIV/TABLE",
            "THEAD/TR/TD",
            "THEAD/TR/TH",
            "TR/TD/A",
            "TR/TD/BUTTON",
            "TR/TD/DIV",
            "TR/TD/FONT",
            "TR/TD/IMG",
            "TR/TD/INPUT-checkbox",
            "TR/TD/INPUT-hidden",
            "TR/TD/INPUT-text",
            "UL/LI/A"
          ],
          [
            "-/-/DIV",
            "-/-/FORM",
            "-/-/INPUT-hidden",
            "-/-/SCRIPT",
            "-/DIV/DIV",
            "-/DIV/H3",
            "-/DIV/P",
            "-/DIV/TABLE",
            "-/FORM/BUTTON",
            "-/FORM/DIV",
            "-/FORM/INPUT-hidden",
            "DIV/A/B",
            "DIV/DIV/A",
            "DIV/DIV/DIV",
            "DIV/DIV/DL",
            "DIV/DIV/H3",
            "DIV/DIV/INPUT-button",
            "DIV/DIV/INPUT-hidden",
            "DIV/DIV/P",
            "DIV/DIV/STRONG",
            "DIV/DIV/TABLE",
            "DIV/DIV/UL",
            "DIV/H3/SPAN",
            "DIV/P/A",
            "DIV/P/EM",
            "DIV/P/INPUT-text",
            "DIV/P/SELECT",
            "DIV/P/SPAN",
            "DIV/TABLE/TBODY",
            "DIV/TABLE/THEAD",
            "DIV/UL/LI",
            "FORM/DIV/DIV",
            "FORM/DIV/SCRIPT",
            "H3/SPAN/LI",
            "LI/A/SPAN",
            "P/SELECT/OPTION",
            "SPAN/LI/FONT",
            "TABLE/TBODY/TR",
            "TABLE/THEAD/TR",
            "TBODY/TR/TD",
            "TD/DIV/DIV",
            "TD/DIV/TABLE",
            "THEAD/TR/TD",
            "THEAD/TR/TH",
            "TR/TD/A",
            "TR/TD/BR",
            "TR/TD/BUTTON",
            "TR/TD/DIV",
            "TR/TD/FONT",
            "TR/TD/IMG",
            "TR/TD/INPUT-checkbox",
            "TR/TD/INPUT-hidden",
            "TR/TD/INPUT-text",
            "UL/LI/A"
          ],
          [
            "-/-/DIV",
            "-/-/FORM",
            "-/-/INPUT-hidden",
            "-/-/SCRIPT",
            "-/DIV/DIV",
            "-/DIV/H3",
            "-/DIV/P",
            "-/DIV/TABLE",
            "-/FORM/BUTTON",
            "-/FORM/DIV",
            "-/FORM/INPUT-hidden",
            "DIV/A/B",
            "DIV/DIV/A",
            "DIV/DIV/DIV",
            "DIV/DIV/DL",
            "DIV/DIV/H3",
            "DIV/DIV/INPUT-hidden",
            "DIV/DIV/P",
            "DIV/DIV/SPAN",
            "DIV/DIV/STRONG",
            "DIV/DIV/TABLE",
            "DIV/DIV/UL",
            "DIV/H3/SPAN",
            "DIV/P/A",
            "DIV/P/EM",
            "DIV/P/INPUT-text",
            "DIV/P/SELECT",
            "DIV/P/SPAN",
            "DIV/TABLE/TBODY",
            "DIV/TABLE/THEAD",
            "DIV/UL/LI",
            "FORM/DIV/DIV",
            "FORM/DIV/SCRIPT",
            "H3/SPAN/LI",
            "LI/A/SPAN",
            "P/SELECT/OPTION",
            "SPAN/LI/FONT",
            "TABLE/TBODY/TR",
            "TABLE/THEAD/TR",
            "TBODY/TR/TD",
            "TD/DIV/DIV",
            "TD/DIV/IFRAME",
            "TD/DIV/TABLE",
            "THEAD/TR/TD",
            "THEAD/TR/TH",
            "TR/TD/A",
            "TR/TD/BUTTON",
            "TR/TD/DIV",
            "TR/TD/IMG",
            "TR/TD/INPUT-checkbox",
            "TR/TD/INPUT-hidden",
            "UL/LI/A"
          ]
        ]
      }
    }
  }
}