{
  "version": "0.1",
  "id": "notice_content",
  "targetURL": "http://117.35.118.203/lxxt/lxgl/zzfw/index/newsContent.html?xwid=35C6318826869F4CE055000000000001",
  "jsFile": "../../lib/base.js,../../lib/customTemplate.js,index.js",
  "cssFile": "../../lib/base.css,index.css",
  "requires": {
    "xgmm": "../xgmm/index.json",
    "notice": "../notice/index.json"
  },
  "chineseName": "通知公告内容页",
  "description": "",
  "controls": {
    "control2": {
      "location": {
        "data": {
          "tagName": "DIV"
        },
        "locators": [
          {
            "id": "@class/word",
            "prob": 1,
            "value": "DIV.con DIV.base_info DIV.news"
          },
          {
            "id": "path/ordinal",
            "prob": 1,
            "value": "/HTML[1]/BODY[1]/DIV[2]/DIV[1]/DIV[1]"
          },
          {
            "id": "shield",
            "value": {
              "zIndex": "auto",
              "width": 998,
              "height": 852
            }
          }
        ]
      },
      "intendedRole": "fragment",
      "roles": "element,link,fragment",
      "monitored": false
    },
    "control3": {
      "location": {
        "data": {
          "tagName": "P"
        },
        "locators": [
          {
            "id": "text",
            "prob": 3,
            "value": {
              "text": [
                "所有毕业生应在财务管理中心、教务管理中心、图书馆手续办理完成后，方可进行其他部门手续办理"
              ],
              "visText": [
                "所有毕业生应在财务管理中心、教务管理中心、图书馆手续办理完成后，方可进行其他部门手续办理"
              ]
            }
          },
          {
            "id": "@class/word",
            "prob": 1,
            "value": "BODY.pers_info_bg DIV.foot P"
          },
          {
            "id": "path/ordinal",
            "prob": 1,
            "value": "/HTML[1]/BODY[1]/DIV[3]/P[1]"
          },
          {
            "id": "elderLevel",
            "value": {
              "level": 0
            }
          },
          {
            "id": "shield",
            "value": {
              "zIndex": "auto",
              "width": 1125,
              "height": 20
            }
          }
        ]
      },
      "intendedRole": "fragment",
      "roles": "element,fragment",
      "monitored": false
    },
    "control4": {
      "location": {
        "data": {
          "tagName": "P"
        },
        "locators": [
          {
            "id": "text",
            "prob": 3,
            "value": {
              "text": [
                "所有毕业生应在财务管理中心、教务管理中心、图书馆手续办理完成后，方可进行其他部门手续办理"
              ],
              "visText": [
                "所有毕业生应在财务管理中心、教务管理中心、图书馆手续办理完成后，方可进行其他部门手续办理"
              ]
            }
          },
          {
            "id": "@class/word",
            "prob": 1,
            "value": "BODY.pers_info_bg DIV.foot P"
          },
          {
            "id": "path/ordinal",
            "prob": 1,
            "value": "/HTML[1]/BODY[1]/DIV[3]/P[1]"
          },
          {
            "id": "elderLevel",
            "value": {
              "level": 0
            }
          },
          {
            "id": "shield",
            "value": {
              "zIndex": "auto",
              "width": 1125,
              "height": 20
            }
          }
        ]
      },
      "intendedRole": "fragment",
      "roles": "element,fragment",
      "monitored": false
    },
    "control5": {
      "location": {
        "data": {
          "tagName": "P"
        },
        "locators": [
          {
            "id": "button/text",
            "prob": 3,
            "value": {
              "text": [
                "欢迎你！盛静静 修改密码 注销"
              ],
              "visText": [
                "欢迎你！盛静静 修改密码 注销"
              ]
            }
          },
          {
            "id": "text",
            "prob": 3,
            "value": {
              "text": [
                "欢迎你！盛静静 修改密码 注销"
              ],
              "visText": [
                "欢迎你！盛静静 修改密码 注销"
              ]
            }
          },
          {
            "id": "@class/word",
            "prob": 1,
            "value": "BODY.pers_info_bg DIV.head H4 P"
          },
          {
            "id": "path/ordinal",
            "prob": 1,
            "value": "/HTML[1]/BODY[1]/DIV[1]/H4[1]/P[1]"
          },
          {
            "id": "shield",
            "value": {
              "zIndex": "auto",
              "width": 1000,
              "height": 24
            }
          }
        ]
      },
      "intendedRole": "fragment",
      "roles": "element,fragment",
      "monitored": false
    },
    "control6": {
      "location": {
        "data": {
          "tagName": "A"
        },
        "locators": [
          {
            "id": "button/text",
            "prob": 3,
            "value": {
              "text": [
                "修改密码"
              ],
              "visText": [
                "修改密码"
              ]
            }
          },
          {
            "id": "text",
            "prob": 3,
            "value": {
              "text": [
                "修改密码"
              ],
              "visText": [
                "修改密码"
              ]
            }
          },
          {
            "id": "@class/word",
            "prob": 1,
            "ordinal": [
              0,
              2
            ],
            "value": "BODY.pers_info_bg DIV.head H4 P SPAN A"
          },
          {
            "id": "path/ordinal",
            "prob": 1,
            "value": "/HTML[1]/BODY[1]/DIV[1]/H4[1]/P[1]/SPAN[2]/A[1]"
          },
          {
            "id": "elderLevel",
            "value": {
              "level": 0
            }
          },
          {
            "id": "shield",
            "value": {
              "zIndex": "auto",
              "width": 68,
              "height": 14
            }
          }
        ]
      },
      "intendedRole": "button",
      "roles": "element,button,link",
      "monitored": false
    },
    "control7": {
      "location": {
        "data": {
          "tagName": "A"
        },
        "locators": [
          {
            "id": "button/text",
            "prob": 3,
            "value": {
              "text": [
                "注销"
              ],
              "visText": [
                "注销"
              ]
            }
          },
          {
            "id": "text",
            "prob": 3,
            "value": {
              "text": [
                "注销"
              ],
              "visText": [
                "注销"
              ]
            }
          },
          {
            "id": "@class/word",
            "prob": 1,
            "ordinal": [
              1,
              2
            ],
            "value": "BODY.pers_info_bg DIV.head H4 P SPAN A"
          },
          {
            "id": "path/ordinal",
            "prob": 1,
            "value": "/HTML[1]/BODY[1]/DIV[1]/H4[1]/P[1]/SPAN[3]/A[1]"
          },
          {
            "id": "elderLevel",
            "value": {
              "level": 0
            }
          },
          {
            "id": "shield",
            "value": {
              "zIndex": "auto",
              "width": 44,
              "height": 14
            }
          }
        ]
      },
      "intendedRole": "button",
      "roles": "element,button,link",
      "monitored": false
    },
    "control8": {
      "location": {
        "data": {
          "tagName": "A"
        },
        "locators": [
          {
            "id": "button/text",
            "prob": 3,
            "value": {
              "text": [
                "查看更多公告>>"
              ],
              "visText": [
                "查看更多公告>>"
              ]
            }
          },
          {
            "id": "text",
            "prob": 3,
            "value": {
              "text": [
                "查看更多公告>>"
              ],
              "visText": [
                "查看更多公告>>"
              ]
            }
          },
          {
            "id": "@class/word",
            "prob": 1,
            "value": "BODY.pers_info_bg DIV.con P.enter_index A"
          },
          {
            "id": "path/ordinal",
            "prob": 1,
            "value": "/HTML[1]/BODY[1]/DIV[2]/P[1]/A[1]"
          },
          {
            "id": "elderLevel",
            "value": {
              "level": 0
            }
          },
          {
            "id": "shield",
            "value": {
              "zIndex": "auto",
              "width": 86,
              "height": 14
            }
          }
        ]
      },
      "intendedRole": "button",
      "roles": "element,button,link",
      "monitored": false
    }
  },
  "contexts": {
    "context0": {
      "controls": [
        "control2",
        "control3",
        "control4",
        "control5",
        "control6",
        "control7",
        "control8"
      ],
      "anchors": []
    }
  },
  "flows": {
    "flow0": {
      "toContexts": [
        {
          "toContextId": "context0"
        }
      ]
    },
    "flow1": {
      "fromContextId": "context0",
      "fromAction": "click",
      "fromControlId": "control6",
      "toContexts": [
        {
          "toModelId": "xgmm",
          "toContextId": "context0"
        },
        {
          "toContextId": "context0"
        }
      ]
  },
  "flow2": {
    "fromContextId": "context0",
    "fromAction": "click",
    "fromControlId": "control8",
    "toContexts": [
      {
        "toModelId": "notice",
        "toContextId": "context0"
      },
      {
        "toContextId": "context0"
      }
    ]
  }
  },
  "pages": {
    "page0": {
      "contextId": "context0",
      "layout": [
        {
          "id": "uiControl0",
          "display": {
            "class": "yl_header",
            "title": "通知公告",
            "type": "header",
            "adapterId": "header",
            "adapter": {
              "templateType": ""
            }
          },
          "layout": []
        },
        {
          "id": "uiControl4",
          "controlId": "control8",
          "display": {
            "adapterId": "clickable",
            "type": "button",
            "text": "",
            "class": "back-up-level",
            "adapter": {
              "templateType": ""
            }
          }
        },
        {
          "id": "uiControl2",
          "display": {
            "type": "card",
            "adapterId": "card",
            "class": "top-welcome",
            "adapter": {
              "templateType": ""
            }
          },
          "layout": [
            {
              "id": "uiControl2body",
              "display": {
                "type": "cardBody",
                "adapterId": "cardBody",
                "adapter": {
                  "templateType": ""
                }
              },
              "layout": [
                {
                  "id": "uiControl1",
                  "controlId": "control5",
                  "display": {
                    "adapterId": "fragment",
                    "type": "fragment",
                    "adapter": {
                      "templateType": ""
                    }
                  }
                },
                {
                  "id": "uiControl3",
                  "controlId": "control6",
                  "display": {
                    "adapterId": "clickable",
                    "type": "button",
                    "adapter": {
                      "templateType": ""
                    }
                  }
                },
                {
                  "id": "uiControl58",
                  "controlId": "control7",
                  "display": {
                    "adapterId": "clickable",
                    "type": "button",
                    "adapter": {
                      "templateType": ""
                    }
                  }
                }
              ]
            }
          ]
        },
        {
          "id": "uiControl7",
          "controlId": "control2",
          "display": {
            "adapterId": "fragment",
            "type": "fragment",
            "class": "zw",
            "adapter": {
              "templateType": ""
            }
          }
        },
        {
          "id": "uiControl12",
          "display": {
            "type": "card",
            "adapterId": "card",
            "class": "yl_bottom",
            "adapter": {
              "templateType": ""
            }
          },
          "layout": [
            {
              "id": "uiControl12body",
              "display": {
                "type": "cardBody",
                "adapterId": "cardBody",
                "adapter": {
                  "templateType": ""
                }
              },
              "layout": [
                {
                  "id": "uiControl13",
                  "controlId": "control4",
                  "display": {
                    "adapterId": "fragment",
                    "type": "fragment",
                    "class": "foot",
                    "adapter": {
                      "templateType": ""
                    }
                  }
                }
              ]
            }
          ]
        }
      ]
    }
  },
  "matchers": {
    "page/title": {
      "contexts": {
        "context0": [
          "正方软件-离校系统"
        ]
      }
    },
    "page/urls": {
      "contexts": {
        "context0": [
          "117.35.118.203/lxxt/lxgl/zzfw/index/newsContent.html?xwid=35C6318826869F4CE055000000000001"
        ]
      }
    },
    "page/ids": {
      "contexts": {
        "context0": [
          []
        ]
      }
    },
    "page/classes": {
      "contexts": {
        "context0": [
          [
            "_con",
            "ba",
            "con",
            "e_info",
            "enter_index",
            "foot",
            "h_tit",
            "head",
            "logo",
            "new",
            "next",
            "next_btn",
            "p"
          ]
        ]
      }
    },
    "page/tagTriplets": {
      "contexts": {
        "context0": [
          [
            "-/-/DIV",
            "-/DIV/DIV",
            "-/DIV/H2",
            "-/DIV/H4",
            "-/DIV/P",
            "DIV/A/IMG",
            "DIV/DIV/DIV",
            "DIV/DIV/H1",
            "DIV/DIV/H6",
            "DIV/DIV/SPAN",
            "DIV/H4/DIV",
            "DIV/H4/P",
            "DIV/H6/SPAN",
            "DIV/P/A",
            "DIV/P/BUTTON",
            "DIV/SPAN/DIV",
            "DIV/SPAN/P",
            "H4/DIV/A",
            "H4/DIV/IMG",
            "H4/P/SPAN",
            "P/A/SPAN",
            "P/SPAN/A",
            "SPAN/DIV/SPAN",
            "SPAN/P/A",
            "SPAN/P/SPAN"
          ]
        ]
      }
    }
  }
}
