{
  "version": "0.1",
  "id": "q_apartment_discipline_handle_handle",
  "targetURL": "http://42.247.16.108/xgxt/gygl_gyjlglnew_gyjlxxcl.do",
  "jsFile": "index.js",
  "cssFile": "index.css",
  "chineseName": "公寓管理-公寓纪律信息处理-处理",
  "description": "",
  "controls": {
    "control55": {
      "location": {
        "data": {
          "tagName": "TR"
        },
        "locators": [
          {
            "id": "button/text",
            "prob": 3,
            "value": {
              "text": [
                "*调查情况 (限制在500字内)"
              ],
              "visText": [
                "*调查情况 (限制在500字内)"
              ]
            }
          },
          {
            "id": "text",
            "prob": 3,
            "value": {
              "text": [
                "*调查情况 (限制在500字内)"
              ],
              "visText": [
                "*调查情况 (限制在500字内)"
              ]
            }
          },
          {
            "id": "@class/word",
            "prob": 1,
            "ordinal": [
              9,
              28
            ],
            "value": "DIV.tab TABLE.formlist TBODY TR"
          },
          {
            "id": "path/ordinal",
            "prob": 1,
            "value": "/HTML[1]/BODY[1]/FORM[1]/DIV[1]/TABLE[2]/TBODY[1]/TR[6]"
          },
          {
            "id": "shield",
            "value": {
              "zIndex": "auto",
              "width": 782,
              "height": 67
            }
          }
        ]
      },
      "roles": "element",
      "text": "\n\t\t\t\t\t\n\t\t\t\t\t\t*调查情况\n\t\t\t\t\t\t (限制在500字内)\n\t\t\t\t\t\n\t\t\t\t\t\n\t\t\t\t\t\t\n\t\t\t\t\t\n\t\t\t",
      "frameXPath": "//iframe[@name='parentDialog']<<IFRAME>>"
    },
    "control56": {
      "location": {
        "data": {
          "tagName": "TH"
        },
        "locators": [
          {
            "id": "button/text",
            "prob": 3,
            "value": {
              "text": [
                "学生信息"
              ],
              "visText": [
                "学生信息"
              ]
            }
          },
          {
            "id": "text",
            "prob": 3,
            "value": {
              "text": [
                "学生信息"
              ],
              "visText": [
                "学生信息"
              ]
            }
          },
          {
            "id": "@class/word",
            "prob": 1,
            "ordinal": [
              0,
              6
            ],
            "value": "DIV.tab TABLE.formlist THEAD TR TH"
          },
          {
            "id": "path/ordinal",
            "prob": 1,
            "value": "/HTML[1]/BODY[1]/FORM[1]/DIV[1]/TABLE[1]/THEAD[1]/TR[1]/TH[1]"
          },
          {
            "id": "style/color",
            "value": [
              0,
              87,
              156
            ]
          },
          {
            "id": "shield",
            "value": {
              "zIndex": "auto",
              "width": 782,
              "height": 33
            }
          }
        ]
      },
      "intendedRole": "fragment",
      "roles": "element,fragment",
      "monitored": false,
      "frameXPath": "//iframe[@name='parentDialog']<<IFRAME>>"
    },
    "control57": {
      "location": {
        "data": {
          "tagName": "TABLE"
        },
        "locators": [
          {
            "id": "text",
            "prob": 3,
            "value": {
              "text": [
                "学生信息 学号 104003 姓名 蔡东达 学院 商学院 专业 国际经济与贸易 班级 国际经济与贸易1302 年级 2013 住宿寝室 男生十八号公寓,18628,1号床 寝室电话"
              ],
              "visText": [
                "学生信息 学号 104003 姓名 蔡东达 学院 商学院 专业 国际经济与贸易 班级 国际经济与贸易1302 年级 2013 住宿寝室 男生十八号公寓,18628,1号床 寝室电话"
              ]
            }
          },
          {
            "id": "@class/word",
            "prob": 1,
            "ordinal": [
              0,
              8
            ],
            "value": "DIV.tab TABLE.formlist"
          },
          {
            "id": "path/ordinal",
            "prob": 1,
            "value": "/HTML[1]/BODY[1]/FORM[1]/DIV[1]/TABLE[1]"
          },
          {
            "id": "shield",
            "value": {
              "zIndex": "auto",
              "width": 783,
              "height": 162
            }
          }
        ]
      },
      "intendedRole": "fragment",
      "roles": "element,fragment",
      "monitored": false,
      "frameXPath": "//iframe[@name='parentDialog']<<IFRAME>>"
    },
    "control58": {
      "location": {
        "data": {
          "tagName": "TH"
        },
        "locators": [
          {
            "id": "button/text",
            "prob": 3,
            "value": {
              "text": [
                "学生信息"
              ],
              "visText": [
                "学生信息"
              ]
            }
          },
          {
            "id": "text",
            "prob": 3,
            "value": {
              "text": [
                "学生信息"
              ],
              "visText": [
                "学生信息"
              ]
            }
          },
          {
            "id": "@class/word",
            "prob": 1,
            "ordinal": [
              0,
              6
            ],
            "value": "DIV.tab TABLE.formlist THEAD TR TH"
          },
          {
            "id": "path/ordinal",
            "prob": 1,
            "value": "/HTML[1]/BODY[1]/FORM[1]/DIV[1]/TABLE[1]/THEAD[1]/TR[1]/TH[1]"
          },
          {
            "id": "style/color",
            "value": [
              0,
              87,
              156
            ]
          },
          {
            "id": "shield",
            "value": {
              "zIndex": "auto",
              "width": 782,
              "height": 33
            }
          }
        ]
      },
      "intendedRole": "fragment",
      "roles": "element,fragment",
      "monitored": false,
      "frameXPath": "//iframe[@name='parentDialog']<<IFRAME>>"
    },
    "control59": {
      "location": {
        "data": {
          "tagName": "TH"
        },
        "locators": [
          {
            "id": "button/text",
            "prob": 3,
            "value": {
              "text": [
                "公寓纪律信息"
              ],
              "visText": [
                "公寓纪律信息"
              ]
            }
          },
          {
            "id": "text",
            "prob": 3,
            "value": {
              "text": [
                "公寓纪律信息"
              ],
              "visText": [
                "公寓纪律信息"
              ]
            }
          },
          {
            "id": "@class/word",
            "prob": 1,
            "ordinal": [
              1,
              6
            ],
            "value": "DIV.tab TABLE.formlist THEAD TR TH"
          },
          {
            "id": "path/ordinal",
            "prob": 1,
            "value": "/HTML[1]/BODY[1]/FORM[1]/DIV[1]/TABLE[2]/THEAD[1]/TR[1]/TH[1]"
          },
          {
            "id": "style/color",
            "value": [
              0,
              87,
              156
            ]
          },
          {
            "id": "shield",
            "value": {
              "zIndex": "auto",
              "width": 782,
              "height": 33
            }
          }
        ]
      },
      "intendedRole": "fragment",
      "roles": "element,fragment",
      "monitored": false,
      "frameXPath": "//iframe[@name='parentDialog']<<IFRAME>>"
    },
    "control61": {
      "location": {
        "data": {
          "tagName": "TH"
        },
        "locators": [
          {
            "id": "button/text",
            "prob": 3,
            "value": {
              "text": [
                "*处理结果"
              ],
              "visText": [
                "*处理结果"
              ]
            }
          },
          {
            "id": "text",
            "prob": 3,
            "value": {
              "text": [
                "*处理结果"
              ],
              "visText": [
                "*处理结果"
              ]
            }
          },
          {
            "id": "@class/word",
            "prob": 1,
            "ordinal": [
              15,
              36
            ],
            "value": "DIV.tab TABLE.formlist TBODY TR TH"
          },
          {
            "id": "path/ordinal",
            "prob": 1,
            "value": "/HTML[1]/BODY[1]/FORM[1]/DIV[1]/TABLE[2]/TBODY[1]/TR[5]/TH[1]"
          },
          {
            "id": "shield",
            "value": {
              "zIndex": "auto",
              "width": 157,
              "height": 32
            }
          }
        ]
      },
      "intendedRole": "fragment",
      "roles": "element,fragment",
      "monitored": false,
      "frameXPath": "//iframe[@name='parentDialog']<<IFRAME>>"
    },
    "control62": {
      "location": {
        "data": {
          "tagName": "SELECT"
        },
        "locators": [
          {
            "id": "button/text",
            "prob": 3,
            "value": {
              "text": [
                "--请选择-- 退回 测试"
              ],
              "visText": [
                ""
              ]
            }
          },
          {
            "id": "text",
            "prob": 3,
            "value": {
              "text": [
                "--请选择-- 退回 测试"
              ],
              "visText": [
                ""
              ]
            }
          },
          {
            "id": "elem/@name",
            "prob": 2,
            "value": [
              "descendant::form[@name=\"gyjlxxglForm\"]//SELECT[@name=\"cljg\"]",
              "descendant::SELECT[@name=\"cljg\"]"
            ]
          },
          {
            "id": "@id/word",
            "prob": 3,
            "value": "descendant::SELECT[@id=\"select_cljg\"]"
          },
          {
            "id": "@class/word",
            "prob": 1,
            "ordinal": [
              0,
              2
            ],
            "value": "DIV.tab TABLE.formlist TBODY TR TD SELECT"
          },
          {
            "id": "path/ordinal",
            "prob": 1,
            "value": "/HTML[1]/BODY[1]/FORM[1]/DIV[1]/TABLE[2]/TBODY[1]/TR[5]/TD[1]/SELECT[1]"
          },
          {
            "id": "input/type",
            "verifyEnabled": true,
            "value": "select-one"
          },
          {
            "id": "shield",
            "value": {
              "zIndex": "auto",
              "width": 150,
              "height": 19
            }
          }
        ]
      },
      "intendedRole": "listbox",
      "roles": "element,listbox",
      "monitored": true,
      "frameXPath": "//iframe[@name='parentDialog']<<IFRAME>>"
    },
    "control63": {
      "location": {
        "data": {
          "tagName": "TH"
        },
        "locators": [
          {
            "id": "button/text",
            "prob": 3,
            "value": {
              "text": [
                "*调查情况 (限制在500字内)"
              ],
              "visText": [
                "*调查情况 (限制在500字内)"
              ]
            }
          },
          {
            "id": "text",
            "prob": 3,
            "value": {
              "text": [
                "*调查情况 (限制在500字内)"
              ],
              "visText": [
                "*调查情况 (限制在500字内)"
              ]
            }
          },
          {
            "id": "@class/word",
            "prob": 1,
            "ordinal": [
              16,
              36
            ],
            "value": "DIV.tab TABLE.formlist TBODY TR TH"
          },
          {
            "id": "path/ordinal",
            "prob": 1,
            "value": "/HTML[1]/BODY[1]/FORM[1]/DIV[1]/TABLE[2]/TBODY[1]/TR[6]/TH[1]"
          },
          {
            "id": "shield",
            "value": {
              "zIndex": "auto",
              "width": 157,
              "height": 67
            }
          }
        ]
      },
      "intendedRole": "fragment",
      "roles": "element,fragment",
      "monitored": false,
      "frameXPath": "//iframe[@name='parentDialog']<<IFRAME>>"
    },
    "control64": {
      "location": {
        "data": {
          "tagName": "TEXTAREA"
        },
        "locators": [
          {
            "id": "elem/@name",
            "prob": 2,
            "value": [
              "descendant::form[@name=\"gyjlxxglForm\"]//TEXTAREA[@name=\"dcqk\"]",
              "descendant::TEXTAREA[@name=\"dcqk\"]"
            ]
          },
          {
            "id": "@id/word",
            "prob": 3,
            "value": "descendant::TEXTAREA[@id=\"dcqk\"]"
          },
          {
            "id": "@class/word",
            "prob": 1,
            "ordinal": [
              0,
              2
            ],
            "value": "DIV.tab TABLE.formlist TBODY TR TD TEXTAREA"
          },
          {
            "id": "path/ordinal",
            "prob": 1,
            "value": "/HTML[1]/BODY[1]/FORM[1]/DIV[1]/TABLE[2]/TBODY[1]/TR[6]/TD[1]/TEXTAREA[1]"
          },
          {
            "id": "input/type",
            "verifyEnabled": true,
            "value": "textarea"
          },
          {
            "id": "elderLevel",
            "value": {
              "level": 0
            }
          },
          {
            "id": "shield",
            "value": {
              "zIndex": "auto",
              "width": 600,
              "height": 54
            }
          }
        ]
      },
      "intendedRole": "textbox",
      "roles": "element,textbox",
      "monitored": true,
      "frameXPath": "//iframe[@name='parentDialog']<<IFRAME>>"
    },
    "control65": {
      "location": {
        "data": {
          "tagName": "TH"
        },
        "locators": [
          {
            "id": "button/text",
            "prob": 3,
            "value": {
              "text": [
                "审核信息"
              ],
              "visText": [
                "审核信息"
              ]
            }
          },
          {
            "id": "text",
            "prob": 3,
            "value": {
              "text": [
                "审核信息"
              ],
              "visText": [
                "审核信息"
              ]
            }
          },
          {
            "id": "@class/word",
            "prob": 1,
            "ordinal": [
              17,
              36
            ],
            "value": "DIV.tab TABLE.formlist TBODY TR TH"
          },
          {
            "id": "path/ordinal",
            "prob": 1,
            "value": "/HTML[1]/BODY[1]/FORM[1]/DIV[1]/TABLE[2]/TBODY[1]/TR[7]/TH[1]"
          },
          {
            "id": "elderLevel",
            "value": {
              "level": 0
            }
          },
          {
            "id": "shield",
            "value": {
              "zIndex": "auto",
              "width": 157,
              "height": 32
            }
          }
        ]
      },
      "intendedRole": "fragment",
      "roles": "element,fragment",
      "monitored": false,
      "frameXPath": "//iframe[@name='parentDialog']<<IFRAME>>"
    },
    "control66": {
      "location": {
        "data": {
          "tagName": "TD"
        },
        "locators": [
          {
            "id": "path/ordinal",
            "prob": 1,
            "value": "/HTML[1]/BODY[1]/FORM[1]/DIV[1]/TABLE[2]/TBODY[1]/TR[7]/TD[1]"
          },
          {
            "id": "elderLevel",
            "value": {
              "level": 0
            }
          },
          {
            "id": "shield",
            "value": {
              "zIndex": "auto",
              "width": 625,
              "height": 32
            }
          }
        ]
      },
      "intendedRole": "fragment",
      "roles": "element,fragment",
      "monitored": false,
      "frameXPath": "//iframe[@name='parentDialog']<<IFRAME>>"
    },
    "control67": {
      "location": {
        "data": {
          "tagName": "TH"
        },
        "locators": [
          {
            "id": "button/text",
            "prob": 3,
            "value": {
              "text": [
                "已获纪律信息"
              ],
              "visText": [
                "已获纪律信息"
              ]
            }
          },
          {
            "id": "text",
            "prob": 3,
            "value": {
              "text": [
                "已获纪律信息"
              ],
              "visText": [
                "已获纪律信息"
              ]
            }
          },
          {
            "id": "@class/word",
            "prob": 1,
            "ordinal": [
              2,
              6
            ],
            "value": "DIV.tab TABLE.formlist THEAD TR TH"
          },
          {
            "id": "path/ordinal",
            "prob": 1,
            "value": "/HTML[1]/BODY[1]/FORM[1]/DIV[1]/TABLE[3]/THEAD[1]/TR[1]/TH[1]"
          },
          {
            "id": "style/color",
            "value": [
              0,
              87,
              156
            ]
          },
          {
            "id": "shield",
            "value": {
              "zIndex": "auto",
              "width": 782,
              "height": 33
            }
          }
        ]
      },
      "intendedRole": "fragment",
      "roles": "element,fragment",
      "monitored": false,
      "frameXPath": "//iframe[@name='parentDialog']<<IFRAME>>"
    },
    "control68": {
      "location": {
        "data": {
          "tagName": "TABLE"
        },
        "locators": [
          {
            "id": "button/text",
            "prob": 3,
            "value": {
              "text": [
                "违纪学年 违纪学期 纪律类别 违纪时间 处理结果 该学生无历史违纪记录！"
              ],
              "visText": [
                "违纪学年 违纪学期 纪律类别 违纪时间 处理结果 该学生无历史违纪记录！"
              ]
            }
          },
          {
            "id": "text",
            "prob": 3,
            "value": {
              "text": [
                "违纪学年 违纪学期 纪律类别 违纪时间 处理结果 该学生无历史违纪记录！"
              ],
              "visText": [
                "违纪学年 违纪学期 纪律类别 违纪时间 处理结果 该学生无历史违纪记录！"
              ]
            }
          },
          {
            "id": "@class/word",
            "prob": 1,
            "ordinal": [
              0,
              2
            ],
            "value": "DIV.tab TABLE.formlist TABLE.formList"
          },
          {
            "id": "path/ordinal",
            "prob": 1,
            "value": "/HTML[1]/BODY[1]/FORM[1]/DIV[1]/TABLE[3]/TBODY[1]/TR[1]/TD[1]/DIV[1]/TABLE[1]"
          },
          {
            "id": "shield",
            "value": {
              "zIndex": "auto",
              "width": 767,
              "height": 65
            }
          }
        ]
      },
      "intendedRole": "fragment",
      "roles": "element,fragment",
      "monitored": false,
      "frameXPath": "//iframe[@name='parentDialog']<<IFRAME>>"
    },
    "control69": {
      "location": {
        "data": {
          "tagName": "BUTTON"
        },
        "locators": [
          {
            "id": "button/text",
            "prob": 3,
            "value": {
              "text": [
                "保 存"
              ],
              "visText": [
                "保 存"
              ]
            }
          },
          {
            "id": "text",
            "prob": 3,
            "value": {
              "text": [
                "保 存"
              ],
              "visText": [
                "保 存"
              ]
            }
          },
          {
            "id": "elem/@name",
            "prob": 1,
            "value": [
              "descendant::form[@name=\"gyjlxxglForm\"]//BUTTON[@name=\"保存\"]",
              "descendant::BUTTON[@name=\"保存\"]"
            ]
          },
          {
            "id": "@id/word",
            "prob": 3,
            "value": "descendant::BUTTON[@id=\"buttonSave\"]"
          },
          {
            "id": "@class/word",
            "prob": 1,
            "ordinal": [
              0,
              4
            ],
            "value": "TABLE.formlist DIV.btn BUTTON"
          },
          {
            "id": "path/ordinal",
            "prob": 1,
            "value": "/HTML[1]/BODY[1]/FORM[1]/TABLE[1]/TFOOT[1]/TR[1]/TD[1]/DIV[1]/BUTTON[1]"
          },
          {
            "id": "input/type",
            "verifyEnabled": true,
            "value": "button"
          },
          {
            "id": "elderLevel",
            "value": {
              "level": 0
            }
          },
          {
            "id": "shield",
            "value": {
              "zIndex": "auto",
              "width": 52.609375,
              "height": 19
            }
          }
        ]
      },
      "intendedRole": "button",
      "roles": "element,button",
      "monitored": false,
      "frameXPath": "//iframe[@name='parentDialog']<<IFRAME>>"
    },
    "control70": {
      "location": {
        "data": {
          "tagName": "BUTTON"
        },
        "locators": [
          {
            "id": "button/text",
            "prob": 3,
            "value": {
              "text": [
                "关 闭"
              ],
              "visText": [
                "关 闭"
              ]
            }
          },
          {
            "id": "text",
            "prob": 3,
            "value": {
              "text": [
                "关 闭"
              ],
              "visText": [
                "关 闭"
              ]
            }
          },
          {
            "id": "elem/@name",
            "prob": 1,
            "value": [
              "descendant::form[@name=\"gyjlxxglForm\"]//BUTTON[@name=\"关闭\"]",
              "descendant::BUTTON[@name=\"关闭\"]"
            ]
          },
          {
            "id": "@id/word",
            "prob": 3,
            "value": "descendant::BUTTON[@id=\"buttonClose\"]"
          },
          {
            "id": "@class/word",
            "prob": 1,
            "ordinal": [
              1,
              4
            ],
            "value": "TABLE.formlist DIV.btn BUTTON"
          },
          {
            "id": "path/ordinal",
            "prob": 1,
            "value": "/HTML[1]/BODY[1]/FORM[1]/TABLE[1]/TFOOT[1]/TR[1]/TD[1]/DIV[1]/BUTTON[2]"
          },
          {
            "id": "input/type",
            "verifyEnabled": true,
            "value": "button"
          },
          {
            "id": "elderLevel",
            "value": {
              "level": 0
            }
          },
          {
            "id": "shield",
            "value": {
              "zIndex": "auto",
              "width": 52.609375,
              "height": 19
            }
          }
        ]
      },
      "intendedRole": "button",
      "roles": "element,button",
      "monitored": false,
      "frameXPath": "//iframe[@name='parentDialog']<<IFRAME>>"
    },
    "control71": {
      "location": {
        "data": {
          "tagName": "BUTTON"
        },
        "locators": [
          {
            "id": "button/text",
            "prob": 3,
            "value": {
              "text": [
                "关 闭"
              ],
              "visText": [
                "关 闭"
              ]
            }
          },
          {
            "id": "text",
            "prob": 3,
            "value": {
              "text": [
                "关 闭"
              ],
              "visText": [
                "关 闭"
              ]
            }
          },
          {
            "id": "elem/@name",
            "prob": 1,
            "value": [
              "descendant::form[@name=\"gyjlxxglForm\"]//BUTTON[@name=\"关闭\"]",
              "descendant::BUTTON[@name=\"关闭\"]"
            ]
          },
          {
            "id": "@id/word",
            "prob": 3,
            "value": "descendant::BUTTON[@id=\"buttonClose\"]"
          },
          {
            "id": "@class/word",
            "prob": 1,
            "ordinal": [
              1,
              4
            ],
            "value": "TABLE.formlist DIV.btn BUTTON"
          },
          {
            "id": "path/ordinal",
            "prob": 1,
            "value": "/HTML[1]/BODY[1]/FORM[1]/TABLE[1]/TFOOT[1]/TR[1]/TD[1]/DIV[1]/BUTTON[2]"
          },
          {
            "id": "input/type",
            "verifyEnabled": true,
            "value": "button"
          },
          {
            "id": "elderLevel",
            "value": {
              "level": 0
            }
          },
          {
            "id": "shield",
            "value": {
              "zIndex": "auto",
              "width": 52.609375,
              "height": 19
            }
          }
        ]
      },
      "intendedRole": "button",
      "roles": "element,button",
      "monitored": false,
      "frameXPath": "//iframe[@name='parentDialog']<<IFRAME>>"
    },
    "control264": {
      "location": {
        "data": {
          "tagName": "TBODY"
        },
        "locators": [
          {
            "id": "text",
            "prob": 3,
            "value": {
              "text": [
                "违纪学年 2016-2017 违纪学期 1 纪律大类 测试 纪律类别 测试 违纪时间 2018-02-23 备注 云适配测试 *处理结果 --请选择-- 退回 测试 *调查情况 (限制在500字内) 审核信息"
              ],
              "visText": [
                "违纪学年 2016-2017 违纪学期 1 纪律大类 测试 纪律类别 测试 违纪时间 2018-02-23 备注 云适配测试 *处理结果 *调查情况 (限制在500字内) 审核信息"
              ]
            }
          },
          {
            "id": "@class/word",
            "prob": 1,
            "ordinal": [
              1,
              8
            ],
            "value": "DIV.tab TABLE.formlist TBODY"
          },
          {
            "id": "path/ordinal",
            "prob": 1,
            "value": "/HTML[1]/BODY[1]/FORM[1]/DIV[1]/TABLE[2]/TBODY[1]"
          },
          {
            "id": "shield",
            "value": {
              "zIndex": "auto",
              "width": 782,
              "height": 259
            }
          }
        ]
      },
      "events": {
        "onGetData": "getData_control264"
      },
      "intendedRole": "custom",
      "roles": "element,custom",
      "monitored": true,
      "frameXPath": "//iframe[@name='parentDialog']<<IFRAME>>"
    }
  },
  "contexts": {
    "context5": {
      "controls": [
        "control56",
        "control57",
        "control58",
        "control59",
        "control61",
        "control62",
        "control63",
        "control64",
        "control65",
        "control66",
        "control67",
        "control68",
        "control69",
        "control70",
        "control71",
        "control264"
      ],
      "anchors": [
        "control55"
      ]
    }
  },
  "flows": {
    "flow15": {
      "toContexts": [
        {
          "toContextId": "context5"
        }
      ]
    },
    "flow17": {
      "fromContextId": "context5",
      "fromAction": "click",
      "fromControlId": "control62",
      "toContexts": [
        {
          "toContextId": "context5"
        }
      ]
    },
    "flow18": {
      "fromContextId": "context5",
      "fromAction": "click",
      "fromControlId": "control64",
      "toContexts": [
        {
          "toContextId": "context5"
        }
      ]
    },
    "flow19": {
      "fromContextId": "context5",
      "fromAction": "click",
      "fromControlId": "control63",
      "toContexts": [
        {
          "toContextId": "context5"
        }
      ]
    }
  },
  "pages": {
    "page5": {
      "contextId": "context5",
      "layout": [
        {
          "id": "uiControl73",
          "display": {
            "class": "navbar navbar-primary xg_header",
            "title": "处理",
            "type": "header",
            "adapterId": "header",
            "adapter": {
              "templateType": ""
            }
          },
          "layout": [
            {
              "id": "uiControl73headerLeft",
              "display": {
                "type": "headerLeft",
                "adapterId": "headerLeft",
                "adapter": {
                  "templateType": ""
                }
              },
              "layout": []
            }
          ]
        },
        {
          "id": "uiControl93",
          "controlId": "control71",
          "display": {
            "adapterId": "clickable",
            "type": "button",
            "text": "返回",
            "class": "xg_back",
            "adapter": {
              "templateType": ""
            }
          }
        },
        {
          "id": "uiControl74",
          "display": {
            "type": "card",
            "adapterId": "card",
            "class": "xg_body",
            "adapter": {
              "templateType": ""
            }
          },
          "layout": [
            {
              "id": "uiControl74body",
              "display": {
                "type": "cardBody",
                "adapterId": "cardBody",
                "adapter": {
                  "templateType": ""
                }
              },
              "layout": [
                {
                  "id": "uiControl78",
                  "controlId": "control58",
                  "display": {
                    "adapterId": "fragment",
                    "type": "fragment",
                    "class": "y_header",
                    "adapter": {
                      "templateType": ""
                    }
                  }
                },
                {
                  "id": "uiControl77",
                  "controlId": "control57",
                  "display": {
                    "adapterId": "fragment",
                    "type": "fragment",
                    "class": "y_info",
                    "adapter": {
                      "templateType": ""
                    }
                  }
                },
                {
                  "id": "uiControl79",
                  "controlId": "control59",
                  "display": {
                    "adapterId": "fragment",
                    "type": "fragment",
                    "class": "y_header",
                    "adapter": {
                      "templateType": ""
                    }
                  }
                },
                {
                  "id": "uiControl304",
                  "controlId": "control264",
                  "display": {
                    "adapterId": "custom",
                    "type": "custom",
                    "class": "y_info",
                    "adapter": {
                      "templateType": "react",
                      "events": {
                        "onDoAction": "doAction_uiControl304",
                        "onGetTemplate": "getTemplate_uiControl304"
                      }
                    }
                  }
                },
                {
                  "id": "uiControl88",
                  "controlId": "control67",
                  "display": {
                    "adapterId": "fragment",
                    "type": "fragment",
                    "class": "y_header",
                    "adapter": {
                      "templateType": ""
                    }
                  }
                },
                {
                  "id": "uiControl89",
                  "controlId": "control68",
                  "display": {
                    "adapterId": "fragment",
                    "type": "fragment",
                    "class": "y_table_aa",
                    "adapter": {
                      "templateType": ""
                    }
                  }
                },
                {
                  "id": "uiControl90",
                  "display": {
                    "type": "card",
                    "adapterId": "card",
                    "class": "xg_three_btn",
                    "adapter": {
                      "templateType": ""
                    }
                  },
                  "layout": [
                    {
                      "id": "uiControl90body",
                      "display": {
                        "type": "cardBody",
                        "adapterId": "cardBody",
                        "adapter": {
                          "templateType": ""
                        }
                      },
                      "layout": [
                        {
                          "id": "uiControl91",
                          "controlId": "control69",
                          "display": {
                            "adapterId": "clickable",
                            "type": "button",
                            "adapter": {
                              "templateType": ""
                            }
                          }
                        },
                        {
                          "id": "uiControl92",
                          "controlId": "control70",
                          "display": {
                            "adapterId": "clickable",
                            "type": "button",
                            "adapter": {
                              "templateType": ""
                            }
                          }
                        }
                      ]
                    }
                  ]
                }
              ]
            }
          ]
        }
      ]
    }
  },
  "matchers": {
    "page/title": {
      "contexts": {
        "context5": [
          ""
        ]
      }
    },
    "page/urls": {
      "contexts": {
        "context5": [
          "42.247.16.108/xgxt/gygl_gyjlglnew_gyjlxxcl.do"
        ]
      }
    },
    "page/ids": {
      "contexts": {
        "context5": [
          [
            "dcqk"
          ]
        ]
      }
    },
    "page/classes": {
      "contexts": {
        "context5": [
          []
        ]
      }
    },
    "page/tagTriplets": {
      "contexts": {
        "context5": [
          [
            "-/-/TD",
            "-/-/TH",
            "-/TD/TEXTAREA",
            "-/TH/BR",
            "-/TH/FONT"
          ]
        ]
      }
    }
  }
}