{
  "version": "0.1",
  "id": "y_LeaveResults_sickleave",
  "targetURL": "http://42.247.16.108/xgxt/qjjgbase.do",
  "jsFile": "index.js",
  "requires": {
    "y_DormitoryMoveApplication_info_xh": "../y_DormitoryMoveApplication_info_xh/index.json"
  },
  "chineseName": "请假结果_销假",
  "description": "",
  "controls": {
    "control0": {
      "location": {
        "data": {
          "tagName": "THEAD"
        },
        "locators": [
          {
            "id": "button/text",
            "prob": 3,
            "value": {
              "text": [
                "学生基本信息"
              ],
              "visText": [
                "学生基本信息"
              ]
            }
          },
          {
            "id": "text",
            "prob": 3,
            "value": {
              "text": [
                "学生基本信息"
              ],
              "visText": [
                "学生基本信息"
              ]
            }
          },
          {
            "id": "@id/word",
            "prob": 2,
            "value": [
              "descendant::FORM[@id=\"form\"]/DIV[1]/TABLE[1]/THEAD[1]",
              "descendant::FORM[@id=\"form\"]//THEAD"
            ]
          },
          {
            "id": "@class/word",
            "prob": 1,
            "ordinal": [
              0,
              6
            ],
            "value": "TABLE.formlist THEAD"
          },
          {
            "id": "path/ordinal",
            "prob": 1,
            "value": "/HTML[1]/BODY[1]/FORM[1]/DIV[1]/TABLE[1]/THEAD[1]"
          },
          {
            "id": "shield",
            "value": {
              "zIndex": "auto",
              "width": 765,
              "height": 33
            }
          }
        ]
      },
      "intendedRole": "fragment",
      "roles": "element,fragment",
      "monitored": false,
      "frameXPath": "//iframe[@name='parentDialog']<<IFRAME>>"
    },
    "control1": {
      "location": {
        "data": {
          "tagName": "TBODY"
        },
        "locators": [
          {
            "id": "text",
            "prob": 3,
            "value": {
              "text": [
                "学号 104003 姓名 蔡东达 性别 男 身份证号 612526199206220015 年级 2013 学院 商学院 专业 国际经济与贸易 班级 国际经济与贸易1302 政治面貌 中国共产主义青年团团员 联系电话"
              ],
              "visText": [
                "学号 104003 姓名 蔡东达 性别 男 身份证号 612526199206220015 年级 2013 学院 商学院 专业 国际经济与贸易 班级 国际经济与贸易1302 政治面貌 中国共产主义青年团团员 联系电话"
              ]
            }
          },
          {
            "id": "@id/word",
            "prob": 2,
            "value": [
              "descendant::FORM[@id=\"form\"]/DIV[1]/TABLE[1]/TBODY[1]",
              "descendant::FORM[@id=\"form\"]//TBODY"
            ]
          },
          {
            "id": "@class/word",
            "prob": 1,
            "ordinal": [
              0,
              6
            ],
            "value": "TABLE.formlist TBODY"
          },
          {
            "id": "path/ordinal",
            "prob": 1,
            "value": "/HTML[1]/BODY[1]/FORM[1]/DIV[1]/TABLE[1]/TBODY[1]"
          },
          {
            "id": "shield",
            "value": {
              "zIndex": "auto",
              "width": 765,
              "height": 160
            }
          }
        ]
      },
      "events": {
        "onGetData": "getData_control1"
      },
      "intendedRole": "custom",
      "roles": "element,link,custom",
      "monitored": false,
      "frameXPath": "//iframe[@name='parentDialog']<<IFRAME>>"
    },
    "control2": {
      "location": {
        "data": {
          "tagName": "THEAD"
        },
        "locators": [
          {
            "id": "button/text",
            "prob": 3,
            "value": {
              "text": [
                "请假信息"
              ],
              "visText": [
                "请假信息"
              ]
            }
          },
          {
            "id": "text",
            "prob": 3,
            "value": {
              "text": [
                "请假信息"
              ],
              "visText": [
                "请假信息"
              ]
            }
          },
          {
            "id": "@id/word",
            "prob": 2,
            "value": [
              "descendant::FORM[@id=\"form\"]/DIV[1]/TABLE[1]/THEAD[2]",
              "descendant::FORM[@id=\"form\"]//THEAD"
            ]
          },
          {
            "id": "@class/word",
            "prob": 1,
            "ordinal": [
              1,
              6
            ],
            "value": "TABLE.formlist THEAD"
          },
          {
            "id": "path/ordinal",
            "prob": 1,
            "value": "/HTML[1]/BODY[1]/FORM[1]/DIV[1]/TABLE[1]/THEAD[2]"
          },
          {
            "id": "shield",
            "value": {
              "zIndex": "auto",
              "width": 765,
              "height": 33
            }
          }
        ]
      },
      "intendedRole": "fragment",
      "roles": "element,fragment",
      "monitored": false,
      "frameXPath": "//iframe[@name='parentDialog']<<IFRAME>>"
    },
    "control3": {
      "location": {
        "data": {
          "tagName": "TBODY"
        },
        "locators": [
          {
            "id": "text",
            "prob": 3,
            "value": {
              "text": [
                "学年 2016-2017 学期 1 请假天数 3 天 请假类型 病假 请假开始时间 2016-10-12 请假结束时间 2016-10-14 请假事由 测试数据"
              ],
              "visText": [
                "学年 2016-2017 学期 1 请假天数 3 天 请假类型 病假 请假开始时间 2016-10-12 请假结束时间 2016-10-14 请假事由 测试数据"
              ]
            }
          },
          {
            "id": "@id/word",
            "prob": 2,
            "value": [
              "descendant::FORM[@id=\"form\"]/DIV[1]/TABLE[1]/TBODY[2]",
              "descendant::FORM[@id=\"form\"]//TBODY"
            ]
          },
          {
            "id": "@class/word",
            "prob": 1,
            "ordinal": [
              1,
              6
            ],
            "value": "TABLE.formlist TBODY"
          },
          {
            "id": "path/ordinal",
            "prob": 1,
            "value": "/HTML[1]/BODY[1]/FORM[1]/DIV[1]/TABLE[1]/TBODY[2]"
          },
          {
            "id": "shield",
            "value": {
              "zIndex": "auto",
              "width": 765,
              "height": 128
            }
          }
        ]
      },
      "events": {
        "onGetData": "getData_control3"
      },
      "intendedRole": "custom",
      "roles": "element,custom",
      "monitored": false,
      "frameXPath": "//iframe[@name='parentDialog']<<IFRAME>>"
    },
    "control4": {
      "location": {
        "data": {
          "tagName": "DIV"
        },
        "locators": [
          {
            "id": "button/text",
            "prob": 3,
            "value": {
              "text": [
                "\"*\"为必填项"
              ],
              "visText": [
                "\"*\"为必填项"
              ]
            }
          },
          {
            "id": "text",
            "prob": 3,
            "value": {
              "text": [
                "\"*\"为必填项"
              ],
              "visText": [
                "\"*\"为必填项"
              ]
            }
          },
          {
            "id": "@class/word",
            "prob": 1,
            "ordinal": [
              0,
              2
            ],
            "value": "TABLE.formlist DIV.bz"
          },
          {
            "id": "path/ordinal",
            "prob": 1,
            "value": "/HTML[1]/BODY[1]/FORM[1]/DIV[2]/TABLE[1]/TFOOT[1]/TR[1]/TD[1]/DIV[1]"
          },
          {
            "id": "shield",
            "value": {
              "zIndex": "auto",
              "width": 94.578125,
              "height": 19
            }
          }
        ]
      },
      "intendedRole": "fragment",
      "roles": "element,fragment",
      "monitored": false,
      "frameXPath": "//iframe[@name='parentDialog']<<IFRAME>>"
    },
    "control5": {
      "location": {
        "data": {
          "tagName": "TEXTAREA"
        },
        "locators": [
          {
            "id": "elem/@name",
            "prob": 2,
            "value": [
              "descendant::form[@name=\"qjjgForm\"]//TEXTAREA[@name=\"xjbz\"]",
              "descendant::TEXTAREA[@name=\"xjbz\"]"
            ]
          },
          {
            "id": "@id/word",
            "prob": 3,
            "value": [
              "descendant::FORM[@id=\"form\"]//TEXTAREA[@id=\"xjbz\"]",
              "descendant::TEXTAREA[@id=\"xjbz\"]"
            ]
          },
          {
            "id": "@class/word",
            "prob": 1,
            "ordinal": [
              0,
              2
            ],
            "value": "TABLE.formlist TBODY TR TD TEXTAREA"
          },
          {
            "id": "path/ordinal",
            "prob": 1,
            "value": "/HTML[1]/BODY[1]/FORM[1]/DIV[1]/TABLE[2]/TBODY[1]/TR[2]/TD[1]/TEXTAREA[1]"
          },
          {
            "id": "input/type",
            "verifyEnabled": true,
            "value": "textarea"
          },
          {
            "id": "elderLevel",
            "value": {
              "level": 0
            }
          },
          {
            "id": "shield",
            "value": {
              "zIndex": "auto",
              "width": 614.453125,
              "height": 86
            }
          }
        ]
      },
      "intendedRole": "textbox",
      "roles": "element,textbox",
      "monitored": true,
      "frameXPath": "//iframe[@name='parentDialog']<<IFRAME>>"
    },
    "control6": {
      "location": {
        "data": {
          "tagName": "TH"
        },
        "locators": [
          {
            "id": "button/text",
            "prob": 3,
            "value": {
              "text": [
                "*销假信息 (限250字)"
              ],
              "visText": [
                "*销假信息 (限250字)"
              ]
            }
          },
          {
            "id": "text",
            "prob": 3,
            "value": {
              "text": [
                "*销假信息 (限250字)"
              ],
              "visText": [
                "*销假信息 (限250字)"
              ]
            }
          },
          {
            "id": "@class/word",
            "prob": 1,
            "ordinal": [
              19,
              40
            ],
            "value": "TABLE.formlist TBODY TR TH"
          },
          {
            "id": "path/ordinal",
            "prob": 1,
            "value": "/HTML[1]/BODY[1]/FORM[1]/DIV[1]/TABLE[2]/TBODY[1]/TR[2]/TH[1]"
          },
          {
            "id": "shield",
            "value": {
              "zIndex": "auto",
              "width": 123,
              "height": 99
            }
          }
        ]
      },
      "intendedRole": "fragment",
      "roles": "element,fragment",
      "monitored": false,
      "frameXPath": "//iframe[@name='parentDialog']<<IFRAME>>"
    },
    "control7": {
      "location": {
        "data": {
          "tagName": "INPUT"
        },
        "locators": [
          {
            "id": "input/@value",
            "prob": 1,
            "value": {
              "text": [
                "2016-10-12"
              ]
            }
          },
          {
            "id": "input/button/@value",
            "prob": 3,
            "value": {
              "text": [
                "2016-10-12"
              ]
            }
          },
          {
            "id": "elem/@name",
            "prob": 2,
            "value": [
              "descendant::form[@name=\"qjjgForm\"]//INPUT[@name=\"sjkssj\"]",
              "descendant::INPUT[@name=\"sjkssj\"]"
            ]
          },
          {
            "id": "@id/word",
            "prob": 3,
            "value": [
              "descendant::FORM[@id=\"form\"]//INPUT[@id=\"sjkssj\"]",
              "descendant::INPUT[@id=\"sjkssj\"]"
            ]
          },
          {
            "id": "@class/word",
            "prob": 1,
            "ordinal": [
              1,
              6
            ],
            "value": "TABLE.formlist TBODY TR TD INPUT"
          },
          {
            "id": "path/ordinal",
            "prob": 1,
            "value": "/HTML[1]/BODY[1]/FORM[1]/DIV[1]/TABLE[2]/TBODY[1]/TR[1]/TD[2]/INPUT[1]"
          },
          {
            "id": "input/type",
            "verifyEnabled": true,
            "value": "text"
          },
          {
            "id": "elderLevel",
            "value": {
              "level": 0
            }
          },
          {
            "id": "shield",
            "value": {
              "zIndex": "auto",
              "width": 105.34375,
              "height": 21
            }
          }
        ]
      },
      "intendedRole": "datepicker",
      "roles": "element,datepicker,textbox",
      "monitored": true,
      "frameXPath": "//iframe[@name='parentDialog']<<IFRAME>>"
    },
    "control8": {
      "location": {
        "data": {
          "tagName": "INPUT"
        },
        "locators": [
          {
            "id": "input/@value",
            "prob": 1,
            "value": {
              "text": [
                "2016-10-14"
              ]
            }
          },
          {
            "id": "input/button/@value",
            "prob": 3,
            "value": {
              "text": [
                "2016-10-14"
              ]
            }
          },
          {
            "id": "elem/@name",
            "prob": 2,
            "value": [
              "descendant::form[@name=\"qjjgForm\"]//INPUT[@name=\"sjjssj\"]",
              "descendant::INPUT[@name=\"sjjssj\"]"
            ]
          },
          {
            "id": "@id/word",
            "prob": 3,
            "value": [
              "descendant::FORM[@id=\"form\"]//INPUT[@id=\"sjjssj\"]",
              "descendant::INPUT[@id=\"sjjssj\"]"
            ]
          },
          {
            "id": "@class/word",
            "prob": 1,
            "ordinal": [
              2,
              6
            ],
            "value": "TABLE.formlist TBODY TR TD INPUT"
          },
          {
            "id": "path/ordinal",
            "prob": 1,
            "value": "/HTML[1]/BODY[1]/FORM[1]/DIV[1]/TABLE[2]/TBODY[1]/TR[1]/TD[2]/INPUT[2]"
          },
          {
            "id": "input/type",
            "verifyEnabled": true,
            "value": "text"
          },
          {
            "id": "elderLevel",
            "value": {
              "level": 0
            }
          },
          {
            "id": "shield",
            "value": {
              "zIndex": "auto",
              "width": 105.34375,
              "height": 21
            }
          }
        ]
      },
      "intendedRole": "datepicker",
      "roles": "element,datepicker,textbox",
      "monitored": true,
      "frameXPath": "//iframe[@name='parentDialog']<<IFRAME>>"
    },
    "control9": {
      "location": {
        "data": {
          "tagName": "TH"
        },
        "locators": [
          {
            "id": "button/text",
            "prob": 3,
            "value": {
              "text": [
                "*实际请假时间"
              ],
              "visText": [
                "*实际请假时间"
              ]
            }
          },
          {
            "id": "text",
            "prob": 3,
            "value": {
              "text": [
                "*实际请假时间"
              ],
              "visText": [
                "*实际请假时间"
              ]
            }
          },
          {
            "id": "@class/word",
            "prob": 1,
            "ordinal": [
              18,
              40
            ],
            "value": "TABLE.formlist TBODY TR TH"
          },
          {
            "id": "path/ordinal",
            "prob": 1,
            "value": "/HTML[1]/BODY[1]/FORM[1]/DIV[1]/TABLE[2]/TBODY[1]/TR[1]/TH[2]"
          },
          {
            "id": "shield",
            "value": {
              "zIndex": "auto",
              "width": 122,
              "height": 51
            }
          }
        ]
      },
      "intendedRole": "fragment",
      "roles": "element,fragment",
      "monitored": false,
      "frameXPath": "//iframe[@name='parentDialog']<<IFRAME>>"
    },
    "control10": {
      "location": {
        "data": {
          "tagName": "INPUT"
        },
        "locators": [
          {
            "id": "input/@value",
            "prob": 1,
            "value": {
              "text": [
                "3"
              ]
            }
          },
          {
            "id": "input/button/@value",
            "prob": 3,
            "value": {
              "text": [
                "3"
              ]
            }
          },
          {
            "id": "elem/@name",
            "prob": 2,
            "value": [
              "descendant::form[@name=\"qjjgForm\"]//INPUT[@name=\"sjqjts\"]",
              "descendant::INPUT[@name=\"sjqjts\"]"
            ]
          },
          {
            "id": "@id/word",
            "prob": 3,
            "value": [
              "descendant::FORM[@id=\"form\"]//INPUT[@id=\"sjqjts\"]",
              "descendant::INPUT[@id=\"sjqjts\"]"
            ]
          },
          {
            "id": "@class/word",
            "prob": 1,
            "ordinal": [
              0,
              6
            ],
            "value": "TABLE.formlist TBODY TR TD INPUT"
          },
          {
            "id": "path/ordinal",
            "prob": 1,
            "value": "/HTML[1]/BODY[1]/FORM[1]/DIV[1]/TABLE[2]/TBODY[1]/TR[1]/TD[1]/INPUT[1]"
          },
          {
            "id": "input/type",
            "verifyEnabled": true,
            "value": "text"
          },
          {
            "id": "elderLevel",
            "value": {
              "level": 0
            }
          },
          {
            "id": "shield",
            "value": {
              "zIndex": "auto",
              "width": 122.5,
              "height": 21
            }
          }
        ]
      },
      "intendedRole": "textbox",
      "roles": "element,textbox",
      "monitored": true,
      "frameXPath": "//iframe[@name='parentDialog']<<IFRAME>>"
    },
    "control11": {
      "location": {
        "data": {
          "tagName": "TH"
        },
        "locators": [
          {
            "id": "button/text",
            "prob": 3,
            "value": {
              "text": [
                "*实际请假天数"
              ],
              "visText": [
                "*实际请假天数"
              ]
            }
          },
          {
            "id": "text",
            "prob": 3,
            "value": {
              "text": [
                "*实际请假天数"
              ],
              "visText": [
                "*实际请假天数"
              ]
            }
          },
          {
            "id": "@class/word",
            "prob": 1,
            "ordinal": [
              17,
              40
            ],
            "value": "TABLE.formlist TBODY TR TH"
          },
          {
            "id": "path/ordinal",
            "prob": 1,
            "value": "/HTML[1]/BODY[1]/FORM[1]/DIV[1]/TABLE[2]/TBODY[1]/TR[1]/TH[1]"
          },
          {
            "id": "shield",
            "value": {
              "zIndex": "auto",
              "width": 123,
              "height": 51
            }
          }
        ]
      },
      "intendedRole": "fragment",
      "roles": "element,fragment",
      "monitored": false,
      "frameXPath": "//iframe[@name='parentDialog']<<IFRAME>>"
    },
    "control12": {
      "location": {
        "data": {
          "tagName": "BUTTON"
        },
        "locators": [
          {
            "id": "button/text",
            "prob": 3,
            "value": {
              "text": [
                "保 存"
              ],
              "visText": [
                "保 存"
              ]
            }
          },
          {
            "id": "text",
            "prob": 3,
            "value": {
              "text": [
                "保 存"
              ],
              "visText": [
                "保 存"
              ]
            }
          },
          {
            "id": "@id/word",
            "prob": 3,
            "value": [
              "descendant::FORM[@id=\"form\"]//BUTTON[@id=\"buttonSave\"]",
              "descendant::BUTTON[@id=\"buttonSave\"]"
            ]
          },
          {
            "id": "@class/word",
            "prob": 1,
            "ordinal": [
              0,
              4
            ],
            "value": "TABLE.formlist DIV.btn BUTTON"
          },
          {
            "id": "path/ordinal",
            "prob": 1,
            "value": "/HTML[1]/BODY[1]/FORM[1]/DIV[2]/TABLE[1]/TFOOT[1]/TR[1]/TD[1]/DIV[2]/BUTTON[1]"
          },
          {
            "id": "input/type",
            "verifyEnabled": true,
            "value": "button"
          },
          {
            "id": "elderLevel",
            "value": {
              "level": 0
            }
          },
          {
            "id": "shield",
            "value": {
              "zIndex": "auto",
              "width": 52.609375,
              "height": 19
            }
          }
        ]
      },
      "intendedRole": "button",
      "roles": "element,button",
      "monitored": false,
      "frameXPath": "//iframe[@name='parentDialog']<<IFRAME>>"
    },
    "control13": {
      "location": {
        "data": {
          "tagName": "BUTTON"
        },
        "locators": [
          {
            "id": "button/text",
            "prob": 3,
            "value": {
              "text": [
                "关 闭"
              ],
              "visText": [
                "关 闭"
              ]
            }
          },
          {
            "id": "text",
            "prob": 3,
            "value": {
              "text": [
                "关 闭"
              ],
              "visText": [
                "关 闭"
              ]
            }
          },
          {
            "id": "@id/word",
            "prob": 3,
            "value": [
              "descendant::FORM[@id=\"form\"]//BUTTON[@id=\"buttonClose\"]",
              "descendant::BUTTON[@id=\"buttonClose\"]"
            ]
          },
          {
            "id": "@class/word",
            "prob": 1,
            "ordinal": [
              1,
              4
            ],
            "value": "TABLE.formlist DIV.btn BUTTON"
          },
          {
            "id": "path/ordinal",
            "prob": 1,
            "value": "/HTML[1]/BODY[1]/FORM[1]/DIV[2]/TABLE[1]/TFOOT[1]/TR[1]/TD[1]/DIV[2]/BUTTON[2]"
          },
          {
            "id": "input/type",
            "verifyEnabled": true,
            "value": "button"
          },
          {
            "id": "elderLevel",
            "value": {
              "level": 0
            }
          },
          {
            "id": "shield",
            "value": {
              "zIndex": "auto",
              "width": 52.609375,
              "height": 19
            }
          }
        ]
      },
      "intendedRole": "button",
      "roles": "element,button",
      "monitored": false,
      "frameXPath": "//iframe[@name='parentDialog']<<IFRAME>>"
    },
    "control14": {
      "location": {
        "data": {
          "tagName": "THEAD"
        },
        "locators": [
          {
            "id": "button/text",
            "prob": 3,
            "value": {
              "text": [
                "销假信息"
              ],
              "visText": [
                "销假信息"
              ]
            }
          },
          {
            "id": "text",
            "prob": 3,
            "value": {
              "text": [
                "销假信息"
              ],
              "visText": [
                "销假信息"
              ]
            }
          },
          {
            "id": "@id/word",
            "prob": 2,
            "value": [
              "descendant::FORM[@id=\"form\"]/DIV[1]/TABLE[2]/THEAD[1]",
              "descendant::FORM[@id=\"form\"]//THEAD"
            ]
          },
          {
            "id": "@class/word",
            "prob": 1,
            "ordinal": [
              2,
              6
            ],
            "value": "TABLE.formlist THEAD"
          },
          {
            "id": "path/ordinal",
            "prob": 1,
            "value": "/HTML[1]/BODY[1]/FORM[1]/DIV[1]/TABLE[2]/THEAD[1]"
          },
          {
            "id": "shield",
            "value": {
              "zIndex": "auto",
              "width": 765,
              "height": 33
            }
          }
        ]
      },
      "intendedRole": "fragment",
      "roles": "element,fragment",
      "monitored": false,
      "frameXPath": "//iframe[@name='parentDialog']<<IFRAME>>"
    },
    "control170": {
      "location": {
        "data": {
          "tagName": "DIV"
        },
        "locators": [
          {
            "id": "text",
            "prob": 3,
            "value": {
              "text": [
                "蔡东达 （学号： 104003） 温馨提醒： 点击下面的类别， 可以快速定位到您所要查看的信息 学生信息基本信息联系方式家庭成员信息其他信息报到注册信息思政信息辅导员信息班主任信息学生干部信息学籍异动学籍异动信息评奖评优获奖情况综测分数勤工助学岗位录用情况酬金发放情况学生资助困难生认定信息资助项目信息违纪处分违纪处分更多公寓管理日常事务课程成绩党团信息"
              ],
              "visText": [
                "蔡东达 （学号： 104003）温馨提醒： 点击下面的类别， 可以快速定位到您所要查看的信息 学生信息思政信息学籍异动评奖评优勤工助学学生资助违纪处分更多"
              ]
            }
          },
          {
            "id": "@id/word",
            "prob": 3,
            "value": "descendant::DIV[@id=\"navigation\"]"
          },
          {
            "id": "path/ordinal",
            "prob": 1,
            "value": "/HTML[1]/BODY[1]/FORM[1]/DIV[1]/DIV[1]"
          },
          {
            "id": "shield",
            "value": {
              "zIndex": "0",
              "width": 733,
              "height": 70
            }
          }
        ]
      },
      "intendedRole": "modal",
      "roles": "element,modal",
      "monitored": false,
      "frameXPath": "//iframe[@name='childDialog']<<IFRAME>>"
    },
    "control237": {
      "location": {
        "data": {
          "tagName": "BUTTON"
        },
        "locators": [
          {
            "id": "button/text",
            "prob": 3,
            "value": {
              "text": [
                "关 闭"
              ],
              "visText": [
                "关 闭"
              ]
            }
          },
          {
            "id": "text",
            "prob": 3,
            "value": {
              "text": [
                "关 闭"
              ],
              "visText": [
                "关 闭"
              ]
            }
          },
          {
            "id": "@id/word",
            "prob": 3,
            "value": [
              "descendant::FORM[@id=\"form\"]//BUTTON[@id=\"buttonClose\"]",
              "descendant::BUTTON[@id=\"buttonClose\"]"
            ]
          },
          {
            "id": "@class/word",
            "prob": 1,
            "ordinal": [
              1,
              4
            ],
            "value": "TABLE.formlist DIV.btn BUTTON"
          },
          {
            "id": "path/ordinal",
            "prob": 1,
            "value": "/HTML[1]/BODY[1]/FORM[1]/DIV[2]/TABLE[1]/TFOOT[1]/TR[1]/TD[1]/DIV[2]/BUTTON[2]"
          },
          {
            "id": "input/type",
            "verifyEnabled": true,
            "value": "button"
          },
          {
            "id": "elderLevel",
            "value": {
              "level": 0
            }
          },
          {
            "id": "shield",
            "value": {
              "zIndex": "auto",
              "width": 52.609375,
              "height": 19
            }
          }
        ]
      },
      "intendedRole": "button",
      "roles": "element,button",
      "monitored": false,
      "frameXPath": "//iframe[@name='parentDialog']<<IFRAME>>"
    },
    "control240": {
      "location": {
        "data": {
          "tagName": "DIV"
        },
        "locators": [
          {
            "id": "button/text",
            "prob": 3,
            "ordinal": [
              1,
              2
            ],
            "value": {
              "text": [
                "系统提示01r请将带*的项目填写完整！"
              ],
              "visText": [
                "系统提示请将带*的项目填写完整！"
              ]
            }
          },
          {
            "id": "text",
            "prob": 3,
            "value": {
              "text": [
                "系统提示01r请将带*的项目填写完整！"
              ],
              "visText": [
                "系统提示 请将带*的项目填写完整！"
              ]
            }
          },
          {
            "id": "@id/partialWord",
            "prob": 3,
            "value": {
              "elemId": "ym-window",
              "tagName": "DIV",
              "prefix": "",
              "suffix": "",
              "ratio": 0
            }
          },
          {
            "id": "path/ordinal",
            "prob": 1,
            "value": "/HTML[1]/BODY[1]/DIV[3]/DIV[2]"
          },
          {
            "id": "shield",
            "value": {
              "zIndex": "10001",
              "width": 342,
              "height": 161
            }
          }
        ]
      },
      "intendedRole": "dialog",
      "roles": "element,dialog",
      "monitored": false,
      "frameXPath": "//iframe[@name='parentDialog']<<IFRAME>>"
    },
    "control241": {
      "location": {
        "data": {
          "tagName": "DIV"
        },
        "locators": [
          {
            "id": "button/text",
            "prob": 3,
            "ordinal": [
              1,
              2
            ],
            "value": {
              "text": [
                "系统提示01r请将带*的项目填写完整！"
              ],
              "visText": [
                "系统提示请将带*的项目填写完整！"
              ]
            }
          },
          {
            "id": "text",
            "prob": 3,
            "value": {
              "text": [
                "系统提示01r请将带*的项目填写完整！"
              ],
              "visText": [
                "系统提示 请将带*的项目填写完整！"
              ]
            }
          },
          {
            "id": "@id/partialWord",
            "prob": 3,
            "value": {
              "elemId": "ym-window",
              "tagName": "DIV",
              "prefix": "",
              "suffix": "",
              "ratio": 0
            }
          },
          {
            "id": "path/ordinal",
            "prob": 1,
            "value": "/HTML[1]/BODY[1]/DIV[3]/DIV[2]"
          },
          {
            "id": "shield",
            "value": {
              "zIndex": "10001",
              "width": 342,
              "height": 161
            }
          }
        ]
      },
      "events": {
        "onGetData": "getData_control241"
      },
      "intendedRole": "custom",
      "roles": "element,custom",
      "monitored": true,
      "frameXPath": "//iframe[@name='parentDialog']<<IFRAME>>"
    }
  },
  "contexts": {
    "context2": {
      "controls": [
        "control0",
        "control1",
        "control2",
        "control3",
        "control4",
        "control5",
        "control6",
        "control7",
        "control8",
        "control9",
        "control10",
        "control11",
        "control12",
        "control13",
        "control14",
        "control170",
        "control237",
        "control240",
        "control241"
      ],
      "anchors": []
    }
  },
  "flows": {
    "flow0": {
      "toContexts": [
        {
          "toContextId": "context2"
        }
      ]
    },
    "flow70": {
      "fromContextId": "context2",
      "fromAction": "doAction",
      "fromControlId": "control1",
      "toContexts": [
        {
          "toContextId": "context2"
        },
        {
          "toContextId": "context3",
          "toModelId": "y_DormitoryMoveApplication_info_xh"
        }
      ]
    },
    "flow48": {
      "fromContextId": "context2",
      "fromAction": "click",
      "fromControlId": "control237",
      "toContexts": [
        {
          "toContextId": "context2"
        }
      ]
    },
    "flow51": {
      "fromContextId": "context2",
      "fromAction": "click",
      "fromControlId": "control12",
      "toContexts": [
        {
          "toContextId": "context2"
        }
      ]
    },
    "flow64": {
      "fromContextId": "context2",
      "fromAction": "click",
      "fromControlId": "control240",
      "toContexts": [
        {
          "toContextId": "context2"
        }
      ]
    }
  },
  "pages": {
    "page2": {
      "contextId": "context2",
      "layout": [
        {
          "id": "uiControl0",
          "display": {
            "class": "xg_header",
            "title": "销假管理",
            "type": "header",
            "adapterId": "header",
            "adapter": {
              "templateType": ""
            }
          },
          "layout": [
            {
              "id": "uiControl0headerLeft",
              "display": {
                "type": "headerLeft",
                "adapterId": "headerLeft",
                "adapter": {
                  "templateType": ""
                }
              },
              "layout": []
            }
          ]
        },
        {
          "id": "uiControl253",
          "controlId": "control237",
          "display": {
            "adapterId": "clickable",
            "type": "button",
            "text": "返回\t\t\t\t\t\t\t\t",
            "class": "xg_back",
            "adapter": {
              "templateType": ""
            }
          }
        },
        {
          "id": "uiControl195",
          "controlId": "control170",
          "display": {
            "adapterId": "modal",
            "type": "modal",
            "adapter": {
              "templateType": ""
            }
          },
          "layout": []
        },
        {
          "id": "uiControl1",
          "display": {
            "type": "card",
            "adapterId": "card",
            "class": "xg_body",
            "adapter": {
              "templateType": ""
            }
          },
          "layout": [
            {
              "id": "uiControl1body",
              "display": {
                "type": "cardBody",
                "adapterId": "cardBody",
                "adapter": {
                  "templateType": ""
                }
              },
              "layout": [
                {
                  "id": "uiControl2",
                  "controlId": "control0",
                  "display": {
                    "adapterId": "fragment",
                    "type": "fragment",
                    "class": "y_header",
                    "adapter": {
                      "templateType": ""
                    }
                  }
                },
                {
                  "id": "uiControl3",
                  "controlId": "control1",
                  "display": {
                    "adapterId": "custom",
                    "type": "custom",
                    "adapter": {
                      "templateType": "react",
                      "events": {
                        "onDoAction": "doAction_uiControl3",
                        "onGetTemplate": "getTemplate_uiControl3"
                      }
                    }
                  }
                },
                {
                  "id": "uiControl4",
                  "controlId": "control2",
                  "display": {
                    "adapterId": "fragment",
                    "type": "fragment",
                    "class": "y_header",
                    "adapter": {
                      "templateType": ""
                    }
                  }
                },
                {
                  "id": "uiControl6",
                  "controlId": "control3",
                  "display": {
                    "adapterId": "custom",
                    "type": "custom",
                    "adapter": {
                      "templateType": "react",
                      "events": {
                        "onDoAction": "doAction_uiControl6",
                        "onGetTemplate": "getTemplate_uiControl6"
                      }
                    }
                  }
                },
                {
                  "id": "uiControl24",
                  "controlId": "control14",
                  "display": {
                    "adapterId": "fragment",
                    "type": "fragment",
                    "class": "y_header",
                    "adapter": {
                      "templateType": ""
                    }
                  }
                },
                {
                  "id": "uiControl7",
                  "display": {
                    "type": "card",
                    "adapterId": "card",
                    "class": "y_dor_info",
                    "adapter": {
                      "templateType": ""
                    }
                  },
                  "layout": [
                    {
                      "id": "uiControl7body",
                      "display": {
                        "type": "cardBody",
                        "adapterId": "cardBody",
                        "adapter": {
                          "templateType": ""
                        }
                      },
                      "layout": [
                        {
                          "id": "uiControl21",
                          "controlId": "control11",
                          "display": {
                            "adapterId": "fragment",
                            "type": "fragment",
                            "adapter": {
                              "templateType": ""
                            }
                          }
                        },
                        {
                          "id": "uiControl18",
                          "display": {
                            "type": "card",
                            "adapterId": "card",
                            "class": "y_dor_two",
                            "adapter": {
                              "templateType": ""
                            }
                          },
                          "layout": [
                            {
                              "id": "uiControl18body",
                              "display": {
                                "type": "cardBody",
                                "adapterId": "cardBody",
                                "adapter": {
                                  "templateType": ""
                                }
                              },
                              "layout": [
                                {
                                  "id": "uiControl19",
                                  "controlId": "control10",
                                  "display": {
                                    "adapterId": "textbox",
                                    "type": "textbox",
                                    "adapter": {
                                      "templateType": ""
                                    }
                                  }
                                },
                                {
                                  "id": "uiControl20",
                                  "display": {
                                    "text": "天",
                                    "type": "content",
                                    "adapterId": "staticContent",
                                    "adapter": {
                                      "templateType": ""
                                    }
                                  }
                                }
                              ]
                            }
                          ]
                        },
                        {
                          "id": "uiControl17",
                          "controlId": "control9",
                          "display": {
                            "adapterId": "fragment",
                            "type": "fragment",
                            "adapter": {
                              "templateType": ""
                            }
                          }
                        },
                        {
                          "id": "uiControl13",
                          "display": {
                            "type": "card",
                            "adapterId": "card",
                            "class": "y_dor_three",
                            "adapter": {
                              "templateType": ""
                            }
                          },
                          "layout": [
                            {
                              "id": "uiControl13body",
                              "display": {
                                "type": "cardBody",
                                "adapterId": "cardBody",
                                "adapter": {
                                  "templateType": ""
                                }
                              },
                              "layout": [
                                {
                                  "id": "uiControl14",
                                  "controlId": "control7",
                                  "display": {
                                    "adapterId": "datepicker",
                                    "type": "datepicker",
                                    "adapter": {
                                      "templateType": ""
                                    }
                                  }
                                },
                                {
                                  "id": "uiControl15",
                                  "display": {
                                    "text": "~",
                                    "type": "content",
                                    "adapterId": "staticContent",
                                    "adapter": {
                                      "templateType": ""
                                    }
                                  }
                                },
                                {
                                  "id": "uiControl16",
                                  "controlId": "control8",
                                  "display": {
                                    "adapterId": "datepicker",
                                    "type": "datepicker",
                                    "adapter": {
                                      "templateType": ""
                                    }
                                  }
                                }
                              ]
                            }
                          ]
                        },
                        {
                          "id": "uiControl12",
                          "controlId": "control6",
                          "display": {
                            "adapterId": "fragment",
                            "type": "fragment",
                            "class": "y_dor_none",
                            "adapter": {
                              "templateType": ""
                            }
                          }
                        },
                        {
                          "id": "uiControl10",
                          "display": {
                            "type": "card",
                            "adapterId": "card",
                            "class": "y_dor_textarea",
                            "adapter": {
                              "templateType": ""
                            }
                          },
                          "layout": [
                            {
                              "id": "uiControl10body",
                              "display": {
                                "type": "cardBody",
                                "adapterId": "cardBody",
                                "adapter": {
                                  "templateType": ""
                                }
                              },
                              "layout": [
                                {
                                  "id": "uiControl11",
                                  "controlId": "control5",
                                  "display": {
                                    "adapterId": "textbox",
                                    "type": "textbox",
                                    "placeholder": "限250字",
                                    "adapter": {
                                      "templateType": ""
                                    }
                                  }
                                }
                              ]
                            }
                          ]
                        },
                        {
                          "id": "uiControl9",
                          "controlId": "control4",
                          "display": {
                            "adapterId": "fragment",
                            "type": "fragment",
                            "class": "y_note",
                            "adapter": {
                              "templateType": ""
                            }
                          }
                        }
                      ]
                    }
                  ]
                },
                {
                  "id": "uiControl22",
                  "controlId": "control12",
                  "display": {
                    "adapterId": "clickable",
                    "type": "button",
                    "class": "xg_two_btn",
                    "adapter": {
                      "templateType": ""
                    }
                  }
                },
                {
                  "id": "uiControl23",
                  "controlId": "control13",
                  "display": {
                    "adapterId": "clickable",
                    "type": "button",
                    "class": "xg_two_btn1",
                    "adapter": {
                      "templateType": ""
                    }
                  }
                }
              ]
            }
          ]
        },
        {
          "id": "uiControl254",
          "controlId": "control240",
          "display": {
            "adapterId": "dialog",
            "type": "dialog",
            "class": "xg_alert",
            "adapter": {
              "templateType": ""
            }
          },
          "layout": [
            {
              "id": "uiControl254body",
              "display": {
                "type": "dialogBody",
                "adapterId": "dialogBody",
                "adapter": {
                  "templateType": ""
                }
              },
              "layout": [
                {
                  "id": "uiControl255",
                  "controlId": "control241",
                  "display": {
                    "adapterId": "custom",
                    "type": "custom",
                    "adapter": {
                      "templateType": "react",
                      "events": {
                        "onDoAction": "doAction_uiControl255",
                        "onGetTemplate": "getTemplate_uiControl255"
                      }
                    }
                  }
                }
              ]
            },
            {
              "id": "uiControl254footer",
              "display": {
                "type": "dialogFooter",
                "adapterId": "dialogFooter",
                "adapter": {
                  "templateType": ""
                }
              },
              "layout": []
            }
          ]
        }
      ]
    }
  },
  "matchers": {
    "page/title": {
      "contexts": {
        "context2": [
          ""
        ]
      }
    },
    "page/urls": {
      "contexts": {
        "context2": [
          "42.247.16.108/xgxt/qjjgbase.do"
        ],
        "context3": [
          "42.247.16.108/xgxt/ydsqbase.do",
          "42.247.16.108/xgxt/rcsw_hcyhk_hcccqjjg.do",
          "42.247.16.108/xgxt/rcsw_hcyhk_hcccqjsh.do",
          "42.247.16.108/xgxt/rcsw_jqlxjg.do",
          "42.247.16.108/xgxt/qjjgbase.do"
        ]
      }
    },
    "page/ids": {
      "contexts": {
        "context2": [
          [
            "buttonClose",
            "buttonSave",
            "sjjssj",
            "sjkssj",
            "sjqjts",
            "xjbz"
          ]
        ],
        "context3": [
          [
            "arrange",
            "bjV",
            "btn_setXsxx",
            "content",
            "doType",
            "editPageSize",
            "fashion",
            "gyglyQx",
            "hi_rcxw",
            "isBzr",
            "isFdy",
            "jxjs",
            "jxzje",
            "kzxxid",
            "lable_confirm_cx",
            "lable_confirm_sc",
            "lable_confirm_tj",
            "lable_dqwkfsq",
            "lable_jcszwcsh",
            "lable_one_cx",
            "lable_one_lcgz",
            "lable_one_tj",
            "lable_one_xg",
            "lable_shz_cx",
            "lable_some_sc",
            "lable_some_tj",
            "lable_wjt_sc",
            "lable_wjt_yth_sc",
            "lable_wjt_yth_tj",
            "lable_wjt_yth_xg",
            "lable_wxglcxx",
            "message",
            "mklb",
            "mklx",
            "navigation",
            "njV",
            "path",
            "pjzje",
            "pk",
            "pkValue",
            "realTable",
            "ryfw",
            "searchType",
            "sfxsgban",
            "stuGkImg",
            "stuImg",
            "tab_rcxw",
            "tableName",
            "userDep",
            "userName",
            "userStatus",
            "userType",
            "xh",
            "xhV",
            "xmV",
            "xmView",
            "xsgkzp",
            "xxdm",
            "xyV",
            "xzxsKey",
            "yxzxss",
            "zdybdcon_table_xsxx_query_xsxx_jbxx",
            "zdybdcon_table_xsxx_query_xsxx_lxfs",
            "zdybdcon_table_xsxx_query_xsxx_qtxx",
            "zdybdfl_li_more",
            "zdybdfl_li_xsxx_query_pjpy",
            "zdybdfl_li_xsxx_query_qgzx",
            "zdybdfl_li_xsxx_query_szxx",
            "zdybdfl_li_xsxx_query_wjcf",
            "zdybdfl_li_xsxx_query_xjyd",
            "zdybdfl_li_xsxx_query_xsxx",
            "zdybdfl_li_xsxx_query_xszz",
            "zdybdfl_ul_",
            "zdybdfl_xsxx_query_gygl",
            "zdybdfl_xsxx_query_kccj",
            "zdybdfl_xsxx_query_kccj_djkscj",
            "zdybdfl_xsxx_query_kccj_kckscj",
            "zdybdfl_xsxx_query_pjpy",
            "zdybdfl_xsxx_query_pjpy_hjqk",
            "zdybdfl_xsxx_query_pjpy_zcfs",
            "zdybdfl_xsxx_query_qgzx",
            "zdybdfl_xsxx_query_qgzx_gwluqk",
            "zdybdfl_xsxx_query_qgzx_xjffqk",
            "zdybdfl_xsxx_query_rcsw",
            "zdybdfl_xsxx_query_rcsw_rcxwjl",
            "zdybdfl_xsxx_query_szxx",
            "zdybdfl_xsxx_query_szxx_bzr",
            "zdybdfl_xsxx_query_szxx_fdy",
            "zdybdfl_xsxx_query_tdxx",
            "zdybdfl_xsxx_query_tdxx_grjdxx",
            "zdybdfl_xsxx_query_wjcf",
            "zdybdfl_xsxx_query_wjcf_wjcf",
            "zdybdfl_xsxx_query_xjyd",
            "zdybdfl_xsxx_query_xjyd_xjydxx",
            "zdybdfl_xsxx_query_xsxx",
            "zdybdfl_xsxx_query_xsxx_fyffxx",
            "zdybdfl_xsxx_query_xsxx_gyjlclxx",
            "zdybdfl_xsxx_query_xsxx_gywjxx",
            "zdybdfl_xsxx_query_xsxx_gywsfxxall",
            "zdybdfl_xsxx_query_xsxx_gyxx",
            "zdybdfl_xsxx_query_xsxx_gyydxx",
            "zdybdfl_xsxx_query_xsxx_hcyhkxx",
            "zdybdfl_xsxx_query_xsxx_jbxx",
            "zdybdfl_xsxx_query_xsxx_jqlxxx",
            "zdybdfl_xsxx_query_xsxx_jtcyxx",
            "zdybdfl_xsxx_query_xsxx_lxfs",
            "zdybdfl_xsxx_query_xsxx_qjxx",
            "zdybdfl_xsxx_query_xsxx_qswpxx",
            "zdybdfl_xsxx_query_xsxx_qtxx",
            "zdybdfl_xsxx_query_xsxx_xqzcbdxx",
            "zdybdfl_xsxx_query_xsxx_xsgbxx",
            "zdybdfl_xsxx_query_xsxx_zjbbxx",
            "zdybdfl_xsxx_query_xszz",
            "zdybdfl_xsxx_query_xszz_knsrdxx",
            "zdybdfl_xsxx_query_xszz_zzxmxx",
            "zq",
            "zyV",
            "zzxmsl",
            "zzxmzje"
          ],
          [
            "xmView",
            "zdybdfl_li_more",
            "zdybdfl_li_xsxx_query_pjpy",
            "zdybdfl_li_xsxx_query_qgzx",
            "zdybdfl_li_xsxx_query_szxx",
            "zdybdfl_li_xsxx_query_wjcf",
            "zdybdfl_li_xsxx_query_xjyd",
            "zdybdfl_li_xsxx_query_xsxx",
            "zdybdfl_li_xsxx_query_xszz",
            "zdybdfl_ul_"
          ],
          [
            "buttonClose",
            "buttonSave",
            "sjjssj",
            "sjkssj",
            "sjqjts",
            "xjbz"
          ]
        ]
      }
    },
    "page/classes": {
      "contexts": {
        "context2": [
          [
            "btn",
            "bz",
            "formlist",
            "name",
            "red"
          ]
        ],
        "context3": [
          [
            "college_title",
            "demo_xxxx",
            "formli",
            "ition_xxxx after",
            "li",
            "mooth",
            "open_img",
            "people_xx",
            "po",
            "t",
            "t_xxxx",
            "t_xxxx_downmenu",
            "title_name",
            "title_xxxx",
            "wxt"
          ],
          [
            "after",
            "list_xxxx",
            "list_xxxx_downmenu",
            "people_xx",
            "position_xxxx",
            "smooth",
            "title_xxxx",
            "wxts"
          ],
          [
            "btn",
            "bz",
            "formlist",
            "name",
            "red"
          ]
        ]
      }
    },
    "page/tagTriplets": {
      "contexts": {
        "context2": [
          [
            "-/-/DIV",
            "-/-/INPUT-hidden",
            "-/-/INPUT-text",
            "-/DIV/TABLE",
            "DIV/TABLE/TBODY",
            "DIV/TABLE/TFOOT",
            "DIV/TABLE/THEAD",
            "TABLE/TBODY/TR",
            "TABLE/TFOOT/TR",
            "TABLE/THEAD/TR",
            "TBODY/TR/TD",
            "TBODY/TR/TH",
            "TD/DIV/BUTTON",
            "TD/DIV/SPAN",
            "TFOOT/TR/TD",
            "THEAD/TR/TH",
            "TR/TD/A",
            "TR/TD/DIV",
            "TR/TD/INPUT-text",
            "TR/TD/TEXTAREA",
            "TR/TH/BR",
            "TR/TH/FONT",
            "TR/TH/SPAN"
          ]
        ],
        "context3": [
          [
            "-/-/BUTTON",
            "-/-/DIV",
            "-/-/INPUT-hidden",
            "-/DIV/DIV",
            "DIV/DIV/A",
            "DIV/DIV/DIV",
            "DIV/DIV/H3",
            "DIV/DIV/SPAN",
            "DIV/DIV/TABLE",
            "DIV/DIV/UL",
            "DIV/DL/DD",
            "DIV/H3/SPAN",
            "DIV/SPAN/SPAN",
            "DIV/TABLE/TBODY",
            "DIV/TABLE/THEAD",
            "DIV/UL/LI",
            "DL/DD/A",
            "LI/DIV/DL",
            "TABLE/TBODY/TR",
            "TABLE/THEAD/TR",
            "TBODY/TR/TD",
            "TBODY/TR/TH",
            "TD/DIV/IMG",
            "TH/SPAN/FONT",
            "THEAD/TR/TH",
            "TR/TD/DIV",
            "TR/TH/DIV",
            "TR/TH/SPAN",
            "UL/LI/A",
            "UL/LI/DIV"
          ],
          [
            "-/-/DIV",
            "-/DIV/SPAN",
            "-/DIV/UL",
            "DIV/DL/DD",
            "DIV/SPAN/SPAN",
            "DIV/UL/LI",
            "DL/DD/A",
            "LI/DIV/DL",
            "UL/LI/A",
            "UL/LI/DIV"
          ],
          [
            "-/-/DIV",
            "-/-/INPUT-hidden",
            "-/-/INPUT-text",
            "-/DIV/TABLE",
            "DIV/TABLE/TBODY",
            "DIV/TABLE/TFOOT",
            "DIV/TABLE/THEAD",
            "TABLE/TBODY/TR",
            "TABLE/TFOOT/TR",
            "TABLE/THEAD/TR",
            "TBODY/TR/TD",
            "TBODY/TR/TH",
            "TD/DIV/BUTTON",
            "TD/DIV/SPAN",
            "TFOOT/TR/TD",
            "THEAD/TR/TH",
            "TR/TD/A",
            "TR/TD/DIV",
            "TR/TD/INPUT-text",
            "TR/TD/TEXTAREA",
            "TR/TH/BR",
            "TR/TH/FONT",
            "TR/TH/SPAN"
          ]
        ]
      }
    }
  }
}