{
  "version": "0.1",
  "id": "s_personal",
  "targetURL": "http://117.35.118.203/lxxt/lxgl/zzfw/zzbl/main.html",
  "jsFile": "../../lib/base.js,../../lib/customTemplate.js,index.js",
  "cssFile": "../../lib/base.css,index.css",
  "requires": {
    "notice": "../notice/index.json",
    "notice_content": "../notice_content/index.json",
    "s_Leave_formalities": "../s_Leave_formalities/index.json",
    "grxx": "../grxx/index.json",
    "xgmm": "../xgmm/index.json"
  },
  "chineseName": "学生_个人中心",
  "description": "",
  "controls": {
    "control3": {
      "location": {
        "data": {
          "tagName": "BUTTON"
        },
        "locators": [
          {
            "id": "button/text",
            "prob": 3,
            "value": {
              "text": [
                "个人信息采集"
              ],
              "visText": [
                "个人信息采集"
              ]
            }
          },
          {
            "id": "text",
            "prob": 3,
            "value": {
              "text": [
                "个人信息采集"
              ],
              "visText": [
                "个人信息采集"
              ]
            }
          },
          {
            "id": "@class/word",
            "prob": 1,
            "value": "DIV.per_center DIV.lf BUTTON.xszzblbtn"
          },
          {
            "id": "path/ordinal",
            "prob": 1,
            "value": "/HTML[1]/BODY[1]/DIV[2]/DIV[1]/DIV[1]/BUTTON[1]"
          },
          {
            "id": "input/type",
            "verifyEnabled": true,
            "value": "button"
          },
          {
            "id": "elderLevel",
            "value": {
              "level": 0
            }
          },
          {
            "id": "shield",
            "value": {
              "zIndex": "auto",
              "width": 120,
              "height": 30
            }
          }
        ]
      },
      "intendedRole": "button",
      "roles": "element,button",
      "monitored": false
    },
    "control4": {
      "location": {
        "data": {
          "tagName": "UL"
        },
        "locators": [
          {
            "id": "text",
            "prob": 3,
            "value": {
              "text": [
                "学号 121111 姓名 盛静静 年级 2012 学院 艺术设计学院 专业 环境艺术设计 班级 环艺1201"
              ],
              "visText": [
                "学号 121111 姓名 盛静静 年级 2012 学院 艺术设计学院 专业 环境艺术设计 班级 环艺1201"
              ]
            }
          },
          {
            "id": "@class/word",
            "prob": 1,
            "value": "DIV.con DIV.per_center DIV.lf UL"
          },
          {
            "id": "path/ordinal",
            "prob": 1,
            "value": "/HTML[1]/BODY[1]/DIV[2]/DIV[1]/DIV[1]/UL[1]"
          },
          {
            "id": "shield",
            "value": {
              "zIndex": "auto",
              "width": 200,
              "height": 240
            }
          }
        ]
      },
      "intendedRole": "fragment",
      "roles": "element,fragment",
      "monitored": false
    },
    "control7": {
      "location": {
        "data": {
          "tagName": "UL"
        },
        "locators": [
          {
            "id": "button/text",
            "prob": 3,
            "value": {
              "text": [
                "欢迎使用西安培华学院离校管理系统！ 致毕业生的一封信"
              ],
              "visText": [
                "欢迎使用西安培华学院离校管理系统！ 致毕业生的一封信"
              ]
            }
          },
          {
            "id": "text",
            "prob": 3,
            "value": {
              "text": [
                "欢迎使用西安培华学院离校管理系统！ 致毕业生的一封信"
              ],
              "visText": [
                "欢迎使用西安培华学院离校管理系统！ 致毕业生的一封信"
              ]
            }
          },
          {
            "id": "@id/word",
            "prob": 2,
            "value": [
              "descendant::DIV[@id=\"scrollDiv\"]/DIV[1]/UL[1]",
              "descendant::DIV[@id=\"scrollDiv\"]//UL"
            ]
          },
          {
            "id": "@class/word",
            "prob": 1,
            "value": "DIV.rt DIV.notice_scroll DIV.scrollText UL"
          },
          {
            "id": "path/ordinal",
            "prob": 1,
            "value": "/HTML[1]/BODY[1]/DIV[2]/DIV[1]/DIV[2]/DIV[1]/DIV[1]/UL[1]"
          },
          {
            "id": "shield",
            "value": {
              "zIndex": "auto",
              "width": 300,
              "height": 50
            }
          }
        ]
      },
      "events": {
        "onGetData": "getData_control7"
      },
      "intendedRole": "custom",
      "roles": "element,custom",
      "monitored": true
    },
    "control9": {
      "location": {
        "data": {
          "tagName": "DIV"
        },
        "locators": [
          {
            "id": "button/text",
            "prob": 3,
            "value": {
              "text": [
                "离校流程说明： 西安培华学院2016年离校审核流程"
              ],
              "visText": [
                "离校流程说明： 西安培华学院2016年离校审核流程"
              ]
            }
          },
          {
            "id": "text",
            "prob": 3,
            "value": {
              "text": [
                "离校流程说明： 西安培华学院2016年离校审核流程"
              ],
              "visText": [
                "离校流程说明： 西安培华学院2016年离校审核流程"
              ]
            }
          },
          {
            "id": "@class/word",
            "prob": 1,
            "value": "DIV.con DIV.per_center DIV.per_des"
          },
          {
            "id": "path/ordinal",
            "prob": 1,
            "value": "/HTML[1]/BODY[1]/DIV[2]/DIV[1]/DIV[3]"
          },
          {
            "id": "shield",
            "value": {
              "zIndex": "auto",
              "width": 998,
              "height": 376
            }
          }
        ]
      },
      "roles": "element",
      "content": true,
      "monitored": false
    },
    "control10": {
      "location": {
        "data": {
          "tagName": "IMG"
        },
        "locators": [
          {
            "id": "img/@src",
            "prob": 2,
            "value": {
              "pathname": "/lxxt/images/lxlc.jpg"
            }
          },
          {
            "id": "@class/word",
            "prob": 1,
            "value": "DIV.con DIV.per_center DIV.per_des IMG"
          },
          {
            "id": "path/ordinal",
            "prob": 1,
            "value": "/HTML[1]/BODY[1]/DIV[2]/DIV[1]/DIV[3]/IMG[1]"
          },
          {
            "id": "elderLevel",
            "value": {
              "level": 0
            }
          },
          {
            "id": "shield",
            "value": {
              "zIndex": "auto",
              "width": 895,
              "height": 282.484375
            }
          }
        ]
      },
      "roles": "element,image,button",
      "monitored": false
    },
    "control11": {
      "location": {
        "data": {
          "tagName": "P"
        },
        "locators": [
          {
            "id": "text",
            "prob": 3,
            "value": {
              "text": [
                "所有毕业生应在财务管理中心、教务管理中心、图书馆手续办理完成后，方可进行其他部门手续办理"
              ],
              "visText": [
                "所有毕业生应在财务管理中心、教务管理中心、图书馆手续办理完成后，方可进行其他部门手续办理"
              ]
            }
          },
          {
            "id": "@class/word",
            "prob": 1,
            "value": "BODY.pers_info_bg DIV.foot P"
          },
          {
            "id": "path/ordinal",
            "prob": 1,
            "value": "/HTML[1]/BODY[1]/DIV[3]/P[1]"
          },
          {
            "id": "elderLevel",
            "value": {
              "level": 0
            }
          },
          {
            "id": "shield",
            "value": {
              "zIndex": "auto",
              "width": 1125,
              "height": 20
            }
          }
        ]
      },
      "roles": "element",
      "content": true,
      "monitored": false
    },
    "control13": {
      "location": {
        "data": {
          "tagName": "H5"
        },
        "locators": [
          {
            "id": "button/text",
            "prob": 3,
            "value": {
              "text": [
                "通知公告"
              ],
              "visText": [
                "通知公告"
              ]
            }
          },
          {
            "id": "text",
            "prob": 3,
            "value": {
              "text": [
                "通知公告"
              ],
              "visText": [
                "通知公告"
              ]
            }
          },
          {
            "id": "@id/word",
            "prob": 2,
            "value": [
              "descendant::DIV[@id=\"scrollDiv\"]/H5[1]",
              "descendant::DIV[@id=\"scrollDiv\"]//H5"
            ]
          },
          {
            "id": "@class/word",
            "prob": 1,
            "value": "DIV.per_center DIV.rt DIV.notice_scroll H5"
          },
          {
            "id": "path/ordinal",
            "prob": 1,
            "value": "/HTML[1]/BODY[1]/DIV[2]/DIV[1]/DIV[2]/DIV[1]/H5[1]"
          },
          {
            "id": "style/color",
            "value": [
              0,
              52,
              148
            ]
          },
          {
            "id": "elderLevel",
            "value": {
              "level": 0
            }
          },
          {
            "id": "shield",
            "value": {
              "zIndex": "auto",
              "width": 48.9375,
              "height": 25
            }
          }
        ]
      },
      "roles": "element",
      "content": true,
      "monitored": false
    },
    "control14": {
      "location": {
        "data": {
          "tagName": "A"
        },
        "locators": [
          {
            "id": "button/text",
            "prob": 3,
            "value": {
              "text": [
                "MORE>"
              ],
              "visText": [
                "MORE>"
              ]
            }
          },
          {
            "id": "text",
            "prob": 3,
            "value": {
              "text": [
                "MORE>"
              ],
              "visText": [
                "MORE>"
              ]
            }
          },
          {
            "id": "@id/word",
            "prob": 2,
            "value": [
              "descendant::DIV[@id=\"scrollDiv\"]/DIV[2]/A[1]",
              "descendant::DIV[@id=\"scrollDiv\"]//A"
            ]
          },
          {
            "id": "@class/word",
            "prob": 1,
            "value": "DIV.rt DIV.notice_scroll A.more"
          },
          {
            "id": "path/ordinal",
            "prob": 1,
            "value": "/HTML[1]/BODY[1]/DIV[2]/DIV[1]/DIV[2]/DIV[1]/DIV[2]/A[1]"
          },
          {
            "id": "elderLevel",
            "value": {
              "level": 0
            }
          },
          {
            "id": "shield",
            "value": {
              "zIndex": "auto",
              "width": 43,
              "height": 14
            }
          }
        ]
      },
      "intendedRole": "link",
      "roles": "element,link",
      "monitored": false
    },
    "control15": {
      "location": {
        "data": {
          "tagName": "BODY"
        },
        "locators": [
          {
            "id": "text",
            "prob": 3,
            "value": {
              "text": [
                "欢迎你！盛静静 修改密码 注销 通知公告 返回个人中心>> 致毕业生的一封信2016-06-22 08:57:08 欢迎使用西安培华学院离校管理系统！2015-11-12 11:32:00 返回 所有毕业生应在财务管理中心、教务管理中心、图书馆手续办理完成后，方可进行其他部门手续办理"
              ],
              "visText": [
                "欢迎你！盛静静 修改密码 注销 通知公告 返回个人中心>> 致毕业生的一封信2016-06-22 08:57:08 欢迎使用西安培华学院离校管理系统！2015-11-12 11:32:00 返回 所有毕业生应在财务管理中心、教务管理中心、图书馆手续办理完成后，方可进行其他部门手续办理"
              ]
            }
          },
          {
            "id": "shield",
            "value": {
              "width": 0,
              "height": 0
            }
          }
        ]
      },
      "roles": "element",
      "monitored": false
    },
    "control16": {
      "location": {
        "data": {
          "tagName": "BODY"
        },
        "locators": [
          {
            "id": "text",
            "prob": 3,
            "value": {
              "text": [
                "欢迎你！盛静静 修改密码 注销 通知公告 返回个人中心>> 致毕业生的一封信2016-06-22 08:57:08 欢迎使用西安培华学院离校管理系统！2015-11-12 11:32:00 返回 所有毕业生应在财务管理中心、教务管理中心、图书馆手续办理完成后，方可进行其他部门手续办理"
              ],
              "visText": [
                "欢迎你！盛静静 修改密码 注销 通知公告 返回个人中心>> 致毕业生的一封信2016-06-22 08:57:08 欢迎使用西安培华学院离校管理系统！2015-11-12 11:32:00 返回 所有毕业生应在财务管理中心、教务管理中心、图书馆手续办理完成后，方可进行其他部门手续办理"
              ]
            }
          },
          {
            "id": "shield",
            "value": {
              "width": 0,
              "height": 0
            }
          }
        ]
      },
      "roles": "element",
      "monitored": false
    },
    "control17": {
      "location": {
        "data": {
          "tagName": "BODY"
        },
        "locators": [
          {
            "id": "text",
            "prob": 3,
            "value": {
              "text": [
                "欢迎你！盛静静 修改密码 注销 通知公告 返回个人中心>> 致毕业生的一封信2016-06-22 08:57:08 欢迎使用西安培华学院离校管理系统！2015-11-12 11:32:00 返回 所有毕业生应在财务管理中心、教务管理中心、图书馆手续办理完成后，方可进行其他部门手续办理"
              ],
              "visText": [
                "欢迎你！盛静静 修改密码 注销 通知公告 返回个人中心>> 致毕业生的一封信2016-06-22 08:57:08 欢迎使用西安培华学院离校管理系统！2015-11-12 11:32:00 返回 所有毕业生应在财务管理中心、教务管理中心、图书馆手续办理完成后，方可进行其他部门手续办理"
              ]
            }
          },
          {
            "id": "shield",
            "value": {
              "width": 0,
              "height": 0
            }
          }
        ]
      },
      "roles": "element",
      "monitored": false
    },
    "control18": {
      "location": {
        "data": {
          "tagName": "IMG"
        },
        "locators": [
          {
            "id": "img/@src",
            "prob": 1,
            "value": {
              "pathname": "/lxxt/lxgl/xsxx/viewXszp.html",
              "search": "xh=121111"
            }
          },
          {
            "id": "@class/word",
            "prob": 1,
            "value": "DIV.per_center DIV.lf DIV.per_headpic IMG"
          },
          {
            "id": "path/ordinal",
            "prob": 1,
            "value": "/HTML[1]/BODY[1]/DIV[2]/DIV[1]/DIV[1]/DIV[1]/IMG[1]"
          },
          {
            "id": "elderLevel",
            "value": {
              "level": 0
            }
          },
          {
            "id": "shield",
            "value": {
              "zIndex": "auto",
              "width": 129,
              "height": 163
            }
          }
        ]
      },
      "roles": "element,image,button",
      "monitored": false
    },
    "control19": {
      "location": {
        "data": {
          "tagName": "H2"
        },
        "locators": [
          {
            "id": "button/text",
            "prob": 3,
            "value": {
              "text": [
                "办理情况"
              ],
              "visText": [
                "办理情况"
              ]
            }
          },
          {
            "id": "text",
            "prob": 3,
            "value": {
              "text": [
                "办理情况"
              ],
              "visText": [
                "办理情况"
              ]
            }
          },
          {
            "id": "@class/word",
            "prob": 1,
            "value": "DIV.per_center DIV.rt H2.flow_h2"
          },
          {
            "id": "path/ordinal",
            "prob": 1,
            "value": "/HTML[1]/BODY[1]/DIV[2]/DIV[1]/DIV[2]/H2[1]"
          },
          {
            "id": "elderLevel",
            "value": {
              "level": 0
            }
          },
          {
            "id": "shield",
            "value": {
              "zIndex": "auto",
              "width": 797,
              "height": 61
            }
          }
        ]
      },
      "roles": "element",
      "content": true,
      "monitored": false
    },
    "control21": {
      "location": {
        "data": {
          "tagName": "DT"
        },
        "locators": [
          {
            "id": "button/text",
            "prob": 3,
            "value": {
              "text": [
                "财务管理中···"
              ],
              "visText": [
                "财务管理中···"
              ]
            }
          },
          {
            "id": "text",
            "prob": 3,
            "value": {
              "text": [
                "财务管理中···"
              ],
              "visText": [
                "财务管理中···"
              ]
            }
          },
          {
            "id": "@title",
            "prob": 2,
            "value": {
              "text": [
                "财务管理中心"
              ]
            }
          },
          {
            "id": "@class/word",
            "prob": 1,
            "ordinal": [
              1,
              2
            ],
            "value": "DIV.per_center DIV.rt DL.dl03.dl01_check03 DT"
          },
          {
            "id": "path/ordinal",
            "prob": 1,
            "value": "/HTML[1]/BODY[1]/DIV[2]/DIV[1]/DIV[2]/DIV[2]/DL[1]/DT[2]"
          },
          {
            "id": "elderLevel",
            "value": {
              "level": 0
            }
          },
          {
            "id": "shield",
            "value": {
              "zIndex": "auto",
              "width": 205,
              "height": 30
            }
          }
        ]
      },
      "roles": "element",
      "monitored": false
    },
    "control22": {
      "location": {
        "data": {
          "tagName": "DIV"
        },
        "locators": [
          {
            "id": "text",
            "prob": 3,
            "value": {
              "text": [
                "办理情况 通知公告 致毕业生的一封信 欢迎使用西安培华学院离校管理系统！ MORE> 财务管理中··· 未通过 查看 ● 未通过 核查学费情况 教务管理中.. 已通过 查看 ● 已通过 核查书费情况 图书馆 已通过 查看 ● 已通过 核查图书借阅情况 公寓管理中··· 审核中 查看 ● 待审核 公寓办理 后勤保障服.. 已通过 查看 ● 已通过 户籍办理"
              ],
              "visText": [
                "办理情况 通知公告 致毕业生的一封信 欢迎使用西安培华学院离校管理系统！ MORE> 财务管理中··· 未通过 查看 教务管理中.. 已通过 查看 图书馆 已通过 查看 公寓管理中··· 审核中 查看 后勤保障服.. 已通过 查看"
              ]
            }
          },
          {
            "id": "@class/word",
            "prob": 1,
            "value": "DIV.con DIV.per_center DIV.rt"
          },
          {
            "id": "path/ordinal",
            "prob": 1,
            "value": "/HTML[1]/BODY[1]/DIV[2]/DIV[1]/DIV[2]"
          },
          {
            "id": "shield",
            "value": {
              "zIndex": "auto",
              "width": 798,
              "height": 500
            }
          }
        ]
      },
      "events": {
        "onGetData": "getData_control22"
      },
      "intendedRole": "custom",
      "roles": "element,custom",
      "monitored": false
    },
    "control23": {
      "location": {
        "data": {
          "tagName": "P"
        },
        "locators": [
          {
            "id": "button/text",
            "prob": 3,
            "value": {
              "text": [
                "欢迎你！盛静静 修改密码 注销"
              ],
              "visText": [
                "欢迎你！盛静静 修改密码 注销"
              ]
            }
          },
          {
            "id": "text",
            "prob": 3,
            "value": {
              "text": [
                "欢迎你！盛静静 修改密码 注销"
              ],
              "visText": [
                "欢迎你！盛静静 修改密码 注销"
              ]
            }
          },
          {
            "id": "@class/word",
            "prob": 1,
            "value": "BODY.pers_info_bg DIV.head.head_bor_none H4 P"
          },
          {
            "id": "path/ordinal",
            "prob": 1,
            "value": "/HTML[1]/BODY[1]/DIV[1]/H4[1]/P[1]"
          },
          {
            "id": "shield",
            "value": {
              "zIndex": "auto",
              "width": 1000,
              "height": 24
            }
          }
        ]
      },
      "intendedRole": "fragment",
      "roles": "element,fragment",
      "monitored": false
    },
    "control24": {
      "location": {
        "data": {
          "tagName": "A"
        },
        "locators": [
          {
            "id": "button/text",
            "prob": 3,
            "value": {
              "text": [
                "修改密码"
              ],
              "visText": [
                "修改密码"
              ]
            }
          },
          {
            "id": "text",
            "prob": 3,
            "value": {
              "text": [
                "修改密码"
              ],
              "visText": [
                "修改密码"
              ]
            }
          },
          {
            "id": "@class/word",
            "prob": 1,
            "ordinal": [
              0,
              2
            ],
            "value": "BODY.pers_info_bg DIV.head.head_bor_none H4 P SPAN A"
          },
          {
            "id": "path/ordinal",
            "prob": 1,
            "value": "/HTML[1]/BODY[1]/DIV[1]/H4[1]/P[1]/SPAN[2]/A[1]"
          },
          {
            "id": "elderLevel",
            "value": {
              "level": 0
            }
          },
          {
            "id": "shield",
            "value": {
              "zIndex": "auto",
              "width": 68,
              "height": 14
            }
          }
        ]
      },
      "intendedRole": "button",
      "roles": "element,button,link",
      "monitored": false
    },
    "control25": {
      "location": {
        "data": {
          "tagName": "A"
        },
        "locators": [
          {
            "id": "button/text",
            "prob": 3,
            "value": {
              "text": [
                "注销"
              ],
              "visText": [
                "注销"
              ]
            }
          },
          {
            "id": "text",
            "prob": 3,
            "value": {
              "text": [
                "注销"
              ],
              "visText": [
                "注销"
              ]
            }
          },
          {
            "id": "@class/word",
            "prob": 1,
            "ordinal": [
              1,
              2
            ],
            "value": "BODY.pers_info_bg DIV.head.head_bor_none H4 P SPAN A"
          },
          {
            "id": "path/ordinal",
            "prob": 1,
            "value": "/HTML[1]/BODY[1]/DIV[1]/H4[1]/P[1]/SPAN[3]/A[1]"
          },
          {
            "id": "elderLevel",
            "value": {
              "level": 0
            }
          },
          {
            "id": "shield",
            "value": {
              "zIndex": "auto",
              "width": 44,
              "height": 14
            }
          }
        ]
      },
      "intendedRole": "button",
      "roles": "element,button,link",
      "monitored": false
    },
    "control26": {
      "location": {
        "data": {
          "tagName": "IMG"
        },
        "locators": [
          {
            "id": "img/@src",
            "prob": 2,
            "value": {
              "pathname": "/lxxt/images/logo_school.png"
            }
          },
          {
            "id": "@class/word",
            "prob": 1,
            "ordinal": [
              0,
              2
            ],
            "value": "BODY.pers_info_bg DIV.head.head_bor_none DIV.logo IMG"
          },
          {
            "id": "path/ordinal",
            "prob": 1,
            "value": "/HTML[1]/BODY[1]/DIV[1]/H4[1]/DIV[1]/IMG[1]"
          },
          {
            "id": "elderLevel",
            "value": {
              "level": 0
            }
          },
          {
            "id": "shield",
            "value": {
              "zIndex": "auto",
              "width": 177,
              "height": 45
            }
          }
        ]
      },
      "events": {
        "onGetData": "getData_control26"
      },
      "intendedRole": "custom",
      "roles": "element,image,button,custom",
      "monitored": false
    }
  },
  "contexts": {
    "context0": {
      "controls": [
        "control3",
        "control4",
        "control7",
        "control9",
        "control10",
        "control11",
        "control13",
        "control14",
        "control15",
        "control16",
        "control17",
        "control18",
        "control19",
        "control21",
        "control22",
        "control23",
        "control24",
        "control25",
        "control26"
      ],
      "anchors": []
    }
  },
  "flows": {
    "flow0": {
      "toContexts": [
        {
          "toContextId": "context0"
        }
      ]
    },
    "flow1": {
      "fromContextId": "context0",
      "fromAction": "click",
      "fromControlId": "control14",
      "toContexts": [
        {
          "toModelId": "notice",
          "toContextId": "context0"
        },
        {
          "toContextId": "context0"
        }
      ]
    },
    "flow2": {
      "fromContextId": "context0",
      "fromAction": "click",
      "fromControlId": "control7",
      "toContexts": [
        {
          "toModelId": "notice_content",
          "toContextId": "context0"
        },
        {
          "toContextId": "context0"
        }
      ]
    },
    "flow3": {
      "fromContextId": "context0",
      "fromAction": "click",
      "fromControlId": "control22",
      "toContexts": [
        {
          "toModelId": "s_Leave_formalities",
          "toContextId": "context0"
        },
        {
          "toContextId": "context0"
        }
      ]
    },
    "flow4": {
      "fromContextId": "context0",
      "fromAction": "click",
      "fromControlId": "control3",
      "toContexts": [
        {
          "toModelId": "grxx",
          "toContextId": "context0"
        },
        {
          "toContextId": "context0"
        }
      ]
    },
    "flow5": {
      "fromContextId": "context0",
      "fromAction": "click",
      "fromControlId": "control24",
      "toContexts": [
        {
          "toModelId": "xgmm",
          "toContextId": "context0"
        },
        {
          "toContextId": "context0"
        }
      ]
    }
  },
  "pages": {
    "page0": {
      "contextId": "context0",
      "layout": [
        {
          "id": "uiControl0",
          "display": {
            "class": "yl_header",
            "title": "个人中心",
            "type": "header",
            "adapterId": "header",
            "adapter": {
              "templateType": ""
            }
          },
          "layout": []
        },
        {
          "id": "uiControl13",
          "controlId": "control26",
          "display": {
            "adapterId": "custom",
            "type": "custom",
            "adapter": {
              "templateType": "react",
              "events": {
                "onDoAction": "doAction_uiControl13",
                "onGetTemplate": "getTemplate_uiControl13"
              }
            }
          }
        },
        {
          "id": "uiControl1",
          "display": {
            "type": "card",
            "adapterId": "card",
            "class": "top-welcome",
            "adapter": {
              "templateType": ""
            }
          },
          "layout": [
            {
              "id": "uiControl1body",
              "display": {
                "type": "cardBody",
                "adapterId": "cardBody",
                "adapter": {
                  "templateType": ""
                }
              },
              "layout": [
                {
                  "id": "uiControl21",
                  "controlId": "control23",
                  "display": {
                    "adapterId": "fragment",
                    "type": "fragment",
                    "adapter": {
                      "templateType": ""
                    }
                  }
                },
                {
                  "id": "uiControl24",
                  "controlId": "control24",
                  "display": {
                    "adapterId": "clickable",
                    "type": "button",
                    "adapter": {
                      "templateType": ""
                    }
                  }
                },
                {
                  "id": "uiControl2",
                  "controlId": "control25",
                  "display": {
                    "adapterId": "clickable",
                    "type": "button",
                    "adapter": {
                      "templateType": ""
                    }
                  }
                }
              ]
            }
          ]
        },
        {
          "id": "uiControl4",
          "display": {
            "type": "card",
            "adapterId": "card",
            "class": "yl_personal_info",
            "adapter": {
              "templateType": ""
            }
          },
          "layout": [
            {
              "id": "uiControl4body",
              "display": {
                "type": "cardBody",
                "adapterId": "cardBody",
                "adapter": {
                  "templateType": ""
                }
              },
              "layout": [
                {
                  "id": "uiControl8",
                  "display": {
                    "type": "card",
                    "adapterId": "card",
                    "class": "left",
                    "adapter": {
                      "templateType": ""
                    }
                  },
                  "layout": [
                    {
                      "id": "uiControl8body",
                      "display": {
                        "type": "cardBody",
                        "adapterId": "cardBody",
                        "adapter": {
                          "templateType": ""
                        }
                      },
                      "layout": [
                        {
                          "id": "uiControl9",
                          "controlId": "control18",
                          "display": {
                            "adapterId": "image_link",
                            "type": "image",
                            "adapter": {
                              "templateType": ""
                            }
                          }
                        },
                        {
                          "id": "uiControl6",
                          "controlId": "control3",
                          "display": {
                            "adapterId": "clickable",
                            "type": "button",
                            "class": "info-btn",
                            "adapter": {
                              "templateType": ""
                            }
                          }
                        }
                      ]
                    }
                  ]
                },
                {
                  "id": "uiControl7",
                  "controlId": "control4",
                  "display": {
                    "adapterId": "fragment",
                    "type": "fragment",
                    "class": "right",
                    "adapter": {
                      "templateType": ""
                    }
                  }
                }
              ]
            }
          ]
        },
        {
          "id": "uiControl3",
          "controlId": "control19",
          "display": {
            "adapterId": "content",
            "type": "content",
            "class": "yl_banli",
            "adapter": {
              "templateType": ""
            }
          }
        },
        {
          "id": "uiControl5",
          "display": {
            "type": "card",
            "adapterId": "card",
            "class": "yl_bl_info",
            "adapter": {
              "templateType": ""
            }
          },
          "layout": [
            {
              "id": "uiControl5body",
              "display": {
                "type": "cardBody",
                "adapterId": "cardBody",
                "adapter": {
                  "templateType": ""
                }
              },
              "layout": [
                {
                  "id": "uiControl12",
                  "controlId": "control22",
                  "display": {
                    "adapterId": "custom",
                    "type": "custom",
                    "adapter": {
                      "templateType": "react",
                      "events": {
                        "onDoAction": "doAction_uiControl12",
                        "onGetTemplate": "getTemplate_uiControl12"
                      }
                    }
                  }
                }
              ]
            }
          ]
        },
        {
          "id": "uiControl17",
          "controlId": "control13",
          "display": {
            "adapterId": "content",
            "type": "content",
            "class": "yl_notice",
            "adapter": {
              "templateType": ""
            }
          }
        },
        {
          "id": "uiControl20",
          "controlId": "control14",
          "display": {
            "class": "more",
            "adapterId": "clickable",
            "type": "link",
            "adapter": {
              "templateType": ""
            }
          }
        },
        {
          "id": "uiControl15",
          "controlId": "control7",
          "display": {
            "adapterId": "custom",
            "type": "custom",
            "adapter": {
              "templateType": "react",
              "events": {
                "onDoAction": "doAction_uiControl15",
                "onGetTemplate": "getTemplate_uiControl15"
              }
            }
          }
        },
        {
          "id": "uiControl11",
          "display": {
            "type": "card",
            "adapterId": "card",
            "adapter": {
              "templateType": ""
            }
          },
          "layout": [
            {
              "id": "uiControl11body",
              "display": {
                "type": "cardBody",
                "adapterId": "cardBody",
                "adapter": {
                  "templateType": ""
                }
              },
              "layout": []
            }
          ]
        },
        {
          "id": "uiControl16",
          "display": {
            "type": "card",
            "adapterId": "card",
            "class": "yl_liucheng",
            "adapter": {
              "templateType": ""
            }
          },
          "layout": [
            {
              "id": "uiControl16body",
              "display": {
                "type": "cardBody",
                "adapterId": "cardBody",
                "adapter": {
                  "templateType": ""
                }
              },
              "layout": [
                {
                  "id": "uiControl10",
                  "controlId": "control9",
                  "display": {
                    "adapterId": "content",
                    "type": "content",
                    "text": "离校流程说明：<br/>西安培华学院2016年离校审核流程\t\t\t\t",
                    "adapter": {
                      "templateType": ""
                    }
                  }
                },
                {
                  "id": "uiControl14",
                  "controlId": "control10",
                  "display": {
                    "adapterId": "image_link",
                    "type": "image",
                    "adapter": {
                      "templateType": ""
                    }
                  }
                }
              ]
            }
          ]
        },
        {
          "id": "uiControl18",
          "display": {
            "type": "card",
            "adapterId": "card",
            "class": "yl_bottom",
            "adapter": {
              "templateType": ""
            }
          },
          "layout": [
            {
              "id": "uiControl18body",
              "display": {
                "type": "cardBody",
                "adapterId": "cardBody",
                "adapter": {
                  "templateType": ""
                }
              },
              "layout": [
                {
                  "id": "uiControl19",
                  "controlId": "control11",
                  "display": {
                    "adapterId": "content",
                    "type": "content",
                    "adapter": {
                      "templateType": ""
                    }
                  }
                }
              ]
            }
          ]
        }
      ]
    }
  },
  "matchers": {
    "page/title": {
      "contexts": {
        "context0": [
          "正方软件-离校系统"
        ]
      }
    },
    "page/urls": {
      "contexts": {
        "context0": [
          "yx.peihua.cn:8001/lxxt/lxgl/zzfw/zzbl/grzx.html",
          "117.35.118.203/lxxt/lxgl/zzfw/zzbl/main.html"
        ]
      }
    },
    "page/ids": {
      "contexts": {
        "context0": [
          [
            "qzxsxz",
            "scrollDiv"
          ]
        ]
      }
    },
    "page/classes": {
      "contexts": {
        "context0": [
          [
            "bar",
            "con",
            "croll",
            "crollText",
            "dl dl_check",
            "dt",
            "flow_h",
            "foot",
            "head head_bor_none",
            "lf",
            "li",
            "li li_cur",
            "logo",
            "more",
            "notice_",
            "per_center",
            "per_de",
            "per_headpic",
            "pop_flow_div",
            "pop_tip",
            "rt",
            "x",
            "zzblbtn"
          ]
        ]
      }
    },
    "page/tagTriplets": {
      "contexts": {
        "context0": [
          [
            "-/-/DIV",
            "-/DIV/DIV",
            "-/DIV/H4",
            "-/DIV/P",
            "-/DIV/SCRIPT",
            "DD/DIV/UL",
            "DIV/A/IMG",
            "DIV/DIV/A",
            "DIV/DIV/BUTTON",
            "DIV/DIV/DIV",
            "DIV/DIV/DL",
            "DIV/DIV/H2",
            "DIV/DIV/H4",
            "DIV/DIV/H5",
            "DIV/DIV/IMG",
            "DIV/DIV/INPUT-hidden",
            "DIV/DIV/UL",
            "DIV/DL/DD",
            "DIV/DL/DT",
            "DIV/H4/DIV",
            "DIV/H4/P",
            "DIV/UL/LI",
            "DL/DD/A",
            "DL/DD/DIV",
            "DL/DT/IMG",
            "H4/DIV/A",
            "H4/DIV/IMG",
            "H4/P/SPAN",
            "P/SPAN/A",
            "UL/LI/A",
            "UL/LI/EM",
            "UL/LI/SPAN"
          ]
        ]
      }
    }
  }
}