{
  "version": "0.1",
  "id": "q_apartment_handle",
  "targetURL": "http://42.247.16.108/xgxt/gygl_gyjlglnew_gyjlxxcl.do",
  "jsFile": "../../lib/base.js,../../lib/customTemplate.js,index.js",
  "cssFile": "../../lib/base.css",
  "requires": {
  },
  "chineseName": "公寓管理-公寓纪律信息处理",
  "controls": {
    "control0": {
      "location": {
        "data": {
          "tagName": "A"
        },
        "locators": [
          {
            "id": "button/text",
            "prob": 3,
            "value": {
              "text": [
                "处理"
              ],
              "visText": [
                "处理"
              ]
            }
          },
          {
            "id": "text",
            "prob": 3,
            "value": {
              "text": [
                "处理"
              ],
              "visText": [
                "处理"
              ]
            }
          },
          {
            "id": "@id/word",
            "prob": 2,
            "value": "descendant::DIV[@id=\"dgncz\"]/DIV[1]/UL[1]/LI[1]/A[1]"
          },
          {
            "id": "@class/word",
            "prob": 1,
            "value": "DIV.toolbox DIV.buttonbox A.btn_sh"
          },
          {
            "id": "path/ordinal",
            "prob": 1,
            "value": "/HTML[1]/BODY[1]/FORM[1]/DIV[1]/DIV[1]/UL[1]/LI[1]/A[1]"
          },
          {
            "id": "elderLevel",
            "value": {
              "level": 0
            }
          },
          {
            "id": "shield",
            "value": {
              "zIndex": "auto",
              "width": 52,
              "height": 18
            }
          }
        ]
      },
      "intendedRole": "button",
      "roles": "element,button,link",
      "monitored": false
    },
    "control1": {
      "location": {
        "data": {
          "tagName": "A"
        },
        "locators": [
          {
            "id": "button/text",
            "prob": 3,
            "value": {
              "text": [
                "撤销"
              ],
              "visText": [
                "撤销"
              ]
            }
          },
          {
            "id": "text",
            "prob": 3,
            "value": {
              "text": [
                "撤销"
              ],
              "visText": [
                "撤销"
              ]
            }
          },
          {
            "id": "@id/word",
            "prob": 2,
            "value": "descendant::DIV[@id=\"dgncz\"]/DIV[1]/UL[1]/LI[2]/A[1]"
          },
          {
            "id": "@class/word",
            "prob": 1,
            "value": "DIV.toolbox DIV.buttonbox A.btn_qxsh"
          },
          {
            "id": "path/ordinal",
            "prob": 1,
            "value": "/HTML[1]/BODY[1]/FORM[1]/DIV[1]/DIV[1]/UL[1]/LI[2]/A[1]"
          },
          {
            "id": "elderLevel",
            "value": {
              "level": 0
            }
          },
          {
            "id": "shield",
            "value": {
              "zIndex": "auto",
              "width": 52,
              "height": 18
            }
          }
        ]
      },
      "intendedRole": "button",
      "roles": "element,button,link",
      "monitored": false
    },
    "control2": {
      "location": {
        "data": {
          "tagName": "DIV"
        },
        "locators": [
          {
            "id": "button/text",
            "prob": 3,
            "value": {
              "text": [
                "全部 学号 姓名"
              ],
              "visText": [
                ""
              ]
            }
          },
          {
            "id": "text",
            "prob": 3,
            "value": {
              "text": [
                "全部 学号 姓名"
              ],
              "visText": [
                ""
              ]
            }
          },
          {
            "id": "@id/word",
            "prob": 3,
            "value": [
              "descendant::DIV[@id=\"dgncz\"]//DIV[@id=\"options\"]",
              "descendant::DIV[@id=\"options\"]"
            ]
          },
          {
            "id": "@class/word",
            "prob": 1,
            "value": "DIV.search_advanced DIV.adv_filter DIV.options_type1"
          },
          {
            "id": "path/ordinal",
            "prob": 1,
            "value": "/HTML[1]/BODY[1]/FORM[1]/DIV[1]/DIV[2]/DIV[1]/TABLE[1]/TBODY[1]/TR[1]/TD[1]/DIV[1]"
          },
          {
            "id": "shield",
            "value": {
              "zIndex": "auto",
              "width": 81,
              "height": 25
            }
          }
        ]
      },
      "events": {
        "onGetData": "getData_control2"
      },
      "intendedRole": "custom",
      "roles": "element,custom",
      "monitored": false
    },
    "control3": {
      "location": {
        "data": {
          "tagName": "INPUT"
        },
        "locators": [
          {
            "id": "elem/@name",
            "prob": 2,
            "value": [
              "descendant::form[@name=\"gyjlxxglNewForm\"]//INPUT[@name=\"searchModel.input_mhcx\"]",
              "descendant::INPUT[@name=\"searchModel.input_mhcx\"]"
            ]
          },
          {
            "id": "@id/word",
            "prob": 3,
            "value": [
              "descendant::DIV[@id=\"dgncz\"]//INPUT[@id=\"input_mhcx\"]",
              "descendant::INPUT[@id=\"input_mhcx\"]"
            ]
          },
          {
            "id": "@class/word",
            "prob": 1,
            "ordinal": [
              3,
              6
            ],
            "value": "DIV.toolbox DIV.search_advanced DIV.adv_filter TABLE TBODY TR TD INPUT"
          },
          {
            "id": "path/ordinal",
            "prob": 1,
            "value": "/HTML[1]/BODY[1]/FORM[1]/DIV[1]/DIV[2]/DIV[1]/TABLE[1]/TBODY[1]/TR[1]/TD[1]/INPUT[1]"
          },
          {
            "id": "input/type",
            "verifyEnabled": true,
            "value": "text"
          },
          {
            "id": "elderLevel",
            "value": {
              "level": 0
            }
          },
          {
            "id": "shield",
            "value": {
              "zIndex": "auto",
              "width": 383,
              "height": 24
            }
          }
        ]
      },
      "intendedRole": "textbox",
      "roles": "element,textbox",
      "monitored": true
    },
    "control4": {
      "location": {
        "data": {
          "tagName": "BUTTON"
        },
        "locators": [
          {
            "id": "button/text",
            "prob": 3,
            "value": {
              "text": [
                "查 询"
              ],
              "visText": [
                "查 询"
              ]
            }
          },
          {
            "id": "text",
            "prob": 3,
            "value": {
              "text": [
                "查 询"
              ],
              "visText": [
                "查 询"
              ]
            }
          },
          {
            "id": "@id/word",
            "prob": 3,
            "value": [
              "descendant::DIV[@id=\"dgncz\"]//BUTTON[@id=\"search_go\"]",
              "descendant::BUTTON[@id=\"search_go\"]"
            ]
          },
          {
            "id": "@class/word",
            "prob": 1,
            "value": "DIV.search_advanced DIV.adv_filter BUTTON.btn_cx"
          },
          {
            "id": "path/ordinal",
            "prob": 1,
            "value": "/HTML[1]/BODY[1]/FORM[1]/DIV[1]/DIV[2]/DIV[1]/TABLE[1]/TBODY[1]/TR[1]/TD[1]/BUTTON[1]"
          },
          {
            "id": "input/type",
            "verifyEnabled": true,
            "value": "button"
          },
          {
            "id": "elderLevel",
            "value": {
              "level": 0
            }
          },
          {
            "id": "shield",
            "value": {
              "zIndex": "auto",
              "width": 52.609375,
              "height": 19
            }
          }
        ]
      },
      "intendedRole": "button",
      "roles": "element,button",
      "monitored": false
    },
    "control5": {
      "location": {
        "data": {
          "tagName": "BUTTON"
        },
        "locators": [
          {
            "id": "button/text",
            "prob": 3,
            "value": {
              "text": [
                "重 置"
              ],
              "visText": [
                "重 置"
              ]
            }
          },
          {
            "id": "text",
            "prob": 3,
            "value": {
              "text": [
                "重 置"
              ],
              "visText": [
                "重 置"
              ]
            }
          },
          {
            "id": "@class/word",
            "prob": 1,
            "value": "DIV.search_advanced DIV.adv_filter BUTTON.btn_cz"
          },
          {
            "id": "path/ordinal",
            "prob": 1,
            "value": "/HTML[1]/BODY[1]/FORM[1]/DIV[1]/DIV[2]/DIV[1]/TABLE[1]/TBODY[1]/TR[1]/TD[1]/BUTTON[2]"
          },
          {
            "id": "input/type",
            "verifyEnabled": true,
            "value": "button"
          },
          {
            "id": "elderLevel",
            "value": {
              "level": 0
            }
          },
          {
            "id": "shield",
            "value": {
              "zIndex": "auto",
              "width": 52.609375,
              "height": 19
            }
          }
        ]
      },
      "intendedRole": "button",
      "roles": "element,button",
      "monitored": false
    },
    "control6": {
      "location": {
        "data": {
          "tagName": "DIV"
        },
        "locators": [
          {
            "id": "button/text",
            "prob": 3,
            "value": {
              "text": [
                "已选条件： 学年2016-2017学期1"
              ],
              "visText": [
                "已选条件： 学年2016-2017学期1"
              ]
            }
          },
          {
            "id": "text",
            "prob": 3,
            "value": {
              "text": [
                "已选条件： 学年2016-2017学期1"
              ],
              "visText": [
                "已选条件： 学年2016-2017学期1"
              ]
            }
          },
          {
            "id": "@id/word",
            "prob": 3,
            "value": [
              "descendant::DIV[@id=\"dgncz\"]//DIV[@id=\"yxtj_div\"]",
              "descendant::DIV[@id=\"yxtj_div\"]"
            ]
          },
          {
            "id": "@class/word",
            "prob": 1,
            "value": "DIV.toolbox DIV.search_advanced DIV.selected-attr"
          },
          {
            "id": "path/ordinal",
            "prob": 1,
            "value": "/HTML[1]/BODY[1]/FORM[1]/DIV[1]/DIV[2]/DIV[2]"
          },
          {
            "id": "shield",
            "value": {
              "zIndex": "auto",
              "width": 1141.828125,
              "height": 37
            }
          }
        ]
      },
      "events": {
        "onGetData": "getData_control6"
      },
      "intendedRole": "custom",
      "roles": "element,custom",
      "monitored": true
    },
    "control7": {
      "location": {
        "data": {
          "tagName": "TABLE"
        },
        "locators": [
          {
            "id": "button/text",
            "prob": 3,
            "value": {
              "text": [
                "学号姓名性别住宿寝室违纪时间纪律类别处理结果审核状态"
              ],
              "visText": [
                "学号姓名性别住宿寝室违纪时间纪律类别处理结果审核状态"
              ]
            }
          },
          {
            "id": "text",
            "prob": 3,
            "value": {
              "text": [
                "学号姓名性别住宿寝室违纪时间纪律类别处理结果审核状态"
              ],
              "visText": [
                "学号 姓名 性别 住宿寝室 违纪时间 纪律类别 处理结果 审核状态"
              ]
            }
          },
          {
            "id": "@id/word",
            "prob": 3,
            "value": [
              "descendant::DIV[@id=\"div_rs\"]//TABLE[@id=\"table_rs\"]",
              "descendant::TABLE[@id=\"table_rs\"]"
            ]
          },
          {
            "id": "@class/word",
            "prob": 1,
            "value": "DIV.con_overlfow SPAN.formbox TABLE.dateline"
          },
          {
            "id": "path/ordinal",
            "prob": 1,
            "value": "/HTML[1]/BODY[1]/FORM[1]/DIV[2]/DIV[2]/DIV[1]/SPAN[1]/TABLE[1]"
          },
          {
            "id": "shield",
            "value": {
              "zIndex": "auto",
              "width": 1142,
              "height": 337
            }
          }
        ]
      },
      "events": {
        "onGetData": "getData_control7"
      },
      "intendedRole": "custom",
      "roles": "element,custom",
      "monitored": true
    },
    "control9": {
      "location": {
        "data": {
          "tagName": "A"
        },
        "locators": [
          {
            "id": "button/text",
            "prob": 3,
            "value": {
              "text": [
                "首 页"
              ],
              "visText": [
                "首 页"
              ]
            }
          },
          {
            "id": "text",
            "prob": 3,
            "value": {
              "text": [
                "首 页"
              ],
              "visText": [
                "首 页"
              ]
            }
          },
          {
            "id": "@title",
            "prob": 2,
            "value": {
              "text": [
                "首页"
              ]
            }
          },
          {
            "id": "@id/word",
            "prob": 3,
            "value": [
              "descendant::DIV[@id=\"pagediv\"]//A[@id=\"first\"]",
              "descendant::A[@id=\"first\"]"
            ]
          },
          {
            "id": "@class/word",
            "prob": 1,
            "value": "DIV.pageright DIV.paging A.first"
          },
          {
            "id": "path/ordinal",
            "prob": 1,
            "value": "/HTML[1]/BODY[1]/FORM[1]/DIV[2]/DIV[3]/DIV[2]/DIV[1]/A[1]"
          },
          {
            "id": "elderLevel",
            "value": {
              "level": 0
            }
          },
          {
            "id": "shield",
            "value": {
              "zIndex": "auto",
              "width": 46,
              "height": 19
            }
          }
        ]
      },
      "intendedRole": "button",
      "roles": "element,button,link",
      "monitored": false
    },
    "control10": {
      "location": {
        "data": {
          "tagName": "A"
        },
        "locators": [
          {
            "id": "button/text",
            "prob": 3,
            "value": {
              "text": [
                "上一页"
              ],
              "visText": [
                "上一页"
              ]
            }
          },
          {
            "id": "text",
            "prob": 3,
            "value": {
              "text": [
                "上一页"
              ],
              "visText": [
                "上一页"
              ]
            }
          },
          {
            "id": "@title",
            "prob": 2,
            "value": {
              "text": [
                "上一页"
              ]
            }
          },
          {
            "id": "@id/word",
            "prob": 3,
            "value": [
              "descendant::DIV[@id=\"pagediv\"]//A[@id=\"pre\"]",
              "descendant::A[@id=\"pre\"]"
            ]
          },
          {
            "id": "@class/word",
            "prob": 1,
            "value": "DIV.pageright DIV.paging A.prev"
          },
          {
            "id": "path/ordinal",
            "prob": 1,
            "value": "/HTML[1]/BODY[1]/FORM[1]/DIV[2]/DIV[3]/DIV[2]/DIV[1]/A[2]"
          },
          {
            "id": "elderLevel",
            "value": {
              "level": 0
            }
          },
          {
            "id": "shield",
            "value": {
              "zIndex": "auto",
              "width": 54,
              "height": 19
            }
          }
        ]
      },
      "intendedRole": "button",
      "roles": "element,button,link",
      "monitored": false
    },
    "control11": {
      "location": {
        "data": {
          "tagName": "A"
        },
        "locators": [
          {
            "id": "button/text",
            "prob": 3,
            "value": {
              "text": [
                "下一页"
              ],
              "visText": [
                "下一页"
              ]
            }
          },
          {
            "id": "text",
            "prob": 3,
            "value": {
              "text": [
                "下一页"
              ],
              "visText": [
                "下一页"
              ]
            }
          },
          {
            "id": "@title",
            "prob": 2,
            "value": {
              "text": [
                "下一页"
              ]
            }
          },
          {
            "id": "@id/word",
            "prob": 3,
            "value": [
              "descendant::DIV[@id=\"pagediv\"]//A[@id=\"next\"]",
              "descendant::A[@id=\"next\"]"
            ]
          },
          {
            "id": "@class/word",
            "prob": 1,
            "value": "DIV.pageright DIV.paging A.next"
          },
          {
            "id": "path/ordinal",
            "prob": 1,
            "value": "/HTML[1]/BODY[1]/FORM[1]/DIV[2]/DIV[3]/DIV[2]/DIV[1]/A[3]"
          },
          {
            "id": "elderLevel",
            "value": {
              "level": 0
            }
          },
          {
            "id": "shield",
            "value": {
              "zIndex": "auto",
              "width": 54,
              "height": 19
            }
          }
        ]
      },
      "intendedRole": "button",
      "roles": "element,button,link",
      "monitored": false
    },
    "control12": {
      "location": {
        "data": {
          "tagName": "A"
        },
        "locators": [
          {
            "id": "button/text",
            "prob": 3,
            "value": {
              "text": [
                "末 页"
              ],
              "visText": [
                "末 页"
              ]
            }
          },
          {
            "id": "text",
            "prob": 3,
            "value": {
              "text": [
                "末 页"
              ],
              "visText": [
                "末 页"
              ]
            }
          },
          {
            "id": "@title",
            "prob": 2,
            "value": {
              "text": [
                "末页"
              ]
            }
          },
          {
            "id": "@id/word",
            "prob": 3,
            "value": [
              "descendant::DIV[@id=\"pagediv\"]//A[@id=\"last\"]",
              "descendant::A[@id=\"last\"]"
            ]
          },
          {
            "id": "@class/word",
            "prob": 1,
            "value": "DIV.pageright DIV.paging A.last"
          },
          {
            "id": "path/ordinal",
            "prob": 1,
            "value": "/HTML[1]/BODY[1]/FORM[1]/DIV[2]/DIV[3]/DIV[2]/DIV[1]/A[4]"
          },
          {
            "id": "elderLevel",
            "value": {
              "level": 0
            }
          },
          {
            "id": "shield",
            "value": {
              "zIndex": "auto",
              "width": 46,
              "height": 19
            }
          }
        ]
      },
      "intendedRole": "button",
      "roles": "element,button,link",
      "monitored": false
    },
    "control13": {
      "location": {
        "data": {
          "tagName": "DIV"
        },
        "locators": [
          {
            "id": "button/text",
            "prob": 3,
            "value": {
              "text": [
                "您的当前位置：公寓管理-公寓纪律-公寓纪律信息处理"
              ],
              "visText": [
                "您的当前位置：公寓管理-公寓纪律-公寓纪律信息处理"
              ]
            }
          },
          {
            "id": "text",
            "prob": 3,
            "value": {
              "text": [
                "您的当前位置：公寓管理-公寓纪律-公寓纪律信息处理"
              ],
              "visText": [
                "您的当前位置：公寓管理-公寓纪律-公寓纪律信息处理"
              ]
            }
          },
          {
            "id": "@class/word",
            "prob": 1,
            "value": "DIV.tab_cur"
          },
          {
            "id": "path/ordinal",
            "prob": 1,
            "ordinal": [
              0,
              2
            ],
            "value": "/HTML[1]/BODY[1]/DIV[1]"
          },
          {
            "id": "shield",
            "value": {
              "zIndex": "auto",
              "width": 1142,
              "height": 30
            }
          }
        ]
      },
      "roles": "element,link",
      "text": "\n\t\t\t<p style=\"white-space:normal\">\n\t\t\t\t<i>您的当前位置：</i>公寓管理-公寓纪律-公寓纪律信息处理\n\t\t\t</p>\n\t\t"
    },
    "control14": {
      "location": {
        "data": {
          "tagName": "DIV"
        },
        "locators": [
          {
            "id": "button/text",
            "prob": 3,
            "value": {
              "text": [
                "您的当前位置：公寓管理-公寓纪律-公寓纪律信息处理"
              ],
              "visText": [
                "您的当前位置：公寓管理-公寓纪律-公寓纪律信息处理"
              ]
            }
          },
          {
            "id": "text",
            "prob": 3,
            "value": {
              "text": [
                "您的当前位置：公寓管理-公寓纪律-公寓纪律信息处理"
              ],
              "visText": [
                "您的当前位置：公寓管理-公寓纪律-公寓纪律信息处理"
              ]
            }
          },
          {
            "id": "@class/word",
            "prob": 1,
            "value": "DIV.tab_cur"
          },
          {
            "id": "path/ordinal",
            "prob": 1,
            "ordinal": [
              0,
              2
            ],
            "value": "/HTML[1]/BODY[1]/DIV[1]"
          },
          {
            "id": "shield",
            "value": {
              "zIndex": "auto",
              "width": 1142,
              "height": 30
            }
          }
        ]
      },
      "events": {
        "onGetData": "getData_control14"
      },
      "intendedRole": "custom",
      "roles": "element,link,custom",
      "monitored": false
    },
    "control16": {
      "location": {
        "data": {
          "tagName": "DIV"
        },
        "locators": [
          {
            "id": "button/text",
            "prob": 3,
            "ordinal": [
              1,
              2
            ],
            "value": {
              "text": [
                "提示信息01r请勾选一条需要处理的记录！"
              ],
              "visText": [
                "提示信息请勾选一条需要处理的记录！"
              ]
            }
          },
          {
            "id": "text",
            "prob": 3,
            "value": {
              "text": [
                "提示信息01r请勾选一条需要处理的记录！"
              ],
              "visText": [
                "提示信息 请勾选一条需要处理的记录！"
              ]
            }
          },
          {
            "id": "@id/partialWord",
            "prob": 3,
            "value": {
              "elemId": "ym-window",
              "tagName": "DIV",
              "prefix": "",
              "suffix": "",
              "ratio": 0
            }
          },
          {
            "id": "path/ordinal",
            "prob": 1,
            "value": "/HTML[1]/BODY[1]/DIV[3]/DIV[2]"
          },
          {
            "id": "shield",
            "value": {
              "zIndex": "10001",
              "width": 302,
              "height": 186
            }
          }
        ]
      },
      "events": {
        "onGetData": "getData_control16"
      },
      "intendedRole": "custom",
      "roles": "element,custom",
      "monitored": false
    },
    "control17": {
      "location": {
        "data": {
          "tagName": "P"
        },
        "locators": [
          {
            "id": "button/text",
            "prob": 3,
            "value": {
              "text": [
                "第 页/ 共 1页， 每页显示 条/共 0条记录"
              ],
              "visText": [
                "第 页/ 共 1页， 每页显示 条/共 0条记录"
              ]
            }
          },
          {
            "id": "text",
            "prob": 3,
            "value": {
              "text": [
                "第 页/ 共 1页， 每页显示 条/共 0条记录"
              ],
              "visText": [
                "第 页/ 共 1页， 每页显示 条/共 0条记录"
              ]
            }
          },
          {
            "id": "@class/word",
            "prob": 1,
            "value": "DIV.pagination DIV.pageleft P.pagenum"
          },
          {
            "id": "path/ordinal",
            "prob": 1,
            "value": "/HTML[1]/BODY[1]/FORM[1]/DIV[2]/DIV[3]/DIV[1]/P[1]"
          },
          {
            "id": "shield",
            "value": {
              "zIndex": "auto",
              "width": 312,
              "height": 14
            }
          }
        ]
      },
      "events": {
        "onGetData": "getData_control17"
      },
      "intendedRole": "custom",
      "roles": "element,custom",
      "monitored": false
    },
    "control18": {
      "location": {
        "data": {
          "tagName": "DIV"
        },
        "locators": [
          {
            "id": "button/text",
            "prob": 3,
            "ordinal": [
              1,
              2
            ],
            "value": {
              "text": [
                "提示信息01r请勾选一条需要处理的记录！"
              ],
              "visText": [
                "提示信息请勾选一条需要处理的记录！"
              ]
            }
          },
          {
            "id": "text",
            "prob": 3,
            "value": {
              "text": [
                "提示信息01r请勾选一条需要处理的记录！"
              ],
              "visText": [
                "提示信息 请勾选一条需要处理的记录！"
              ]
            }
          },
          {
            "id": "@id/partialWord",
            "prob": 3,
            "value": {
              "elemId": "ym-window",
              "tagName": "DIV",
              "prefix": "",
              "suffix": "",
              "ratio": 0
            }
          },
          {
            "id": "path/ordinal",
            "prob": 1,
            "value": "/HTML[1]/BODY[1]/DIV[4]/DIV[2]"
          },
          {
            "id": "shield",
            "value": {
              "zIndex": "10001",
              "width": 302,
              "height": 186
            }
          }
        ]
      },
      "intendedRole": "dialog",
      "roles": "element,dialog",
      "monitored": false
    },
    "control19": {
      "location": {
        "data": {
          "tagName": "DIV"
        },
        "locators": [
          {
            "id": "button/text",
            "prob": 3,
            "ordinal": [
              1,
              2
            ],
            "value": {
              "text": [
                "提示信息01r请勾选一条需要处理的记录！"
              ],
              "visText": [
                "提示信息请勾选一条需要处理的记录！"
              ]
            }
          },
          {
            "id": "text",
            "prob": 3,
            "value": {
              "text": [
                "提示信息01r请勾选一条需要处理的记录！"
              ],
              "visText": [
                "提示信息 请勾选一条需要处理的记录！"
              ]
            }
          },
          {
            "id": "@id/partialWord",
            "prob": 3,
            "value": {
              "elemId": "ym-window",
              "tagName": "DIV",
              "prefix": "",
              "suffix": "",
              "ratio": 0
            }
          },
          {
            "id": "path/ordinal",
            "prob": 1,
            "value": "/HTML[1]/BODY[1]/DIV[4]/DIV[2]"
          },
          {
            "id": "shield",
            "value": {
              "zIndex": "10001",
              "width": 302,
              "height": 186
            }
          }
        ]
      },
      "events": {
        "onGetData": "getData_control19"
      },
      "intendedRole": "custom",
      "roles": "element,custom",
      "monitored": false
    }
  },
  "contexts": {
    "context1": {
      "controls": [
        "control0",
        "control1",
        "control2",
        "control3",
        "control4",
        "control5",
        "control6",
        "control7",
        "control9",
        "control10",
        "control11",
        "control12",
        "control14",
        "control16",
        "control17",
        "control18",
        "control19"
      ],
      "anchors": [
        "control13"
      ]
    }
  },
  "flows": {
    "flow0": {
      "toContexts": [
        {
          "toContextId": "context1"
        }
      ]
    }
  },
  "pages": {
    "page1": {
      "contextId": "context1",
      "layout": [
        {
          "id": "uiControl0",
          "display": {
            "class": "navbar navbar-primary xg_header",
            "title": "公寓纪律信息处理",
            "type": "header",
            "adapterId": "header",
            "adapter": {
              "templateType": ""
            }
          },
          "layout": []
        },
        {
          "id": "uiControl32",
          "controlId": "control18",
          "display": {
            "presentation": "confirm",
            "adapterId": "dialog",
            "type": "dialog",
            "class": "xg_alert",
            "adapter": {
              "templateType": ""
            }
          },
          "layout": [
            {
              "id": "uiControl32body",
              "display": {
                "type": "dialogBody",
                "adapterId": "dialogBody",
                "adapter": {
                  "templateType": ""
                }
              },
              "layout": [
                {
                  "id": "uiControl33",
                  "controlId": "control19",
                  "display": {
                    "adapterId": "custom",
                    "type": "custom",
                    "adapter": {
                      "templateType": "react",
                      "events": {
                        "onDoAction": "doAction_uiControl33",
                        "onGetTemplate": "getTemplate_uiControl33"
                      }
                    }
                  }
                }
              ]
            },
            {
              "id": "uiControl32footer",
              "display": {
                "type": "dialogFooter",
                "adapterId": "dialogFooter",
                "adapter": {
                  "templateType": ""
                }
              },
              "layout": []
            }
          ]
        },
        {
          "id": "uiControl1",
          "display": {
            "type": "card",
            "adapterId": "card",
            "class": "xg_top_btn3",
            "adapter": {
              "templateType": ""
            }
          },
          "layout": [
            {
              "id": "uiControl1body",
              "display": {
                "type": "cardBody",
                "adapterId": "cardBody",
                "adapter": {
                  "templateType": ""
                }
              },
              "layout": [
                {
                  "id": "uiControl2",
                  "controlId": "control0",
                  "display": {
                    "adapterId": "clickable",
                    "type": "button",
                    "adapter": {
                      "templateType": ""
                    }
                  }
                },
                {
                  "id": "uiControl3",
                  "controlId": "control1",
                  "display": {
                    "adapterId": "clickable",
                    "type": "button",
                    "adapter": {
                      "templateType": ""
                    }
                  }
                }
              ]
            }
          ]
        },
        {
          "id": "uiControl4",
          "display": {
            "type": "card",
            "adapterId": "card",
            "class": "xg_body",
            "adapter": {
              "templateType": ""
            }
          },
          "layout": [
            {
              "id": "uiControl4body",
              "display": {
                "type": "cardBody",
                "adapterId": "cardBody",
                "adapter": {
                  "templateType": ""
                }
              },
              "layout": [
                {
                  "id": "uiControl5",
                  "display": {
                    "type": "card",
                    "adapterId": "card",
                    "class": "search-select",
                    "adapter": {
                      "templateType": ""
                    }
                  },
                  "layout": [
                    {
                      "id": "uiControl5body",
                      "display": {
                        "type": "cardBody",
                        "adapterId": "cardBody",
                        "adapter": {
                          "templateType": ""
                        }
                      },
                      "layout": [
                        {
                          "id": "uiControl6",
                          "controlId": "control2",
                          "display": {
                            "adapterId": "custom",
                            "type": "custom",
                            "adapter": {
                              "templateType": "react",
                              "events": {
                                "onDoAction": "doAction_uiControl6",
                                "onGetTemplate": "getTemplate_uiControl6"
                              }
                            }
                          }
                        },
                        {
                          "id": "uiControl7",
                          "controlId": "control3",
                          "display": {
                            "adapterId": "textbox",
                            "type": "textbox",
                            "adapter": {
                              "templateType": ""
                            }
                          }
                        },
                        {
                          "id": "uiControl8",
                          "controlId": "control4",
                          "display": {
                            "adapterId": "clickable",
                            "type": "button",
                            "adapter": {
                              "templateType": ""
                            }
                          }
                        },
                        {
                          "id": "uiControl9",
                          "controlId": "control5",
                          "display": {
                            "adapterId": "clickable",
                            "type": "button",
                            "adapter": {
                              "templateType": ""
                            }
                          }
                        }
                      ]
                    }
                  ]
                },
                {
                  "id": "uiControl10",
                  "display": {
                    "type": "card",
                    "adapterId": "card",
                    "class": "search-condition",
                    "adapter": {
                      "templateType": ""
                    }
                  },
                  "layout": [
                    {
                      "id": "uiControl10body",
                      "display": {
                        "type": "cardBody",
                        "adapterId": "cardBody",
                        "adapter": {
                          "templateType": ""
                        }
                      },
                      "layout": [
                        {
                          "id": "uiControl11",
                          "controlId": "control6",
                          "display": {
                            "adapterId": "custom",
                            "type": "custom",
                            "adapter": {
                              "templateType": "react",
                              "events": {
                                "onDoAction": "doAction_uiControl11",
                                "onGetTemplate": "getTemplate_uiControl11"
                              }
                            }
                          }
                        }
                      ]
                    }
                  ]
                },
                {
                  "id": "uiControl12",
                  "display": {
                    "type": "card",
                    "adapterId": "card",
                    "class": "gyjlxxcl-list",
                    "adapter": {
                      "templateType": ""
                    }
                  },
                  "layout": [
                    {
                      "id": "uiControl12body",
                      "display": {
                        "type": "cardBody",
                        "adapterId": "cardBody",
                        "adapter": {
                          "templateType": ""
                        }
                      },
                      "layout": [
                        {
                          "id": "uiControl13",
                          "controlId": "control7",
                          "display": {
                            "adapterId": "custom",
                            "type": "custom",
                            "adapter": {
                              "templateType": "react",
                              "events": {
                                "onDoAction": "doAction_uiControl13",
                                "onGetTemplate": "getTemplate_uiControl13"
                              }
                            }
                          }
                        }
                      ]
                    }
                  ]
                },
                {
                  "id": "uiControl15",
                  "display": {
                    "type": "card",
                    "adapterId": "card",
                    "class": "page",
                    "adapter": {
                      "templateType": ""
                    }
                  },
                  "layout": [
                    {
                      "id": "uiControl15body",
                      "display": {
                        "type": "cardBody",
                        "adapterId": "cardBody",
                        "adapter": {
                          "templateType": ""
                        }
                      },
                      "layout": [
                        {
                          "id": "uiControl14",
                          "controlId": "control17",
                          "display": {
                            "adapterId": "custom",
                            "type": "custom",
                            "adapter": {
                              "templateType": "react",
                              "events": {
                                "onDoAction": "doAction_uiControl14",
                                "onGetTemplate": "getTemplate_uiControl14"
                              }
                            }
                          }
                        }
                      ]
                    }
                  ]
                },
                {
                  "id": "uiControl17",
                  "display": {
                    "type": "card",
                    "adapterId": "card",
                    "class": "xg_four_btn",
                    "adapter": {
                      "templateType": ""
                    }
                  },
                  "layout": [
                    {
                      "id": "uiControl17body",
                      "display": {
                        "type": "cardBody",
                        "adapterId": "cardBody",
                        "adapter": {
                          "templateType": ""
                        }
                      },
                      "layout": [
                        {
                          "id": "uiControl18",
                          "controlId": "control9",
                          "display": {
                            "adapterId": "clickable",
                            "type": "button",
                            "adapter": {
                              "templateType": ""
                            }
                          }
                        },
                        {
                          "id": "uiControl19",
                          "controlId": "control10",
                          "display": {
                            "adapterId": "clickable",
                            "type": "button",
                            "adapter": {
                              "templateType": ""
                            }
                          }
                        },
                        {
                          "id": "uiControl20",
                          "controlId": "control11",
                          "display": {
                            "adapterId": "clickable",
                            "type": "button",
                            "adapter": {
                              "templateType": ""
                            }
                          }
                        },
                        {
                          "id": "uiControl21",
                          "controlId": "control12",
                          "display": {
                            "adapterId": "clickable",
                            "type": "button",
                            "adapter": {
                              "templateType": ""
                            }
                          }
                        }
                      ]
                    }
                  ]
                }
              ]
            }
          ]
        },
        {
          "id": "uiControl22",
          "controlId": "control14",
          "display": {
            "adapterId": "custom",
            "type": "custom",
            "adapter": {
              "templateType": "react",
              "events": {
                "onDoAction": "doAction_uiControl22",
                "onGetTemplate": "getTemplate_uiControl22"
              }
            }
          }
        }
      ]
    }
  },
  "matchers": {
    "page/title": {
      "contexts": {
        "context1": [
          "学生工作管理信息系统"
        ]
      }
    },
    "page/urls": {
      "contexts": {
        "context1": [
          "42.247.16.108/xgxt/gygl_gyjlglnew_gyjlxxcl.do"
        ]
      }
    },
    "page/ids": {
      "contexts": {
        "context1": [
          [
            "-_xn_yxtj_dd",
            "_xq_yxtj_dd",
            "a_id_",
            "a_id_-",
            "a_id_more",
            "ajax_max_current",
            "ajax_max_page",
            "ajax_max_record",
            "ajax_page_maxpage",
            "ajax_page_size",
            "all",
            "allCheck",
            "arrange",
            "bjV",
            "bj_hidv_qt_B",
            "bj_hidv_qt_C",
            "bj_hidv_qt_F",
            "bj_hidv_qt_Z",
            "bj_hidv_qt_bj_B",
            "bj_hidv_qt_bj_C",
            "bj_hidv_qt_bj_D",
            "bj_hidv_qt_bj_F",
            "bj_hidv_qt_bj_G",
            "bj_hidv_qt_bj_H",
            "bj_hidv_qt_bj_J",
            "bj_hidv_qt_bj_L",
            "bj_hidv_qt_bj_R",
            "bj_hidv_qt_bj_S",
            "bj_hidv_qt_bj_T",
            "bj_hidv_qt_bj_W",
            "bj_hidv_qt_bj_X",
            "bj_hidv_qt_bj_Y",
            "bj_hidv_yc_B",
            "bj_hidv_yc_C",
            "bj_hidv_yc_F",
            "bj_hidv_yc_Z",
            "bj_hidv_yc_bj_F",
            "bj_hidv_yc_bj_G",
            "bj_hidv_yc_bj_H",
            "bj_hidv_yc_bj_J",
            "bj_hidv_yc_bj_L",
            "bj_hidv_yc_bj_R",
            "bj_hidv_yc_bj_S",
            "bj_hidv_yc_bj_T",
            "bj_hidv_yc_bj_W",
            "bj_hidv_yc_bj_X",
            "bj_hidv_yc_bj_Y",
            "bj_mc_xs_B",
            "bj_mc_yc_B",
            "bj_mc_yc_C",
            "bj_mc_yc_F",
            "bj_mc_yc_Z",
            "bj_more",
            "bj_num",
            "bj_py_num",
            "bj_py_xs_",
            "bj_py_yc_",
            "bj_qt_bj_F",
            "bj_qt_bj_G",
            "bj_qt_bj_H",
            "bj_qt_bj_J",
            "bj_qt_bj_L",
            "bj_qt_bj_R",
            "bj_qt_bj_S",
            "bj_qt_bj_T",
            "bj_qt_bj_W",
            "bj_qt_bj_X",
            "bj_qt_bj_Y",
            "bj_ul",
            "btn_setXsxx",
            "buttonClose",
            "choose",
            "cljg",
            "currentPage",
            "dcqk",
            "dgncz",
            "divDisable",
            "divWaiting",
            "div_detail",
            "div_rs",
            "div_tsxx",
            "doType",
            "editPageSize",
            "fanye",
            "fashion",
            "first",
            "gjcx_div",
            "gyglyQx",
            "gyjllbdldm_ul",
            "gyjllbdm_ul",
            "input_mhcx",
            "input_mhcx_msg",
            "isBzr",
            "isFdy",
            "isPage",
            "lable_confirm_cx",
            "lable_confirm_sc",
            "lable_confirm_tj",
            "lable_dqwkfsq",
            "lable_jcszwcsh",
            "lable_one_cx",
            "lable_one_lcgz",
            "lable_one_tj",
            "lable_one_xg",
            "lable_shz_cx",
            "lable_some_sc",
            "lable_some_tj",
            "lable_wjt_sc",
            "lable_wjt_yth_sc",
            "lable_wjt_yth_tj",
            "lable_wjt_yth_xg",
            "lable_wxglcxx",
            "last",
            "ld_mc_xs_",
            "ld_mc_yc_",
            "ld_more",
            "ld_ul",
            "maskLevel",
            "maxPage",
            "max_page",
            "max_record",
            "message",
            "mhcx_lx",
            "mhcx_lxHid",
            "mhcx_xh",
            "mhcx_xm",
            "mklx",
            "next",
            "njV",
            "nj_ul",
            "options",
            "p_tsxx",
            "page_Size",
            "pagediv",
            "pagelist",
            "pageno",
            "pagesize",
            "path",
            "pk",
            "pkValue",
            "plcx_xh",
            "plcx_xm",
            "pre",
            "qsh_hidv_qt_",
            "qsh_hidv_qt_qsh_",
            "qsh_hidv_yc_",
            "qsh_hidv_yc_qsh_",
            "qsh_mc_xs_",
            "qsh_mc_yc_",
            "qsh_more",
            "qsh_num",
            "qsh_py_num",
            "qsh_py_xs_",
            "qsh_py_yc_",
            "qsh_qt_qsh_",
            "qsh_ul",
            "realTable",
            "refreshParent",
            "ryfw",
            "searchPath",
            "searchTjDiv",
            "searchType",
            "search_go",
            "shDiv",
            "showMessage",
            "tableName",
            "table_rs",
            "text",
            "tj_gyjlcflb_th",
            "tj_gyjlcflb_wcl",
            "tj_nj_",
            "tj_shztdm_btg",
            "tj_shztdm_tg",
            "tj_shztdm_th",
            "tj_shztdm_wsh",
            "tj_xb_女",
            "tj_xb_男",
            "tj_xn_-",
            "tj_xq_",
            "totlePage",
            "ts_msg",
            "tsxx_span",
            "turnCheck",
            "userDep",
            "userName",
            "userStatus",
            "userType",
            "waitDiv",
            "wjrq_jssj",
            "wjrq_kssj",
            "xhV",
            "xmV",
            "xxdm",
            "xyV",
            "xy_hidv_yc_",
            "xy_mc_xs_",
            "xy_mc_yc_",
            "xy_more",
            "xy_num",
            "xy_py_num",
            "xy_py_xs_",
            "xy_py_yc_",
            "xy_ul",
            "xzxsKey",
            "yhlx",
            "ym-bl",
            "ym-btnl",
            "ym-ml",
            "ym-tl",
            "ym-window",
            "yxtj_div",
            "yxtj_dl",
            "yxzxss",
            "zyV",
            "zy_hidv_qt_A",
            "zy_hidv_qt_B",
            "zy_hidv_qt_C",
            "zy_hidv_qt_F",
            "zy_hidv_qt_Z",
            "zy_hidv_qt_zy_C",
            "zy_hidv_qt_zy_D",
            "zy_hidv_qt_zy_G",
            "zy_hidv_qt_zy_H",
            "zy_hidv_qt_zy_J",
            "zy_hidv_qt_zy_L",
            "zy_hidv_qt_zy_R",
            "zy_hidv_qt_zy_S",
            "zy_hidv_qt_zy_T",
            "zy_hidv_qt_zy_W",
            "zy_hidv_qt_zy_X",
            "zy_hidv_qt_zy_Y",
            "zy_hidv_yc_A",
            "zy_hidv_yc_B",
            "zy_hidv_yc_C",
            "zy_hidv_yc_F",
            "zy_hidv_yc_Z",
            "zy_hidv_yc_zy_G",
            "zy_hidv_yc_zy_H",
            "zy_hidv_yc_zy_J",
            "zy_hidv_yc_zy_L",
            "zy_hidv_yc_zy_R",
            "zy_hidv_yc_zy_S",
            "zy_hidv_yc_zy_T",
            "zy_hidv_yc_zy_W",
            "zy_hidv_yc_zy_X",
            "zy_hidv_yc_zy_Y",
            "zy_mc_xs_B",
            "zy_mc_xs_C",
            "zy_mc_xs_S",
            "zy_mc_xs_Z",
            "zy_mc_yc_A",
            "zy_mc_yc_B",
            "zy_mc_yc_C",
            "zy_mc_yc_F",
            "zy_mc_yc_Z",
            "zy_more",
            "zy_num",
            "zy_py_num",
            "zy_py_xs_",
            "zy_py_yc_",
            "zy_qt_zy_G",
            "zy_qt_zy_H",
            "zy_qt_zy_J",
            "zy_qt_zy_L",
            "zy_qt_zy_R",
            "zy_qt_zy_S",
            "zy_qt_zy_T",
            "zy_qt_zy_W",
            "zy_qt_zy_X",
            "zy_qt_zy_Y",
            "zy_ul"
          ],
          [
            "-_xn_yxtj_dd",
            "_xq_yxtj_dd",
            "a_id_",
            "a_id_-",
            "a_id_more",
            "ajax_max_current",
            "ajax_max_page",
            "ajax_max_record",
            "ajax_page_maxpage",
            "ajax_page_size",
            "all",
            "allCheck",
            "arrange",
            "bjV",
            "bj_hidv_qt_B",
            "bj_hidv_qt_C",
            "bj_hidv_qt_F",
            "bj_hidv_qt_Z",
            "bj_hidv_qt_bj_B",
            "bj_hidv_qt_bj_C",
            "bj_hidv_qt_bj_D",
            "bj_hidv_qt_bj_F",
            "bj_hidv_qt_bj_G",
            "bj_hidv_qt_bj_H",
            "bj_hidv_qt_bj_J",
            "bj_hidv_qt_bj_L",
            "bj_hidv_qt_bj_R",
            "bj_hidv_qt_bj_S",
            "bj_hidv_qt_bj_T",
            "bj_hidv_qt_bj_W",
            "bj_hidv_qt_bj_X",
            "bj_hidv_qt_bj_Y",
            "bj_hidv_yc_B",
            "bj_hidv_yc_C",
            "bj_hidv_yc_F",
            "bj_hidv_yc_Z",
            "bj_hidv_yc_bj_F",
            "bj_hidv_yc_bj_G",
            "bj_hidv_yc_bj_H",
            "bj_hidv_yc_bj_J",
            "bj_hidv_yc_bj_L",
            "bj_hidv_yc_bj_R",
            "bj_hidv_yc_bj_S",
            "bj_hidv_yc_bj_T",
            "bj_hidv_yc_bj_W",
            "bj_hidv_yc_bj_X",
            "bj_hidv_yc_bj_Y",
            "bj_mc_xs_B",
            "bj_mc_yc_B",
            "bj_mc_yc_C",
            "bj_mc_yc_F",
            "bj_mc_yc_Z",
            "bj_more",
            "bj_num",
            "bj_py_num",
            "bj_py_xs_",
            "bj_py_yc_",
            "bj_qt_bj_F",
            "bj_qt_bj_G",
            "bj_qt_bj_H",
            "bj_qt_bj_J",
            "bj_qt_bj_L",
            "bj_qt_bj_R",
            "bj_qt_bj_S",
            "bj_qt_bj_T",
            "bj_qt_bj_W",
            "bj_qt_bj_X",
            "bj_qt_bj_Y",
            "bj_ul",
            "btn_setXsxx",
            "buttonClose",
            "choose",
            "cljg",
            "currentPage",
            "dcqk",
            "dgncz",
            "divDisable",
            "divWaiting",
            "div_detail",
            "div_rs",
            "div_tsxx",
            "doType",
            "editPageSize",
            "fanye",
            "fashion",
            "first",
            "gjcx_div",
            "gyglyQx",
            "gyjllbdldm_ul",
            "gyjllbdm_ul",
            "input_mhcx",
            "input_mhcx_msg",
            "isBzr",
            "isFdy",
            "isPage",
            "lable_confirm_cx",
            "lable_confirm_sc",
            "lable_confirm_tj",
            "lable_dqwkfsq",
            "lable_jcszwcsh",
            "lable_one_cx",
            "lable_one_lcgz",
            "lable_one_tj",
            "lable_one_xg",
            "lable_shz_cx",
            "lable_some_sc",
            "lable_some_tj",
            "lable_wjt_sc",
            "lable_wjt_yth_sc",
            "lable_wjt_yth_tj",
            "lable_wjt_yth_xg",
            "lable_wxglcxx",
            "last",
            "ld_mc_xs_",
            "ld_mc_yc_",
            "ld_more",
            "ld_ul",
            "maskLevel",
            "maxPage",
            "max_page",
            "max_record",
            "message",
            "mhcx_lx",
            "mhcx_lxHid",
            "mhcx_xh",
            "mhcx_xm",
            "mklx",
            "next",
            "njV",
            "nj_ul",
            "options",
            "p_tsxx",
            "page_Size",
            "pagediv",
            "pagelist",
            "pageno",
            "pagesize",
            "path",
            "pk",
            "pkValue",
            "plcx_xh",
            "plcx_xm",
            "pre",
            "qsh_hidv_qt_",
            "qsh_hidv_qt_qsh_",
            "qsh_hidv_yc_",
            "qsh_hidv_yc_qsh_",
            "qsh_mc_xs_",
            "qsh_mc_yc_",
            "qsh_more",
            "qsh_num",
            "qsh_py_num",
            "qsh_py_xs_",
            "qsh_py_yc_",
            "qsh_qt_qsh_",
            "qsh_ul",
            "realTable",
            "refreshParent",
            "ryfw",
            "searchPath",
            "searchTjDiv",
            "searchType",
            "search_go",
            "shDiv",
            "showMessage",
            "tableName",
            "table_rs",
            "text",
            "tj_gyjlcflb_th",
            "tj_gyjlcflb_wcl",
            "tj_nj_",
            "tj_shztdm_btg",
            "tj_shztdm_tg",
            "tj_shztdm_th",
            "tj_shztdm_wsh",
            "tj_xb_女",
            "tj_xb_男",
            "tj_xn_-",
            "tj_xq_",
            "totlePage",
            "ts_msg",
            "tsxx_span",
            "turnCheck",
            "userDep",
            "userName",
            "userStatus",
            "userType",
            "waitDiv",
            "wjrq_jssj",
            "wjrq_kssj",
            "xhV",
            "xmV",
            "xxdm",
            "xyV",
            "xy_hidv_yc_",
            "xy_mc_xs_",
            "xy_mc_yc_",
            "xy_more",
            "xy_num",
            "xy_py_num",
            "xy_py_xs_",
            "xy_py_yc_",
            "xy_ul",
            "xzxsKey",
            "yhlx",
            "ym-bl",
            "ym-btnl",
            "ym-ml",
            "ym-tl",
            "ym-window",
            "ymPrompt_btn_",
            "yxtj_div",
            "yxtj_dl",
            "yxzxss",
            "zyV",
            "zy_hidv_qt_A",
            "zy_hidv_qt_B",
            "zy_hidv_qt_C",
            "zy_hidv_qt_F",
            "zy_hidv_qt_Z",
            "zy_hidv_qt_zy_C",
            "zy_hidv_qt_zy_D",
            "zy_hidv_qt_zy_G",
            "zy_hidv_qt_zy_H",
            "zy_hidv_qt_zy_J",
            "zy_hidv_qt_zy_L",
            "zy_hidv_qt_zy_R",
            "zy_hidv_qt_zy_S",
            "zy_hidv_qt_zy_T",
            "zy_hidv_qt_zy_W",
            "zy_hidv_qt_zy_X",
            "zy_hidv_qt_zy_Y",
            "zy_hidv_yc_A",
            "zy_hidv_yc_B",
            "zy_hidv_yc_C",
            "zy_hidv_yc_F",
            "zy_hidv_yc_Z",
            "zy_hidv_yc_zy_G",
            "zy_hidv_yc_zy_H",
            "zy_hidv_yc_zy_J",
            "zy_hidv_yc_zy_L",
            "zy_hidv_yc_zy_R",
            "zy_hidv_yc_zy_S",
            "zy_hidv_yc_zy_T",
            "zy_hidv_yc_zy_W",
            "zy_hidv_yc_zy_X",
            "zy_hidv_yc_zy_Y",
            "zy_mc_xs_B",
            "zy_mc_xs_C",
            "zy_mc_xs_S",
            "zy_mc_xs_Z",
            "zy_mc_yc_A",
            "zy_mc_yc_B",
            "zy_mc_yc_C",
            "zy_mc_yc_F",
            "zy_mc_yc_Z",
            "zy_more",
            "zy_num",
            "zy_py_num",
            "zy_py_xs_",
            "zy_py_yc_",
            "zy_qt_zy_G",
            "zy_qt_zy_H",
            "zy_qt_zy_J",
            "zy_qt_zy_L",
            "zy_qt_zy_R",
            "zy_qt_zy_S",
            "zy_qt_zy_T",
            "zy_qt_zy_W",
            "zy_qt_zy_X",
            "zy_qt_zy_Y",
            "zy_ul"
          ],
          [
            "a_id_more",
            "all",
            "allCheck",
            "arrange",
            "bjV",
            "btn_setXsxx",
            "buttonClose",
            "choose",
            "cljg",
            "currentPage",
            "dcqk",
            "dgncz",
            "divDisable",
            "divWaiting",
            "div_detail",
            "div_rs",
            "div_tsxx",
            "doType",
            "editPageSize",
            "fanye",
            "fashion",
            "first",
            "gjcx_div",
            "gyglyQx",
            "input_mhcx",
            "input_mhcx_msg",
            "isBzr",
            "isFdy",
            "isPage",
            "lable_confirm_cx",
            "lable_confirm_sc",
            "lable_confirm_tj",
            "lable_dqwkfsq",
            "lable_jcszwcsh",
            "lable_one_cx",
            "lable_one_lcgz",
            "lable_one_tj",
            "lable_one_xg",
            "lable_shz_cx",
            "lable_some_sc",
            "lable_some_tj",
            "lable_wjt_sc",
            "lable_wjt_yth_sc",
            "lable_wjt_yth_tj",
            "lable_wjt_yth_xg",
            "lable_wxglcxx",
            "last",
            "maxPage",
            "max_page",
            "max_record",
            "message",
            "mhcx_lx",
            "mhcx_lxHid",
            "mhcx_xh",
            "mhcx_xm",
            "mklx",
            "next",
            "njV",
            "options",
            "p_tsxx",
            "page_Size",
            "pagediv",
            "pagelist",
            "pageno",
            "pagesize",
            "path",
            "pk",
            "pkValue",
            "plcx_xh",
            "plcx_xm",
            "pre",
            "realTable",
            "refreshParent",
            "ryfw",
            "searchPath",
            "searchTjDiv",
            "searchType",
            "search_go",
            "shDiv",
            "showMessage",
            "tableName",
            "text",
            "totlePage",
            "ts_msg",
            "tsxx_span",
            "turnCheck",
            "userDep",
            "userName",
            "userStatus",
            "userType",
            "waitDiv",
            "xhV",
            "xmV",
            "xxdm",
            "xyV",
            "xzxsKey",
            "yhlx",
            "yxtj_div",
            "yxtj_dl",
            "yxzxss",
            "zyV"
          ],
          [
            "-_xn_yxtj_dd",
            "_xq_yxtj_dd",
            "a_id_",
            "a_id_-",
            "a_id_more",
            "ajax_max_current",
            "ajax_max_page",
            "ajax_max_record",
            "ajax_page_maxpage",
            "ajax_page_size",
            "all",
            "allCheck",
            "arrange",
            "bjV",
            "bj_hidv_qt_bj_-",
            "bj_mc_xs_B",
            "bj_num",
            "bj_py_num",
            "bj_py_xs_",
            "bj_ul",
            "btn_setXsxx",
            "buttonClose",
            "choose",
            "cljg",
            "currentPage",
            "dcqk",
            "dgncz",
            "divDisable",
            "divWaiting",
            "div_detail",
            "div_rs",
            "div_tsxx",
            "doType",
            "editPageSize",
            "fanye",
            "fashion",
            "first",
            "gjcx_div",
            "gyglyQx",
            "gyjllbdldm_ul",
            "gyjllbdm_ul",
            "input_mhcx",
            "input_mhcx_msg",
            "isBzr",
            "isFdy",
            "isPage",
            "lable_confirm_cx",
            "lable_confirm_sc",
            "lable_confirm_tj",
            "lable_dqwkfsq",
            "lable_jcszwcsh",
            "lable_one_cx",
            "lable_one_lcgz",
            "lable_one_tj",
            "lable_one_xg",
            "lable_shz_cx",
            "lable_some_sc",
            "lable_some_tj",
            "lable_wjt_sc",
            "lable_wjt_yth_sc",
            "lable_wjt_yth_tj",
            "lable_wjt_yth_xg",
            "lable_wxglcxx",
            "last",
            "ld_mc_xs_",
            "ld_mc_yc_",
            "ld_more",
            "ld_ul",
            "maskLevel",
            "maxPage",
            "max_page",
            "max_record",
            "message",
            "mhcx_lx",
            "mhcx_lxHid",
            "mhcx_xh",
            "mhcx_xm",
            "mklx",
            "next",
            "njV",
            "nj_ul",
            "options",
            "p_tsxx",
            "page_Size",
            "pagediv",
            "pagelist",
            "pageno",
            "pagesize",
            "path",
            "pk",
            "pkValue",
            "plcx_xh",
            "plcx_xm",
            "pre",
            "qsh_hidv_qt_",
            "qsh_hidv_qt_qsh_",
            "qsh_hidv_yc_",
            "qsh_hidv_yc_qsh_",
            "qsh_mc_xs_",
            "qsh_mc_yc_",
            "qsh_more",
            "qsh_num",
            "qsh_py_num",
            "qsh_py_xs_",
            "qsh_py_yc_",
            "qsh_qt_qsh_",
            "qsh_ul",
            "realTable",
            "refreshParent",
            "ryfw",
            "searchPath",
            "searchTjDiv",
            "searchType",
            "search_go",
            "shDiv",
            "showMessage",
            "tableName",
            "table_rs",
            "text",
            "tj_gyjlcflb_th",
            "tj_gyjlcflb_wcl",
            "tj_nj_",
            "tj_shztdm_btg",
            "tj_shztdm_tg",
            "tj_shztdm_th",
            "tj_shztdm_wsh",
            "tj_xb_女",
            "tj_xb_男",
            "tj_xn_-",
            "tj_xq_",
            "totlePage",
            "ts_msg",
            "tsxx_span",
            "turnCheck",
            "userDep",
            "userName",
            "userStatus",
            "userType",
            "waitDiv",
            "wjrq_jssj",
            "wjrq_kssj",
            "xhV",
            "xmV",
            "xxdm",
            "xyV",
            "xy_hidv_yc_",
            "xy_mc_xs_",
            "xy_mc_yc_",
            "xy_more",
            "xy_num",
            "xy_py_num",
            "xy_py_xs_",
            "xy_ul",
            "xzxsKey",
            "yhlx",
            "ym-bl",
            "ym-btnl",
            "ym-ml",
            "ym-tl",
            "ym-window",
            "ymPrompt_btn_",
            "yxtj_div",
            "yxtj_dl",
            "yxzxss",
            "zyV",
            "zy_hidv_qt_zy_-",
            "zy_mc_xs_B",
            "zy_num",
            "zy_py_num",
            "zy_py_xs_",
            "zy_ul"
          ]
        ]
      }
    },
    "page/classes": {
      "contexts": {
        "context1": [
          [
            "_type hover",
            "adv_filter",
            "btn",
            "btn_",
            "btn_cx",
            "btn_cz",
            "btn_qx",
            "buttonbox",
            "bz",
            "choo",
            "clo",
            "con_overlfow",
            "dateline",
            "datetitle_",
            "down",
            "e",
            "e-icon",
            "earch_advanced",
            "elected-attr",
            "electedValue",
            "fir",
            "formbox",
            "formli",
            "h",
            "hide",
            "j",
            "la",
            "location",
            "main_box",
            "mid_box",
            "more--item_bottom",
            "moreValue_click",
            "more_down",
            "next",
            "open_win",
            "option",
            "pageleft",
            "pageli",
            "pagenum",
            "pageright",
            "pagination",
            "paging",
            "prev",
            "prompcon",
            "prop-item",
            "red",
            "t",
            "tab_cur",
            "text_nor",
            "title",
            "toolbox",
            "ym-bc",
            "ym-bl",
            "ym-body",
            "ym-br",
            "ym-btn",
            "ym-header-text",
            "ym-header-tool",
            "ym-mc",
            "ym-ml",
            "ym-mr",
            "ym-tc",
            "ym-tl",
            "ym-tr",
            "ymPrompt_clo",
            "ymPrompt_max",
            "ymPrompt_min"
          ],
          [
            "_type",
            "adv_filter",
            "btn",
            "btn_",
            "btn_cx",
            "btn_cz",
            "btn_qx",
            "buttonbox",
            "bz",
            "choo",
            "clo",
            "con_overlfow",
            "dateline",
            "datetitle_",
            "down",
            "e",
            "e-icon",
            "earch_advanced",
            "elected-attr",
            "electedValue",
            "fir",
            "formbox",
            "formli",
            "h",
            "hide",
            "j",
            "la",
            "location",
            "main_box",
            "mid_box",
            "more--item_bottom",
            "moreValue_click",
            "more_down",
            "next",
            "open_win",
            "option",
            "pageleft",
            "pageli",
            "pagenum",
            "pageright",
            "pagination",
            "paging",
            "prev",
            "prompcon",
            "prop-item",
            "red",
            "t",
            "tab_cur",
            "text_nor",
            "title",
            "toolbox",
            "ym-bc",
            "ym-bl",
            "ym-body",
            "ym-br",
            "ym-btn",
            "ym-header-text",
            "ym-header-tool",
            "ym-mc",
            "ym-ml",
            "ym-mr",
            "ym-tc",
            "ym-tl",
            "ym-tr",
            "ymPrompt_clo",
            "ymPrompt_max",
            "ymPrompt_min"
          ],
          [
            "_type",
            "adv_filter",
            "btn",
            "btnStyle handler",
            "btn_",
            "btn_cx",
            "btn_cz",
            "btn_qx",
            "buttonbox",
            "bz",
            "choo",
            "clo",
            "con_overlfow",
            "dateline",
            "datetitle_",
            "down",
            "e",
            "e-icon",
            "earch_advanced",
            "elected-attr",
            "electedValue",
            "fir",
            "formbox",
            "formli",
            "h",
            "hide",
            "j",
            "la",
            "location",
            "main_box",
            "mid_box",
            "more--item_bottom",
            "moreValue_click",
            "more_down",
            "next",
            "open_win",
            "option",
            "pageleft",
            "pageli",
            "pagenum",
            "pageright",
            "pagination",
            "paging",
            "prev",
            "prompcon",
            "prop-item",
            "red",
            "t",
            "tab_cur",
            "text_nor",
            "title",
            "toolbox",
            "ym-bc",
            "ym-bl",
            "ym-body ymPrompt_alert",
            "ym-br",
            "ym-btn",
            "ym-content",
            "ym-header-text",
            "ym-header-tool",
            "ym-mc",
            "ym-ml",
            "ym-mr",
            "ym-tc",
            "ym-tl",
            "ym-tr",
            "ymPrompt_clo",
            "ymPrompt_max",
            "ymPrompt_min"
          ],
          [
            "_type hover",
            "adv_filter",
            "btn",
            "btn_",
            "btn_cx",
            "btn_cz",
            "btn_qx",
            "buttonbox",
            "bz",
            "choo",
            "datetitle_",
            "down",
            "e",
            "earch_advanced",
            "elected-attr",
            "fir",
            "formli",
            "h",
            "hide",
            "la",
            "location",
            "main_box",
            "mid_box",
            "more--item_bottom",
            "next",
            "open_win",
            "option",
            "pageleft",
            "pageli",
            "pagenum",
            "pageright",
            "pagination",
            "paging",
            "prev",
            "prompcon",
            "prop-item",
            "red",
            "t",
            "tab_cur",
            "text_nor",
            "title",
            "toolbox"
          ],
          [
            "_type hover",
            "adv_filter",
            "btn",
            "btnStyle handler",
            "btn_",
            "btn_cx",
            "btn_cz",
            "btn_qx",
            "buttonbox",
            "bz",
            "choo",
            "clo",
            "con_overlfow",
            "dateline",
            "datetitle_",
            "down",
            "e",
            "e-icon",
            "earch_advanced",
            "elected-attr",
            "electedValue",
            "fir",
            "formbox",
            "formli",
            "h",
            "hide",
            "j",
            "la",
            "location",
            "main_box",
            "mid_box",
            "more--item_bottom",
            "moreValue_click",
            "more_down",
            "next",
            "open_win",
            "option",
            "pageleft",
            "pageli",
            "pagenum",
            "pageright",
            "pagination",
            "paging",
            "prev",
            "prompcon",
            "prop-item",
            "red",
            "t",
            "tab_cur",
            "text_nor",
            "title",
            "toolbox",
            "ym-bc",
            "ym-bl",
            "ym-body ymPrompt_confirm",
            "ym-br",
            "ym-btn",
            "ym-content",
            "ym-header-text",
            "ym-header-tool",
            "ym-mc",
            "ym-ml",
            "ym-mr",
            "ym-tc",
            "ym-tl",
            "ym-tr",
            "ymPrompt_clo",
            "ymPrompt_max",
            "ymPrompt_min"
          ],
          [
            "_b",
            "_t",
            "_type hover",
            "adv_filter",
            "btn",
            "btnStyle handler",
            "btn_",
            "btn_cx",
            "btn_cz",
            "btn_qx",
            "buttonbox",
            "bz",
            "choo",
            "clo",
            "con_overlfow",
            "dateline",
            "datetitle_",
            "down",
            "e",
            "e-icon",
            "earch_advanced",
            "elected-attr",
            "electedValue",
            "fir",
            "formbox",
            "formli",
            "h",
            "hide",
            "j",
            "la",
            "location",
            "main_box",
            "mid_box",
            "more--item_bottom",
            "moreValue_click",
            "more_down",
            "next",
            "open_win",
            "option",
            "pageleft",
            "pageli",
            "pagenum",
            "pageright",
            "pagination",
            "paging",
            "prev",
            "prompcon",
            "prop-item",
            "red",
            "t",
            "tab_cur",
            "text_nor",
            "title",
            "toolbox",
            "ui_b",
            "ui_border",
            "ui_button",
            "ui_c",
            "ui_clo",
            "ui_content",
            "ui_dialog",
            "ui_icon",
            "ui_inner",
            "ui_l",
            "ui_lb",
            "ui_lt",
            "ui_main",
            "ui_max",
            "ui_max_b",
            "ui_min",
            "ui_min_b",
            "ui_r",
            "ui_rb",
            "ui_re",
            "ui_rt",
            "ui_t",
            "ui_title",
            "ui_title_bar",
            "ui_title_button",
            "ym-bc",
            "ym-bl",
            "ym-body ymPrompt_alert",
            "ym-br",
            "ym-btn",
            "ym-content",
            "ym-header-text",
            "ym-header-tool",
            "ym-mc",
            "ym-ml",
            "ym-mr",
            "ym-tc",
            "ym-tl",
            "ym-tr",
            "ymPrompt_clo",
            "ymPrompt_max",
            "ymPrompt_min"
          ]
        ]
      }
    },
    "page/tagTriplets": {
      "contexts": {
        "context1": [
          [
            "-/-/DIV",
            "-/-/FORM",
            "-/DIV/DIV",
            "-/DIV/IFRAME",
            "-/DIV/P",
            "-/FORM/BUTTON",
            "-/FORM/DIV",
            "-/FORM/INPUT-hidden",
            "DD/A/H5",
            "DD/A/SPAN",
            "DD/UL/INPUT-hidden",
            "DD/UL/LI",
            "DIV/DIV/A",
            "DIV/DIV/BR",
            "DIV/DIV/DIV",
            "DIV/DIV/DL",
            "DIV/DIV/H3",
            "DIV/DIV/IMG",
            "DIV/DIV/INPUT-checkbox",
            "DIV/DIV/INPUT-hidden",
            "DIV/DIV/P",
            "DIV/DIV/SCRIPT",
            "DIV/DIV/SPAN",
            "DIV/DIV/STRONG",
            "DIV/DIV/TABLE",
            "DIV/DIV/UL",
            "DIV/DL/DD",
            "DIV/DL/DT",
            "DIV/H3/SPAN",
            "DIV/P/A",
            "DIV/P/B",
            "DIV/P/EM",
            "DIV/P/INPUT-text",
            "DIV/P/SPAN",
            "DIV/SPAN/TABLE",
            "DIV/TABLE/TBODY",
            "DIV/TABLE/TFOOT",
            "DIV/TABLE/THEAD",
            "DIV/UL/LI",
            "DL/DD/A",
            "DL/DD/DIV",
            "DL/DD/INPUT-hidden",
            "DL/DD/UL",
            "DL/DT/B",
            "DL/DT/INPUT-hidden",
            "DL/DT/INPUT-text",
            "FORM/DIV/DIV",
            "FORM/DIV/H3",
            "FORM/DIV/IMG",
            "FORM/DIV/INPUT-hidden",
            "FORM/DIV/P",
            "FORM/DIV/SCRIPT",
            "FORM/DIV/STYLE",
            "H3/SPAN/FONT",
            "LI/H5/IMG",
            "P/SPAN/INPUT-text",
            "SPAN/TABLE/TBODY",
            "SPAN/TABLE/THEAD",
            "TABLE/TBODY/TR",
            "TABLE/TFOOT/TR",
            "TABLE/THEAD/TR",
            "TBODY/TR/TD",
            "TBODY/TR/TH",
            "TD/DIV/BUTTON",
            "TD/DIV/DIV",
            "TD/DIV/DL",
            "TD/DIV/SPAN",
            "TD/SELECT/OPTION",
            "TFOOT/TR/TD",
            "THEAD/TR/TD",
            "THEAD/TR/TH",
            "TR/TD/BR",
            "TR/TD/BUTTON",
            "TR/TD/DIV",
            "TR/TD/INPUT-hidden",
            "TR/TD/INPUT-text",
            "TR/TD/SELECT",
            "TR/TD/SPAN",
            "TR/TD/TEXTAREA",
            "TR/TH/BR",
            "TR/TH/FONT",
            "TR/TH/SPAN",
            "UL/LI/A",
            "UL/LI/H5",
            "UL/LI/INPUT-hidden",
            "UL/LI/INPUT-text"
          ],
          [
            "-/-/DIV",
            "-/-/FORM",
            "-/DIV/DIV",
            "-/DIV/IFRAME",
            "-/DIV/P",
            "-/FORM/BUTTON",
            "-/FORM/DIV",
            "-/FORM/INPUT-hidden",
            "DD/A/H5",
            "DD/A/SPAN",
            "DD/UL/INPUT-hidden",
            "DD/UL/LI",
            "DIV/DIV/A",
            "DIV/DIV/BR",
            "DIV/DIV/DIV",
            "DIV/DIV/DL",
            "DIV/DIV/H3",
            "DIV/DIV/IMG",
            "DIV/DIV/INPUT-checkbox",
            "DIV/DIV/INPUT-hidden",
            "DIV/DIV/P",
            "DIV/DIV/SCRIPT",
            "DIV/DIV/SPAN",
            "DIV/DIV/STRONG",
            "DIV/DIV/TABLE",
            "DIV/DIV/UL",
            "DIV/DL/DD",
            "DIV/DL/DT",
            "DIV/H3/SPAN",
            "DIV/P/A",
            "DIV/P/B",
            "DIV/P/EM",
            "DIV/P/FONT",
            "DIV/P/INPUT-text",
            "DIV/P/SPAN",
            "DIV/SPAN/TABLE",
            "DIV/TABLE/TBODY",
            "DIV/TABLE/TFOOT",
            "DIV/TABLE/THEAD",
            "DIV/UL/LI",
            "DL/DD/A",
            "DL/DD/DIV",
            "DL/DD/INPUT-hidden",
            "DL/DD/UL",
            "DL/DT/B",
            "DL/DT/INPUT-hidden",
            "DL/DT/INPUT-text",
            "FORM/DIV/DIV",
            "FORM/DIV/H3",
            "FORM/DIV/IMG",
            "FORM/DIV/INPUT-hidden",
            "FORM/DIV/P",
            "FORM/DIV/SCRIPT",
            "FORM/DIV/STYLE",
            "H3/SPAN/FONT",
            "LI/H5/IMG",
            "P/SPAN/INPUT-text",
            "SPAN/TABLE/TBODY",
            "SPAN/TABLE/THEAD",
            "TABLE/TBODY/TR",
            "TABLE/TFOOT/TR",
            "TABLE/THEAD/TR",
            "TBODY/TR/TD",
            "TBODY/TR/TH",
            "TD/DIV/BUTTON",
            "TD/DIV/DIV",
            "TD/DIV/DL",
            "TD/DIV/SPAN",
            "TD/SELECT/OPTION",
            "TFOOT/TR/TD",
            "THEAD/TR/TD",
            "THEAD/TR/TH",
            "TR/TD/BR",
            "TR/TD/BUTTON",
            "TR/TD/DIV",
            "TR/TD/INPUT-hidden",
            "TR/TD/INPUT-text",
            "TR/TD/SELECT",
            "TR/TD/SPAN",
            "TR/TD/TEXTAREA",
            "TR/TH/BR",
            "TR/TH/FONT",
            "TR/TH/SPAN",
            "UL/LI/A",
            "UL/LI/H5",
            "UL/LI/INPUT-hidden",
            "UL/LI/INPUT-text"
          ],
          [
            "-/-/DIV",
            "-/-/FORM",
            "-/DIV/DIV",
            "-/DIV/IFRAME",
            "-/DIV/P",
            "-/FORM/BUTTON",
            "-/FORM/DIV",
            "-/FORM/INPUT-hidden",
            "DD/A/H5",
            "DD/A/SPAN",
            "DD/UL/INPUT-hidden",
            "DD/UL/LI",
            "DIV/DIV/A",
            "DIV/DIV/BR",
            "DIV/DIV/DIV",
            "DIV/DIV/DL",
            "DIV/DIV/H3",
            "DIV/DIV/IMG",
            "DIV/DIV/INPUT-button",
            "DIV/DIV/INPUT-checkbox",
            "DIV/DIV/INPUT-hidden",
            "DIV/DIV/P",
            "DIV/DIV/SCRIPT",
            "DIV/DIV/SPAN",
            "DIV/DIV/STRONG",
            "DIV/DIV/TABLE",
            "DIV/DIV/UL",
            "DIV/DL/DD",
            "DIV/DL/DT",
            "DIV/H3/SPAN",
            "DIV/P/A",
            "DIV/P/B",
            "DIV/P/EM",
            "DIV/P/FONT",
            "DIV/P/INPUT-text",
            "DIV/P/SPAN",
            "DIV/SPAN/TABLE",
            "DIV/TABLE/TBODY",
            "DIV/TABLE/TFOOT",
            "DIV/TABLE/THEAD",
            "DIV/UL/LI",
            "DL/DD/A",
            "DL/DD/DIV",
            "DL/DD/INPUT-hidden",
            "DL/DD/UL",
            "DL/DT/B",
            "DL/DT/INPUT-hidden",
            "DL/DT/INPUT-text",
            "FORM/DIV/DIV",
            "FORM/DIV/H3",
            "FORM/DIV/IMG",
            "FORM/DIV/INPUT-hidden",
            "FORM/DIV/P",
            "FORM/DIV/SCRIPT",
            "FORM/DIV/STYLE",
            "H3/SPAN/FONT",
            "LI/H5/IMG",
            "P/SPAN/INPUT-text",
            "SPAN/TABLE/TBODY",
            "SPAN/TABLE/THEAD",
            "TABLE/TBODY/TR",
            "TABLE/TFOOT/TR",
            "TABLE/THEAD/TR",
            "TBODY/TR/TD",
            "TBODY/TR/TH",
            "TD/DIV/BUTTON",
            "TD/DIV/DIV",
            "TD/DIV/DL",
            "TD/DIV/SPAN",
            "TD/SELECT/OPTION",
            "TFOOT/TR/TD",
            "THEAD/TR/TD",
            "THEAD/TR/TH",
            "TR/TD/BR",
            "TR/TD/BUTTON",
            "TR/TD/DIV",
            "TR/TD/INPUT-hidden",
            "TR/TD/INPUT-text",
            "TR/TD/SELECT",
            "TR/TD/SPAN",
            "TR/TD/TEXTAREA",
            "TR/TH/BR",
            "TR/TH/FONT",
            "TR/TH/SPAN",
            "UL/LI/A",
            "UL/LI/H5",
            "UL/LI/INPUT-hidden",
            "UL/LI/INPUT-text"
          ],
          [
            "-/-/DIV",
            "-/-/FORM",
            "-/DIV/P",
            "-/FORM/BUTTON",
            "-/FORM/DIV",
            "-/FORM/INPUT-hidden",
            "DIV/DIV/A",
            "DIV/DIV/BR",
            "DIV/DIV/DIV",
            "DIV/DIV/DL",
            "DIV/DIV/H3",
            "DIV/DIV/IMG",
            "DIV/DIV/INPUT-checkbox",
            "DIV/DIV/INPUT-hidden",
            "DIV/DIV/P",
            "DIV/DIV/SCRIPT",
            "DIV/DIV/SPAN",
            "DIV/DIV/TABLE",
            "DIV/DIV/UL",
            "DIV/DL/DD",
            "DIV/DL/DT",
            "DIV/H3/SPAN",
            "DIV/P/A",
            "DIV/P/B",
            "DIV/P/EM",
            "DIV/P/INPUT-text",
            "DIV/P/SPAN",
            "DIV/TABLE/TBODY",
            "DIV/TABLE/TFOOT",
            "DIV/TABLE/THEAD",
            "DIV/UL/LI",
            "DL/DD/DIV",
            "DL/DT/B",
            "DL/DT/INPUT-hidden",
            "DL/DT/INPUT-text",
            "FORM/DIV/DIV",
            "FORM/DIV/H3",
            "FORM/DIV/IMG",
            "FORM/DIV/INPUT-hidden",
            "FORM/DIV/P",
            "FORM/DIV/SCRIPT",
            "FORM/DIV/STYLE",
            "H3/SPAN/FONT",
            "P/SPAN/INPUT-text",
            "TABLE/TBODY/TR",
            "TABLE/TFOOT/TR",
            "TABLE/THEAD/TR",
            "TBODY/TR/TD",
            "TBODY/TR/TH",
            "TD/DIV/BUTTON",
            "TD/DIV/DIV",
            "TD/DIV/DL",
            "TD/DIV/SPAN",
            "TD/SELECT/OPTION",
            "TFOOT/TR/TD",
            "THEAD/TR/TH",
            "TR/TD/BR",
            "TR/TD/BUTTON",
            "TR/TD/DIV",
            "TR/TD/INPUT-hidden",
            "TR/TD/INPUT-text",
            "TR/TD/SELECT",
            "TR/TD/SPAN",
            "TR/TD/TEXTAREA",
            "TR/TH/BR",
            "TR/TH/FONT",
            "TR/TH/SPAN",
            "UL/LI/A"
          ],
          [
            "-/-/DIV",
            "-/-/FORM",
            "-/DIV/DIV",
            "-/DIV/IFRAME",
            "-/DIV/P",
            "-/FORM/BUTTON",
            "-/FORM/DIV",
            "-/FORM/INPUT-hidden",
            "DD/A/H5",
            "DD/A/SPAN",
            "DD/UL/INPUT-hidden",
            "DD/UL/LI",
            "DIV/DIV/A",
            "DIV/DIV/BR",
            "DIV/DIV/DIV",
            "DIV/DIV/DL",
            "DIV/DIV/H3",
            "DIV/DIV/IMG",
            "DIV/DIV/INPUT-button",
            "DIV/DIV/INPUT-checkbox",
            "DIV/DIV/INPUT-hidden",
            "DIV/DIV/P",
            "DIV/DIV/SPAN",
            "DIV/DIV/STRONG",
            "DIV/DIV/TABLE",
            "DIV/DIV/UL",
            "DIV/DL/DD",
            "DIV/DL/DT",
            "DIV/H3/SPAN",
            "DIV/P/A",
            "DIV/P/B",
            "DIV/P/EM",
            "DIV/P/INPUT-text",
            "DIV/P/SPAN",
            "DIV/SPAN/TABLE",
            "DIV/TABLE/TBODY",
            "DIV/TABLE/TFOOT",
            "DIV/TABLE/THEAD",
            "DIV/UL/LI",
            "DL/DD/A",
            "DL/DD/DIV",
            "DL/DD/INPUT-hidden",
            "DL/DD/UL",
            "DL/DT/B",
            "DL/DT/INPUT-hidden",
            "DL/DT/INPUT-text",
            "FORM/DIV/DIV",
            "FORM/DIV/H3",
            "FORM/DIV/IMG",
            "FORM/DIV/INPUT-hidden",
            "FORM/DIV/P",
            "FORM/DIV/SCRIPT",
            "FORM/DIV/STYLE",
            "H3/SPAN/FONT",
            "LI/H5/IMG",
            "P/SPAN/INPUT-text",
            "SPAN/TABLE/TBODY",
            "SPAN/TABLE/THEAD",
            "TABLE/TBODY/TR",
            "TABLE/TFOOT/TR",
            "TABLE/THEAD/TR",
            "TBODY/TR/TD",
            "TBODY/TR/TH",
            "TD/DIV/BUTTON",
            "TD/DIV/DIV",
            "TD/DIV/DL",
            "TD/DIV/SPAN",
            "TD/SELECT/OPTION",
            "TFOOT/TR/TD",
            "THEAD/TR/TD",
            "THEAD/TR/TH",
            "TR/TD/BR",
            "TR/TD/BUTTON",
            "TR/TD/DIV",
            "TR/TD/INPUT-hidden",
            "TR/TD/INPUT-text",
            "TR/TD/SELECT",
            "TR/TD/SPAN",
            "TR/TD/TEXTAREA",
            "TR/TH/BR",
            "TR/TH/FONT",
            "TR/TH/SPAN",
            "UL/LI/A",
            "UL/LI/H5",
            "UL/LI/INPUT-hidden",
            "UL/LI/INPUT-text"
          ],
          [
            "-/-/DIV",
            "-/-/FORM",
            "-/DIV/DIV",
            "-/DIV/IFRAME",
            "-/DIV/P",
            "-/DIV/TABLE",
            "-/FORM/BUTTON",
            "-/FORM/DIV",
            "-/FORM/INPUT-hidden",
            "DD/A/H5",
            "DD/A/SPAN",
            "DD/UL/INPUT-hidden",
            "DD/UL/LI",
            "DIV/A/B",
            "DIV/DIV/A",
            "DIV/DIV/BR",
            "DIV/DIV/DIV",
            "DIV/DIV/DL",
            "DIV/DIV/H3",
            "DIV/DIV/IMG",
            "DIV/DIV/INPUT-button",
            "DIV/DIV/INPUT-checkbox",
            "DIV/DIV/INPUT-hidden",
            "DIV/DIV/P",
            "DIV/DIV/SCRIPT",
            "DIV/DIV/SPAN",
            "DIV/DIV/STRONG",
            "DIV/DIV/TABLE",
            "DIV/DIV/UL",
            "DIV/DL/DD",
            "DIV/DL/DT",
            "DIV/H3/SPAN",
            "DIV/P/A",
            "DIV/P/B",
            "DIV/P/EM",
            "DIV/P/INPUT-text",
            "DIV/P/SPAN",
            "DIV/SPAN/TABLE",
            "DIV/TABLE/TBODY",
            "DIV/TABLE/TFOOT",
            "DIV/TABLE/THEAD",
            "DIV/UL/LI",
            "DL/DD/A",
            "DL/DD/DIV",
            "DL/DD/INPUT-hidden",
            "DL/DD/UL",
            "DL/DT/B",
            "DL/DT/INPUT-hidden",
            "DL/DT/INPUT-text",
            "FORM/DIV/DIV",
            "FORM/DIV/H3",
            "FORM/DIV/IMG",
            "FORM/DIV/INPUT-hidden",
            "FORM/DIV/P",
            "FORM/DIV/SCRIPT",
            "FORM/DIV/STYLE",
            "H3/SPAN/FONT",
            "LI/H5/IMG",
            "P/SPAN/INPUT-text",
            "SPAN/TABLE/TBODY",
            "SPAN/TABLE/THEAD",
            "TABLE/TBODY/TR",
            "TABLE/TFOOT/TR",
            "TABLE/THEAD/TR",
            "TBODY/TR/TD",
            "TBODY/TR/TH",
            "TD/DIV/BUTTON",
            "TD/DIV/DIV",
            "TD/DIV/DL",
            "TD/DIV/SPAN",
            "TD/DIV/TABLE",
            "TD/SELECT/OPTION",
            "TFOOT/TR/TD",
            "THEAD/TR/TD",
            "THEAD/TR/TH",
            "TR/TD/BR",
            "TR/TD/BUTTON",
            "TR/TD/DIV",
            "TR/TD/INPUT-hidden",
            "TR/TD/INPUT-text",
            "TR/TD/SELECT",
            "TR/TD/SPAN",
            "TR/TD/TEXTAREA",
            "TR/TH/BR",
            "TR/TH/FONT",
            "TR/TH/SPAN",
            "UL/LI/A",
            "UL/LI/H5",
            "UL/LI/INPUT-hidden",
            "UL/LI/INPUT-text"
          ]
        ]
      }
    }
  }
}