{
  "version": "0.1",
  "id": "q_apartment_list_row_select",
  "targetURL": "http://42.247.16.108/xgxt/gyglnew_xszsgl_xszsgl.do",
  "jsFile": "index.js",
  "cssFile": "index.css",
  "chineseName": "公寓管理-学生住宿信息-选行-走读备注设置",
  "description": "",
  "controls": {
    "control0": {
      "location": {
        "data": {
          "tagName": "THEAD"
        },
        "locators": [
          {
            "id": "button/text",
            "prob": 3,
            "value": {
              "text": [
                "走读备注设置"
              ],
              "visText": [
                "走读备注设置"
              ]
            }
          },
          {
            "id": "text",
            "prob": 3,
            "value": {
              "text": [
                "走读备注设置"
              ],
              "visText": [
                "走读备注设置"
              ]
            }
          },
          {
            "id": "@class/word",
            "prob": 1,
            "ordinal": [
              0,
              2
            ],
            "value": "DIV.tab TABLE.formlist THEAD"
          },
          {
            "id": "path/ordinal",
            "prob": 1,
            "value": "/HTML[1]/BODY[1]/FORM[1]/DIV[1]/TABLE[1]/THEAD[1]"
          },
          {
            "id": "shield",
            "value": {
              "zIndex": "auto",
              "width": 499,
              "height": 33
            }
          }
        ]
      },
      "roles": "element",
      "text": "\n\t\t\t\t\n\t\t\t\t\t\n\t\t\t\t\t\t\t走读备注设置\n\t\t\t\t\t\n\t\t\t\t\n\t\t\t",
      "frameXPath": "//iframe[@name='parentDialog']<<IFRAME>>"
    },
    "control34": {
      "location": {
        "data": {
          "tagName": "TH"
        },
        "locators": [
          {
            "id": "text",
            "prob": 3,
            "value": {
              "text": [
                "走读备注(限制500字)*"
              ],
              "visText": [
                "走读备注 (限制500字)*"
              ]
            }
          },
          {
            "id": "@class/word",
            "prob": 1,
            "ordinal": [
              0,
              2
            ],
            "value": "DIV.tab TABLE.formlist TBODY TR TH"
          },
          {
            "id": "path/ordinal",
            "prob": 1,
            "value": "/HTML[1]/BODY[1]/FORM[1]/DIV[1]/TABLE[1]/TBODY[1]/TR[1]/TH[1]"
          },
          {
            "id": "shield",
            "value": {
              "zIndex": "auto",
              "width": 124,
              "height": 116
            }
          }
        ]
      },
      "intendedRole": "fragment",
      "roles": "element,fragment",
      "monitored": true,
      "frameXPath": "//iframe[@name='parentDialog']<<IFRAME>>"
    },
    "control35": {
      "location": {
        "data": {
          "tagName": "TEXTAREA"
        },
        "locators": [
          {
            "id": "elem/@name",
            "prob": 2,
            "value": [
              "descendant::form[@name=\"gyglnewXszsglForm\"]//TEXTAREA[@name=\"bzxbz\"]",
              "descendant::TEXTAREA[@name=\"bzxbz\"]"
            ]
          },
          {
            "id": "@id/word",
            "prob": 3,
            "value": "descendant::TEXTAREA[@id=\"bzxbz\"]"
          },
          {
            "id": "@class/word",
            "prob": 1,
            "ordinal": [
              0,
              2
            ],
            "value": "DIV.tab TABLE.formlist TBODY TR TD TEXTAREA"
          },
          {
            "id": "path/ordinal",
            "prob": 1,
            "value": "/HTML[1]/BODY[1]/FORM[1]/DIV[1]/TABLE[1]/TBODY[1]/TR[1]/TD[1]/TEXTAREA[1]"
          },
          {
            "id": "input/type",
            "verifyEnabled": true,
            "value": "textarea"
          },
          {
            "id": "elderLevel",
            "value": {
              "level": 0
            }
          },
          {
            "id": "shield",
            "value": {
              "zIndex": "auto",
              "width": 360,
              "height": 100
            }
          }
        ]
      },
      "intendedRole": "textbox",
      "roles": "element,textbox",
      "monitored": true,
      "frameXPath": "//iframe[@name='parentDialog']<<IFRAME>>"
    },
    "control36": {
      "location": {
        "data": {
          "tagName": "BUTTON"
        },
        "locators": [
          {
            "id": "button/text",
            "prob": 3,
            "value": {
              "text": [
                "保存"
              ],
              "visText": [
                "保存"
              ]
            }
          },
          {
            "id": "text",
            "prob": 3,
            "value": {
              "text": [
                "保存"
              ],
              "visText": [
                "保存"
              ]
            }
          },
          {
            "id": "elem/@name",
            "prob": 1,
            "value": [
              "descendant::form[@name=\"gyglnewXszsglForm\"]//BUTTON[@name=\"提交\"]",
              "descendant::BUTTON[@name=\"提交\"]"
            ]
          },
          {
            "id": "@id/word",
            "prob": 3,
            "value": "descendant::BUTTON[@id=\"buttonSave\"]"
          },
          {
            "id": "@class/word",
            "prob": 1,
            "ordinal": [
              0,
              4
            ],
            "value": "DIV.tab TABLE.formlist DIV.btn BUTTON"
          },
          {
            "id": "path/ordinal",
            "prob": 1,
            "value": "/HTML[1]/BODY[1]/FORM[1]/DIV[1]/TABLE[1]/TFOOT[1]/TR[1]/TD[1]/DIV[2]/BUTTON[1]"
          },
          {
            "id": "input/type",
            "verifyEnabled": true,
            "value": "button"
          },
          {
            "id": "elderLevel",
            "value": {
              "level": 0
            }
          },
          {
            "id": "shield",
            "value": {
              "zIndex": "auto",
              "width": 48.40625,
              "height": 19
            }
          }
        ]
      },
      "intendedRole": "button",
      "roles": "element,button",
      "monitored": false,
      "frameXPath": "//iframe[@name='parentDialog']<<IFRAME>>"
    },
    "control37": {
      "location": {
        "data": {
          "tagName": "BUTTON"
        },
        "locators": [
          {
            "id": "button/text",
            "prob": 3,
            "value": {
              "text": [
                "关闭"
              ],
              "visText": [
                "关闭"
              ]
            }
          },
          {
            "id": "text",
            "prob": 3,
            "value": {
              "text": [
                "关闭"
              ],
              "visText": [
                "关闭"
              ]
            }
          },
          {
            "id": "elem/@name",
            "prob": 1,
            "value": [
              "descendant::form[@name=\"gyglnewXszsglForm\"]//BUTTON[@name=\"关闭\"]",
              "descendant::BUTTON[@name=\"关闭\"]"
            ]
          },
          {
            "id": "@id/word",
            "prob": 3,
            "value": "descendant::BUTTON[@id=\"buttonClose\"]"
          },
          {
            "id": "@class/word",
            "prob": 1,
            "ordinal": [
              1,
              4
            ],
            "value": "DIV.tab TABLE.formlist DIV.btn BUTTON"
          },
          {
            "id": "path/ordinal",
            "prob": 1,
            "value": "/HTML[1]/BODY[1]/FORM[1]/DIV[1]/TABLE[1]/TFOOT[1]/TR[1]/TD[1]/DIV[2]/BUTTON[2]"
          },
          {
            "id": "input/type",
            "verifyEnabled": true,
            "value": "button"
          },
          {
            "id": "elderLevel",
            "value": {
              "level": 0
            }
          },
          {
            "id": "shield",
            "value": {
              "zIndex": "auto",
              "width": 48.40625,
              "height": 19
            }
          }
        ]
      },
      "intendedRole": "button",
      "roles": "element,button",
      "monitored": false,
      "frameXPath": "//iframe[@name='parentDialog']<<IFRAME>>"
    }
  },
  "contexts": {
    "context2": {
      "controls": [
        "control34",
        "control35",
        "control36",
        "control37"
      ],
      "anchors": [
        "control0"
      ]
    }
  },
  "flows": {
    "flow12": {
      "toContexts": [
        {
          "toContextId": "context2"
        }
      ]
    }
  },
  "pages": {
    "page2": {
      "contextId": "context2",
      "layout": [
        {
          "id": "uiControl20",
          "display": {
            "class": "navbar navbar-primary xg_header",
            "title": "走读备注设置",
            "type": "header",
            "adapterId": "header",
            "adapter": {
              "templateType": ""
            }
          },
          "layout": [
            {
              "id": "uiControl20headerLeft",
              "display": {
                "type": "headerLeft",
                "adapterId": "headerLeft",
                "adapter": {
                  "templateType": ""
                }
              },
              "layout": []
            }
          ]
        },
        {
          "id": "uiControl46",
          "controlId": "control37",
          "display": {
            "adapterId": "clickable",
            "type": "button",
            "text": "返回",
            "class": "xg_back",
            "adapter": {
              "templateType": ""
            }
          }
        },
        {
          "id": "uiControl21",
          "display": {
            "type": "card",
            "adapterId": "card",
            "class": "xg_body",
            "adapter": {
              "templateType": ""
            }
          },
          "layout": [
            {
              "id": "uiControl21body",
              "display": {
                "type": "cardBody",
                "adapterId": "cardBody",
                "adapter": {
                  "templateType": ""
                }
              },
              "layout": [
                {
                  "id": "uiControl35",
                  "controlId": "control34",
                  "display": {
                    "adapterId": "fragment",
                    "type": "fragment",
                    "class": "note-hd",
                    "adapter": {
                      "templateType": ""
                    }
                  }
                },
                {
                  "id": "uiControl37",
                  "controlId": "control35",
                  "display": {
                    "adapterId": "textbox",
                    "type": "textbox",
                    "class": "note-bd",
                    "placeholder": "（限制500字）",
                    "adapter": {
                      "templateType": ""
                    }
                  }
                }
              ]
            }
          ]
        },
        {
          "id": "uiControl309",
          "display": {
            "type": "card",
            "adapterId": "card",
            "class": "xg_three_btn",
            "adapter": {
              "templateType": ""
            }
          },
          "layout": [
            {
              "id": "uiControl309body",
              "display": {
                "type": "cardBody",
                "adapterId": "cardBody",
                "adapter": {
                  "templateType": ""
                }
              },
              "layout": [
                {
                  "id": "uiControl45",
                  "controlId": "control36",
                  "display": {
                    "adapterId": "clickable",
                    "type": "button",
                    "adapter": {
                      "templateType": ""
                    }
                  }
                }
              ]
            }
          ]
        }
      ]
    }
  },
  "matchers": {
    "page/title": {
      "contexts": {
        "context2": [
          ""
        ]
      }
    },
    "page/urls": {
      "contexts": {
        "context2": [
          "42.247.16.108/xgxt/gyglnew_xszsgl_xszsgl.do"
        ]
      }
    },
    "page/ids": {
      "contexts": {
        "context2": [
          []
        ]
      }
    },
    "page/classes": {
      "contexts": {
        "context2": [
          []
        ]
      }
    },
    "page/tagTriplets": {
      "contexts": {
        "context2": [
          [
            "-/-/TR",
            "-/TR/TH",
            "TR/TH/SPAN"
          ],
          [
            "-/-/SPAN"
          ]
        ]
      }
    }
  }
}